location_name,country,temperature_celsius,apparent_temp_c,air_quality_us-epa-index,ed_score,ed_category,anomaly_score,anomaly_methods
Astana,Kazakhstan,-11.9,-11.9,1,25.48906735709582,ED_MODERATE_SAFE,3,"iso_forest, lof, cold_but_safe"
Astana,Kazakhstan,-23.9,-23.9,1,33.379730472929374,ED_MODERATE_SAFE,3,"iso_forest, lof, cold_but_safe"
Astana,Kazakhstan,-15.8,-15.8,1,28.605514708193926,ED_MODERATE_SAFE,3,"iso_forest, lof, cold_but_safe"
Astana,Kazakhstan,-13.6,-13.6,1,24.274939106380934,ED_MODERATE_SAFE,3,"iso_forest, lof, cold_but_safe"
Astana,Kazakhstan,-22.8,-22.8,1,34.646050355025274,ED_MODERATE_SAFE,3,"iso_forest, lof, cold_but_safe"
Ulaanbaatar,Mongolia,-14.6,-14.6,2,31.470585902945498,ED_MODERATE_SAFE,3,"iso_forest, lof, cold_but_safe"
Ulaanbaatar,Mongolia,-21.9,-21.9,2,32.916666666666664,ED_MODERATE_SAFE,3,"iso_forest, lof, cold_but_safe"
Minsk,Belarus,-10.8,-10.8,1,24.002685891548843,ED_MODERATE_SAFE,3,"iso_forest, lof, cold_but_safe"
Astana,Kazakhstan,-18.9,-18.9,1,31.79808563541273,ED_MODERATE_SAFE,3,"iso_forest, lof, cold_but_safe"
Dhaka,Bangladesh,32.8,39.5,1,33.1,ED_MODERATE_SAFE,3,"iso_forest, lof, hot_but_safe"
Astana,Kazakhstan,-12.6,-12.6,1,25.270935052132106,ED_MODERATE_SAFE,3,"iso_forest, lof, cold_but_safe"
Chi-Chi-Erh,Russia,-25.8,-25.8,1,28.166666666666668,ED_MODERATE_SAFE,3,"iso_forest, lof, cold_but_safe"
Ulaanbaatar,Mongolia,-14.7,-14.7,1,25.72531224580054,ED_MODERATE_SAFE,3,"iso_forest, lof, cold_but_safe"
Tehran,Iran,2.1,2.1,3,18.537863768083795,ED_MODERATE_SAFE,3,"iso_forest, lof, out_of_range"
Ulaanbaatar,Mongolia,-24.9,-24.9,1,31.53110643232405,ED_MODERATE_SAFE,3,"iso_forest, lof, cold_but_safe"
Astana,Kazakhstan,-20.8,-20.8,1,33.312702999816224,ED_MODERATE_SAFE,3,"iso_forest, lof, cold_but_safe"
Astana,Kazakhstan,-12.7,-12.7,2,32.72889114902407,ED_MODERATE_SAFE,3,"iso_forest, lof, cold_but_safe"
Suva,Fiji Islands,79.3,81.3,1,45.0,ED_CAUTION,3,"iso_forest, lof, out_of_range"
Helsinki,Finland,-18.9,-18.9,1,27.080644365502824,ED_MODERATE_SAFE,3,"iso_forest, lof, cold_but_safe"
Chi-Chi-Erh,Russia,-24.8,-24.8,1,27.333333333333336,ED_MODERATE_SAFE,3,"iso_forest, lof, cold_but_safe"
Astana,Kazakhstan,-15.9,-15.9,1,31.980728354134577,ED_MODERATE_SAFE,3,"iso_forest, lof, cold_but_safe"
Ulaanbaatar,Mongolia,-13.7,-13.7,1,25.838430653822552,ED_MODERATE_SAFE,3,"iso_forest, lof, cold_but_safe"
S-Chanf,Switzerland,-16.8,-16.8,1,28.872396908578814,ED_MODERATE_SAFE,3,"iso_forest, lof, cold_but_safe"
Ulaanbaatar,Mongolia,-17.6,-17.6,1,29.577999712160217,ED_MODERATE_SAFE,3,"iso_forest, lof, cold_but_safe"
Astana,Kazakhstan,-20.9,-20.9,1,34.538516861039994,ED_MODERATE_SAFE,3,"iso_forest, lof, cold_but_safe"
Vilnius,Lithuania,-16.0,-16.0,1,26.160869976203543,ED_MODERATE_SAFE,3,"iso_forest, lof, cold_but_safe"
Astana,Kazakhstan,-16.7,-16.7,1,31.03047636544102,ED_MODERATE_SAFE,3,"iso_forest, lof, cold_but_safe"
Ottawa,Canada,-16.9,-16.9,1,29.785845853982938,ED_MODERATE_SAFE,3,"iso_forest, lof, cold_but_safe"
Minsk,Belarus,-24.9,-24.9,1,33.96510495983788,ED_MODERATE_SAFE,3,"iso_forest, lof, cold_but_safe"
Ulaanbaatar,Mongolia,-15.9,-15.9,2,34.251454983843445,ED_MODERATE_SAFE,3,"iso_forest, lof, cold_but_safe"
Ottawa,Canada,-25.0,-25.0,1,27.5,ED_MODERATE_SAFE,3,"iso_forest, lof, cold_but_safe"
Canberra,Australia,39.1,39.1,1,26.833333333333336,ED_MODERATE_SAFE,3,"iso_forest, lof, hot_but_safe"
Moscow,Russia,-20.9,-20.9,1,33.19913278589689,ED_MODERATE_SAFE,3,"iso_forest, lof, cold_but_safe"
Manila,Philippines,31.2,41.8,1,31.82307692307692,ED_MODERATE_SAFE,3,"iso_forest, lof, hot_but_safe"
Ulaanbaatar,Mongolia,-18.7,-18.7,1,32.47882272093616,ED_MODERATE_SAFE,3,"iso_forest, lof, cold_but_safe"
Nassau,Bahamas,29.2,38.8,2,34.33333333333333,ED_MODERATE_SAFE,2,"lof, hot_but_safe"
Santiago,Chile,6.3,6.3,5,48.0,ED_CAUTION,2,"iso_forest, lof"
Vestmannaeyjar,Iceland,6.1,6.1,1,0.49155971943054055,ED_VERY_SAFE,2,"iso_forest, lof"
Bucharest,Romania,-7.8,-7.8,3,29.7,ED_MODERATE_SAFE,2,"iso_forest, lof"
Kyiv,Ukraine,-19.1,-19.1,1,28.586831810281996,ED_MODERATE_SAFE,2,"iso_forest, cold_but_safe"
Moscow,Russia,-3.7,-3.7,6,58.989000451680454,ED_DANGEROUS,2,"iso_forest, lof"
Phnom Penh,Cambodia,33.3,44.2,1,33.69230769230769,ED_MODERATE_SAFE,2,"lof, hot_but_safe"
Kyiv,Ukraine,-21.3,-21.3,1,29.749879998660422,ED_MODERATE_SAFE,2,"iso_forest, cold_but_safe"
Bucharest,Romania,-3.7,-3.7,4,44.671918915101436,ED_CAUTION,2,"iso_forest, lof"
Vilnius,Lithuania,-19.6,-19.6,1,26.520601413982636,ED_MODERATE_SAFE,2,"iso_forest, cold_but_safe"
Vestmannaeyjar,Iceland,8.3,8.3,1,3.0,ED_VERY_SAFE,2,"iso_forest, lof"
Astana,Kazakhstan,-12.8,-12.8,1,23.987127604240726,ED_MODERATE_SAFE,2,"iso_forest, cold_but_safe"
Helsinki,Finland,-19.6,-19.6,1,29.68631228196991,ED_MODERATE_SAFE,2,"iso_forest, cold_but_safe"
Warsaw,Poland,-15.6,-15.6,2,33.865464791789336,ED_MODERATE_SAFE,2,"iso_forest, cold_but_safe"
Pretoria,South Africa,27.1,27.1,3,27.300000000000004,ED_MODERATE_SAFE,2,"iso_forest, lof"
Amman,Jordan,9.8,9.8,3,18.0,ED_MODERATE_SAFE,2,"iso_forest, lof"
Helsinki,Finland,-21.8,-21.8,1,32.256539845980996,ED_MODERATE_SAFE,2,"iso_forest, cold_but_safe"
Beijing,China,5.1,5.1,2,8.0,ED_VERY_SAFE,2,"iso_forest, lof"
Riga,Latvia,-23.8,-23.8,1,33.93231771225006,ED_MODERATE_SAFE,2,"iso_forest, cold_but_safe"
Vilnius,Lithuania,-23.9,-23.9,1,31.312266466646832,ED_MODERATE_SAFE,2,"iso_forest, cold_but_safe"
Santiago,Chile,5.2,5.2,5,49.0,ED_CAUTION,2,"iso_forest, lof"
Chi Chi Khvar,Iran,1.0,1.0,3,19.7941967875613,ED_MODERATE_SAFE,2,"iso_forest, lof"
Minsk,Belarus,-21.0,-21.0,1,29.456529003561112,ED_MODERATE_SAFE,2,"iso_forest, cold_but_safe"
Ulaanbaatar,Mongolia,-14.8,-14.8,4,58.761794041594385,ED_DANGEROUS,2,"iso_forest, lof"
Manila,Philippines,31.3,38.5,1,25.833333333333336,ED_MODERATE_SAFE,2,"lof, hot_but_safe"
Helsinki,Finland,-19.7,-19.7,1,29.562976377470093,ED_MODERATE_SAFE,2,"iso_forest, cold_but_safe"
Tallinn,Estonia,-14.0,-14.0,1,23.494376981219155,ED_MODERATE_SAFE,2,"iso_forest, cold_but_safe"
New Delhi,India,30.1,31.6,5,67.80000000000001,ED_DANGEROUS,2,"iso_forest, lof"
Vestmannaeyjar,Iceland,8.4,8.4,1,3.0,ED_VERY_SAFE,2,"iso_forest, lof"
Helsinki,Finland,-23.9,-23.9,1,31.719052903085743,ED_MODERATE_SAFE,2,"iso_forest, cold_but_safe"
Astana,Kazakhstan,-17.8,-17.8,1,27.55518160951377,ED_MODERATE_SAFE,2,"iso_forest, cold_but_safe"
Riga,Latvia,-14.7,-14.7,1,24.647615571831462,ED_MODERATE_SAFE,2,"iso_forest, cold_but_safe"
Vilnius,Lithuania,-17.0,-17.0,1,28.10314200000799,ED_MODERATE_SAFE,2,"iso_forest, cold_but_safe"
Moscow,Russia,-4.8,-4.8,4,44.887058083709164,ED_CAUTION,2,"iso_forest, lof"
Belgrade,Serbia,3.2,3.2,4,32.0,ED_MODERATE_SAFE,2,"iso_forest, lof"
Doha,Qatar,40.2,41.7,3,60.607692307692304,ED_DANGEROUS,2,"iso_forest, lof"
Minsk,Belarus,-17.6,-17.6,1,29.277999712160216,ED_MODERATE_SAFE,2,"iso_forest, cold_but_safe"
Sarajevo,Bosnia and Herzegovina,3.1,3.1,4,32.0,ED_MODERATE_SAFE,2,"iso_forest, lof"
Ottawa,Canada,-16.8,-16.8,1,25.79044514686844,ED_MODERATE_SAFE,2,"iso_forest, cold_but_safe"
Djibouti,Djibouti,34.2,38.5,1,34.833333333333336,ED_MODERATE_SAFE,2,"lof, hot_but_safe"
Riga,Latvia,-19.8,-19.8,1,28.145449201468608,ED_MODERATE_SAFE,2,"iso_forest, cold_but_safe"
Moscow,Russia,-2.9,-2.9,4,41.90114696458184,ED_CAUTION,2,"iso_forest, lof"
Vilnius,Lithuania,-18.7,-18.7,1,29.296489769329305,ED_MODERATE_SAFE,2,"iso_forest, cold_but_safe"
Beijing,China,3.3,3.3,3,18.0,ED_MODERATE_SAFE,2,"iso_forest, lof"
Tokyo,Japan,5.4,5.4,3,18.0,ED_MODERATE_SAFE,2,"iso_forest, lof"
Honiara,Solomon Islands,30.4,38.5,1,25.833333333333336,ED_MODERATE_SAFE,2,"lof, hot_but_safe"
Athens,Greece,33.2,38.2,1,31.33333333333334,ED_MODERATE_SAFE,2,"lof, hot_but_safe"
Kyiv,Ukraine,-14.4,-14.4,1,26.14028650705027,ED_MODERATE_SAFE,2,"iso_forest, cold_but_safe"
Minsk,Belarus,-19.9,-19.9,1,29.764239248553793,ED_MODERATE_SAFE,2,"iso_forest, cold_but_safe"
Sarajevo,Bosnia and Herzegovina,3.4,3.4,4,32.0,ED_MODERATE_SAFE,2,"iso_forest, lof"
Ulaanbaatar,Mongolia,-10.8,-10.8,2,26.20127232692518,ED_MODERATE_SAFE,2,"iso_forest, lof"
Yaren,Turkey,0.3,0.3,1,9.050797622245895,ED_VERY_SAFE,2,"iso_forest, lof"
Tallinn,Estonia,-15.7,-15.7,1,24.553125369824865,ED_MODERATE_SAFE,2,"iso_forest, cold_but_safe"
Doha,Qatar,39.3,47.8,3,65.84615384615384,ED_DANGEROUS,2,"iso_forest, lof"
Riga,Latvia,-19.7,-19.7,1,28.81289742932634,ED_MODERATE_SAFE,2,"iso_forest, cold_but_safe"
Vilnius,Lithuania,-18.8,-18.8,1,27.478531519529366,ED_MODERATE_SAFE,2,"iso_forest, cold_but_safe"
Helsinki,Finland,-18.9,-18.9,1,28.52561564356848,ED_MODERATE_SAFE,2,"iso_forest, cold_but_safe"
Helsinki,Finland,-16.8,-16.8,1,25.041419351471443,ED_MODERATE_SAFE,2,"iso_forest, cold_but_safe"
Riyadh,Saudi Arabia,44.4,46.9,5,100.0,ED_VERY_DANGEROUS,2,"iso_forest, lof"
Chi Chi Khvar,Iran,-5.3,-5.3,1,19.54337401149281,ED_MODERATE_SAFE,2,"iso_forest, lof"
Astana,Kazakhstan,-15.7,-15.7,1,26.914635735723014,ED_MODERATE_SAFE,2,"iso_forest, cold_but_safe"
Ottawa,Canada,-23.2,-23.2,1,34.40609644261959,ED_MODERATE_SAFE,2,"iso_forest, cold_but_safe"
Kuwait City,Kuwait,17.2,17.2,3,18.0,ED_MODERATE_SAFE,2,"iso_forest, lof"
Helsinki,Finland,-22.7,-22.7,1,31.30632584625901,ED_MODERATE_SAFE,2,"iso_forest, cold_but_safe"
Ottawa,Canada,-13.9,-13.9,1,27.10909889066448,ED_MODERATE_SAFE,2,"iso_forest, cold_but_safe"
Ljubljana,Slovenia,3.1,3.1,3,18.0,ED_MODERATE_SAFE,2,"iso_forest, lof"
Riyadh,Saudi Arabia,10.1,10.1,6,57.05,ED_DANGEROUS,2,"iso_forest, lof"
Kuwait City,Kuwait,42.3,44.4,1,44.92307692307692,ED_CAUTION,2,"iso_forest, lof"
Doha,Qatar,19.2,19.2,4,37.1,ED_CAUTION,2,"iso_forest, lof"
Addis Ababa,Ethiopia,16.2,16.2,2,20.0,ED_MODERATE_SAFE,2,"iso_forest, lof"
Ulaanbaatar,Mongolia,-6.0,-6.0,2,17.0,ED_MODERATE_SAFE,2,"iso_forest, lof"
Chi Chi Khvar,Iran,-8.7,-8.7,2,31.006547064829803,ED_MODERATE_SAFE,2,"iso_forest, lof"
Nouakchott,Mauritania,22.2,23.2,4,35.0,ED_CAUTION,2,"iso_forest, lof"
Kuwait City,Kuwait,11.7,11.7,3,23.1,ED_MODERATE_SAFE,2,"iso_forest, lof"
Baghdad,Iraq,10.0,10.0,1,3.5,ED_VERY_SAFE,2,"iso_forest, lof"
Chi-Chi-Erh,Russia,-20.9,-20.9,1,24.083333333333332,ED_MODERATE_SAFE,2,"iso_forest, cold_but_safe"
Moscow,Russia,-13.8,-13.8,2,32.28903046199031,ED_MODERATE_SAFE,2,"iso_forest, cold_but_safe"
Zagreb,Croatia,3.2,3.2,3,18.0,ED_MODERATE_SAFE,2,"iso_forest, lof"
Ulaanbaatar,Mongolia,1.2,1.2,1,0.0,ED_VERY_SAFE,2,"iso_forest, lof"
Tashkent,Uzbekistan,41.3,42.0,1,42.15384615384615,ED_CAUTION,2,"iso_forest, lof"
Manama,Bahrain,34.3,49.2,4,89.08653846153847,ED_VERY_DANGEROUS,2,"iso_forest, lof"
Vilnius,Lithuania,-15.6,-15.6,1,25.555709734816602,ED_MODERATE_SAFE,2,"iso_forest, cold_but_safe"
Kuwait City,Kuwait,45.2,49.2,5,100.0,ED_VERY_DANGEROUS,2,"iso_forest, lof"
Ulaanbaatar,Mongolia,4.1,4.1,1,0.0,ED_VERY_SAFE,2,"iso_forest, lof"
Chi Chi Khvar,Iran,-6.0,-6.0,2,25.656747498716523,ED_MODERATE_SAFE,2,"iso_forest, lof"
Kyiv,Ukraine,-18.5,-18.5,1,27.30868037642689,ED_MODERATE_SAFE,2,"iso_forest, cold_but_safe"
Vestmannaeyjar,Iceland,1.2,1.2,1,9.248264592849203,ED_VERY_SAFE,2,"iso_forest, lof"
Hanoi,Vietnam,31.4,38.4,2,33.666666666666664,ED_MODERATE_SAFE,2,"lof, hot_but_safe"
Guatemala City,Guatemala,16.6,16.6,5,49.0,ED_CAUTION,2,"iso_forest, lof"
Vilnius,Lithuania,-16.9,-16.9,1,23.96807998954455,ED_MODERATE_SAFE,2,"iso_forest, cold_but_safe"
Djibouti,Djibouti,44.1,46.1,2,55.88461538461539,ED_DANGEROUS,2,"iso_forest, lof"
Tallinn,Estonia,-12.0,-12.0,1,24.097806757051295,ED_MODERATE_SAFE,2,"iso_forest, cold_but_safe"
Ottawa,Canada,-18.8,-18.8,1,28.034305325418163,ED_MODERATE_SAFE,2,"iso_forest, cold_but_safe"
New Delhi,India,36.4,40.7,3,48.400000000000006,ED_CAUTION,2,"iso_forest, lof"
Kuwait City,Kuwait,47.9,49.9,5,100.0,ED_VERY_DANGEROUS,2,"iso_forest, lof"
Beijing,China,-3.8,-3.8,1,5.699999999999999,ED_VERY_SAFE,2,"iso_forest, lof"
Kyiv,Ukraine,-18.5,-18.5,1,25.730538545278264,ED_MODERATE_SAFE,2,"iso_forest, cold_but_safe"
Djibouti,Djibouti,42.3,44.3,2,51.90769230769231,ED_CAUTION,2,"iso_forest, lof"
Vestmannaeyjar,Iceland,3.0,3.0,1,2.6898475658661507,ED_VERY_SAFE,2,"iso_forest, lof"
Tokyo,Japan,26.3,28.7,1,5.099999999999998,ED_VERY_SAFE,2,"iso_forest, lof"
Addis Ababa,Ethiopia,22.2,22.2,1,12.0,ED_VERY_SAFE,2,"iso_forest, lof"
Moscow,Russia,-17.7,-17.7,2,34.52137894596916,ED_MODERATE_SAFE,2,"iso_forest, cold_but_safe"
Ulaanbaatar,Mongolia,-17.9,-17.9,2,37.89717430867455,ED_CAUTION,2,"iso_forest, lof"
Moroni,Comoros,29.7,33.1,2,36.833333333333336,ED_CAUTION,2,"iso_forest, lof"
Valletta,Malta,18.3,18.3,3,18.0,ED_MODERATE_SAFE,2,"iso_forest, lof"
Vilnius,Lithuania,-16.7,-16.7,1,26.754546627728853,ED_MODERATE_SAFE,2,"iso_forest, cold_but_safe"
Bogot,Bulgaria,-0.6,-0.6,3,20.4,ED_MODERATE_SAFE,2,"iso_forest, lof"
Riga,Latvia,-15.6,-15.6,1,23.876147914882083,ED_MODERATE_SAFE,2,"iso_forest, cold_but_safe"
Astana,Kazakhstan,-15.0,-15.0,1,24.394821907046513,ED_MODERATE_SAFE,2,"iso_forest, cold_but_safe"
Ottawa,Canada,-21.8,-21.8,1,33.41323465407314,ED_MODERATE_SAFE,2,"iso_forest, cold_but_safe"
Djibouti,Djibouti,41.1,43.1,1,41.42307692307693,ED_CAUTION,2,"iso_forest, lof"
Baku,Azerbaijan,3.0,3.0,1,7.74744148675447,ED_VERY_SAFE,2,"iso_forest, lof"
Yerevan,Armenia,-1.9,-1.9,1,10.003697962603727,ED_VERY_SAFE,2,"iso_forest, lof"
Vestmannaeyjar,Iceland,10.3,10.3,1,4.0,ED_VERY_SAFE,2,"iso_forest, lof"
Kyiv,Ukraine,-15.8,-15.8,2,33.42117818506317,ED_MODERATE_SAFE,2,"iso_forest, cold_but_safe"
Vestmannaeyjar,Iceland,9.2,9.2,1,3.0,ED_VERY_SAFE,2,"iso_forest, lof"
Kuwait City,Kuwait,14.1,14.1,4,36.7,ED_CAUTION,2,"iso_forest, lof"
Ottawa,Canada,-19.6,-19.6,2,34.52060141398263,ED_MODERATE_SAFE,2,"iso_forest, cold_but_safe"
Phnom Penh,Cambodia,35.1,39.3,1,27.166666666666664,ED_MODERATE_SAFE,2,"lof, hot_but_safe"
Manama,Bahrain,15.4,15.4,2,13.6,ED_VERY_SAFE,2,"iso_forest, lof"
Yerevan,Armenia,-1.7,-1.7,1,5.549999999999999,ED_VERY_SAFE,2,"iso_forest, lof"
Koror,Palau,30.3,38.2,1,30.83333333333334,ED_MODERATE_SAFE,2,"lof, hot_but_safe"
Ulaanbaatar,Mongolia,-19.7,-19.7,2,38.11913675945746,ED_CAUTION,2,"iso_forest, lof"
Vestmannaeyjar,Iceland,8.2,8.2,1,0.0,ED_VERY_SAFE,2,"iso_forest, lof"
Bucharest,Romania,-0.9,-0.9,5,53.544763885939226,ED_CAUTION,2,"iso_forest, lof"
Lisbon,Portugal,10.4,10.7,4,32.0,ED_MODERATE_SAFE,2,"iso_forest, lof"
Berlin,Germany,-3.8,-3.8,2,23.09960186191922,ED_MODERATE_SAFE,2,"iso_forest, lof"
Skopje,Macedonia,40.2,44.7,2,49.769230769230774,ED_CAUTION,2,"iso_forest, lof"
Oslo,Norway,13.3,13.3,1,6.0,ED_VERY_SAFE,2,"iso_forest, lof"
Tallinn,Estonia,-15.9,-15.9,1,25.858407789144984,ED_MODERATE_SAFE,2,"iso_forest, cold_but_safe"
Chi Chi Khvar,Iran,-9.4,-9.4,3,40.39793851665944,ED_CAUTION,2,"iso_forest, lof"
Minsk,Belarus,-11.6,-11.6,1,23.718945916491162,ED_MODERATE_SAFE,2,"iso_forest, cold_but_safe"
Beijing,China,1.3,1.3,5,47.679970243166565,ED_CAUTION,2,"iso_forest, lof"
Minsk,Belarus,-4.9,-4.9,3,33.27029790903613,ED_MODERATE_SAFE,2,"iso_forest, lof"
Minsk,Belarus,-16.8,-16.8,1,28.441341574373602,ED_MODERATE_SAFE,2,"iso_forest, cold_but_safe"
Minsk,Belarus,-14.8,-14.8,2,33.73914991137864,ED_MODERATE_SAFE,2,"iso_forest, cold_but_safe"
Pyongyang,North Korea,0.4,0.4,4,40.12931950302966,ED_CAUTION,2,"iso_forest, lof"
Djibouti,Djibouti,42.3,44.3,2,51.80769230769231,ED_CAUTION,2,"iso_forest, lof"
Riyadh,Saudi Arabia,6.1,6.1,4,36.2,ED_CAUTION,2,"iso_forest, lof"
Vestmannaeyjar,Iceland,4.2,4.2,1,4.750767326871474,ED_VERY_SAFE,2,"iso_forest, lof"
Amsterdam,Netherlands,2.1,2.1,2,11.55026523137186,ED_VERY_SAFE,2,"iso_forest, lof"
Prague,Czech Republic,-6.9,-6.9,3,33.89280963478994,ED_MODERATE_SAFE,2,"iso_forest, lof"
Palikir,Micronesia,31.2,40.8,1,29.666666666666664,ED_MODERATE_SAFE,2,"lof, hot_but_safe"
Luxembourg,Luxembourg,-2.7,-2.7,2,15.558831192918916,ED_MODERATE_SAFE,2,"iso_forest, lof"
Vilnius,Lithuania,-13.8,-13.8,2,32.94368436503408,ED_MODERATE_SAFE,2,"iso_forest, cold_but_safe"
Kuwait City,Kuwait,7.3,7.3,3,20.7,ED_MODERATE_SAFE,2,"iso_forest, lof"
Sarajevo,Bosnia and Herzegovina,0.1,0.1,4,32.3,ED_MODERATE_SAFE,2,"iso_forest, lof"
Astana,Kazakhstan,-14.9,-14.9,1,25.609300352128407,ED_MODERATE_SAFE,2,"iso_forest, cold_but_safe"
Tokyo,Japan,6.2,6.2,3,18.0,ED_MODERATE_SAFE,2,"iso_forest, lof"
Windhoek,Namibia,27.2,27.2,1,12.599999999999998,ED_VERY_SAFE,2,"iso_forest, lof"
Zagreb,Croatia,-3.7,-3.7,4,37.55,ED_CAUTION,2,"iso_forest, lof"
Hanoi,Vietnam,33.4,42.0,5,87.21634615384616,ED_VERY_DANGEROUS,2,"iso_forest, lof"
Kabul,Afghanistan,-5.8,-5.8,1,10.8,ED_VERY_SAFE,2,"iso_forest, lof"
Chi Chi Khvar,Iran,34.1,34.1,1,30.500000000000004,ED_MODERATE_SAFE,2,"iso_forest, lof"
Prague,Czech Republic,-5.8,-5.8,3,31.111436525071294,ED_MODERATE_SAFE,2,"iso_forest, lof"
Phnom Penh,Cambodia,36.1,38.6,1,28.400000000000002,ED_MODERATE_SAFE,2,"lof, hot_but_safe"
Djibouti,Djibouti,45.1,47.1,2,55.43846153846154,ED_DANGEROUS,2,"iso_forest, lof"
Wellington,New Zealand,19.3,19.3,1,0.0,ED_VERY_SAFE,2,"iso_forest, lof"
Palikir,Micronesia,31.2,40.3,1,28.83333333333333,ED_MODERATE_SAFE,2,"lof, hot_but_safe"
Tokyo,Japan,7.2,7.2,4,32.0,ED_MODERATE_SAFE,2,"iso_forest, lof"
Vestmannaeyjar,Iceland,2.4,2.4,1,8.32127730770079,ED_VERY_SAFE,2,"iso_forest, lof"
Beijing,China,22.3,24.7,6,50.0,ED_CAUTION,2,"iso_forest, lof"
Zagreb,Croatia,-0.8,-0.8,4,33.2,ED_MODERATE_SAFE,2,"iso_forest, lof"
Tehran,Iran,2.3,2.3,4,32.0,ED_MODERATE_SAFE,2,"iso_forest, lof"
Beijing,China,2.3,2.3,3,18.0,ED_MODERATE_SAFE,2,"iso_forest, lof"
Vestmannaeyjar,Iceland,7.0,7.0,1,0.0,ED_VERY_SAFE,2,"iso_forest, lof"
New Delhi,India,26.4,27.3,4,41.900000000000006,ED_CAUTION,2,"iso_forest, lof"
Port Royal,Jamaica,31.3,40.2,1,34.66666666666667,ED_MODERATE_SAFE,2,"lof, hot_but_safe"
Ottawa,Canada,-14.7,-14.7,1,27.573262608208974,ED_MODERATE_SAFE,2,"iso_forest, cold_but_safe"
Sarajevo,Bosnia and Herzegovina,-3.8,-3.8,2,13.7,ED_VERY_SAFE,2,"iso_forest, lof"
Vaduz,Liechtenstein,-3.6,-3.6,1,9.106985507735631,ED_VERY_SAFE,2,"iso_forest, lof"
Windhoek,Namibia,27.0,27.0,1,12.0,ED_VERY_SAFE,2,"iso_forest, lof"
Beijing,China,12.1,12.1,6,50.0,ED_CAUTION,2,"iso_forest, lof"
Ulaanbaatar,Mongolia,-5.7,-5.7,2,16.55,ED_MODERATE_SAFE,2,"iso_forest, lof"
Ljubljana,Slovenia,-4.0,-4.0,3,24.0,ED_MODERATE_SAFE,2,"iso_forest, lof"
Riga,Latvia,-5.8,-5.8,4,40.7,ED_CAUTION,2,"iso_forest, lof"
Ulaanbaatar,Mongolia,-28.9,-28.9,3,54.36775946222164,ED_CAUTION,2,"iso_forest, lof"
New Delhi,India,30.3,32.6,4,65.625,ED_DANGEROUS,2,"iso_forest, lof"
Valletta,Malta,14.2,14.2,2,8.0,ED_VERY_SAFE,2,"iso_forest, lof"
Vilnius,Lithuania,-17.9,-17.9,2,33.16013383965168,ED_MODERATE_SAFE,2,"iso_forest, cold_but_safe"
Riga,Latvia,-17.7,-17.7,2,33.36524414275682,ED_MODERATE_SAFE,2,"iso_forest, cold_but_safe"
Astana,Kazakhstan,-14.9,-14.9,1,25.23364399026081,ED_MODERATE_SAFE,2,"iso_forest, cold_but_safe"
Beijing,China,-5.9,-5.9,3,34.42795919376035,ED_MODERATE_SAFE,2,"iso_forest, lof"
Ottawa,Canada,-10.9,-10.9,1,24.06577779494936,ED_MODERATE_SAFE,2,"iso_forest, cold_but_safe"
Seoul,South Korea,0.1,0.1,4,40.44871718397407,ED_CAUTION,2,"iso_forest, lof"
Hanoi,Vietnam,34.0,40.8,5,90.22916666666666,ED_VERY_DANGEROUS,2,"iso_forest, lof"
Moscow,Russia,-7.9,-7.9,4,49.85815429761806,ED_CAUTION,2,"iso_forest, lof"
Vestmannaeyjar,Iceland,4.1,4.1,1,5.754228805353147,ED_VERY_SAFE,2,"iso_forest, lof"
Oslo,Norway,16.3,16.3,2,13.0,ED_VERY_SAFE,2,"iso_forest, lof"
Juba,Sudan,25.9,25.9,5,55.3,ED_DANGEROUS,2,"iso_forest, lof"
Abu Dhabi,United Arab Emirates,43.2,45.2,4,86.67115384615384,ED_VERY_DANGEROUS,2,"iso_forest, lof"
Chi Chi Khvar,Iran,1.3,1.3,2,15.705686015974182,ED_MODERATE_SAFE,2,"iso_forest, lof"
Port Royal,Jamaica,30.3,38.5,2,33.833333333333336,ED_MODERATE_SAFE,2,"lof, hot_but_safe"
Ljubljana,Slovenia,-5.0,-5.0,3,25.5,ED_MODERATE_SAFE,2,"iso_forest, lof"
Moscow,Russia,-6.8,-6.8,3,32.61153418263952,ED_MODERATE_SAFE,2,"iso_forest, lof"
Moscow,Russia,-5.7,-5.7,4,44.93878103824868,ED_CAUTION,2,"iso_forest, lof"
Chi Chi Khvar,Iran,32.7,32.7,1,28.16666666666667,ED_MODERATE_SAFE,2,"iso_forest, lof"
Ulaanbaatar,Mongolia,-1.8,-1.8,2,14.452467963763652,ED_VERY_SAFE,2,"iso_forest, lof"
Riga,Latvia,-14.9,-14.9,2,32.16085589383752,ED_MODERATE_SAFE,2,"iso_forest, cold_but_safe"
Minsk,Belarus,-23.9,-23.9,2,34.58333333333333,ED_MODERATE_SAFE,2,"iso_forest, cold_but_safe"
Kuwait City,Kuwait,8.1,8.1,4,34.4,ED_MODERATE_SAFE,2,"iso_forest, lof"
Ottawa,Canada,-13.9,-13.9,1,25.271673380907007,ED_MODERATE_SAFE,2,"iso_forest, cold_but_safe"
Hanoi,Vietnam,26.2,30.3,1,9.900000000000002,ED_VERY_SAFE,2,"iso_forest, lof"
Zagreb,Croatia,-4.8,-4.8,3,25.2,ED_MODERATE_SAFE,2,"iso_forest, lof"
Minsk,Belarus,-8.6,-8.6,3,37.8147411004745,ED_CAUTION,2,"iso_forest, lof"
Ottawa,Canada,-12.7,-12.7,1,24.28227979782583,ED_MODERATE_SAFE,2,"iso_forest, cold_but_safe"
Sanaa,Yemen,28.5,28.5,4,48.5,ED_CAUTION,2,"iso_forest, lof"
Moscow,Russia,-9.8,-9.8,3,38.79431305832054,ED_CAUTION,2,"iso_forest, lof"
Ashgabat,Turkmenistan,38.1,38.1,1,37.16666666666667,ED_CAUTION,2,"iso_forest, lof"
Kabul,Afghanistan,-6.7,-6.7,1,17.18539829500123,ED_MODERATE_SAFE,2,"iso_forest, lof"
Ottawa,Canada,-19.5,-19.5,1,27.464542096091236,ED_MODERATE_SAFE,2,"iso_forest, cold_but_safe"
Chi Chi Khvar,Iran,35.0,35.0,2,40.0,ED_CAUTION,2,"iso_forest, lof"
Kabul,Afghanistan,-2.6,-2.6,1,13.581525394829042,ED_VERY_SAFE,2,"iso_forest, lof"
Ulaanbaatar,Mongolia,33.0,49.1,1,43.54615384615385,ED_CAUTION,2,"iso_forest, lof"
Oslo,Norway,14.4,14.4,1,5.0,ED_VERY_SAFE,2,"iso_forest, lof"
Hanoi,Vietnam,31.0,40.1,6,90.5,ED_VERY_DANGEROUS,2,"iso_forest, lof"
Warsaw,Poland,0.2,0.2,4,34.315265395849394,ED_MODERATE_SAFE,2,"iso_forest, lof"
Ottawa,Canada,-15.6,-15.6,1,23.55049136858635,ED_MODERATE_SAFE,2,"iso_forest, cold_but_safe"
Astana,Kazakhstan,-20.9,-20.9,1,31.65761567106744,ED_MODERATE_SAFE,2,"iso_forest, cold_but_safe"
Dublin,Ireland,7.1,7.1,1,0.0,ED_VERY_SAFE,2,"iso_forest, lof"
Reykjavik,Iceland,5.1,5.1,1,0.027425513871952134,ED_VERY_SAFE,2,"iso_forest, lof"
Ottawa,Canada,-18.0,-18.0,1,26.523019052567996,ED_MODERATE_SAFE,2,"iso_forest, cold_but_safe"
Colombo,Sri Lanka,30.2,38.7,1,26.16666666666667,ED_MODERATE_SAFE,2,"lof, hot_but_safe"
Hanoi,Vietnam,32.0,40.4,6,91.0,ED_VERY_DANGEROUS,2,"iso_forest, lof"
Beijing,China,34.1,34.1,6,83.6,ED_VERY_DANGEROUS,2,"iso_forest, lof"
Reykjavik,Iceland,5.2,5.2,1,0.0,ED_VERY_SAFE,2,"iso_forest, lof"
Ulaanbaatar,Mongolia,-14.7,-14.7,2,26.916666666666664,ED_MODERATE_SAFE,2,"iso_forest, lof"
Astana,Kazakhstan,-20.9,-20.9,1,24.083333333333332,ED_MODERATE_SAFE,2,"iso_forest, cold_but_safe"
Helsinki,Finland,-15.8,-15.8,1,26.255333978931166,ED_MODERATE_SAFE,2,"iso_forest, cold_but_safe"
Hanoi,Vietnam,36.4,43.6,4,78.025,ED_VERY_DANGEROUS,2,"iso_forest, lof"
Vestmannaeyjar,Iceland,9.3,9.3,1,3.0,ED_VERY_SAFE,2,"iso_forest, lof"
Vestmannaeyjar,Iceland,6.1,6.1,1,0.0,ED_VERY_SAFE,2,"iso_forest, lof"
Nairobi,Kenya,16.2,16.2,4,42.7,ED_CAUTION,2,"iso_forest, lof"
Astana,Kazakhstan,-16.7,-16.7,1,26.983053276563574,ED_MODERATE_SAFE,2,"iso_forest, cold_but_safe"
Beijing,China,2.1,2.1,3,18.0,ED_MODERATE_SAFE,2,"iso_forest, lof"
Tallinn,Estonia,-12.8,-12.8,1,24.258050885440536,ED_MODERATE_SAFE,2,"iso_forest, cold_but_safe"
Bucharest,Romania,-0.7,-0.7,4,38.04142672086959,ED_CAUTION,2,"iso_forest, lof"
Tehran,Iran,5.3,5.3,3,21.6,ED_MODERATE_SAFE,2,"iso_forest, lof"
Baku,Azerbaijan,-0.9,-0.9,1,14.350422361490253,ED_VERY_SAFE,2,"iso_forest, lof"
Vestmannaeyjar,Iceland,9.1,9.1,1,3.0,ED_VERY_SAFE,2,"iso_forest, lof"
Kabul,Afghanistan,-3.0,-3.0,1,13.15343609524879,ED_VERY_SAFE,2,"iso_forest, lof"
Hanoi,Vietnam,33.0,46.2,3,54.0,ED_CAUTION,2,"iso_forest, lof"
Warsaw,Poland,0.1,0.1,4,32.0,ED_MODERATE_SAFE,2,"iso_forest, lof"
Chi Chi Khvar,Iran,33.9,33.9,3,48.166666666666664,ED_CAUTION,2,"iso_forest, lof"
Chi-Chi-Erh,Russia,-21.8,-21.8,1,24.833333333333336,ED_MODERATE_SAFE,2,"iso_forest, cold_but_safe"
Kuwait City,Kuwait,11.1,11.1,4,35.1,ED_CAUTION,2,"iso_forest, lof"
Astana,Kazakhstan,-17.8,-17.8,2,34.497045794726894,ED_MODERATE_SAFE,2,"iso_forest, cold_but_safe"
Kabul,Afghanistan,-3.6,-3.6,1,9.299999999999999,ED_VERY_SAFE,2,"iso_forest, lof"
Djibouti,Djibouti,44.3,46.3,2,54.315384615384616,ED_CAUTION,2,"iso_forest, lof"
Bucharest,Romania,-2.8,-2.8,3,31.475028671801905,ED_MODERATE_SAFE,2,"iso_forest, lof"
Warsaw,Poland,-4.0,-4.0,3,32.2726792967525,ED_MODERATE_SAFE,2,"iso_forest, lof"
New Delhi,India,34.5,40.4,3,47.6,ED_CAUTION,2,"iso_forest, lof"
Chi Chi Khvar,Iran,33.8,33.8,2,38.0,ED_CAUTION,2,"iso_forest, lof"
Prague,Czech Republic,-3.8,-3.8,4,37.7,ED_CAUTION,2,"iso_forest, lof"
Manila,Philippines,30.4,38.9,5,82.5625,ED_VERY_DANGEROUS,2,"iso_forest, lof"
Baku,Azerbaijan,31.3,32.1,4,63.29166666666667,ED_DANGEROUS,2,"iso_forest, lof"
Santiago,Chile,9.1,9.3,6,55.0,ED_DANGEROUS,2,"iso_forest, lof"
Djibouti,Djibouti,42.3,44.3,1,41.30769230769231,ED_CAUTION,2,"iso_forest, lof"
Zagreb,Croatia,-1.7,-1.7,4,34.55,ED_MODERATE_SAFE,2,"iso_forest, lof"
Sarajevo,Bosnia and Herzegovina,-1.0,-1.0,4,37.28581688213652,ED_CAUTION,2,"iso_forest, lof"
Ottawa,Canada,-23.8,-23.8,1,34.19657895101545,ED_MODERATE_SAFE,2,"iso_forest, cold_but_safe"
Minsk,Belarus,-18.8,-18.8,1,29.31589396962784,ED_MODERATE_SAFE,2,"iso_forest, cold_but_safe"
Dhaka,Bangladesh,35.6,42.8,3,55.676923076923075,ED_DANGEROUS,2,"iso_forest, lof"
Astana,Kazakhstan,-17.0,-17.0,1,25.832490194318662,ED_MODERATE_SAFE,2,"iso_forest, cold_but_safe"
Moscow,Russia,-23.7,-23.7,5,71.41666666666666,ED_DANGEROUS,2,"iso_forest, lof"
Reykjavik,Iceland,4.2,4.2,1,2.104095451266499,ED_VERY_SAFE,2,"iso_forest, lof"
Djibouti,Djibouti,42.3,44.3,1,43.80769230769231,ED_CAUTION,2,"iso_forest, lof"
Ottawa,Canada,-17.0,-17.0,1,26.968300655015707,ED_MODERATE_SAFE,2,"iso_forest, cold_but_safe"
Minsk,Belarus,-11.9,-11.9,1,23.443131106161296,ED_MODERATE_SAFE,2,"iso_forest, cold_but_safe"
Bogot,Bulgaria,-1.9,-1.9,3,28.642100884431997,ED_MODERATE_SAFE,2,"iso_forest, lof"
Riyadh,Saudi Arabia,15.2,15.2,6,54.0,ED_CAUTION,2,"iso_forest, lof"
Ottawa,Canada,-17.6,-17.6,1,26.732198234312065,ED_MODERATE_SAFE,2,"iso_forest, cold_but_safe"
Tallinn,Estonia,-16.6,-16.6,1,27.253524022521532,ED_MODERATE_SAFE,2,"iso_forest, cold_but_safe"
Chi Chi Khvar,Iran,-6.1,-6.1,2,17.75,ED_MODERATE_SAFE,2,"iso_forest, lof"
Nouakchott,Mauritania,19.2,19.3,4,32.0,ED_MODERATE_SAFE,2,"iso_forest, lof"
Luxembourg,Luxembourg,-3.8,-3.8,2,16.850523541087608,ED_MODERATE_SAFE,2,"iso_forest, lof"
Kuwait City,Kuwait,14.7,14.7,4,32.0,ED_MODERATE_SAFE,2,"iso_forest, lof"
Astana,Kazakhstan,-14.6,-14.6,1,23.86289824525439,ED_MODERATE_SAFE,2,"iso_forest, cold_but_safe"
Vienna,Austria,0.3,0.3,3,24.93431044156513,ED_MODERATE_SAFE,2,"iso_forest, lof"
Kyiv,Ukraine,-15.7,-15.7,2,32.435925772641696,ED_MODERATE_SAFE,2,"iso_forest, cold_but_safe"
Oslo,Norway,4.1,4.1,2,8.0,ED_VERY_SAFE,2,"iso_forest, lof"
Kuwait City,Kuwait,17.4,17.4,4,38.45,ED_CAUTION,2,"iso_forest, lof"
Sofia,Bulgaria,2.1,2.1,2,12.2,ED_VERY_SAFE,2,"iso_forest, lof"
Pretoria,South Africa,24.4,24.4,3,18.0,ED_MODERATE_SAFE,2,"iso_forest, lof"
Chi Chi Khvar,Iran,30.5,30.5,2,30.5,ED_MODERATE_SAFE,2,"iso_forest, lof"
Muscat,Oman,35.2,41.9,3,59.43846153846153,ED_DANGEROUS,2,"iso_forest, lof"
Moscow,Russia,-0.7,-0.7,4,38.539214242089656,ED_CAUTION,2,"iso_forest, lof"
Astana,Kazakhstan,-5.9,-5.9,1,17.70379006397291,ED_MODERATE_SAFE,2,"iso_forest, lof"
Beijing,China,-0.9,-0.9,4,38.89972955985156,ED_CAUTION,2,"iso_forest, lof"
Abu Dhabi,United Arab Emirates,38.0,40.0,5,94.49583333333334,ED_VERY_DANGEROUS,2,"iso_forest, lof"
Baku,Azerbaijan,28.1,29.2,1,17.599999999999998,ED_MODERATE_SAFE,2,"iso_forest, lof"
Chi-Chi-Erh,Russia,-20.5,-20.5,1,24.05,ED_MODERATE_SAFE,2,"iso_forest, cold_but_safe"
Djibouti,Djibouti,41.2,43.2,1,41.53846153846154,ED_CAUTION,2,"iso_forest, lof"
Astana,Kazakhstan,-4.7,-4.7,1,16.79803944628663,ED_MODERATE_SAFE,2,"iso_forest, lof"
Beijing,China,11.3,11.3,4,32.6,ED_MODERATE_SAFE,2,"iso_forest, lof"
Moscow,Russia,-2.9,-2.9,2,21.72809253683743,ED_MODERATE_SAFE,2,"iso_forest, lof"
Majuro,Marshall Islands,30.1,38.5,1,25.833333333333336,ED_MODERATE_SAFE,2,"lof, hot_but_safe"
New Delhi,India,35.4,40.8,3,47.666666666666664,ED_CAUTION,2,"iso_forest, lof"
Sarajevo,Bosnia and Herzegovina,1.0,1.0,2,11.8,ED_VERY_SAFE,2,"iso_forest, lof"
Libreville,Gabon,30.2,38.6,1,26.900000000000002,ED_MODERATE_SAFE,2,"lof, hot_but_safe"
N'djamena,Chad,37.0,37.0,4,72.65833333333333,ED_DANGEROUS,2,"iso_forest, lof"
Athens,Greece,9.3,9.3,1,4.4,ED_VERY_SAFE,2,"iso_forest, lof"
Juba,Sudan,32.9,32.9,4,68.125,ED_DANGEROUS,2,"iso_forest, lof"
Montevideo,Uruguay,3.1,3.1,3,22.0,ED_MODERATE_SAFE,2,"iso_forest, lof"
Hanoi,Vietnam,33.3,46.8,3,54.692307692307686,ED_CAUTION,2,"iso_forest, lof"
Minsk,Belarus,-2.8,-2.8,1,9.857815321772541,ED_VERY_SAFE,2,"iso_forest, lof"
Yaren,Turkey,4.1,4.1,2,12.722487284451622,ED_VERY_SAFE,2,"iso_forest, lof"
Abu Dhabi,United Arab Emirates,38.1,40.1,5,96.4625,ED_VERY_DANGEROUS,2,"iso_forest, lof"
Warsaw,Poland,-0.7,-0.7,3,19.049999999999997,ED_MODERATE_SAFE,2,"iso_forest, lof"
Montevideo,Uruguay,1.1,1.1,3,23.19820793431098,ED_MODERATE_SAFE,2,"iso_forest, lof"
Seoul,South Korea,4.3,4.3,4,32.0,ED_MODERATE_SAFE,2,"iso_forest, lof"
Belgrade,Serbia,5.4,5.4,3,21.6,ED_MODERATE_SAFE,2,"iso_forest, lof"
Moscow,Russia,1.2,1.2,3,24.132192117485292,ED_MODERATE_SAFE,2,"iso_forest, lof"
Bucharest,Romania,7.2,7.2,2,12.0,ED_VERY_SAFE,2,"iso_forest, lof"
Yaren,Turkey,5.3,5.3,1,3.7534709235460446,ED_VERY_SAFE,2,"iso_forest, lof"
Chi Chi Khvar,Iran,15.3,15.3,2,13.8,ED_VERY_SAFE,2,"iso_forest, lof"
Sarajevo,Bosnia and Herzegovina,0.1,0.1,3,18.0,ED_MODERATE_SAFE,2,"iso_forest, lof"
Pretoria,South Africa,21.4,21.4,4,39.5,ED_CAUTION,2,"iso_forest, lof"
Jakarta,Indonesia,30.2,32.9,5,76.1625,ED_VERY_DANGEROUS,2,"iso_forest, lof"
Bucharest,Romania,-1.9,-1.9,3,26.117690511712457,ED_MODERATE_SAFE,2,"iso_forest, lof"
Ulaanbaatar,Mongolia,-14.9,-14.9,1,25.680563065055033,ED_MODERATE_SAFE,2,"iso_forest, cold_but_safe"
Chi Chi Khvar,Iran,27.8,27.8,4,46.400000000000006,ED_CAUTION,2,"iso_forest, lof"
Muscat,Oman,34.1,44.1,4,86.20192307692308,ED_VERY_DANGEROUS,2,"iso_forest, lof"
Beijing,China,27.1,27.6,5,46.800000000000004,ED_CAUTION,2,"iso_forest, lof"
Seoul,South Korea,31.2,38.1,2,33.16666666666667,ED_MODERATE_SAFE,2,"lof, hot_but_safe"
Astana,Kazakhstan,-2.7,-2.7,1,16.2906053126601,ED_MODERATE_SAFE,2,"iso_forest, lof"
Moscow,Russia,-4.7,-4.7,4,47.06545643701074,ED_CAUTION,2,"iso_forest, lof"
Yaren,Turkey,36.1,36.1,1,31.833333333333336,ED_MODERATE_SAFE,2,"iso_forest, lof"
Chi-Chi-Erh,Russia,-21.7,-21.7,1,24.75,ED_MODERATE_SAFE,2,"iso_forest, cold_but_safe"
Ottawa,Canada,-7.5,-7.5,4,43.25,ED_CAUTION,2,"iso_forest, lof"
Reykjavik,Iceland,-4.6,-4.6,1,18.38223978271497,ED_MODERATE_SAFE,2,"iso_forest, lof"
Ouagadougou,Burkina Faso,30.3,38.4,1,30.666666666666664,ED_MODERATE_SAFE,2,"lof, hot_but_safe"
Andorra La Vella,Andorra,-5.1,-5.1,1,11.062708775600608,ED_VERY_SAFE,2,"iso_forest, lof"
Chi Chi Khvar,Iran,28.0,28.0,3,33.0,ED_MODERATE_SAFE,2,"iso_forest, lof"
Vaduz,Liechtenstein,5.0,5.0,1,0.0,ED_VERY_SAFE,2,"iso_forest, lof"
Astana,Kazakhstan,-3.8,-3.8,1,17.87184388545541,ED_MODERATE_SAFE,2,"iso_forest, lof"
Moscow,Russia,12.2,12.2,2,8.0,ED_VERY_SAFE,2,"iso_forest, lof"
Kuwait City,Kuwait,43.7,45.7,6,100.0,ED_VERY_DANGEROUS,2,"iso_forest, lof"
Andorra La Vella,Andorra,-8.0,-8.0,1,18.720430485675372,ED_MODERATE_SAFE,2,"iso_forest, lof"
Tokyo,Japan,8.3,8.3,3,18.0,ED_MODERATE_SAFE,2,"iso_forest, lof"
Astana,Kazakhstan,-12.7,-12.7,1,24.728891149024072,ED_MODERATE_SAFE,2,"iso_forest, cold_but_safe"
Chi Chi Khvar,Iran,30.9,30.9,3,41.699999999999996,ED_CAUTION,2,"iso_forest, lof"
Beijing,China,4.4,4.4,5,45.0,ED_CAUTION,2,"iso_forest, lof"
Doha,Qatar,46.3,48.3,4,88.14807692307691,ED_VERY_DANGEROUS,2,"iso_forest, lof"
Seoul,South Korea,3.3,3.3,3,20.708890930703696,ED_MODERATE_SAFE,2,"iso_forest, lof"
Moscow,Russia,2.3,2.3,3,21.02265391665188,ED_MODERATE_SAFE,2,"iso_forest, lof"
Astana,Kazakhstan,-23.9,-23.9,2,41.979730472929376,ED_CAUTION,2,"iso_forest, lof"
Tokyo,Japan,19.2,19.2,4,32.0,ED_MODERATE_SAFE,2,"iso_forest, lof"
Manama,Bahrain,38.2,40.2,5,95.72916666666667,ED_VERY_DANGEROUS,2,"iso_forest, lof"
Juba,Sudan,20.5,20.5,4,35.7,ED_CAUTION,2,"iso_forest, lof"
Phnom Penh,Cambodia,35.2,42.0,1,31.153846153846153,ED_MODERATE_SAFE,2,"lof, hot_but_safe"
Juba,Sudan,30.9,30.9,4,55.699999999999996,ED_DANGEROUS,2,"iso_forest, lof"
Chi-Chi-Erh,Russia,-20.7,-20.7,1,23.916666666666664,ED_MODERATE_SAFE,2,"iso_forest, cold_but_safe"
Beijing,China,1.2,1.2,4,36.89037553674497,ED_CAUTION,2,"iso_forest, lof"
Beijing,China,7.2,7.2,4,35.0,ED_CAUTION,2,"iso_forest, lof"
Nan,Thailand,29.3,39.0,1,26.666666666666668,ED_MODERATE_SAFE,2,"lof, hot_but_safe"
Chi Chi Khvar,Iran,-4.5,-4.5,2,22.555139822552352,ED_MODERATE_SAFE,2,"iso_forest, lof"
Reykjavik,Iceland,3.2,3.2,1,4.901252102762026,ED_VERY_SAFE,2,"iso_forest, lof"
Addis Ababa,Ethiopia,19.0,19.0,4,43.6,ED_CAUTION,2,"iso_forest, lof"
Chi-Chi-Erh,Russia,-9.1,-9.1,2,27.694129207834536,ED_MODERATE_SAFE,2,"iso_forest, lof"
Astana,Kazakhstan,-2.6,-2.6,1,13.365875050213905,ED_VERY_SAFE,2,"iso_forest, lof"
Juba,Sudan,24.4,24.4,5,56.6,ED_DANGEROUS,2,"iso_forest, lof"
Riyadh,Saudi Arabia,20.3,20.3,6,61.5,ED_DANGEROUS,2,"iso_forest, lof"
Doha,Qatar,24.1,24.3,4,42.1,ED_CAUTION,2,"iso_forest, lof"
Maseru,Lesotho,4.0,4.0,1,6.469314194398365,ED_VERY_SAFE,2,"iso_forest, lof"
Funafuti,Tuvalu,30.4,38.1,1,25.16666666666667,ED_MODERATE_SAFE,2,"lof, hot_but_safe"
Ulaanbaatar,Mongolia,-1.9,-1.9,1,2.8500000000000014,ED_VERY_SAFE,2,"iso_forest, lof"
Ulaanbaatar,Mongolia,-11.0,-11.0,2,31.427729465885758,ED_MODERATE_SAFE,2,"iso_forest, lof"
Belmopan,Belize,29.2,39.8,1,33.0,ED_MODERATE_SAFE,2,"lof, hot_but_safe"
Astana,Kazakhstan,-1.7,-1.7,1,12.256467856453554,ED_VERY_SAFE,2,"iso_forest, lof"
Yaren,Turkey,35.3,35.5,1,30.833333333333336,ED_MODERATE_SAFE,2,"iso_forest, lof"
Manama,Bahrain,22.4,24.6,3,28.4,ED_MODERATE_SAFE,2,"iso_forest, lof"
Baku,Azerbaijan,8.3,8.3,2,8.0,ED_VERY_SAFE,2,"iso_forest, lof"
Manama,Bahrain,21.1,21.1,4,41.7,ED_CAUTION,2,"iso_forest, lof"
Jakarta,Indonesia,32.3,36.1,4,74.45833333333334,ED_DANGEROUS,2,"iso_forest, lof"
Beijing,China,27.1,27.1,5,45.300000000000004,ED_CAUTION,2,"iso_forest, lof"
Astana,Kazakhstan,0.5,0.5,1,6.723767516429118,ED_VERY_SAFE,2,"iso_forest, lof"
New Delhi,India,31.0,37.6,4,72.45833333333334,ED_DANGEROUS,2,"iso_forest, lof"
Astana,Kazakhstan,-2.1,-2.1,1,9.75105786467284,ED_VERY_SAFE,2,"iso_forest, lof"
Riyadh,Saudi Arabia,21.0,21.0,6,61.3,ED_DANGEROUS,2,"iso_forest, lof"
Kuwait City,Kuwait,44.6,47.3,4,88.89423076923077,ED_VERY_DANGEROUS,2,"iso_forest, lof"
Pyongyang,North Korea,11.0,11.0,4,32.0,ED_MODERATE_SAFE,2,"iso_forest, lof"
Ulaanbaatar,Mongolia,4.3,4.3,1,1.9058711234003418,ED_VERY_SAFE,2,"iso_forest, lof"
Nan,Thailand,37.2,37.2,5,80.32916666666667,ED_VERY_DANGEROUS,2,"iso_forest, lof"
Ulaanbaatar,Mongolia,-3.5,-3.5,1,18.15231251637988,ED_MODERATE_SAFE,2,"iso_forest, lof"
Chi-Chi-Erh,Russia,-7.0,-7.0,1,21.059242070175728,ED_MODERATE_SAFE,2,"iso_forest, lof"
Astana,Kazakhstan,-0.1,-0.1,1,6.361345456618771,ED_VERY_SAFE,2,"iso_forest, lof"
Addis Ababa,Ethiopia,19.3,19.3,2,20.0,ED_MODERATE_SAFE,2,"iso_forest, lof"
Beijing,China,20.2,20.2,3,18.0,ED_MODERATE_SAFE,2,"iso_forest, lof"
Maseru,Lesotho,19.1,19.1,1,6.0,ED_VERY_SAFE,2,"iso_forest, lof"
Ulaanbaatar,Mongolia,-3.1,-3.1,2,22.270468429293896,ED_MODERATE_SAFE,2,"iso_forest, lof"
Beirut,Lebanon,15.2,15.2,2,8.0,ED_VERY_SAFE,2,"iso_forest, lof"
Ulaanbaatar,Mongolia,-6.7,-6.7,2,26.050106723155068,ED_MODERATE_SAFE,2,"iso_forest, lof"
Bishkek,Kyrghyzstan,-0.9,-0.9,1,8.651317670763245,ED_VERY_SAFE,2,"iso_forest, lof"
Astana,Kazakhstan,-6.9,-6.9,1,21.15337498450109,ED_MODERATE_SAFE,2,"iso_forest, lof"
Andorra La Vella,Andorra,-2.5,-2.5,1,6.1499999999999995,ED_VERY_SAFE,2,"iso_forest, lof"
Khartoum,Sudan,25.1,25.1,4,44.0,ED_CAUTION,2,"iso_forest, lof"
Juba,Sudan,26.3,26.3,5,55.8,ED_DANGEROUS,2,"iso_forest, lof"
Riyadh,Saudi Arabia,26.2,26.2,5,56.2,ED_DANGEROUS,2,"iso_forest, lof"
Wellington,New Zealand,10.0,10.0,1,0.0,ED_VERY_SAFE,2,"iso_forest, lof"
Astana,Kazakhstan,0.5,0.5,1,8.882758912296834,ED_VERY_SAFE,2,"iso_forest, lof"
Riyadh,Saudi Arabia,46.3,48.3,2,58.42307692307692,ED_DANGEROUS,2,"iso_forest, lof"
Chi Chi Khvar,Iran,9.0,9.0,2,14.600000000000001,ED_VERY_SAFE,2,"iso_forest, lof"
Damascus,Syria,39.3,39.3,1,37.166666666666664,ED_CAUTION,2,"iso_forest, lof"
Montevideo,Uruguay,0.3,0.3,3,21.0,ED_MODERATE_SAFE,2,"iso_forest, lof"
Beijing,China,29.3,29.3,4,38.900000000000006,ED_CAUTION,2,"iso_forest, lof"
Buenos Aires,Argentina,3.2,3.2,2,11.0,ED_VERY_SAFE,2,"iso_forest, lof"
Belmopan,Belize,29.3,40.1,1,33.5,ED_MODERATE_SAFE,2,"lof, hot_but_safe"
Khartoum,Sudan,29.3,29.3,5,63.900000000000006,ED_DANGEROUS,2,"iso_forest, lof"
Riyadh,Saudi Arabia,28.1,28.1,5,58.60000000000001,ED_DANGEROUS,2,"iso_forest, lof"
Baghdad,Iraq,48.8,50.8,2,61.30769230769231,ED_DANGEROUS,2,"iso_forest, lof"
Beijing,China,25.2,25.2,4,32.0,ED_MODERATE_SAFE,2,"iso_forest, lof"
Yerevan,Armenia,0.5,0.5,1,2.6999999999999997,ED_VERY_SAFE,2,"iso_forest, lof"
Reykjavik,Iceland,3.3,3.3,1,3.5208390603963515,ED_VERY_SAFE,2,"iso_forest, lof"
Riyadh,Saudi Arabia,17.2,17.2,6,61.2,ED_DANGEROUS,2,"iso_forest, lof"
Reykjavik,Iceland,-3.2,-3.2,1,13.514398350274277,ED_VERY_SAFE,2,"iso_forest, lof"
Khartoum,Sudan,23.8,23.8,4,44.0,ED_CAUTION,2,"iso_forest, lof"
Tashkent,Uzbekistan,-0.2,-0.2,1,9.284587845648169,ED_VERY_SAFE,2,"iso_forest, lof"
Ashgabat,Turkmenistan,4.2,4.2,1,3.877279201905778,ED_VERY_SAFE,2,"iso_forest, lof"
Juba,Sudan,24.1,24.1,5,56.2,ED_DANGEROUS,2,"iso_forest, lof"
Djibouti,Djibouti,47.1,49.1,2,57.34615384615385,ED_DANGEROUS,2,"iso_forest, lof"
Moscow,Russia,4.4,4.4,3,19.5,ED_MODERATE_SAFE,2,"iso_forest, lof"
Tehran,Iran,16.1,16.1,3,24.0,ED_MODERATE_SAFE,2,"iso_forest, lof"
Kuala Lumpur,Malaysia,35.4,38.4,3,55.666666666666664,ED_DANGEROUS,2,"iso_forest, lof"
Bishkek,Kyrghyzstan,-6.8,-6.8,1,18.637991393297426,ED_MODERATE_SAFE,2,"iso_forest, lof"
Astana,Kazakhstan,-21.3,-21.3,1,36.35933859833633,ED_CAUTION,2,"iso_forest, lof"
Juba,Sudan,22.6,22.6,4,35.9,ED_CAUTION,2,"iso_forest, lof"
Riyadh,Saudi Arabia,46.1,49.9,2,59.26923076923077,ED_DANGEROUS,2,"iso_forest, lof"
Colombo,Sri Lanka,30.4,39.5,1,33.5,ED_MODERATE_SAFE,2,"lof, hot_but_safe"
Prague,Czech Republic,2.3,2.3,3,21.324048515892976,ED_MODERATE_SAFE,2,"iso_forest, lof"
Astana,Kazakhstan,-19.7,-19.7,2,37.3267607941505,ED_CAUTION,2,"iso_forest, lof"
Bujumbura,Burundi,29.2,31.7,4,58.099999999999994,ED_DANGEROUS,2,"iso_forest, lof"
Manama,Bahrain,22.1,24.6,4,37.6,ED_CAUTION,2,"iso_forest, lof"
Islamabad,Pakistan,36.4,41.2,1,40.23076923076923,ED_CAUTION,2,"iso_forest, lof"
Wellington,New Zealand,13.2,13.2,1,0.0,ED_VERY_SAFE,2,"iso_forest, lof"
Muscat,Oman,34.2,42.2,4,83.40961538461539,ED_VERY_DANGEROUS,2,"iso_forest, lof"
Tashkent,Uzbekistan,41.0,41.4,1,41.46153846153846,ED_CAUTION,2,"iso_forest, lof"
Riga,Latvia,-23.7,-23.7,1,26.416666666666664,ED_MODERATE_SAFE,2,"iso_forest, cold_but_safe"
Astana,Kazakhstan,-14.8,-14.8,2,31.957932640959697,ED_MODERATE_SAFE,2,"iso_forest, cold_but_safe"
Reykjavik,Iceland,-4.9,-4.9,1,14.405143051097042,ED_VERY_SAFE,2,"iso_forest, lof"
Santiago,Chile,10.0,10.0,6,54.0,ED_CAUTION,2,"iso_forest, lof"
Beijing,China,30.6,34.2,5,74.72916666666667,ED_DANGEROUS,2,"iso_forest, lof"
Beijing,China,5.2,5.2,1,0.0,ED_VERY_SAFE,2,"iso_forest, lof"
Windhoek,Namibia,22.8,22.8,1,7.5,ED_VERY_SAFE,2,"iso_forest, lof"
Stockholm,Sweden,-15.7,-15.7,1,23.79019185368688,ED_MODERATE_SAFE,2,"iso_forest, cold_but_safe"
Koror,Palau,31.2,38.7,1,31.766666666666673,ED_MODERATE_SAFE,2,"lof, hot_but_safe"
Riyadh,Saudi Arabia,19.3,19.3,4,40.1,ED_CAUTION,2,"iso_forest, lof"
Astana,Kazakhstan,-17.7,-17.7,2,34.941793947280026,ED_MODERATE_SAFE,2,"iso_forest, cold_but_safe"
Maseru,Lesotho,5.1,5.1,3,21.4,ED_MODERATE_SAFE,2,"iso_forest, lof"
Minsk,Belarus,-13.9,-13.9,1,25.484697163841886,ED_MODERATE_SAFE,2,"iso_forest, cold_but_safe"
Beijing,China,36.2,40.1,4,69.125,ED_DANGEROUS,2,"iso_forest, lof"
Beijing,China,8.1,8.1,3,18.0,ED_MODERATE_SAFE,2,"iso_forest, lof"
Amman,Jordan,12.0,12.0,4,36.1,ED_CAUTION,2,"iso_forest, lof"
Muscat,Oman,34.1,43.7,4,85.24038461538461,ED_VERY_DANGEROUS,2,"iso_forest, lof"
Beijing,China,13.2,13.2,4,32.0,ED_MODERATE_SAFE,2,"iso_forest, lof"
Ouagadougou,Burkina Faso,20.3,20.3,5,45.0,ED_CAUTION,2,"iso_forest, lof"
Minsk,Belarus,-17.9,-17.9,1,27.876394818000847,ED_MODERATE_SAFE,2,"iso_forest, cold_but_safe"
Abu Dhabi,United Arab Emirates,34.4,48.3,4,88.04807692307692,ED_VERY_DANGEROUS,2,"iso_forest, lof"
Santiago,Chile,10.7,10.7,6,55.0,ED_DANGEROUS,2,"iso_forest, lof"
Moscow,Russia,-12.9,-12.9,2,32.756721317959176,ED_MODERATE_SAFE,2,"iso_forest, cold_but_safe"
Kabul,Afghanistan,33.7,33.7,3,47.23333333333334,ED_CAUTION,2,"iso_forest, lof"
Manama,Bahrain,37.0,47.5,5,100.0,ED_VERY_DANGEROUS,2,"iso_forest, lof"
Muscat,Oman,30.7,37.8,3,50.166666666666664,ED_CAUTION,2,"iso_forest, lof"
Niamey,Niger,25.3,25.3,4,32.0,ED_MODERATE_SAFE,2,"iso_forest, lof"
Vilnius,Lithuania,-16.9,-16.9,1,25.138525304520552,ED_MODERATE_SAFE,2,"iso_forest, cold_but_safe"
Vestmannaeyjar,Iceland,-0.8,-0.8,1,1.200000000000001,ED_VERY_SAFE,2,"iso_forest, lof"
Beijing,China,29.9,34.3,5,74.89583333333333,ED_DANGEROUS,2,"iso_forest, lof"
Helsinki,Finland,-19.8,-19.8,1,30.012189664575025,ED_MODERATE_SAFE,2,"iso_forest, cold_but_safe"
Tallinn,Estonia,-11.9,-11.9,1,24.159484585245686,ED_MODERATE_SAFE,2,"iso_forest, cold_but_safe"
Bishkek,Kyrghyzstan,-2.7,-2.7,3,30.57438579188726,ED_MODERATE_SAFE,2,"iso_forest, lof"
Santiago,Chile,4.7,4.7,5,48.0,ED_CAUTION,2,"iso_forest, lof"
Ulaanbaatar,Mongolia,-5.6,-5.6,3,26.4,ED_MODERATE_SAFE,2,"iso_forest, lof"
Juba,Sudan,27.1,27.1,5,54.60000000000001,ED_CAUTION,2,"iso_forest, lof"
Luxembourg,Luxembourg,7.4,7.4,1,0.0,ED_VERY_SAFE,2,"iso_forest, lof"
Santiago,Chile,4.9,4.9,5,45.0,ED_CAUTION,2,"iso_forest, lof"
New Delhi,India,33.1,38.7,1,33.66666666666667,ED_MODERATE_SAFE,2,"lof, hot_but_safe"
Riga,Latvia,-8.7,-8.7,2,25.32298735028506,ED_MODERATE_SAFE,2,"iso_forest, lof"
Astana,Kazakhstan,-19.7,-19.7,1,30.11913675945746,ED_MODERATE_SAFE,2,"iso_forest, cold_but_safe"
Chi Chi Khvar,Iran,34.7,34.7,2,36.50000000000001,ED_CAUTION,2,"iso_forest, lof"
Baku,Azerbaijan,1.3,1.3,1,9.719711287052633,ED_VERY_SAFE,2,"iso_forest, lof"
Chi Chi Khvar,Iran,34.2,34.2,2,35.66666666666667,ED_CAUTION,2,"iso_forest, lof"
Pyongyang,North Korea,-3.9,-3.9,4,48.251434341631494,ED_CAUTION,2,"iso_forest, lof"
Vilnius,Lithuania,-4.8,-4.8,2,22.38544360219089,ED_MODERATE_SAFE,2,"iso_forest, lof"
Riga,Latvia,-11.9,-11.9,2,28.11584161128253,ED_MODERATE_SAFE,2,"iso_forest, lof"
Ulaanbaatar,Mongolia,-2.9,-2.9,2,12.350000000000001,ED_VERY_SAFE,2,"iso_forest, lof"
Beijing,China,30.0,32.7,6,78.16666666666667,ED_VERY_DANGEROUS,2,"iso_forest, lof"
Warsaw,Poland,2.0,2.0,2,8.0,ED_VERY_SAFE,2,"iso_forest, lof"
Moscow,Russia,-5.6,-5.6,2,24.553460966373812,ED_MODERATE_SAFE,2,"iso_forest, lof"
Ottawa,Canada,-20.0,-20.0,1,31.027801333396624,ED_MODERATE_SAFE,2,"iso_forest, cold_but_safe"
Pyongyang,North Korea,4.2,4.2,4,32.3268070020666,ED_MODERATE_SAFE,2,"iso_forest, lof"
Hanoi,Vietnam,38.2,47.8,4,83.37115384615385,ED_VERY_DANGEROUS,2,"iso_forest, lof"
Manama,Bahrain,20.1,20.1,4,39.05,ED_CAUTION,2,"iso_forest, lof"
Phnom Penh,Cambodia,35.3,38.1,2,33.76666666666667,ED_MODERATE_SAFE,2,"lof, hot_but_safe"
Warsaw,Poland,5.2,5.2,2,8.0,ED_VERY_SAFE,2,"iso_forest, lof"
Doha,Qatar,41.2,41.7,2,49.80769230769231,ED_CAUTION,2,"iso_forest, lof"
Ulaanbaatar,Mongolia,-5.9,-5.9,3,36.19234656510906,ED_CAUTION,2,"iso_forest, lof"
Palikir,Micronesia,31.2,39.8,1,27.999999999999996,ED_MODERATE_SAFE,2,"lof, hot_but_safe"
Beijing,China,29.2,32.2,6,77.33333333333334,ED_VERY_DANGEROUS,2,"iso_forest, lof"
Vestmannaeyjar,Iceland,10.4,10.4,1,3.0,ED_VERY_SAFE,2,"iso_forest, lof"
Helsinki,Finland,-17.7,-17.7,1,28.9203875925478,ED_MODERATE_SAFE,2,"iso_forest, cold_but_safe"
Tallinn,Estonia,-11.0,-11.0,1,23.873973603364426,ED_MODERATE_SAFE,2,"iso_forest, cold_but_safe"
Doha,Qatar,42.0,42.9,2,51.19230769230769,ED_CAUTION,2,"iso_forest, lof"
Muscat,Oman,33.3,38.5,4,77.55833333333334,ED_VERY_DANGEROUS,2,"iso_forest, lof"
Tunis,Tunisia,21.2,21.2,1,0.0,ED_VERY_SAFE,2,"iso_forest, lof"
Astana,Kazakhstan,-1.6,-1.6,2,21.052160075519595,ED_MODERATE_SAFE,2,"iso_forest, lof"
Yaren,Turkey,5.0,5.0,3,21.9,ED_MODERATE_SAFE,2,"iso_forest, lof"
Niamey,Niger,34.3,34.3,3,40.53333333333333,ED_CAUTION,2,"iso_forest, lof"
Astana,Kazakhstan,-7.6,-7.6,1,19.119772989827553,ED_MODERATE_SAFE,2,"iso_forest, lof"
Andorra La Vella,Andorra,-1.2,-1.2,1,6.869270994703895,ED_VERY_SAFE,2,"iso_forest, lof"
Jakarta,Indonesia,29.3,32.2,4,67.95833333333334,ED_DANGEROUS,2,"iso_forest, lof"
Reykjavik,Iceland,3.0,3.0,1,2.998997794884666,ED_VERY_SAFE,2,"iso_forest, lof"
Beijing,China,9.1,9.1,1,0.30000000000000027,ED_VERY_SAFE,2,"iso_forest, lof"
Khartoum,Sudan,27.7,27.7,3,31.799999999999997,ED_MODERATE_SAFE,2,"iso_forest, lof"
Djibouti,Djibouti,35.4,39.9,1,37.166666666666664,ED_CAUTION,2,"iso_forest, lof"
New Delhi,India,38.1,44.8,4,84.00961538461539,ED_VERY_DANGEROUS,2,"iso_forest, lof"
Ulaanbaatar,Mongolia,8.3,8.3,1,0.0,ED_VERY_SAFE,2,"iso_forest, lof"
Astana,Kazakhstan,-5.6,-5.6,1,19.99727587312642,ED_MODERATE_SAFE,2,"iso_forest, lof"
Beijing,China,16.0,16.0,4,32.0,ED_MODERATE_SAFE,2,"iso_forest, lof"
Muscat,Oman,36.2,41.7,2,48.80769230769231,ED_CAUTION,2,"iso_forest, lof"
Dushanbe,Tajikistan,36.5,36.5,1,32.5,ED_MODERATE_SAFE,2,"iso_forest, lof"
Chi Chi Khvar,Iran,26.8,26.8,2,20.0,ED_MODERATE_SAFE,2,"iso_forest, lof"
Ulaanbaatar,Mongolia,3.3,3.3,1,0.0,ED_VERY_SAFE,2,"iso_forest, lof"
Ulaanbaatar,Mongolia,-0.7,-0.7,2,15.405310186497285,ED_MODERATE_SAFE,2,"iso_forest, lof"
Beijing,China,12.1,12.6,6,50.0,ED_CAUTION,2,"iso_forest, lof"
Moscow,Russia,-4.6,-4.6,2,24.145079298231924,ED_MODERATE_SAFE,2,"iso_forest, lof"
Chi Chi Khvar,Iran,30.3,30.3,3,39.900000000000006,ED_CAUTION,2,"iso_forest, lof"
Kabul,Afghanistan,32.7,32.7,1,25.16666666666667,ED_MODERATE_SAFE,2,"iso_forest, lof"
Chi Chi Khvar,Iran,30.3,30.3,4,53.900000000000006,ED_CAUTION,2,"iso_forest, lof"
Ulaanbaatar,Mongolia,-9.6,-9.6,2,26.448862851346604,ED_MODERATE_SAFE,2,"iso_forest, lof"
Astana,Kazakhstan,-1.8,-1.8,1,10.159481683869371,ED_VERY_SAFE,2,"iso_forest, lof"
Astana,Kazakhstan,-21.8,-21.8,2,32.833333333333336,ED_MODERATE_SAFE,2,"iso_forest, cold_but_safe"
Ottawa,Canada,-13.9,-13.9,1,25.932941264682377,ED_MODERATE_SAFE,2,"iso_forest, cold_but_safe"
Hanoi,Vietnam,24.7,27.7,5,47.099999999999994,ED_CAUTION,2,"iso_forest, lof"
Dhaka,Bangladesh,31.3,38.7,1,33.66666666666667,ED_MODERATE_SAFE,2,"lof, hot_but_safe"
Berlin,Germany,2.3,2.3,4,32.0,ED_MODERATE_SAFE,2,"iso_forest, lof"
Bucharest,Romania,-4.9,-4.9,3,33.27029790903613,ED_MODERATE_SAFE,2,"iso_forest, lof"
Beijing,China,34.2,35.2,5,76.39583333333334,ED_VERY_DANGEROUS,2,"iso_forest, lof"
New Delhi,India,38.8,45.4,4,85.70192307692307,ED_VERY_DANGEROUS,2,"iso_forest, lof"
Kampala,Uganda,29.2,29.2,4,50.599999999999994,ED_CAUTION,2,"iso_forest, lof"
Astana,Kazakhstan,-13.8,-13.8,1,26.908022093831867,ED_MODERATE_SAFE,2,"iso_forest, cold_but_safe"
Helsinki,Finland,-14.7,-14.7,1,18.916666666666664,ED_MODERATE_SAFE,2,"iso_forest, lof"
Palikir,Micronesia,31.2,38.7,1,26.16666666666667,ED_MODERATE_SAFE,2,"lof, hot_but_safe"
Riga,Latvia,-14.8,-14.8,1,23.957932640959697,ED_MODERATE_SAFE,2,"iso_forest, cold_but_safe"
Riga,Latvia,-17.8,-17.8,1,25.820753829752444,ED_MODERATE_SAFE,2,"iso_forest, cold_but_safe"
Astana,Kazakhstan,-16.9,-16.9,1,26.522752767113438,ED_MODERATE_SAFE,2,"iso_forest, cold_but_safe"
Kabul,Afghanistan,35.3,35.3,3,49.9,ED_CAUTION,2,"iso_forest, lof"
Tallinn,Estonia,-16.6,-16.6,1,27.253524022521532,ED_MODERATE_SAFE,2,"iso_forest, cold_but_safe"
Kuwait City,Kuwait,17.2,17.2,3,22.8,ED_MODERATE_SAFE,2,"iso_forest, lof"
Beijing,China,7.3,7.3,5,45.0,ED_CAUTION,2,"iso_forest, lof"
Islamabad,Pakistan,36.3,44.4,1,43.92307692307692,ED_CAUTION,2,"iso_forest, lof"
Kampala,Uganda,31.5,31.5,4,57.5,ED_DANGEROUS,2,"iso_forest, lof"
Doha,Qatar,41.4,42.1,2,50.269230769230774,ED_CAUTION,2,"iso_forest, lof"
Bogot,Bulgaria,38.5,38.5,1,32.28333333333333,ED_MODERATE_SAFE,2,"lof, hot_but_safe"
S. Manian,Vietnam,31.3,33.3,1,29.16666666666666,ED_MODERATE_SAFE,2,"iso_forest, lof"
Moscow,Russia,-16.7,-16.7,2,34.75454662772886,ED_MODERATE_SAFE,2,"iso_forest, cold_but_safe"
New Delhi,India,36.7,42.4,3,55.41538461538461,ED_DANGEROUS,2,"iso_forest, lof"
Ulaanbaatar,Mongolia,-4.8,-4.8,2,18.871335980248187,ED_MODERATE_SAFE,2,"iso_forest, lof"
Chi-Chi-Erh,Russia,-20.4,-20.4,1,23.666666666666664,ED_MODERATE_SAFE,2,"iso_forest, cold_but_safe"
Palikir,Micronesia,31.0,38.3,1,25.499999999999996,ED_MODERATE_SAFE,2,"lof, hot_but_safe"
Baghdad,Iraq,46.1,49.9,1,52.26923076923077,ED_CAUTION,2,"iso_forest, lof"
Astana,Kazakhstan,1.2,1.2,1,7.450231872765692,ED_VERY_SAFE,2,"iso_forest, lof"
Abu Dhabi,United Arab Emirates,36.1,38.1,4,75.69166666666668,ED_VERY_DANGEROUS,2,"iso_forest, lof"
Juba,Sudan,26.2,26.2,5,55.5,ED_DANGEROUS,2,"iso_forest, lof"
New Delhi,India,36.7,42.5,4,72.95576923076922,ED_DANGEROUS,2,"iso_forest, lof"
Helsinki,Finland,-17.8,-17.8,1,28.10064176133781,ED_MODERATE_SAFE,2,"iso_forest, cold_but_safe"
Tallinn,Estonia,-13.9,-13.9,1,24.81054849731711,ED_MODERATE_SAFE,2,"iso_forest, cold_but_safe"
Beijing,China,16.3,16.3,4,32.0,ED_MODERATE_SAFE,2,"iso_forest, lof"
Kabul,Afghanistan,36.3,36.3,2,38.56666666666666,ED_CAUTION,2,"iso_forest, lof"
Baku,Azerbaijan,27.3,28.5,4,46.7,ED_CAUTION,2,"iso_forest, lof"
Ulaanbaatar,Mongolia,-4.6,-4.6,2,19.429093156872234,ED_MODERATE_SAFE,2,"iso_forest, lof"
Hanoi,Vietnam,32.9,41.1,5,86.17788461538461,ED_VERY_DANGEROUS,2,"iso_forest, lof"
S. Manian,Vietnam,31.9,34.1,1,30.500000000000004,ED_MODERATE_SAFE,2,"iso_forest, lof"
Palikir,Micronesia,30.4,38.8,1,26.33333333333333,ED_MODERATE_SAFE,2,"lof, hot_but_safe"
Baghdad,Iraq,36.3,36.3,2,42.166666666666664,ED_CAUTION,2,"iso_forest, lof"
Astana,Kazakhstan,-2.8,-2.8,1,12.815032414985136,ED_VERY_SAFE,2,"iso_forest, lof"
Ottawa,Canada,-7.8,-7.8,1,19.579089492078218,ED_MODERATE_SAFE,2,"iso_forest, lof"
Muscat,Oman,34.3,43.3,4,78.57884615384616,ED_VERY_DANGEROUS,2,"iso_forest, lof"
Doha,Qatar,40.1,40.1,4,79.425,ED_VERY_DANGEROUS,2,"iso_forest, lof"
New Delhi,India,26.2,27.0,4,41.0,ED_CAUTION,2,"iso_forest, lof"
Copenhagen,Denmark,-1.0,-1.0,2,19.086808818945993,ED_MODERATE_SAFE,2,"iso_forest, lof"
Moscow,Russia,-14.6,-14.6,2,31.07546707298622,ED_MODERATE_SAFE,2,"iso_forest, lof"
Oslo,Norway,-6.9,-6.9,1,10.350000000000001,ED_VERY_SAFE,2,"iso_forest, lof"
Ottawa,Canada,-7.7,-7.7,2,19.55,ED_MODERATE_SAFE,2,"iso_forest, lof"
Beijing,China,10.2,10.2,3,18.0,ED_MODERATE_SAFE,2,"iso_forest, lof"
Ulaanbaatar,Mongolia,-20.1,-20.1,1,29.86496380075102,ED_MODERATE_SAFE,2,"iso_forest, cold_but_safe"
Beijing,China,4.3,4.3,2,8.385292909660214,ED_VERY_SAFE,2,"iso_forest, lof"
Moscow,Russia,-2.7,-2.7,4,42.68215134823103,ED_CAUTION,2,"iso_forest, lof"
Windhoek,Namibia,29.1,29.1,1,18.300000000000004,ED_MODERATE_SAFE,2,"iso_forest, lof"
Tallinn,Estonia,5.2,5.2,2,8.584382873707938,ED_VERY_SAFE,2,"iso_forest, lof"
Helsinki,Finland,5.1,5.1,2,8.443291889459182,ED_VERY_SAFE,2,"iso_forest, lof"
Ulaanbaatar,Mongolia,-16.9,-16.9,1,25.613708642404664,ED_MODERATE_SAFE,2,"iso_forest, cold_but_safe"
Tallinn,Estonia,0.0,0.0,2,18.816528952184576,ED_MODERATE_SAFE,2,"iso_forest, lof"
Beijing,China,7.1,7.1,1,0.0,ED_VERY_SAFE,2,"iso_forest, lof"
Moscow,Russia,-2.6,-2.6,6,59.673820908143064,ED_DANGEROUS,2,"iso_forest, lof"
Ulaanbaatar,Mongolia,-11.6,-11.6,1,24.343196467144878,ED_MODERATE_SAFE,2,"iso_forest, cold_but_safe"
Ulaanbaatar,Mongolia,-12.7,-12.7,1,24.88890275132179,ED_MODERATE_SAFE,2,"iso_forest, cold_but_safe"
Moscow,Russia,-0.8,-0.8,4,39.491875503052086,ED_CAUTION,2,"iso_forest, lof"
Beijing,China,9.2,9.2,6,50.0,ED_CAUTION,2,"iso_forest, lof"
Jakarta,Indonesia,32.1,33.5,5,78.3625,ED_VERY_DANGEROUS,2,"iso_forest, lof"
San Marino,San Marino,18.2,18.2,1,0.0,ED_VERY_SAFE,2,"iso_forest, lof"
Astana,Kazakhstan,-6.0,-6.0,1,13.939672907062707,ED_VERY_SAFE,2,"iso_forest, lof"
Beijing,China,9.1,9.1,4,32.0,ED_MODERATE_SAFE,2,"iso_forest, lof"
Tokyo,Japan,35.0,41.9,4,71.66346153846153,ED_DANGEROUS,2,"iso_forest, lof"
Astana,Kazakhstan,0.2,0.2,2,17.880250388137664,ED_MODERATE_SAFE,2,"iso_forest, lof"
Zagreb,Croatia,2.4,2.4,1,3.2801732886656936,ED_VERY_SAFE,2,"iso_forest, lof"
Ivory,Madagascar,41.4,42.0,1,43.15384615384615,ED_CAUTION,2,"iso_forest, lof"
Vienna,Austria,0.7,0.7,1,6.2510006585246,ED_VERY_SAFE,2,"iso_forest, lof"
Moscow,Russia,8.1,8.1,2,8.0,ED_VERY_SAFE,2,"iso_forest, lof"
Stockholm,Sweden,-3.0,-3.0,1,15.546138713505409,ED_MODERATE_SAFE,2,"iso_forest, lof"
Pyongyang,North Korea,-4.7,-4.7,4,44.16140197569135,ED_CAUTION,2,"iso_forest, lof"
Copenhagen,Denmark,-0.7,-0.7,1,4.7151199300791475,ED_VERY_SAFE,2,"iso_forest, lof"
Andorra La Vella,Andorra,-13.0,-13.0,1,24.19498572610504,ED_MODERATE_SAFE,2,"iso_forest, cold_but_safe"
Oslo,Norway,-7.6,-7.6,1,15.368186393061949,ED_MODERATE_SAFE,2,"iso_forest, lof"
Moscow,Russia,0.2,0.2,4,40.639799989572104,ED_CAUTION,2,"iso_forest, lof"
Stockholm,Sweden,-5.7,-5.7,1,16.54120746893917,ED_MODERATE_SAFE,2,"iso_forest, lof"
Seoul,South Korea,-5.0,-5.0,4,43.51522555300608,ED_CAUTION,2,"iso_forest, lof"
Seoul,South Korea,-10.9,-10.9,2,30.646118450974743,ED_MODERATE_SAFE,2,"iso_forest, lof"
Astana,Kazakhstan,-5.6,-5.6,1,18.022594371748653,ED_MODERATE_SAFE,2,"iso_forest, lof"
Bucharest,Romania,4.1,4.1,5,45.0,ED_CAUTION,2,"iso_forest, lof"
Moscow,Russia,-3.7,-3.7,4,42.40640816198591,ED_CAUTION,2,"iso_forest, lof"
Astana,Kazakhstan,-15.9,-15.9,1,25.64710066892647,ED_MODERATE_SAFE,2,"iso_forest, cold_but_safe"
Ottawa,Canada,-15.7,-15.7,1,28.32571653328997,ED_MODERATE_SAFE,2,"iso_forest, cold_but_safe"
Beijing,China,15.2,15.2,4,32.0,ED_MODERATE_SAFE,2,"iso_forest, lof"
Beijing,China,7.2,7.2,5,45.0,ED_CAUTION,2,"iso_forest, lof"
Maseru,Lesotho,24.3,24.3,1,12.0,ED_VERY_SAFE,2,"iso_forest, lof"
Stockholm,Sweden,3.0,3.0,2,12.616978057054745,ED_VERY_SAFE,2,"iso_forest, lof"
Windhoek,Namibia,31.2,31.2,1,24.599999999999998,ED_MODERATE_SAFE,2,"iso_forest, lof"
Manama,Bahrain,36.2,47.5,4,85.625,ED_VERY_DANGEROUS,2,"iso_forest, lof"
Oslo,Norway,2.2,2.2,1,0.805519054948002,ED_VERY_SAFE,2,"iso_forest, lof"
Gaborone,Botswana,33.3,33.3,2,37.16666666666666,ED_CAUTION,2,"iso_forest, lof"
Beijing,China,13.1,13.1,6,50.0,ED_CAUTION,2,"iso_forest, lof"
Vilnius,Lithuania,2.0,2.0,2,10.87268748334034,ED_VERY_SAFE,2,"iso_forest, lof"
Maseru,Lesotho,27.2,27.2,1,12.599999999999998,ED_VERY_SAFE,2,"iso_forest, lof"
Tokyo,Japan,10.0,10.3,4,32.0,ED_MODERATE_SAFE,2,"iso_forest, lof"
Beijing,China,15.1,15.1,5,45.0,ED_CAUTION,2,"iso_forest, lof"
Chi Chi Khvar,Iran,28.1,28.1,4,45.10000000000001,ED_CAUTION,2,"iso_forest, lof"
Windhoek,Namibia,29.0,29.0,1,18.0,ED_MODERATE_SAFE,2,"iso_forest, lof"
Ulaanbaatar,Mongolia,-7.7,-7.7,4,43.55,ED_CAUTION,2,"iso_forest, lof"
Jakarta,Indonesia,32.0,34.5,5,80.02916666666667,ED_VERY_DANGEROUS,2,"iso_forest, lof"
Tokyo,Japan,8.4,8.4,3,18.0,ED_MODERATE_SAFE,2,"iso_forest, lof"
Ottawa,Canada,-13.9,-13.9,1,26.668993396369505,ED_MODERATE_SAFE,2,"iso_forest, cold_but_safe"
Hanoi,Vietnam,35.0,47.4,4,78.00961538461539,ED_VERY_DANGEROUS,2,"iso_forest, lof"
Tashkent,Uzbekistan,1.3,1.3,1,1.0749975906444824,ED_VERY_SAFE,2,"iso_forest, lof"
Astana,Kazakhstan,-3.8,-3.8,4,37.7,ED_CAUTION,2,"iso_forest, lof"
Maseru,Lesotho,20.0,20.0,1,12.0,ED_VERY_SAFE,2,"iso_forest, lof"
Kuwait City,Kuwait,42.1,46.5,4,84.17115384615384,ED_VERY_DANGEROUS,2,"iso_forest, lof"
Maseru,Lesotho,19.3,19.3,1,12.0,ED_VERY_SAFE,2,"iso_forest, lof"
Moscow,Russia,-1.8,-1.8,5,51.010676878102196,ED_CAUTION,2,"iso_forest, lof"
Tokyo,Japan,16.2,16.2,3,18.0,ED_MODERATE_SAFE,2,"iso_forest, lof"
Moscow,Russia,3.2,3.2,3,20.547619087683913,ED_MODERATE_SAFE,2,"iso_forest, lof"
Oslo,Norway,3.3,3.3,1,0.0,ED_VERY_SAFE,2,"iso_forest, lof"
Manila,Philippines,26.2,30.0,2,17.0,ED_MODERATE_SAFE,2,"iso_forest, lof"
Ulaanbaatar,Mongolia,-23.4,-23.4,5,76.99336585362074,ED_VERY_DANGEROUS,2,"iso_forest, lof"
Ulaanbaatar,Mongolia,-14.8,-14.8,1,23.66741126055993,ED_MODERATE_SAFE,2,"iso_forest, cold_but_safe"
Moscow,Russia,1.0,1.0,3,25.45691142996378,ED_MODERATE_SAFE,2,"iso_forest, lof"
Manama,Bahrain,38.3,40.3,5,95.69583333333333,ED_VERY_DANGEROUS,2,"iso_forest, lof"
Brussels,Belgium,7.1,7.1,4,32.0,ED_MODERATE_SAFE,2,"iso_forest, lof"
Ulaanbaatar,Mongolia,-18.0,-18.0,2,33.00799612542673,ED_MODERATE_SAFE,2,"iso_forest, cold_but_safe"
Astana,Kazakhstan,-16.9,-16.9,1,26.390086589901944,ED_MODERATE_SAFE,2,"iso_forest, cold_but_safe"
Reykjavik,Iceland,5.2,5.2,1,0.0,ED_VERY_SAFE,2,"iso_forest, lof"
Sofia,Bulgaria,-4.9,-4.9,4,39.35,ED_CAUTION,2,"iso_forest, lof"
Juba,Sudan,27.7,27.7,3,28.95,ED_MODERATE_SAFE,2,"iso_forest, lof"
Vienna,Austria,-3.8,-3.8,3,31.084695530688393,ED_MODERATE_SAFE,2,"iso_forest, lof"
Doha,Qatar,41.1,43.1,4,81.14807692307693,ED_VERY_DANGEROUS,2,"iso_forest, lof"
Port Moresby,Papua New Guinea,30.2,40.7,1,29.500000000000007,ED_MODERATE_SAFE,2,"lof, hot_but_safe"
Reykjavik,Iceland,7.2,7.2,1,0.0,ED_VERY_SAFE,2,"iso_forest, lof"
Tokyo,Japan,35.2,43.3,4,73.27884615384616,ED_DANGEROUS,2,"iso_forest, lof"
Ottawa,Canada,-13.0,-13.0,1,25.04681010646082,ED_MODERATE_SAFE,2,"iso_forest, cold_but_safe"
Astana,Kazakhstan,0.3,0.3,1,10.823635066484362,ED_VERY_SAFE,2,"iso_forest, lof"
Bratislava,Slovakia,1.1,1.1,4,35.43463552934592,ED_CAUTION,2,"iso_forest, lof"
Ulaanbaatar,Mongolia,-13.8,-13.8,2,33.167412380875234,ED_MODERATE_SAFE,2,"iso_forest, cold_but_safe"
Bucharest,Romania,5.2,5.2,4,32.0,ED_MODERATE_SAFE,2,"iso_forest, lof"
Reykjavik,Iceland,7.3,7.3,1,0.0,ED_VERY_SAFE,2,"iso_forest, lof"
Pyongyang,North Korea,-1.3,-1.3,2,20.28637745197236,ED_MODERATE_SAFE,2,"iso_forest, lof"
'S Gravenjansdijk,Belgium,4.2,4.2,4,32.0,ED_MODERATE_SAFE,2,"iso_forest, lof"
Chi Chi Khvar,Iran,32.0,32.0,4,56.4,ED_DANGEROUS,2,"iso_forest, lof"
Reykjavik,Iceland,-2.7,-2.7,1,8.651414348280472,ED_VERY_SAFE,2,"iso_forest, lof"
Seoul,South Korea,-0.8,-0.8,5,46.2,ED_CAUTION,2,"iso_forest, lof"
Ottawa,Canada,-14.8,-14.8,1,24.63203603591939,ED_MODERATE_SAFE,2,"iso_forest, cold_but_safe"
Bratislava,Slovakia,-2.6,-2.6,3,30.83236012432731,ED_MODERATE_SAFE,2,"iso_forest, lof"
Tokyo,Japan,18.1,18.1,4,32.0,ED_MODERATE_SAFE,2,"iso_forest, lof"
Windhoek,Namibia,31.2,31.2,1,24.299999999999997,ED_MODERATE_SAFE,2,"iso_forest, lof"
Reykjavik,Iceland,2.0,2.0,1,3.3252292640862144,ED_VERY_SAFE,2,"iso_forest, lof"
Gaborone,Botswana,35.3,35.3,1,32.5,ED_MODERATE_SAFE,2,"iso_forest, lof"
Beijing,China,16.9,16.9,5,45.0,ED_CAUTION,2,"iso_forest, lof"
Ottawa,Canada,-16.6,-16.6,1,27.071483309783613,ED_MODERATE_SAFE,2,"iso_forest, cold_but_safe"
Beijing,China,30.2,37.1,5,79.5625,ED_VERY_DANGEROUS,2,"iso_forest, lof"
Seoul,South Korea,0.2,0.2,4,32.0,ED_MODERATE_SAFE,2,"iso_forest, lof"
Pretoria,South Africa,29.0,29.0,4,50.0,ED_CAUTION,2,"iso_forest, lof"
Bratislava,Slovakia,-2.9,-2.9,3,28.782411371590403,ED_MODERATE_SAFE,2,"iso_forest, lof"
Ottawa,Canada,-11.6,-11.6,1,23.563188305089337,ED_MODERATE_SAFE,2,"iso_forest, cold_but_safe"
Skopje,Macedonia,6.4,6.4,4,32.0,ED_MODERATE_SAFE,2,"iso_forest, lof"
Abuja,Nigeria,34.2,34.2,5,74.72916666666667,ED_DANGEROUS,2,"iso_forest, lof"
Warsaw,Poland,1.0,1.0,5,45.0,ED_CAUTION,2,"iso_forest, lof"
Moscow,Russia,-0.6,-0.6,4,38.75745263311572,ED_CAUTION,2,"iso_forest, lof"
Oslo,Norway,0.2,0.2,1,2.315265395849398,ED_VERY_SAFE,2,"iso_forest, lof"
Ulaanbaatar,Mongolia,-6.9,-6.9,1,15.669032233893457,ED_MODERATE_SAFE,2,"iso_forest, lof"
Reykjavik,Iceland,-3.0,-3.0,1,13.393683440508136,ED_VERY_SAFE,2,"iso_forest, lof"
Belgrade,Serbia,-1.6,-1.6,2,16.680463073956098,ED_MODERATE_SAFE,2,"iso_forest, lof"
Pyongyang,North Korea,-2.5,-2.5,4,44.64293166922086,ED_CAUTION,2,"iso_forest, lof"
Windhoek,Namibia,31.8,31.8,1,26.400000000000002,ED_MODERATE_SAFE,2,"iso_forest, lof"
Paris,France,2.2,2.2,4,32.0,ED_MODERATE_SAFE,2,"iso_forest, lof"
Oslo,Norway,0.3,0.3,2,8.0,ED_VERY_SAFE,2,"iso_forest, lof"
Beijing,China,-2.7,-2.7,2,21.09307126421664,ED_MODERATE_SAFE,2,"iso_forest, lof"
Baghdad,Iraq,41.7,42.4,2,48.91538461538461,ED_CAUTION,2,"iso_forest, lof"
Ulaanbaatar,Mongolia,-9.7,-9.7,1,17.161356191042998,ED_MODERATE_SAFE,2,"iso_forest, lof"
Minsk,Belarus,-1.7,-1.7,2,20.833876868047064,ED_MODERATE_SAFE,2,"iso_forest, lof"
Helsinki,Finland,0.3,0.3,1,10.660267325450407,ED_VERY_SAFE,2,"iso_forest, lof"
Bratislava,Slovakia,2.2,2.2,1,4.83824133192681,ED_VERY_SAFE,2,"iso_forest, lof"
Oslo,Norway,-0.7,-0.7,1,5.624202387736693,ED_VERY_SAFE,2,"iso_forest, lof"
Harare,Zimbabwe,21.9,21.9,4,39.2,ED_CAUTION,2,"iso_forest, lof"
Beijing,China,10.1,10.1,5,45.0,ED_CAUTION,2,"iso_forest, lof"
Maputo,Mozambique,34.2,43.1,1,44.42307692307693,ED_CAUTION,2,"iso_forest, lof"
Vestmannaeyjar,Iceland,3.3,3.3,1,7.4655893193745015,ED_VERY_SAFE,2,"iso_forest, lof"
Windhoek,Namibia,29.1,29.1,1,18.300000000000004,ED_MODERATE_SAFE,2,"iso_forest, lof"
Ottawa,Canada,-21.0,-21.0,1,24.166666666666664,ED_MODERATE_SAFE,2,"iso_forest, cold_but_safe"
Hanoi,Vietnam,25.2,26.4,5,48.9,ED_CAUTION,2,"iso_forest, lof"
Ulaanbaatar,Mongolia,-16.0,-16.0,2,33.14690360953928,ED_MODERATE_SAFE,2,"iso_forest, cold_but_safe"
Moscow,Russia,0.4,0.4,5,45.0,ED_CAUTION,2,"iso_forest, lof"
Vienna,Austria,2.1,2.1,3,20.581523498665376,ED_MODERATE_SAFE,2,"iso_forest, lof"
Windhoek,Namibia,28.9,28.9,1,17.699999999999996,ED_MODERATE_SAFE,2,"iso_forest, lof"
Windhoek,Namibia,27.9,27.9,1,14.699999999999996,ED_VERY_SAFE,2,"iso_forest, lof"
Muscat,Oman,32.2,38.3,4,76.925,ED_VERY_DANGEROUS,2,"iso_forest, lof"
Reykjavik,Iceland,2.3,2.3,1,3.1742602080170492,ED_VERY_SAFE,2,"iso_forest, lof"
Ulaanbaatar,Mongolia,-24.9,-24.9,1,27.416666666666664,ED_MODERATE_SAFE,2,"iso_forest, cold_but_safe"
Jakarta,Indonesia,33.4,35.8,6,87.73333333333333,ED_VERY_DANGEROUS,2,"iso_forest, lof"
Andorra La Vella,Andorra,-3.2,-3.2,1,8.622393867683348,ED_VERY_SAFE,2,"iso_forest, lof"
Wellington,New Zealand,19.4,19.4,1,0.0,ED_VERY_SAFE,2,"iso_forest, lof"
Moscow,Russia,6.2,6.2,4,32.0,ED_MODERATE_SAFE,2,"iso_forest, lof"
Copenhagen,Denmark,3.1,3.1,1,4.418231096693049,ED_VERY_SAFE,2,"iso_forest, lof"
Beijing,China,0.2,0.2,2,8.0,ED_VERY_SAFE,2,"iso_forest, lof"
Kuwait City,Kuwait,17.5,17.5,4,35.2,ED_CAUTION,2,"iso_forest, lof"
Ulaanbaatar,Mongolia,-18.9,-18.9,5,67.41666666666666,ED_DANGEROUS,2,"iso_forest, lof"
Moscow,Russia,-1.7,-1.7,3,27.91506826005658,ED_MODERATE_SAFE,2,"iso_forest, lof"
Victoria,Seychelles Islands,26.1,29.4,1,19.199999999999996,ED_MODERATE_SAFE,2,"iso_forest, lof"
Amman,Jordan,11.3,11.3,3,20.4,ED_MODERATE_SAFE,2,"iso_forest, lof"
Ivory,Madagascar,39.8,39.8,2,48.0,ED_CAUTION,2,"iso_forest, lof"
Tokyo,Japan,7.2,7.2,4,32.0,ED_MODERATE_SAFE,2,"iso_forest, lof"
Manama,Bahrain,36.0,47.6,4,87.84038461538461,ED_VERY_DANGEROUS,2,"iso_forest, lof"
Beijing,China,0.2,0.2,3,25.440837177526085,ED_MODERATE_SAFE,2,"iso_forest, lof"
Maseru,Lesotho,31.0,31.0,2,32.0,ED_MODERATE_SAFE,2,"iso_forest, lof"
Ulaanbaatar,Mongolia,-16.5,-16.5,6,75.05626407707143,ED_VERY_DANGEROUS,2,"iso_forest, lof"
Moscow,Russia,0.0,0.0,2,16.057999086637274,ED_MODERATE_SAFE,2,"iso_forest, lof"
Warsaw,Poland,2.0,2.0,4,32.402943423864905,ED_MODERATE_SAFE,2,"iso_forest, lof"
Ulaanbaatar,Mongolia,-23.4,-23.4,3,44.166666666666664,ED_CAUTION,2,"iso_forest, lof"
Beijing,China,-2.9,-2.9,4,39.62002915817665,ED_CAUTION,2,"iso_forest, lof"
Prague,Czech Republic,2.8,2.8,3,18.0,ED_MODERATE_SAFE,2,"iso_forest, lof"
San Marino,San Marino,9.2,9.2,3,18.0,ED_MODERATE_SAFE,2,"iso_forest, lof"
Astana,Kazakhstan,-10.7,-10.7,1,23.22761901055437,ED_MODERATE_SAFE,2,"iso_forest, lof"
Doha,Qatar,40.2,49.6,4,88.64807692307693,ED_VERY_DANGEROUS,2,"iso_forest, lof"
Jakarta,Indonesia,32.4,36.0,5,82.12916666666668,ED_VERY_DANGEROUS,2,"iso_forest, lof"
Gaborone,Botswana,36.3,36.3,1,34.166666666666664,ED_MODERATE_SAFE,2,"iso_forest, lof"
Minsk,Belarus,2.2,2.2,3,23.588535147511084,ED_MODERATE_SAFE,2,"iso_forest, lof"
Kuwait City,Kuwait,20.1,20.1,5,45.0,ED_CAUTION,2,"iso_forest, lof"
Ulaanbaatar,Mongolia,-20.0,-20.0,5,68.33333333333333,ED_DANGEROUS,2,"iso_forest, lof"
Astana,Kazakhstan,3.3,3.3,1,2.591784154315687,ED_VERY_SAFE,2,"iso_forest, lof"
Astana,Kazakhstan,1.1,1.1,1,7.183492081324274,ED_VERY_SAFE,2,"iso_forest, lof"
Baku,Azerbaijan,7.4,7.4,1,0.0,ED_VERY_SAFE,2,"iso_forest, lof"
Manama,Bahrain,18.1,18.1,4,35.7,ED_CAUTION,2,"iso_forest, lof"
Chi Chi Khvar,Iran,18.3,18.3,1,5.6,ED_VERY_SAFE,2,"iso_forest, lof"
Baku,Azerbaijan,20.2,20.2,3,22.8,ED_MODERATE_SAFE,2,"iso_forest, lof"
Manama,Bahrain,36.3,49.1,4,86.57115384615383,ED_VERY_DANGEROUS,2,"iso_forest, lof"
Bishkek,Kyrghyzstan,-0.5,-0.5,3,27.60063493744748,ED_MODERATE_SAFE,2,"iso_forest, lof"
Jakarta,Indonesia,24.2,25.5,6,56.3,ED_DANGEROUS,2,"iso_forest, lof"
Moscow,Russia,-4.9,-4.9,3,33.66142550704307,ED_MODERATE_SAFE,2,"iso_forest, lof"
Ulaanbaatar,Mongolia,-21.8,-21.8,5,69.83333333333334,ED_DANGEROUS,2,"iso_forest, lof"
Nouakchott,Mauritania,21.6,21.6,6,50.0,ED_CAUTION,2,"iso_forest, lof"
Ulaanbaatar,Mongolia,-18.2,-18.2,3,39.83333333333333,ED_CAUTION,2,"iso_forest, lof"
Moscow,Russia,-10.0,-10.0,2,29.97290271284195,ED_MODERATE_SAFE,2,"iso_forest, lof"
Bucharest,Romania,4.7,4.7,2,9.62704988970245,ED_VERY_SAFE,2,"iso_forest, lof"
Oslo,Norway,-0.3,-0.3,1,3.615384749827564,ED_VERY_SAFE,2,"iso_forest, lof"
Rome,Italy,7.5,7.5,1,0.0,ED_VERY_SAFE,2,"iso_forest, lof"
Jakarta,Indonesia,32.0,34.0,6,89.83333333333333,ED_VERY_DANGEROUS,2,"iso_forest, lof"
Vatican City,Vatican City,7.5,7.5,1,0.0,ED_VERY_SAFE,2,"iso_forest, lof"
Palikir,Micronesia,32.1,41.4,1,30.46153846153846,ED_MODERATE_SAFE,2,"lof, hot_but_safe"
Nassau,Bahamas,26.2,29.9,1,8.699999999999996,ED_VERY_SAFE,2,"iso_forest, lof"
Tokyo,Japan,11.7,11.7,4,32.0,ED_MODERATE_SAFE,2,"iso_forest, lof"
Astana,Kazakhstan,-13.3,-13.3,1,24.035655710158203,ED_MODERATE_SAFE,2,"iso_forest, cold_but_safe"
Jakarta,Indonesia,32.1,36.2,6,84.6,ED_VERY_DANGEROUS,2,"iso_forest, lof"
Pyongyang,North Korea,-4.1,-4.1,3,34.684013609791165,ED_MODERATE_SAFE,2,"iso_forest, lof"
Oslo,Norway,-2.3,-2.3,2,11.45,ED_VERY_SAFE,2,"iso_forest, lof"
Moscow,Russia,-3.3,-3.3,4,44.16866563646402,ED_CAUTION,2,"iso_forest, lof"
Ulaanbaatar,Mongolia,-19.8,-19.8,5,72.59804971394487,ED_DANGEROUS,2,"iso_forest, lof"
Ottawa,Canada,-14.9,-14.9,1,25.680563065055033,ED_MODERATE_SAFE,2,"iso_forest, cold_but_safe"
Tokyo,Japan,5.9,5.9,4,32.0,ED_MODERATE_SAFE,2,"iso_forest, lof"
Ulaanbaatar,Mongolia,-21.9,-21.9,4,56.916666666666664,ED_DANGEROUS,2,"iso_forest, lof"
Jakarta,Indonesia,32.2,35.3,6,91.7,ED_VERY_DANGEROUS,2,"iso_forest, lof"
Beijing,China,-0.0,-0.0,6,58.057999086637274,ED_DANGEROUS,2,"iso_forest, lof"
Beijing,China,0.6,0.6,6,57.413690850225656,ED_DANGEROUS,2,"iso_forest, lof"
Jakarta,Indonesia,31.4,32.8,5,84.39583333333333,ED_VERY_DANGEROUS,2,"iso_forest, lof"
Ivory,Madagascar,41.3,42.0,1,43.15384615384615,ED_CAUTION,2,"iso_forest, lof"
Ulaanbaatar,Mongolia,-24.2,-24.2,3,50.918203068438146,ED_CAUTION,2,"iso_forest, lof"
Rangoon,Myanmar,29.3,38.8,1,26.33333333333333,ED_MODERATE_SAFE,2,"lof, hot_but_safe"
New Delhi,India,22.2,22.2,6,50.0,ED_CAUTION,2,"iso_forest, lof"
Vestmannaeyjar,Iceland,1.2,1.2,1,11.876388894622513,ED_VERY_SAFE,2,"iso_forest, lof"
Nouakchott,Mauritania,21.2,21.2,6,50.0,ED_CAUTION,2,"iso_forest, lof"
Astana,Kazakhstan,-10.5,-10.5,3,36.76213362723882,ED_CAUTION,2,"iso_forest, lof"
Ulaanbaatar,Mongolia,-21.8,-21.8,2,37.896717003927115,ED_CAUTION,2,"iso_forest, lof"
Kuwait City,Kuwait,35.8,35.8,4,67.45833333333333,ED_DANGEROUS,2,"iso_forest, lof"
Moscow,Russia,-10.0,-10.0,4,52.579784887387945,ED_CAUTION,2,"iso_forest, lof"
Ulaanbaatar,Mongolia,-21.1,-21.1,2,41.55156007907905,ED_CAUTION,2,"iso_forest, lof"
Manama,Bahrain,34.2,42.7,3,57.011538461538464,ED_DANGEROUS,2,"iso_forest, lof"
Ivory,Madagascar,39.7,39.7,2,47.83333333333334,ED_CAUTION,2,"iso_forest, lof"
Baku,Azerbaijan,3.3,3.3,1,5.30073281053938,ED_VERY_SAFE,2,"iso_forest, lof"
Bucharest,Romania,4.2,4.2,4,32.0,ED_MODERATE_SAFE,2,"iso_forest, lof"
Maseru,Lesotho,30.7,30.7,1,23.099999999999998,ED_MODERATE_SAFE,2,"iso_forest, lof"
Oslo,Norway,-2.7,-2.7,1,11.97463913336235,ED_VERY_SAFE,2,"iso_forest, lof"
Baku,Azerbaijan,8.2,8.2,2,8.0,ED_VERY_SAFE,2,"iso_forest, lof"
Moscow,Russia,-3.8,-3.8,3,30.683839622505957,ED_MODERATE_SAFE,2,"iso_forest, lof"
Oslo,Norway,-7.5,-7.5,1,11.25,ED_VERY_SAFE,2,"iso_forest, lof"
Maputo,Mozambique,36.2,45.0,1,46.61538461538461,ED_CAUTION,2,"iso_forest, lof"
Windhoek,Namibia,32.4,32.4,1,27.666666666666664,ED_MODERATE_SAFE,2,"iso_forest, lof"
Wellington,New Zealand,17.3,17.3,1,0.0,ED_VERY_SAFE,2,"iso_forest, lof"
Windhoek,Namibia,25.3,25.3,1,3.7,ED_VERY_SAFE,2,"iso_forest, lof"
Wellington,New Zealand,12.3,12.3,1,0.0,ED_VERY_SAFE,2,"iso_forest, lof"
Ottawa,Canada,-12.9,-12.9,1,24.63527277793982,ED_MODERATE_SAFE,2,"iso_forest, cold_but_safe"
Beijing,China,13.4,13.4,3,18.0,ED_MODERATE_SAFE,2,"iso_forest, lof"
Stockholm,Sweden,-4.2,-4.2,1,6.300000000000001,ED_VERY_SAFE,2,"iso_forest, lof"
Addis Ababa,Ethiopia,20.1,20.1,2,20.0,ED_MODERATE_SAFE,2,"iso_forest, lof"
Vestmannaeyjar,Iceland,7.1,7.1,1,0.0,ED_VERY_SAFE,2,"iso_forest, lof"
Tokyo,Japan,9.2,9.2,3,18.0,ED_MODERATE_SAFE,2,"iso_forest, lof"
Astana,Kazakhstan,-17.7,-17.7,2,33.72406040232075,ED_MODERATE_SAFE,2,"iso_forest, cold_but_safe"
Moscow,Russia,-4.8,-4.8,3,33.67280272966831,ED_MODERATE_SAFE,2,"iso_forest, lof"
Riyadh,Saudi Arabia,41.2,41.7,6,100.0,ED_VERY_DANGEROUS,2,"iso_forest, lof"
Windhoek,Namibia,29.1,29.1,1,18.300000000000004,ED_MODERATE_SAFE,2,"iso_forest, lof"
Prague,Czech Republic,1.1,1.1,4,33.19820793431098,ED_MODERATE_SAFE,2,"iso_forest, lof"
Amsterdam,Netherlands,12.1,12.1,2,8.0,ED_VERY_SAFE,2,"iso_forest, lof"
Ulaanbaatar,Mongolia,-20.6,-20.6,2,31.833333333333336,ED_MODERATE_SAFE,2,"iso_forest, cold_but_safe"
Mexico City,Mexico,11.3,11.7,5,45.0,ED_CAUTION,2,"iso_forest, lof"
Antananarivo,Madagascar,29.3,29.3,1,18.900000000000002,ED_MODERATE_SAFE,2,"iso_forest, lof"
Maseru,Lesotho,29.0,29.0,1,18.0,ED_MODERATE_SAFE,2,"iso_forest, lof"
Pretoria,South Africa,34.2,34.2,2,38.66666666666667,ED_CAUTION,2,"iso_forest, lof"
Gaborone,Botswana,37.3,37.3,2,43.83333333333333,ED_CAUTION,2,"iso_forest, lof"
Hanoi,Vietnam,36.3,43.3,5,93.01634615384616,ED_VERY_DANGEROUS,2,"iso_forest, lof"
Banjul,Gambia,26.2,26.6,3,18.0,ED_MODERATE_SAFE,2,"iso_forest, lof"
Astana,Kazakhstan,-3.9,-3.9,3,30.75087410881764,ED_MODERATE_SAFE,2,"iso_forest, lof"
Minsk,Belarus,-3.7,-3.7,2,24.034281050650833,ED_MODERATE_SAFE,2,"iso_forest, lof"
Ulaanbaatar,Mongolia,-16.7,-16.7,2,32.245128692013004,ED_MODERATE_SAFE,2,"iso_forest, cold_but_safe"
Jakarta,Indonesia,33.4,40.9,5,89.79583333333333,ED_VERY_DANGEROUS,2,"iso_forest, lof"
Gaborone,Botswana,38.2,38.2,2,45.33333333333334,ED_CAUTION,2,"iso_forest, lof"
Moscow,Russia,-2.9,-2.9,3,28.66525804104515,ED_MODERATE_SAFE,2,"iso_forest, lof"
Windhoek,Namibia,35.1,35.1,1,32.16666666666667,ED_MODERATE_SAFE,2,"iso_forest, lof"
Tokyo,Japan,11.2,11.2,4,32.0,ED_MODERATE_SAFE,2,"iso_forest, lof"
Wellington,New Zealand,17.0,17.0,1,0.0,ED_VERY_SAFE,2,"iso_forest, lof"
Oslo,Norway,-10.0,-10.0,1,17.97942609534503,ED_MODERATE_SAFE,2,"iso_forest, lof"
Jakarta,Indonesia,33.2,39.9,5,89.22916666666666,ED_VERY_DANGEROUS,2,"iso_forest, lof"
Beijing,China,11.2,11.6,5,45.0,ED_CAUTION,2,"iso_forest, lof"
Beijing,China,28.3,29.7,6,58.099999999999994,ED_DANGEROUS,2,"iso_forest, lof"
Colombo,Sri Lanka,29.4,38.3,1,29.099999999999998,ED_MODERATE_SAFE,2,"lof, hot_but_safe"
Minsk,Belarus,4.1,4.1,2,10.430761493076117,ED_VERY_SAFE,2,"iso_forest, lof"
Beijing,China,13.1,13.5,4,32.0,ED_MODERATE_SAFE,2,"iso_forest, lof"
Ankara,Turkey,5.4,5.4,5,45.0,ED_CAUTION,2,"iso_forest, lof"
Juba,Sudan,22.7,22.7,4,40.85,ED_CAUTION,2,"iso_forest, lof"
Moscow,Russia,-2.7,-2.7,3,31.503250600179257,ED_MODERATE_SAFE,2,"iso_forest, lof"
Astana,Kazakhstan,-8.8,-8.8,2,29.651690773375464,ED_MODERATE_SAFE,2,"iso_forest, lof"
Ulaanbaatar,Mongolia,-24.8,-24.8,4,59.333333333333336,ED_DANGEROUS,2,"iso_forest, lof"
Abu Dhabi,United Arab Emirates,36.2,46.3,3,64.81538461538462,ED_DANGEROUS,2,"iso_forest, lof"
Luxembourg,Luxembourg,0.0,0.0,2,17.51809530346479,ED_MODERATE_SAFE,2,"iso_forest, lof"
Beijing,China,12.3,12.3,4,32.0,ED_MODERATE_SAFE,2,"iso_forest, lof"
Moscow,Russia,3.2,3.2,2,11.62442332435095,ED_VERY_SAFE,2,"iso_forest, lof"
Moscow,Russia,-3.9,-3.9,5,50.85,ED_CAUTION,2,"iso_forest, lof"
Paris,France,13.2,13.2,1,0.0,ED_VERY_SAFE,2,"iso_forest, lof"
Tallinn,Estonia,-1.2,-1.2,1,9.995131239266795,ED_VERY_SAFE,2,"iso_forest, lof"
Tashkent,Uzbekistan,-1.9,-1.9,1,9.118497456877083,ED_VERY_SAFE,2,"iso_forest, lof"
Sarajevo,Bosnia and Herzegovina,4.2,4.2,4,32.0,ED_MODERATE_SAFE,2,"iso_forest, lof"
Astana,Kazakhstan,-20.7,-20.7,3,45.56051754986481,ED_CAUTION,2,"iso_forest, lof"
Bishkek,Kyrghyzstan,-7.6,-7.6,4,43.4,ED_CAUTION,2,"iso_forest, lof"
Ulaanbaatar,Mongolia,-17.9,-17.9,5,71.2929557314462,ED_DANGEROUS,2,"iso_forest, lof"
Oslo,Norway,-3.8,-3.8,1,9.451019799917127,ED_VERY_SAFE,2,"iso_forest, lof"
Colombo,Sri Lanka,30.1,39.0,1,26.666666666666668,ED_MODERATE_SAFE,2,"lof, hot_but_safe"
Seoul,South Korea,0.2,0.2,4,37.53575487482095,ED_CAUTION,2,"iso_forest, lof"
Gaborone,Botswana,38.1,38.1,2,45.16666666666667,ED_CAUTION,2,"iso_forest, lof"
Astana,Kazakhstan,-18.2,-18.2,2,36.78552453388656,ED_CAUTION,2,"iso_forest, lof"
Bishkek,Kyrghyzstan,-6.7,-6.7,4,42.05,ED_CAUTION,2,"iso_forest, lof"
Dhidhdhoo,Maldives,27.5,31.6,1,25.700000000000003,ED_MODERATE_SAFE,2,"iso_forest, lof"
Ulaanbaatar,Mongolia,-17.7,-17.7,5,66.41666666666666,ED_DANGEROUS,2,"iso_forest, lof"
Luxembourg,Luxembourg,12.4,12.4,1,0.0,ED_VERY_SAFE,2,"iso_forest, lof"
Stockholm,Sweden,9.1,9.1,1,3.0,ED_VERY_SAFE,2,"iso_forest, lof"
Astana,Kazakhstan,-8.7,-8.7,1,22.889738228119526,ED_MODERATE_SAFE,2,"iso_forest, lof"
Warsaw,Poland,-14.0,-14.0,1,24.59058488619144,ED_MODERATE_SAFE,2,"iso_forest, cold_but_safe"
Moscow,Russia,-3.8,-3.8,3,30.29214810617748,ED_MODERATE_SAFE,2,"iso_forest, lof"
Pyongyang,North Korea,-10.3,-10.3,2,30.940371050891095,ED_MODERATE_SAFE,2,"iso_forest, lof"
Vilnius,Lithuania,-10.8,-10.8,1,23.42785471792287,ED_MODERATE_SAFE,2,"iso_forest, cold_but_safe"
Vilnius,Lithuania,-1.8,-1.8,1,10.780966278713422,ED_VERY_SAFE,2,"iso_forest, lof"
Berlin,Germany,-7.7,-7.7,2,27.951661642354523,ED_MODERATE_SAFE,2,"iso_forest, lof"
Helsinki,Finland,-14.9,-14.9,1,27.178917621154852,ED_MODERATE_SAFE,2,"iso_forest, cold_but_safe"
Aurora,Paraguay,28.8,28.8,4,46.400000000000006,ED_CAUTION,2,"iso_forest, lof"
Beijing,China,4.3,4.3,6,50.0,ED_CAUTION,2,"iso_forest, lof"
Kabul,Afghanistan,2.4,2.4,2,11.4,ED_VERY_SAFE,2,"iso_forest, lof"
Beijing,China,32.0,33.2,5,73.0625,ED_DANGEROUS,2,"iso_forest, lof"
Beijing,China,-6.0,-6.0,2,25.20855140272127,ED_MODERATE_SAFE,2,"iso_forest, lof"
Lom,Bulgaria,-1.7,-1.7,1,14.357891900754135,ED_VERY_SAFE,2,"iso_forest, lof"
Manama,Bahrain,21.1,21.1,4,36.5,ED_CAUTION,2,"iso_forest, lof"
Baku,Azerbaijan,6.2,6.2,3,18.0,ED_MODERATE_SAFE,2,"iso_forest, lof"
Vienna,Austria,3.2,3.2,3,20.23643650903945,ED_MODERATE_SAFE,2,"iso_forest, lof"
Astana,Kazakhstan,-17.0,-17.0,1,25.047206410298894,ED_MODERATE_SAFE,2,"iso_forest, cold_but_safe"
Moscow,Russia,-8.7,-8.7,2,29.334459700550624,ED_MODERATE_SAFE,2,"iso_forest, lof"
Kyiv,Ukraine,-8.3,-8.3,1,20.782178102808352,ED_MODERATE_SAFE,2,"iso_forest, lof"
Seoul,South Korea,0.3,0.3,2,17.682562717940986,ED_MODERATE_SAFE,2,"iso_forest, lof"
Bratislava,Slovakia,4.4,4.4,3,18.0,ED_MODERATE_SAFE,2,"iso_forest, lof"
Warsaw,Poland,-14.7,-14.7,2,31.568998581752716,ED_MODERATE_SAFE,2,"iso_forest, cold_but_safe"
Pyongyang,North Korea,-3.0,-3.0,2,23.31304712392609,ED_MODERATE_SAFE,2,"iso_forest, lof"
Baku,Azerbaijan,1.2,1.2,1,9.729670601827845,ED_VERY_SAFE,2,"iso_forest, lof"
Ulaanbaatar,Mongolia,-19.9,-19.9,1,28.38090868819697,ED_MODERATE_SAFE,2,"iso_forest, cold_but_safe"
Chi-Chi-Erh,Russia,-21.4,-21.4,1,24.5,ED_MODERATE_SAFE,2,"iso_forest, cold_but_safe"
Tokyo,Japan,14.1,14.1,4,32.0,ED_MODERATE_SAFE,2,"iso_forest, lof"
Helsinki,Finland,-10.7,-10.7,1,23.812786997768676,ED_MODERATE_SAFE,2,"iso_forest, cold_but_safe"
Tallinn,Estonia,-5.7,-5.7,1,19.29347787585531,ED_MODERATE_SAFE,2,"iso_forest, lof"
Phnom Penh,Cambodia,37.1,39.1,1,28.633333333333336,ED_MODERATE_SAFE,2,"lof, hot_but_safe"
Bogot,Hungary,-4.8,-4.8,2,15.2,ED_MODERATE_SAFE,2,"iso_forest, lof"
Manama,Bahrain,35.4,46.6,3,63.46153846153846,ED_DANGEROUS,2,"iso_forest, lof"
Dhaka,Bangladesh,32.5,39.5,4,75.625,ED_VERY_DANGEROUS,2,"iso_forest, lof"
Beijing,China,32.2,33.5,5,75.6625,ED_VERY_DANGEROUS,2,"iso_forest, lof"
Seoul,South Korea,-9.6,-9.6,3,39.649450354249055,ED_CAUTION,2,"iso_forest, lof"
Vestmannaeyjar,Iceland,7.4,7.4,1,0.0,ED_VERY_SAFE,2,"iso_forest, lof"
Helsinki,Finland,-14.7,-14.7,1,24.95107421333769,ED_MODERATE_SAFE,2,"iso_forest, cold_but_safe"
Chi Chi Khvar,Iran,34.8,34.8,4,72.29166666666666,ED_DANGEROUS,2,"iso_forest, lof"
Moscow,Russia,-0.9,-0.9,4,38.33423405884308,ED_CAUTION,2,"iso_forest, lof"
Oslo,Norway,-2.9,-2.9,1,4.350000000000001,ED_VERY_SAFE,2,"iso_forest, lof"
Tokyo,Japan,34.1,38.5,3,43.833333333333336,ED_CAUTION,2,"iso_forest, lof"
Nairobi,Kenya,16.1,16.1,4,43.1,ED_CAUTION,2,"iso_forest, lof"
Pyongyang,North Korea,-10.5,-10.5,2,29.653022143517436,ED_MODERATE_SAFE,2,"iso_forest, lof"
Vaduz,Liechtenstein,0.1,0.1,1,2.4863868075373716,ED_VERY_SAFE,2,"iso_forest, lof"
Astana,Kazakhstan,-11.8,-11.8,1,23.775134276713835,ED_MODERATE_SAFE,2,"iso_forest, cold_but_safe"
Kuwait City,Kuwait,22.1,24.0,4,35.9,ED_CAUTION,2,"iso_forest, lof"
Helsinki,Finland,-20.7,-20.7,1,31.136947753040097,ED_MODERATE_SAFE,2,"iso_forest, cold_but_safe"
Astana,Kazakhstan,-5.0,-5.0,1,16.568971241480916,ED_MODERATE_SAFE,2,"iso_forest, lof"
Ottawa,Canada,-21.3,-21.3,1,28.392427171535665,ED_MODERATE_SAFE,2,"iso_forest, cold_but_safe"
Tokyo,Japan,4.1,4.1,3,20.82926066962137,ED_MODERATE_SAFE,2,"iso_forest, lof"
Baghdad,Iraq,21.3,21.3,3,21.3,ED_MODERATE_SAFE,2,"iso_forest, lof"
Beijing,China,-1.7,-1.7,2,17.00194259435529,ED_MODERATE_SAFE,2,"iso_forest, lof"
Ottawa,Canada,-16.8,-16.8,1,25.220459511959543,ED_MODERATE_SAFE,2,"iso_forest, cold_but_safe"
Manama,Bahrain,36.2,47.6,4,89.24038461538461,ED_VERY_DANGEROUS,2,"iso_forest, lof"
Kuwait City,Kuwait,11.1,11.1,3,19.8,ED_MODERATE_SAFE,2,"iso_forest, lof"
Andorra La Vella,Andorra,-13.6,-13.6,1,23.7284575414426,ED_MODERATE_SAFE,2,"iso_forest, cold_but_safe"
Helsinki,Finland,-12.7,-12.7,1,24.54566103126073,ED_MODERATE_SAFE,2,"iso_forest, cold_but_safe"
Helsinki,Finland,16.4,16.4,1,4.0,ED_VERY_SAFE,2,"iso_forest, lof"
Vestmannaeyjar,Iceland,8.0,8.0,1,0.0,ED_VERY_SAFE,2,"iso_forest, lof"
Ulaanbaatar,Mongolia,-16.9,-16.9,2,33.138525304520556,ED_MODERATE_SAFE,2,"iso_forest, cold_but_safe"
Chi Chi Khvar,Iran,2.8,2.8,3,18.0,ED_MODERATE_SAFE,2,"iso_forest, lof"
Luxembourg,Luxembourg,1.1,1.1,2,13.652536759902855,ED_VERY_SAFE,2,"iso_forest, lof"
Kuwait City,Kuwait,20.2,20.2,6,54.0,ED_CAUTION,2,"iso_forest, lof"
Dublin,Ireland,12.0,12.0,1,3.0,ED_VERY_SAFE,2,"iso_forest, lof"
Andorra La Vella,Andorra,-14.4,-14.4,1,24.539261686362913,ED_MODERATE_SAFE,2,"iso_forest, cold_but_safe"
Paris,France,3.0,3.0,3,19.19952845359377,ED_MODERATE_SAFE,2,"iso_forest, lof"
Copenhagen,Denmark,16.3,16.3,1,4.0,ED_VERY_SAFE,2,"iso_forest, lof"
Bratislava,Slovakia,-1.8,-1.8,2,18.88236318679062,ED_MODERATE_SAFE,2,"iso_forest, lof"
Beijing,China,-5.8,-5.8,2,26.678400740330876,ED_MODERATE_SAFE,2,"iso_forest, lof"
Ottawa,Canada,-17.8,-17.8,1,25.46116385765827,ED_MODERATE_SAFE,2,"iso_forest, cold_but_safe"
Moscow,Russia,-6.9,-6.9,3,33.16626336748657,ED_MODERATE_SAFE,2,"iso_forest, lof"
Chi-Chi-Erh,Russia,-15.5,-15.5,2,27.583333333333332,ED_MODERATE_SAFE,2,"iso_forest, lof"
Hanoi,Vietnam,38.2,47.3,4,82.89423076923077,ED_VERY_DANGEROUS,2,"iso_forest, lof"
Ban Lom,Vietnam,30.4,39.2,1,32.300000000000004,ED_MODERATE_SAFE,2,"lof, hot_but_safe"
Copenhagen,Denmark,1.3,1.3,2,15.089807797041813,ED_MODERATE_SAFE,2,"iso_forest, lof"
Oslo,Norway,9.1,9.1,1,3.0,ED_VERY_SAFE,2,"iso_forest, lof"
Astana,Kazakhstan,-25.7,-25.7,1,34.052361260116996,ED_MODERATE_SAFE,2,"iso_forest, cold_but_safe"
Djibouti,Djibouti,38.2,47.0,3,65.12307692307692,ED_DANGEROUS,2,"iso_forest, lof"
Ottawa,Canada,-13.7,-13.7,1,24.983347810223478,ED_MODERATE_SAFE,2,"iso_forest, cold_but_safe"
Minsk,Belarus,-24.8,-24.8,1,33.69068798553327,ED_MODERATE_SAFE,2,"iso_forest, cold_but_safe"
Kyiv,Ukraine,-14.4,-14.4,2,31.89378520310644,ED_MODERATE_SAFE,2,"iso_forest, cold_but_safe"
Santiago,Chile,7.2,7.2,4,37.0,ED_CAUTION,2,"iso_forest, lof"
Moscow,Russia,-13.0,-13.0,3,35.5,ED_CAUTION,2,"iso_forest, lof"
Bucharest,Romania,-3.7,-3.7,3,33.413442382947586,ED_MODERATE_SAFE,2,"iso_forest, lof"
Port Moresby,Papua New Guinea,31.3,42.6,1,31.846153846153847,ED_MODERATE_SAFE,2,"lof, hot_but_safe"
Koror,Palau,30.3,38.6,1,28.700000000000003,ED_MODERATE_SAFE,2,"lof, hot_but_safe"
Ulaanbaatar,Mongolia,-26.8,-26.8,1,34.09393819878894,ED_MODERATE_SAFE,2,"iso_forest, cold_but_safe"
Vilnius,Lithuania,-18.9,-18.9,1,29.894575117426278,ED_MODERATE_SAFE,2,"iso_forest, cold_but_safe"
Riga,Latvia,-7.7,-7.7,2,26.87472854208748,ED_MODERATE_SAFE,2,"iso_forest, lof"
Lusaka,Zambia,24.8,26.5,2,20.0,ED_MODERATE_SAFE,2,"lof, out_of_range"
Ottawa,Canada,-15.9,-15.9,1,27.716295555861027,ED_MODERATE_SAFE,2,"iso_forest, cold_but_safe"
Minsk,Belarus,-25.8,-25.8,2,41.55622802428792,ED_CAUTION,2,"iso_forest, lof"
Chi Chi Khvar,Iran,-4.0,-4.0,1,10.6,ED_VERY_SAFE,2,"iso_forest, lof"
Windhoek,Namibia,30.3,30.3,1,21.900000000000002,ED_MODERATE_SAFE,2,"iso_forest, lof"
Kyiv,Ukraine,-12.1,-12.1,1,22.735291515133852,ED_MODERATE_SAFE,2,"iso_forest, lof"
Hanoi,Vietnam,35.4,41.6,5,91.7548076923077,ED_VERY_DANGEROUS,2,"iso_forest, lof"
Oslo,Norway,11.1,11.1,1,5.0,ED_VERY_SAFE,2,"iso_forest, lof"
Athens,Greece,38.1,38.1,1,32.366666666666674,ED_MODERATE_SAFE,2,"lof, hot_but_safe"
Ulaanbaatar,Mongolia,-29.8,-29.8,1,37.2350933933699,ED_CAUTION,2,"iso_forest, lof"
Vilnius,Lithuania,-16.6,-16.6,1,23.924256977460743,ED_MODERATE_SAFE,2,"iso_forest, cold_but_safe"
Vestmannaeyjar,Iceland,6.0,6.0,1,0.8491567697331082,ED_VERY_SAFE,2,"iso_forest, lof"
Astana,Kazakhstan,-22.6,-22.6,1,32.230911965010314,ED_MODERATE_SAFE,2,"iso_forest, cold_but_safe"
Seoul,South Korea,12.2,12.2,4,32.0,ED_MODERATE_SAFE,2,"iso_forest, lof"
Ottawa,Canada,-16.9,-16.9,1,25.613708642404664,ED_MODERATE_SAFE,2,"iso_forest, cold_but_safe"
Oslo,Norway,10.2,10.2,1,3.0,ED_VERY_SAFE,2,"iso_forest, lof"
Minsk,Belarus,-19.8,-19.8,1,28.145449201468608,ED_MODERATE_SAFE,2,"iso_forest, cold_but_safe"
Port Vila,Vanuatu,31.3,41.6,1,30.692307692307693,ED_MODERATE_SAFE,2,"lof, hot_but_safe"
Kyiv,Ukraine,-15.0,-15.0,1,25.515347027052925,ED_MODERATE_SAFE,2,"iso_forest, cold_but_safe"
Pretoria,South Africa,14.3,14.3,4,35.1,ED_CAUTION,2,"iso_forest, lof"
Moscow,Russia,-5.6,-5.6,4,45.243480229554514,ED_CAUTION,2,"iso_forest, lof"
Ulaanbaatar,Mongolia,-25.9,-25.9,2,41.476646358394134,ED_CAUTION,2,"iso_forest, lof"
Kyiv,Ukraine,-17.6,-17.6,2,32.874931486838385,ED_MODERATE_SAFE,2,"iso_forest, cold_but_safe"
Honiara,Solomon Islands,30.2,40.9,1,29.833333333333332,ED_MODERATE_SAFE,2,"lof, hot_but_safe"
Windhoek,Namibia,32.2,32.2,2,32.333333333333336,ED_MODERATE_SAFE,2,"iso_forest, lof"
Hanoi,Vietnam,35.3,41.8,6,98.22307692307692,ED_VERY_DANGEROUS,2,"iso_forest, lof"
Ulaanbaatar,Mongolia,-17.7,-17.7,2,33.20077950362826,ED_MODERATE_SAFE,2,"iso_forest, cold_but_safe"
Hanoi,Vietnam,36.3,43.8,4,78.85576923076923,ED_VERY_DANGEROUS,2,"iso_forest, lof"
Beijing,China,6.3,6.3,5,45.0,ED_CAUTION,2,"iso_forest, lof"
Kyiv,Ukraine,-16.2,-16.2,2,32.45878363317676,ED_MODERATE_SAFE,2,"iso_forest, cold_but_safe"
Moscow,Russia,-3.9,-3.9,3,27.83098227544164,ED_MODERATE_SAFE,2,"iso_forest, lof"
Moscow,Russia,25.0,25.0,4,38.0,ED_CAUTION,2,"iso_forest, lof"
Oslo,Norway,-19.6,-19.6,1,26.520601413982636,ED_MODERATE_SAFE,2,"iso_forest, cold_but_safe"
Vilnius,Lithuania,-14.8,-14.8,1,22.91995100680164,ED_MODERATE_SAFE,2,"iso_forest, lof"
Tokyo,Japan,11.1,11.1,2,8.0,ED_VERY_SAFE,2,"iso_forest, lof"
Astana,Kazakhstan,-13.8,-13.8,1,25.02641821356228,ED_MODERATE_SAFE,2,"iso_forest, cold_but_safe"
Beijing,China,-1.9,-1.9,3,28.785947932744463,ED_MODERATE_SAFE,2,"iso_forest, lof"
Minsk,Belarus,-14.0,-14.0,1,22.32245266609626,ED_MODERATE_SAFE,2,"iso_forest, lof"
Helsinki,Finland,-0.6,-0.6,1,8.953805864384407,ED_VERY_SAFE,2,"iso_forest, lof"
Aurora,Paraguay,30.2,30.2,4,51.599999999999994,ED_CAUTION,2,"iso_forest, lof"
Doha,Qatar,45.4,47.4,3,66.58461538461538,ED_DANGEROUS,2,"iso_forest, lof"
Chi Chi Khvar,Iran,26.2,26.2,4,39.5,ED_CAUTION,2,"iso_forest, lof"
Moscow,Russia,-3.9,-3.9,4,37.85,ED_CAUTION,2,"iso_forest, lof"
Hanoi,Vietnam,37.1,44.6,5,95.51634615384616,ED_VERY_DANGEROUS,2,"iso_forest, lof"
New Delhi,India,33.3,40.3,4,73.95833333333333,ED_DANGEROUS,2,"iso_forest, lof"
Chi Chi Khvar,Iran,-8.8,-8.8,1,13.8,ED_VERY_SAFE,2,"iso_forest, lof"
Vilnius,Lithuania,-15.7,-15.7,1,26.23069835667278,ED_MODERATE_SAFE,2,"iso_forest, cold_but_safe"
Astana,Kazakhstan,-22.7,-22.7,1,35.01344451282693,ED_CAUTION,2,"iso_forest, lof"
Chi Chi Khvar,Iran,-8.2,-8.2,1,16.2,ED_MODERATE_SAFE,2,"iso_forest, lof"
Santiago,Chile,6.1,6.1,4,38.0,ED_CAUTION,2,"iso_forest, lof"
Riga,Latvia,-5.6,-5.6,3,30.766125551426068,ED_MODERATE_SAFE,2,"iso_forest, lof"
Moscow,Russia,-7.8,-7.8,4,48.5490852191914,ED_CAUTION,2,"iso_forest, lof"
Seoul,South Korea,-2.8,-2.8,3,22.2,ED_MODERATE_SAFE,2,"iso_forest, lof"
Bucharest,Romania,-6.0,-6.0,4,41.0,ED_CAUTION,2,"iso_forest, lof"
Cairo,Egypt,32.0,38.7,2,34.16666666666667,ED_MODERATE_SAFE,2,"lof, hot_but_safe"
Beijing,China,1.0,1.0,5,45.0,ED_CAUTION,2,"iso_forest, lof"
Windhoek,Namibia,29.1,29.1,1,15.300000000000004,ED_MODERATE_SAFE,2,"iso_forest, lof"
Minsk,Belarus,-16.7,-16.7,2,32.75712612800381,ED_MODERATE_SAFE,2,"iso_forest, cold_but_safe"
Kyiv,Ukraine,-16.1,-16.1,2,32.36167768012765,ED_MODERATE_SAFE,2,"iso_forest, cold_but_safe"
Helsinki,Finland,-12.9,-12.9,1,25.101622175836454,ED_MODERATE_SAFE,2,"iso_forest, cold_but_safe"
Ulaanbaatar,Mongolia,-21.8,-21.8,1,29.29795245371635,ED_MODERATE_SAFE,2,"iso_forest, cold_but_safe"
Moscow,Russia,-6.0,-6.0,3,33.70499471534003,ED_MODERATE_SAFE,2,"iso_forest, lof"
Gaborone,Botswana,33.6,33.6,1,29.666666666666668,ED_MODERATE_SAFE,2,"iso_forest, lof"
Moscow,Russia,0.3,0.3,4,37.78365948050832,ED_CAUTION,2,"iso_forest, lof"
Oslo,Norway,4.4,4.4,1,0.30476203279631164,ED_VERY_SAFE,2,"iso_forest, lof"
Moscow,Russia,-15.7,-15.7,2,34.84867476668768,ED_MODERATE_SAFE,2,"iso_forest, cold_but_safe"
Jakarta,Indonesia,34.3,37.9,5,81.19583333333333,ED_VERY_DANGEROUS,2,"iso_forest, lof"
Ulaanbaatar,Mongolia,-15.8,-15.8,1,25.421178185063166,ED_MODERATE_SAFE,2,"iso_forest, cold_but_safe"
Astana,Kazakhstan,-15.8,-15.8,1,25.546675356263982,ED_MODERATE_SAFE,2,"iso_forest, cold_but_safe"
Moscow,Russia,-12.9,-12.9,2,32.756721317959176,ED_MODERATE_SAFE,2,"iso_forest, cold_but_safe"
Dhaka,Bangladesh,27.1,27.1,6,50.300000000000004,ED_CAUTION,2,"iso_forest, lof"
Nassau,Bahamas,21.1,21.1,2,8.0,ED_VERY_SAFE,2,"iso_forest, lof"
Ulaanbaatar,Mongolia,-16.8,-16.8,2,32.85381955543551,ED_MODERATE_SAFE,2,"iso_forest, cold_but_safe"
Doha,Qatar,37.4,41.1,4,77.79038461538461,ED_VERY_DANGEROUS,2,"iso_forest, lof"
Moscow,Russia,-1.8,-1.8,4,40.52204848978015,ED_CAUTION,2,"iso_forest, lof"
Oslo,Norway,-6.0,-6.0,2,17.0,ED_MODERATE_SAFE,2,"iso_forest, lof"
Jakarta,Indonesia,32.0,35.9,5,77.5625,ED_VERY_DANGEROUS,2,"iso_forest, lof"
Bishkek,Kyrghyzstan,-5.5,-5.5,3,26.25,ED_MODERATE_SAFE,2,"iso_forest, lof"
Bogot,Bulgaria,0.6,0.6,1,9.706874408219607,ED_VERY_SAFE,2,"iso_forest, lof"
Copenhagen,Denmark,-2.8,-2.8,1,4.199999999999999,ED_VERY_SAFE,2,"iso_forest, lof"
Aurora,Paraguay,32.1,32.1,4,65.79166666666667,ED_DANGEROUS,2,"iso_forest, lof"
Amsterdam,Netherlands,-1.7,-1.7,1,12.44312595128768,ED_VERY_SAFE,2,"iso_forest, lof"
Astana,Kazakhstan,-13.8,-13.8,2,33.02641821356228,ED_MODERATE_SAFE,2,"iso_forest, cold_but_safe"
Ulaanbaatar,Mongolia,-7.9,-7.9,1,17.121349571627075,ED_MODERATE_SAFE,2,"iso_forest, lof"
Astana,Kazakhstan,-22.8,-22.8,1,32.82046303869771,ED_MODERATE_SAFE,2,"iso_forest, cold_but_safe"
Tokyo,Japan,8.1,8.1,2,8.0,ED_VERY_SAFE,2,"iso_forest, lof"
Beijing,China,14.8,14.8,5,45.0,ED_CAUTION,2,"iso_forest, lof"
Addis Ababa,Ethiopia,17.2,17.2,3,30.0,ED_MODERATE_SAFE,2,"iso_forest, lof"
Ottawa,Canada,-16.7,-16.7,1,26.544033311214562,ED_MODERATE_SAFE,2,"iso_forest, cold_but_safe"
Chi Chi Khvar,Iran,23.4,23.4,3,22.4,ED_MODERATE_SAFE,2,"iso_forest, lof"
Ulaanbaatar,Mongolia,-6.1,-6.1,1,13.911539771638626,ED_VERY_SAFE,2,"iso_forest, lof"
Amman,Jordan,41.1,41.6,3,57.542307692307695,ED_DANGEROUS,2,"iso_forest, lof"
Kuwait City,Kuwait,48.2,50.2,4,90.94038461538462,ED_VERY_DANGEROUS,2,"iso_forest, lof"
Monaco,Monaco,33.3,40.3,1,31.83333333333333,ED_MODERATE_SAFE,2,"lof, hot_but_safe"
Bucharest,Romania,-1.9,-1.9,1,14.254371614114191,ED_VERY_SAFE,2,"iso_forest, lof"
Pyongyang,North Korea,-7.4,-7.4,2,28.051616933793042,ED_MODERATE_SAFE,2,"iso_forest, lof"
Beijing,China,-1.9,-1.9,3,30.288443028885432,ED_MODERATE_SAFE,2,"iso_forest, lof"
Pyongyang,North Korea,0.4,0.5,2,8.0,ED_VERY_SAFE,2,"iso_forest, lof"
Ulaanbaatar,Mongolia,-14.8,-14.8,1,19.0,ED_MODERATE_SAFE,2,"iso_forest, lof"
Astana,Kazakhstan,-23.6,-23.6,2,43.031940428835135,ED_CAUTION,2,"iso_forest, lof"
Astana,Kazakhstan,-13.8,-13.8,1,26.400120302855164,ED_MODERATE_SAFE,2,"iso_forest, cold_but_safe"
Astana,Kazakhstan,-16.8,-16.8,1,30.215623136930034,ED_MODERATE_SAFE,2,"iso_forest, cold_but_safe"
Maseru,Lesotho,22.4,22.4,2,19.8,ED_MODERATE_SAFE,2,"iso_forest, lof"
Windhoek,Namibia,27.0,27.0,1,11.3,ED_VERY_SAFE,2,"iso_forest, lof"
Astana,Kazakhstan,-12.9,-12.9,1,23.948276810483524,ED_MODERATE_SAFE,2,"iso_forest, cold_but_safe"
Reykjavik,Iceland,4.1,4.1,1,0.14065363219514992,ED_VERY_SAFE,2,"iso_forest, lof"
Tokyo,Japan,35.0,43.3,4,73.27884615384616,ED_DANGEROUS,2,"iso_forest, lof"
Beijing,China,2.3,2.3,6,50.0,ED_CAUTION,2,"iso_forest, lof"
Prague,Czech Republic,-2.9,-2.9,3,22.35,ED_MODERATE_SAFE,2,"iso_forest, lof"
Palikir,Micronesia,31.3,40.6,1,29.333333333333336,ED_MODERATE_SAFE,2,"lof, hot_but_safe"
Astana,Kazakhstan,-13.9,-13.9,1,25.191493164392604,ED_MODERATE_SAFE,2,"iso_forest, cold_but_safe"
Nassau,Bahamas,30.1,39.7,1,27.83333333333334,ED_MODERATE_SAFE,2,"lof, hot_but_safe"
Bangkok,Thailand,32.9,36.7,5,78.89583333333334,ED_VERY_DANGEROUS,2,"iso_forest, lof"
Astana,Kazakhstan,-1.6,-1.6,1,14.53209930928877,ED_VERY_SAFE,2,"iso_forest, lof"
Bangkok,Thailand,33.4,39.6,5,83.72916666666667,ED_VERY_DANGEROUS,2,"iso_forest, lof"
Helsinki,Finland,9.2,9.2,1,3.0,ED_VERY_SAFE,2,"iso_forest, lof"
Moscow,Russia,-4.6,-4.6,3,34.273766058478046,ED_MODERATE_SAFE,2,"iso_forest, lof"
Beijing,China,9.2,9.2,6,50.0,ED_CAUTION,2,"iso_forest, lof"
Ulaanbaatar,Mongolia,-17.9,-17.9,1,25.160133839651674,ED_MODERATE_SAFE,2,"iso_forest, cold_but_safe"
Manila,Philippines,27.1,31.2,2,20.599999999999998,ED_MODERATE_SAFE,2,"iso_forest, lof"
Gaborone,Botswana,34.5,34.5,1,31.166666666666668,ED_MODERATE_SAFE,2,"iso_forest, lof"
Tashkent,Uzbekistan,0.2,0.2,2,13.061525594478244,ED_VERY_SAFE,2,"iso_forest, lof"
Astana,Kazakhstan,-20.8,-20.8,1,29.740566566200854,ED_MODERATE_SAFE,2,"iso_forest, cold_but_safe"
Manila,Philippines,27.1,31.8,3,32.400000000000006,ED_MODERATE_SAFE,2,"iso_forest, lof"
Warsaw,Poland,0.4,0.4,4,37.599711995748926,ED_CAUTION,2,"iso_forest, lof"
Muscat,Oman,33.4,41.4,2,50.46153846153846,ED_CAUTION,2,"iso_forest, lof"
Riga,Latvia,1.4,1.4,4,35.67462205808643,ED_CAUTION,2,"iso_forest, lof"
Washington Harbor,United States of America,-2.8,-2.8,1,4.199999999999999,ED_VERY_SAFE,2,"iso_forest, lof"
Bishkek,Kyrghyzstan,-8.5,-8.5,3,35.36922855406388,ED_CAUTION,2,"iso_forest, lof"
Ottawa,Canada,-7.0,-7.0,1,19.8102021781024,ED_MODERATE_SAFE,2,"iso_forest, lof"
Astana,Kazakhstan,-23.8,-23.8,1,36.3238848886096,ED_CAUTION,2,"iso_forest, lof"
Canberra,Australia,30.2,41.5,1,30.576923076923077,ED_MODERATE_SAFE,2,"lof, hot_but_safe"
Riyadh,Saudi Arabia,9.2,9.2,6,53.0,ED_CAUTION,2,"iso_forest, lof"
Beijing,China,15.1,15.1,6,54.0,ED_CAUTION,2,"iso_forest, lof"
Bangkok,Thailand,33.0,37.7,5,80.5625,ED_VERY_DANGEROUS,2,"iso_forest, lof"
Seoul,South Korea,-0.8,-0.8,3,28.176593814184184,ED_MODERATE_SAFE,2,"iso_forest, lof"
Djibouti,Djibouti,36.4,46.6,3,66.26153846153846,ED_DANGEROUS,2,"iso_forest, lof"
Minsk,Belarus,-17.7,-17.7,1,26.521378945969165,ED_MODERATE_SAFE,2,"iso_forest, cold_but_safe"
Palikir,Micronesia,31.4,38.7,1,26.16666666666667,ED_MODERATE_SAFE,2,"lof, hot_but_safe"
Ulaanbaatar,Mongolia,-18.6,-18.6,2,33.82560599621603,ED_MODERATE_SAFE,2,"iso_forest, cold_but_safe"
Chi Chi Khvar,Iran,2.8,2.8,3,20.7,ED_MODERATE_SAFE,2,"iso_forest, lof"
Helsinki,Finland,-4.8,-4.8,1,17.582075895829938,ED_MODERATE_SAFE,2,"iso_forest, lof"
Tallinn,Estonia,-7.0,-7.0,1,19.332299916031694,ED_MODERATE_SAFE,2,"iso_forest, lof"
Hanoi,Vietnam,29.4,31.6,5,60.00000000000001,ED_DANGEROUS,2,"iso_forest, lof"
Ottawa,Canada,-21.8,-21.8,2,32.833333333333336,ED_MODERATE_SAFE,2,"iso_forest, cold_but_safe"
Dhaka,Bangladesh,29.4,29.4,6,57.199999999999996,ED_DANGEROUS,2,"iso_forest, lof"
Moscow,Russia,-11.9,-11.9,3,38.951546408186225,ED_CAUTION,2,"iso_forest, lof"
Oslo,Norway,-1.8,-1.8,1,6.62964979322668,ED_VERY_SAFE,2,"iso_forest, lof"
Tokyo,Japan,33.3,37.3,4,64.45833333333333,ED_DANGEROUS,2,"iso_forest, lof"
Vilnius,Lithuania,-15.9,-15.9,1,25.521321328885918,ED_MODERATE_SAFE,2,"iso_forest, cold_but_safe"
Pyongyang,North Korea,-6.1,-6.1,4,44.764389725225996,ED_CAUTION,2,"iso_forest, lof"
Tallinn,Estonia,-13.0,-13.0,1,24.113810103691378,ED_MODERATE_SAFE,2,"iso_forest, cold_but_safe"
Yaren,Turkey,8.1,8.1,4,32.9,ED_MODERATE_SAFE,2,"iso_forest, lof"
Oslo,Norway,-6.8,-6.8,1,19.400157060851058,ED_MODERATE_SAFE,2,"iso_forest, lof"
Kuwait City,Kuwait,39.9,42.1,6,100.0,ED_VERY_DANGEROUS,2,"iso_forest, lof"
Tokyo,Japan,36.2,46.2,3,54.0,ED_CAUTION,2,"iso_forest, lof"
Chi Chi Khvar,Iran,21.1,21.1,4,38.0,ED_CAUTION,2,"iso_forest, lof"
Palikir,Micronesia,31.0,39.5,1,27.5,ED_MODERATE_SAFE,2,"lof, hot_but_safe"
Mogadishu,Somalia,29.0,30.4,3,40.199999999999996,ED_CAUTION,2,"iso_forest, lof"
Manama,Bahrain,37.2,39.2,5,94.1625,ED_VERY_DANGEROUS,2,"iso_forest, lof"
Pyongyang,North Korea,-9.8,-9.8,2,30.573667107449808,ED_MODERATE_SAFE,2,"iso_forest, lof"
Helsinki,Finland,-8.9,-8.9,1,20.64223375468469,ED_MODERATE_SAFE,2,"iso_forest, lof"
Kuala Lumpur,Malaysia,34.3,48.1,4,84.8173076923077,ED_VERY_DANGEROUS,2,"iso_forest, lof"
Ulaanbaatar,Mongolia,-22.7,-22.7,2,33.58333333333333,ED_MODERATE_SAFE,2,"iso_forest, cold_but_safe"
Moscow,Russia,-11.9,-11.9,3,41.582892471792874,ED_CAUTION,2,"iso_forest, lof"
Beijing,China,36.3,36.3,6,87.36666666666666,ED_VERY_DANGEROUS,2,"iso_forest, lof"
Vestmannaeyjar,Iceland,4.0,4.0,1,1.2932018030745152,ED_VERY_SAFE,2,"iso_forest, lof"
Beijing,China,-2.9,-2.9,3,30.656671029523256,ED_MODERATE_SAFE,2,"iso_forest, lof"
Stockholm,Sweden,0.3,0.3,1,0.0,ED_VERY_SAFE,2,"iso_forest, lof"
Nouakchott,Mauritania,26.4,28.7,6,62.599999999999994,ED_DANGEROUS,2,"iso_forest, lof"
Praia,Cape Verde,22.2,24.6,4,32.0,ED_MODERATE_SAFE,2,"iso_forest, lof"
Ulaanbaatar,Mongolia,-23.0,-23.0,2,33.83333333333333,ED_MODERATE_SAFE,2,"iso_forest, cold_but_safe"
Astana,Kazakhstan,-6.9,-6.9,1,19.584678529953493,ED_MODERATE_SAFE,2,"iso_forest, lof"
Ottawa,Canada,-13.9,-13.9,1,25.350370610975844,ED_MODERATE_SAFE,2,"iso_forest, cold_but_safe"
Ottawa,Canada,-15.9,-15.9,1,27.79241369638066,ED_MODERATE_SAFE,2,"iso_forest, cold_but_safe"
Moscow,Russia,-4.8,-4.8,4,39.2,ED_CAUTION,2,"iso_forest, lof"
Beijing,China,33.4,33.5,5,75.6625,ED_VERY_DANGEROUS,2,"iso_forest, lof"
Chi-Chi-Erh,Russia,-22.9,-22.9,1,25.75,ED_MODERATE_SAFE,2,"iso_forest, cold_but_safe"
Port Louis,Mauritius,32.1,44.0,1,33.46153846153846,ED_MODERATE_SAFE,2,"lof, hot_but_safe"
Tbilisi,Georgia,31.1,40.1,1,28.500000000000004,ED_MODERATE_SAFE,2,"lof, hot_but_safe"
Ottawa,Canada,-12.9,-12.9,1,24.687748323467375,ED_MODERATE_SAFE,2,"iso_forest, cold_but_safe"
Lom,Bulgaria,2.3,2.3,2,14.637603041754025,ED_VERY_SAFE,2,"iso_forest, lof"
Windhoek,Namibia,31.4,31.4,1,23.399999999999995,ED_MODERATE_SAFE,2,"iso_forest, lof"
Moscow,Russia,3.1,3.1,4,32.443482990392056,ED_MODERATE_SAFE,2,"iso_forest, lof"
Moscow,Russia,-2.9,-2.9,2,19.799389739807992,ED_MODERATE_SAFE,2,"iso_forest, lof"
Astana,Kazakhstan,-16.6,-16.6,1,25.592939075901818,ED_MODERATE_SAFE,2,"iso_forest, cold_but_safe"
Tegucigalpa,Honduras,19.1,19.1,1,0.0,ED_VERY_SAFE,2,"lof, out_of_range"
Ottawa,Canada,-14.0,-14.0,1,25.513038092120457,ED_MODERATE_SAFE,2,"iso_forest, cold_but_safe"
Astana,Kazakhstan,-21.6,-21.6,1,32.26008813489729,ED_MODERATE_SAFE,2,"iso_forest, cold_but_safe"
Ankara,Turkey,3.1,3.1,4,33.5,ED_MODERATE_SAFE,2,"iso_forest, lof"
Windhoek,Namibia,29.1,29.1,1,17.200000000000003,ED_MODERATE_SAFE,2,"iso_forest, lof"
Ottawa,Canada,-9.9,-9.9,1,23.019580659670943,ED_MODERATE_SAFE,2,"iso_forest, lof"
Ottawa,Canada,-18.9,-18.9,1,27.576680092009614,ED_MODERATE_SAFE,2,"iso_forest, cold_but_safe"
Vestmannaeyjar,Iceland,5.2,5.2,1,1.5225845972516208,ED_VERY_SAFE,2,"iso_forest, lof"
Moscow,Russia,-5.9,-5.9,3,33.4063604880017,ED_MODERATE_SAFE,2,"iso_forest, lof"
Gaborone,Botswana,37.4,37.4,2,44.0,ED_CAUTION,2,"iso_forest, lof"
Djibouti,Djibouti,37.2,49.7,3,69.13846153846154,ED_DANGEROUS,2,"iso_forest, lof"
Pyongyang,North Korea,-6.4,-6.4,4,41.6,ED_CAUTION,2,"iso_forest, lof"
Nouakchott,Mauritania,20.0,20.0,6,51.2,ED_CAUTION,2,"iso_forest, lof"
Helsinki,Finland,-12.8,-12.8,1,24.70207421664636,ED_MODERATE_SAFE,2,"iso_forest, cold_but_safe"
Ottawa,Canada,-14.8,-14.8,1,27.12245670872573,ED_MODERATE_SAFE,2,"iso_forest, cold_but_safe"
Kuwait City,Kuwait,41.4,49.4,5,100.0,ED_VERY_DANGEROUS,2,"iso_forest, lof"
Beijing,China,-2.7,-2.7,5,51.97867449649968,ED_CAUTION,2,"iso_forest, lof"
Baku,Azerbaijan,11.1,11.1,1,0.0,ED_VERY_SAFE,2,"iso_forest, lof"
Moscow,Russia,-5.6,-5.6,4,47.620416092239466,ED_CAUTION,2,"iso_forest, lof"
Chi-Chi-Erh,Russia,-21.7,-21.7,1,24.75,ED_MODERATE_SAFE,2,"iso_forest, cold_but_safe"
Windhoek,Namibia,29.1,29.1,1,18.300000000000004,ED_MODERATE_SAFE,2,"iso_forest, lof"
Tehran,Iran,1.1,1.1,4,40.05999933038689,ED_CAUTION,2,"iso_forest, lof"
Kuala Lumpur,Malaysia,34.2,40.7,3,59.50000000000001,ED_DANGEROUS,2,"iso_forest, lof"
Rangoon,Myanmar,30.1,39.9,1,28.466666666666665,ED_MODERATE_SAFE,2,"lof, hot_but_safe"
Ulaanbaatar,Mongolia,-12.9,-12.9,2,35.829063380589325,ED_CAUTION,2,"iso_forest, lof"
New Delhi,India,43.0,44.6,4,74.77884615384616,ED_DANGEROUS,2,"iso_forest, lof"
Djibouti,Djibouti,37.6,43.4,1,42.76923076923077,ED_CAUTION,2,"iso_forest, lof"
Malabo,Equatorial Guinea,30.3,40.4,1,34.0,ED_MODERATE_SAFE,2,"lof, hot_but_safe"
Chi Chi Khvar,Iran,20.8,20.8,4,44.0,ED_CAUTION,2,"iso_forest, lof"
Sucre,Bolivia,6.0,6.0,1,5.0,ED_VERY_SAFE,2,"iso_forest, lof"
Beijing,China,27.3,27.3,5,45.900000000000006,ED_CAUTION,2,"iso_forest, lof"
Dhaka,Bangladesh,31.6,38.2,1,25.33333333333334,ED_MODERATE_SAFE,2,"lof, hot_but_safe"
New Delhi,India,36.2,49.0,3,57.230769230769226,ED_DANGEROUS,2,"iso_forest, lof"
Honiara,Solomon Islands,31.0,40.0,1,28.333333333333336,ED_MODERATE_SAFE,2,"lof, hot_but_safe"
Damascus,Syria,34.0,34.0,1,27.333333333333332,ED_MODERATE_SAFE,2,"iso_forest, lof"
Abu Dhabi,United Arab Emirates,33.5,42.0,2,48.15384615384615,ED_CAUTION,2,"iso_forest, lof"
Islamabad,Pakistan,34.0,34.0,2,31.43333333333333,ED_MODERATE_SAFE,2,"iso_forest, lof"
Beijing,China,30.0,30.0,4,41.0,ED_CAUTION,2,"iso_forest, lof"
Beijing,China,20.0,20.0,4,32.0,ED_MODERATE_SAFE,2,"iso_forest, lof"
Muscat,Oman,37.3,45.9,2,55.45384615384616,ED_DANGEROUS,2,"iso_forest, lof"
Oslo,Norway,10.0,10.0,1,6.0,ED_VERY_SAFE,2,"iso_forest, lof"
Ban Lom,Vietnam,33.9,42.0,1,34.55384615384615,ED_MODERATE_SAFE,2,"lof, hot_but_safe"
Manama,Bahrain,27.4,28.9,5,60.699999999999996,ED_DANGEROUS,2,"iso_forest, lof"
Abu Dhabi,United Arab Emirates,36.1,47.3,3,61.71923076923076,ED_DANGEROUS,2,"iso_forest, lof"
Baghdad,Iraq,36.3,36.3,4,69.99166666666666,ED_DANGEROUS,2,"iso_forest, lof"
Doha,Qatar,41.4,49.3,3,57.57692307692307,ED_DANGEROUS,2,"iso_forest, lof"
Abu Dhabi,United Arab Emirates,36.1,49.8,3,65.95384615384614,ED_DANGEROUS,2,"iso_forest, lof"
Nan,Thailand,31.0,44.5,1,34.03846153846154,ED_MODERATE_SAFE,2,"lof, hot_but_safe"
Dhaka,Bangladesh,25.3,28.8,2,13.400000000000002,ED_VERY_SAFE,2,"iso_forest, lof"
Pretoria,South Africa,15.0,15.0,1,6.0,ED_VERY_SAFE,2,"iso_forest, lof"
Hanoi,Vietnam,33.2,38.3,4,66.425,ED_DANGEROUS,2,"iso_forest, lof"
Kuwait City,Kuwait,42.7,45.6,1,46.30769230769231,ED_CAUTION,2,"iso_forest, lof"
Santiago,Chile,10.0,10.0,6,54.0,ED_CAUTION,2,"iso_forest, lof"
Libreville,Gabon,30.4,39.0,2,34.66666666666667,ED_MODERATE_SAFE,2,"lof, hot_but_safe"
Bujumbura,Burundi,30.0,34.9,1,25.833333333333332,ED_MODERATE_SAFE,2,"lof, out_of_range"
Ulaanbaatar,Mongolia,0.2,0.2,1,10.535754874820952,ED_VERY_SAFE,2,"iso_forest, lof"
Islamabad,Pakistan,34.8,34.8,3,41.96666666666666,ED_CAUTION,2,"iso_forest, lof"
Doha,Qatar,43.3,45.1,2,54.73076923076923,ED_CAUTION,2,"iso_forest, lof"
Saint John's,Antigua and Barbuda,31.2,39.7,1,27.83333333333334,ED_MODERATE_SAFE,2,"lof, hot_but_safe"
New Delhi,India,33.2,33.2,5,77.1625,ED_VERY_DANGEROUS,2,"iso_forest, lof"
Bridgetown,Barbados,31.0,38.9,1,26.5,ED_MODERATE_SAFE,2,"lof, hot_but_safe"
New Delhi,India,42.0,43.0,3,50.30769230769231,ED_CAUTION,2,"iso_forest, lof"
Abu Dhabi,United Arab Emirates,32.8,39.5,4,80.125,ED_VERY_DANGEROUS,2,"iso_forest, lof"
Khartoum,Sudan,36.9,38.4,2,43.666666666666664,ED_CAUTION,2,"iso_forest, lof"
Hanoi,Vietnam,35.1,43.7,4,73.74038461538461,ED_DANGEROUS,2,"iso_forest, lof"
Muscat,Oman,42.1,46.3,2,56.11538461538461,ED_DANGEROUS,2,"iso_forest, lof"
Cairo,Egypt,28.2,28.2,4,42.199999999999996,ED_CAUTION,2,"iso_forest, lof"
New Delhi,India,38.3,38.3,6,93.95,ED_VERY_DANGEROUS,2,"iso_forest, lof"
Kingstown,Saint Vincent and the Grenadines,30.0,38.2,1,30.33333333333334,ED_MODERATE_SAFE,2,"lof, hot_but_safe"
New Delhi,India,32.3,33.1,5,79.04583333333333,ED_VERY_DANGEROUS,2,"iso_forest, lof"
Nouakchott,Mauritania,19.9,19.9,6,50.0,ED_CAUTION,2,"iso_forest, lof"
Chi Chi Khvar,Iran,7.4,7.4,1,9.3,ED_VERY_SAFE,2,"iso_forest, lof"
Tokyo,Japan,18.4,18.4,2,8.0,ED_VERY_SAFE,2,"iso_forest, lof"
Hanoi,Vietnam,32.1,37.0,5,81.79583333333335,ED_VERY_DANGEROUS,2,"iso_forest, lof"
Djibouti,Djibouti,41.3,43.3,2,52.45384615384616,ED_CAUTION,2,"iso_forest, lof"
Belmopan,Belize,29.1,39.8,1,33.0,ED_MODERATE_SAFE,2,"lof, hot_but_safe"
Abu Dhabi,United Arab Emirates,36.3,49.0,4,91.85576923076923,ED_VERY_DANGEROUS,2,"iso_forest, lof"
Khartoum,Sudan,38.3,38.3,2,45.4,ED_CAUTION,2,"iso_forest, lof"
Doha,Qatar,39.2,39.2,2,41.900000000000006,ED_CAUTION,2,"iso_forest, lof"
Baku,Azerbaijan,11.2,11.2,2,12.8,ED_VERY_SAFE,2,"iso_forest, lof"
Tokyo,Japan,6.1,6.1,2,8.0,ED_VERY_SAFE,2,"iso_forest, lof"
Ulaanbaatar,Mongolia,19.1,19.1,1,0.0,ED_VERY_SAFE,2,"iso_forest, lof"
Ashgabat,Turkmenistan,11.0,11.0,4,35.9,ED_CAUTION,2,"iso_forest, lof"
Doha,Qatar,38.3,38.3,4,77.325,ED_VERY_DANGEROUS,2,"iso_forest, lof"
Beijing,China,29.3,29.3,4,38.900000000000006,ED_CAUTION,2,"iso_forest, lof"
Moscow,Russia,-0.8,-0.8,2,19.377633150866064,ED_MODERATE_SAFE,2,"iso_forest, lof"
Pyongyang,North Korea,14.3,14.3,2,12.1,ED_VERY_SAFE,2,"iso_forest, lof"
Banjul,Gambia,36.4,38.4,1,33.166666666666664,ED_MODERATE_SAFE,2,"lof, hot_but_safe"
Baghdad,Iraq,33.2,33.2,4,69.625,ED_DANGEROUS,2,"iso_forest, lof"
Jerusalem,Israel,32.3,32.3,2,32.599999999999994,ED_MODERATE_SAFE,2,"iso_forest, lof"
Chi Chi Khvar,Iran,16.9,16.9,4,37.0,ED_CAUTION,2,"iso_forest, lof"
Beijing,China,32.4,32.4,4,56.291666666666664,ED_DANGEROUS,2,"iso_forest, lof"
Monaco,Monaco,11.1,11.1,1,0.0,ED_VERY_SAFE,2,"iso_forest, lof"
Ulaanbaatar,Mongolia,7.5,7.5,1,4.7,ED_VERY_SAFE,2,"iso_forest, lof"
Kuwait City,Kuwait,19.4,19.4,2,8.600000000000001,ED_VERY_SAFE,2,"iso_forest, lof"
Nouakchott,Mauritania,26.2,26.5,5,45.0,ED_CAUTION,2,"iso_forest, lof"
Santiago,Chile,7.1,7.1,6,50.0,ED_CAUTION,2,"iso_forest, lof"
Ulaanbaatar,Mongolia,5.7,5.7,1,5.8,ED_VERY_SAFE,2,"iso_forest, lof"
Damascus,Syria,35.2,35.2,4,69.95833333333334,ED_DANGEROUS,2,"iso_forest, lof"
Baghdad,Iraq,33.2,33.2,4,67.825,ED_DANGEROUS,2,"iso_forest, lof"
Baghdad,Iraq,26.3,26.3,3,23.2,ED_MODERATE_SAFE,2,"iso_forest, lof"
Bujumbura,Burundi,22.5,24.6,1,7.5,ED_VERY_SAFE,2,"lof, out_of_range"
Muscat,Oman,42.3,43.5,2,52.88461538461539,ED_CAUTION,2,"iso_forest, lof"
Belmopan,Belize,29.2,40.2,1,33.66666666666667,ED_MODERATE_SAFE,2,"lof, hot_but_safe"
Belmopan,Belize,29.3,39.9,1,33.166666666666664,ED_MODERATE_SAFE,2,"lof, hot_but_safe"
Beijing,China,15.2,15.2,4,32.0,ED_MODERATE_SAFE,2,"iso_forest, lof"
Ulaanbaatar,Mongolia,11.2,11.2,1,5.2,ED_VERY_SAFE,2,"iso_forest, lof"
Hanoi,Vietnam,28.4,35.3,5,76.5625,ED_VERY_DANGEROUS,2,"iso_forest, lof"
Riyadh,Saudi Arabia,22.1,24.1,5,47.7,ED_CAUTION,2,"iso_forest, lof"
Manama,Bahrain,38.3,49.8,4,92.17884615384615,ED_VERY_DANGEROUS,2,"iso_forest, lof"
Wellington,New Zealand,17.3,17.3,1,0.0,ED_VERY_SAFE,2,"iso_forest, lof"
Damascus,Syria,31.1,31.1,3,40.5,ED_CAUTION,2,"iso_forest, lof"
Manama,Bahrain,30.0,32.5,4,67.85833333333333,ED_DANGEROUS,2,"iso_forest, lof"
Kampala,Uganda,19.0,19.0,3,29.5,ED_MODERATE_SAFE,2,"iso_forest, lof"
Baghdad,Iraq,36.5,36.5,2,35.3,ED_CAUTION,2,"iso_forest, lof"
Tokyo,Japan,27.4,27.4,1,4.899999999999996,ED_VERY_SAFE,2,"iso_forest, lof"
Hanoi,Vietnam,27.0,29.5,4,39.5,ED_CAUTION,2,"iso_forest, lof"
Chi Chi Khvar,Iran,17.1,17.1,3,26.1,ED_MODERATE_SAFE,2,"iso_forest, lof"
Beijing,China,28.3,28.3,4,40.800000000000004,ED_CAUTION,2,"iso_forest, lof"
Chi Chi Khvar,Iran,16.5,16.5,3,25.2,ED_MODERATE_SAFE,2,"iso_forest, lof"
Islamabad,Pakistan,40.0,40.0,3,53.083333333333336,ED_CAUTION,2,"iso_forest, lof"
Mogadishu,Somalia,31.2,38.5,1,30.733333333333334,ED_MODERATE_SAFE,2,"lof, hot_but_safe"
Nan,Thailand,30.1,41.2,1,30.230769230769234,ED_MODERATE_SAFE,2,"lof, hot_but_safe"
Hanoi,Vietnam,31.0,42.4,4,72.24038461538461,ED_DANGEROUS,2,"iso_forest, lof"
Muscat,Oman,37.3,37.9,2,44.83333333333333,ED_CAUTION,2,"iso_forest, lof"
Doha,Qatar,38.4,39.0,4,77.49166666666667,ED_VERY_DANGEROUS,2,"iso_forest, lof"
Nan,Thailand,34.2,48.3,1,50.42307692307692,ED_CAUTION,2,"iso_forest, lof"
Nuku`Aloia,Tonga,24.3,26.4,1,0.0,ED_VERY_SAFE,2,"iso_forest, lof"
Doha,Qatar,31.2,31.2,4,55.99999999999999,ED_DANGEROUS,2,"iso_forest, lof"
Manama,Bahrain,38.3,50.0,2,59.38461538461539,ED_DANGEROUS,2,"iso_forest, lof"
Georgetown,Guyana,30.0,40.5,1,29.166666666666668,ED_MODERATE_SAFE,2,"lof, hot_but_safe"
New Delhi,India,44.1,46.5,2,44.34615384615385,ED_CAUTION,2,"iso_forest, lof"
Beijing,China,30.3,30.3,5,54.900000000000006,ED_CAUTION,2,"iso_forest, lof"
Mogadishu,Somalia,30.3,38.1,1,25.16666666666667,ED_MODERATE_SAFE,2,"lof, hot_but_safe"
Doha,Qatar,38.1,38.1,4,77.79166666666667,ED_VERY_DANGEROUS,2,"iso_forest, lof"
Astana,Kazakhstan,10.4,10.4,1,5.2,ED_VERY_SAFE,2,"iso_forest, lof"
Oslo,Norway,11.4,11.4,1,6.0,ED_VERY_SAFE,2,"iso_forest, lof"
N'djamena,Chad,42.0,45.0,2,52.61538461538461,ED_CAUTION,2,"iso_forest, lof"
Djibouti,Djibouti,46.1,48.1,2,56.19230769230769,ED_DANGEROUS,2,"iso_forest, lof"
Djibouti,Djibouti,46.0,48.0,1,47.07692307692308,ED_CAUTION,2,"iso_forest, lof"
Palikir,Micronesia,31.3,40.7,1,29.500000000000007,ED_MODERATE_SAFE,2,"lof, hot_but_safe"
Abu Dhabi,United Arab Emirates,35.0,46.8,2,53.692307692307686,ED_CAUTION,2,"iso_forest, lof"
Riyadh,Saudi Arabia,25.2,25.2,5,55.5,ED_DANGEROUS,2,"iso_forest, lof"
Tehran,Iran,13.6,13.6,3,25.05,ED_MODERATE_SAFE,2,"iso_forest, lof"
Kuwait City,Kuwait,48.9,50.9,2,60.42307692307692,ED_DANGEROUS,2,"iso_forest, lof"
Ulaanbaatar,Mongolia,6.1,6.1,1,4.5,ED_VERY_SAFE,2,"iso_forest, lof"
Chi Chi Khvar,Iran,13.1,13.1,4,42.4,ED_CAUTION,2,"iso_forest, lof"
Sanaa,Yemen,25.0,25.0,4,44.0,ED_CAUTION,2,"iso_forest, lof"
Beijing,China,21.3,21.3,4,35.8,ED_CAUTION,2,"iso_forest, lof"
Oslo,Norway,16.0,16.0,1,7.5,ED_VERY_SAFE,2,"iso_forest, lof"
Dhaka,Bangladesh,34.0,36.6,5,78.72916666666667,ED_VERY_DANGEROUS,2,"iso_forest, lof"
Abu Dhabi,United Arab Emirates,36.1,48.3,3,63.02307692307692,ED_DANGEROUS,2,"iso_forest, lof"
Addis Ababa,Ethiopia,22.1,24.2,1,12.0,ED_VERY_SAFE,2,"iso_forest, lof"
Damascus,Syria,33.0,33.0,1,25.666666666666668,ED_MODERATE_SAFE,2,"iso_forest, lof"
Pretoria,South Africa,20.1,20.1,4,39.5,ED_CAUTION,2,"iso_forest, lof"
Niamey,Niger,42.0,43.8,1,44.230769230769226,ED_CAUTION,2,"iso_forest, lof"
Astana,Kazakhstan,21.9,21.9,1,4.3,ED_VERY_SAFE,2,"iso_forest, lof"
Guatemala City,Guatemala,16.9,16.9,5,49.0,ED_CAUTION,2,"iso_forest, lof"
Ulaanbaatar,Mongolia,0.3,0.3,1,13.456628764408965,ED_VERY_SAFE,2,"iso_forest, lof"
Chi Chi Khvar,Iran,25.9,25.9,4,44.0,ED_CAUTION,2,"iso_forest, lof"
Dushanbe,Tajikistan,38.4,38.4,1,34.666666666666664,ED_MODERATE_SAFE,2,"iso_forest, hot_but_safe"
Abu Dhabi,United Arab Emirates,40.3,49.0,4,91.25576923076923,ED_VERY_DANGEROUS,2,"iso_forest, lof"
Tehran,Iran,18.5,18.5,4,39.2,ED_CAUTION,2,"iso_forest, lof"
New Delhi,India,44.8,47.7,2,45.73076923076923,ED_CAUTION,2,"iso_forest, lof"
New Delhi,India,37.3,37.3,4,70.45833333333333,ED_DANGEROUS,2,"iso_forest, lof"
Ulaanbaatar,Mongolia,-2.4,-2.4,1,17.88866670923926,ED_MODERATE_SAFE,2,"iso_forest, lof"
Norman Gardens,Jamaica,30.0,39.4,1,27.333333333333332,ED_MODERATE_SAFE,2,"lof, hot_but_safe"
Hanoi,Vietnam,35.1,49.2,4,80.08653846153847,ED_VERY_DANGEROUS,2,"iso_forest, lof"
Nan,Thailand,36.4,41.2,1,42.23076923076923,ED_CAUTION,2,"iso_forest, lof"
Abu Dhabi,United Arab Emirates,37.2,41.8,2,50.22307692307692,ED_CAUTION,2,"iso_forest, lof"
Riyadh,Saudi Arabia,26.1,26.1,5,56.7,ED_DANGEROUS,2,"iso_forest, lof"
Chi Chi Khvar,Iran,28.2,28.2,2,23.599999999999998,ED_MODERATE_SAFE,2,"iso_forest, lof"
Doha,Qatar,35.2,35.2,4,72.35833333333335,ED_DANGEROUS,2,"iso_forest, lof"
Tehran,Iran,34.2,34.2,2,34.16666666666667,ED_MODERATE_SAFE,2,"iso_forest, lof"
Khartoum,Sudan,32.1,32.1,2,25.56666666666667,ED_MODERATE_SAFE,2,"iso_forest, lof"
Sofia,Bulgaria,0.0,0.0,2,19.47236014221685,ED_MODERATE_SAFE,2,"iso_forest, lof"
Khartoum,Sudan,32.7,32.7,2,27.16666666666667,ED_MODERATE_SAFE,2,"iso_forest, lof"
Phnom Penh,Cambodia,34.0,47.0,2,44.92307692307692,ED_CAUTION,2,"iso_forest, lof"
Skopje,Macedonia,36.3,39.3,1,34.666666666666664,ED_MODERATE_SAFE,2,"lof, hot_but_safe"
Islamabad,Pakistan,38.1,38.1,4,72.99166666666667,ED_DANGEROUS,2,"iso_forest, lof"
Damascus,Syria,33.0,33.0,2,32.16666666666667,ED_MODERATE_SAFE,2,"iso_forest, lof"
Port Moresby,Papua New Guinea,30.2,42.1,1,31.26923076923077,ED_MODERATE_SAFE,2,"lof, hot_but_safe"
London,United Kingdom,16.2,16.2,1,4.0,ED_VERY_SAFE,2,"iso_forest, lof"
Yangon,Myanmar,37.3,41.3,3,52.14615384615384,ED_CAUTION,2,"iso_forest, lof"
Moscow,Russia,5.2,5.2,4,32.0,ED_MODERATE_SAFE,2,"iso_forest, lof"
Beijing,China,29.2,29.2,5,51.599999999999994,ED_CAUTION,2,"iso_forest, lof"
Muscat,Oman,38.3,45.1,2,51.73076923076923,ED_CAUTION,2,"iso_forest, lof"
Ban Lom,Vietnam,33.3,41.6,1,33.792307692307695,ED_MODERATE_SAFE,2,"lof, hot_but_safe"
Dhaka,Bangladesh,24.8,28.1,2,11.300000000000004,ED_VERY_SAFE,2,"iso_forest, lof"
Palikir,Micronesia,30.1,38.8,1,26.33333333333333,ED_MODERATE_SAFE,2,"lof, hot_but_safe"
Chi Chi Khvar,Iran,16.2,16.2,2,15.2,ED_MODERATE_SAFE,2,"iso_forest, lof"
Tokyo,Japan,19.2,19.2,1,0.0,ED_VERY_SAFE,2,"iso_forest, lof"
Manila,Philippines,31.0,39.1,1,26.833333333333336,ED_MODERATE_SAFE,2,"lof, hot_but_safe"
Nicosia,Cyprus,40.4,42.4,1,40.61538461538461,ED_CAUTION,2,"iso_forest, lof"
Moscow,Russia,3.1,3.1,4,32.55285086757583,ED_MODERATE_SAFE,2,"iso_forest, lof"
Santiago,Chile,11.2,11.6,6,53.0,ED_CAUTION,2,"iso_forest, lof"
Addis Ababa,Ethiopia,21.2,21.2,4,44.0,ED_CAUTION,2,"iso_forest, lof"
Beijing,China,24.4,24.4,5,45.0,ED_CAUTION,2,"iso_forest, lof"
Riyadh,Saudi Arabia,39.6,39.6,3,51.366666666666674,ED_CAUTION,2,"iso_forest, lof"
Doha,Qatar,40.3,40.6,3,54.38333333333334,ED_CAUTION,2,"iso_forest, lof"
Islamabad,Pakistan,41.7,42.5,3,55.530769230769224,ED_DANGEROUS,2,"iso_forest, lof"
Porto-Novo,Benin,30.1,38.3,2,34.7,ED_MODERATE_SAFE,2,"lof, hot_but_safe"
Valletta,Malta,31.3,39.0,1,32.66666666666667,ED_MODERATE_SAFE,2,"lof, hot_but_safe"
Chi Chi Khvar,Iran,29.3,29.3,4,50.900000000000006,ED_CAUTION,2,"iso_forest, lof"
Nicosia,Cyprus,30.1,30.3,2,26.900000000000002,ED_MODERATE_SAFE,2,"iso_forest, lof"
S-Chanf,Switzerland,-16.4,-16.4,1,27.048682550496135,ED_MODERATE_SAFE,2,"iso_forest, cold_but_safe"
Dhaka,Bangladesh,31.1,38.1,2,33.16666666666667,ED_MODERATE_SAFE,2,"lof, hot_but_safe"
Chi Chi Khvar,Iran,18.7,18.7,3,27.5,ED_MODERATE_SAFE,2,"iso_forest, lof"
Budapest,Hungary,32.1,39.4,1,27.333333333333332,ED_MODERATE_SAFE,2,"lof, hot_but_safe"
New Delhi,India,32.8,39.0,4,74.79166666666667,ED_DANGEROUS,2,"iso_forest, lof"
Santiago,Chile,5.3,5.3,6,54.0,ED_CAUTION,2,"iso_forest, lof"
Doha,Qatar,38.0,38.0,4,72.075,ED_DANGEROUS,2,"iso_forest, lof"
Kuwait City,Kuwait,45.6,49.0,1,50.230769230769226,ED_CAUTION,2,"iso_forest, lof"
Pretoria,South Africa,26.0,26.0,4,41.0,ED_CAUTION,2,"iso_forest, lof"
Santiago,Chile,8.0,8.0,5,48.0,ED_CAUTION,2,"iso_forest, lof"
Doha,Qatar,34.4,34.4,4,70.825,ED_DANGEROUS,2,"iso_forest, lof"
Bandar Seri Begawan,Brunei Darussalam,30.0,39.8,1,27.999999999999996,ED_MODERATE_SAFE,2,"lof, hot_but_safe"
Malabo,Equatorial Guinea,30.2,38.2,1,31.33333333333334,ED_MODERATE_SAFE,2,"lof, hot_but_safe"
New Delhi,India,42.7,44.5,2,42.03846153846154,ED_CAUTION,2,"iso_forest, lof"
Sucre,Bolivia,10.0,10.0,1,5.0,ED_VERY_SAFE,2,"iso_forest, lof"
Beijing,China,27.0,27.0,6,50.0,ED_CAUTION,2,"iso_forest, lof"
Addis Ababa,Ethiopia,25.2,25.2,3,30.0,ED_MODERATE_SAFE,2,"iso_forest, lof"
Grindavik,Iceland,8.0,8.0,1,0.0,ED_VERY_SAFE,2,"iso_forest, lof"
Sanaa,Yemen,25.4,25.4,4,44.0,ED_CAUTION,2,"iso_forest, lof"
Beijing,China,26.1,26.1,5,45.0,ED_CAUTION,2,"iso_forest, lof"
Abu Dhabi,United Arab Emirates,33.0,38.4,3,55.666666666666664,ED_DANGEROUS,2,"iso_forest, lof"
Phnom Penh,Cambodia,34.1,39.4,1,27.333333333333332,ED_MODERATE_SAFE,2,"lof, hot_but_safe"
Malabo,Equatorial Guinea,30.3,40.1,1,34.5,ED_MODERATE_SAFE,2,"lof, hot_but_safe"
Manama,Bahrain,27.3,28.7,3,34.5,ED_MODERATE_SAFE,2,"iso_forest, lof"
Astana,Kazakhstan,19.4,19.4,1,2.3999999999999995,ED_VERY_SAFE,2,"iso_forest, lof"
Chi Chi Khvar,Iran,24.8,24.8,4,44.0,ED_CAUTION,2,"iso_forest, lof"
Abu Dhabi,United Arab Emirates,35.1,41.2,5,98.29326923076923,ED_VERY_DANGEROUS,2,"iso_forest, lof"
New Delhi,India,40.0,40.0,2,36.333333333333336,ED_CAUTION,2,"iso_forest, lof"
Port Moresby,Papua New Guinea,29.3,38.6,1,26.000000000000004,ED_MODERATE_SAFE,2,"lof, hot_but_safe"
Abu Dhabi,United Arab Emirates,38.3,45.7,2,54.62307692307692,ED_CAUTION,2,"iso_forest, lof"
Juba,Sudan,26.7,26.7,3,18.0,ED_MODERATE_SAFE,2,"iso_forest, lof"
Beijing,China,21.4,21.4,5,45.0,ED_CAUTION,2,"iso_forest, lof"
Oslo,Norway,13.2,13.2,1,5.0,ED_VERY_SAFE,2,"iso_forest, lof"
Abu Dhabi,United Arab Emirates,33.2,42.4,4,81.24038461538461,ED_VERY_DANGEROUS,2,"iso_forest, lof"
Beijing,China,23.1,23.1,4,32.3,ED_MODERATE_SAFE,2,"iso_forest, lof"
Bangkok,Thailand,37.0,43.2,1,44.53846153846154,ED_CAUTION,2,"iso_forest, lof"
Dhaka,Bangladesh,30.3,37.4,3,42.0,ED_CAUTION,2,"iso_forest, lof"
Kuwait City,Kuwait,39.0,42.4,2,49.61538461538461,ED_CAUTION,2,"iso_forest, lof"
Basseterre,Saint Kitts and Nevis,31.1,39.6,1,33.66666666666667,ED_MODERATE_SAFE,2,"lof, hot_but_safe"
Santiago,Chile,5.8,5.8,5,48.0,ED_CAUTION,2,"iso_forest, lof"
Ulaanbaatar,Mongolia,13.5,13.5,1,5.7,ED_VERY_SAFE,2,"iso_forest, lof"
Dhaka,Bangladesh,32.0,38.5,1,25.833333333333336,ED_MODERATE_SAFE,2,"lof, hot_but_safe"
Jakarta,Indonesia,32.8,36.7,6,88.03333333333335,ED_VERY_DANGEROUS,2,"iso_forest, lof"
Malabo,Equatorial Guinea,31.2,40.4,1,32.2,ED_MODERATE_SAFE,2,"lof, hot_but_safe"
Pretoria,South Africa,22.1,22.1,4,39.5,ED_CAUTION,2,"iso_forest, lof"
Minsk,Belarus,-1.9,-1.9,1,15.392814130229716,ED_MODERATE_SAFE,2,"iso_forest, lof"
New Delhi,India,41.0,41.4,3,48.46153846153846,ED_CAUTION,2,"iso_forest, lof"
Beijing,China,25.1,25.1,5,45.0,ED_CAUTION,2,"iso_forest, lof"
Muscat,Oman,44.1,46.1,2,52.73461538461539,ED_CAUTION,2,"iso_forest, lof"
Ulaanbaatar,Mongolia,14.3,14.3,2,12.1,ED_VERY_SAFE,2,"iso_forest, lof"
Asmara,Eritrea,23.6,23.6,2,20.0,ED_MODERATE_SAFE,2,"iso_forest, lof"
Kabul,Afghanistan,34.2,34.2,2,35.66666666666667,ED_CAUTION,2,"iso_forest, lof"
Doha,Qatar,38.1,38.1,4,77.69166666666668,ED_VERY_DANGEROUS,2,"iso_forest, lof"
Ulaanbaatar,Mongolia,-2.1,-2.1,3,32.56009255210022,ED_MODERATE_SAFE,2,"iso_forest, lof"
Hanoi,Vietnam,39.3,44.4,3,57.72307692307692,ED_DANGEROUS,2,"iso_forest, lof"
Ban Lom,Vietnam,39.3,39.3,4,67.79166666666666,ED_DANGEROUS,2,"iso_forest, lof"
Sucre,Bolivia,-0.9,-0.9,1,13.317722677473942,ED_VERY_SAFE,2,"iso_forest, lof"
Beijing,China,30.1,30.1,4,41.300000000000004,ED_CAUTION,2,"iso_forest, lof"
New Delhi,India,41.1,41.6,4,77.11730769230769,ED_VERY_DANGEROUS,2,"iso_forest, lof"
Chi-Chi-Erh,Russia,-2.6,-2.6,1,17.814893242949765,ED_MODERATE_SAFE,2,"iso_forest, lof"
Chi Chi Khvar,Iran,10.1,10.1,3,27.9,ED_MODERATE_SAFE,2,"iso_forest, lof"
Dhaka,Bangladesh,38.0,44.0,4,78.98653846153846,ED_VERY_DANGEROUS,2,"iso_forest, lof"
Chi Chi Khvar,Iran,20.1,20.1,4,42.4,ED_CAUTION,2,"iso_forest, lof"
Kabul,Afghanistan,25.6,25.6,2,19.3,ED_MODERATE_SAFE,2,"iso_forest, lof"
Abu Dhabi,United Arab Emirates,36.4,48.0,3,62.82692307692308,ED_DANGEROUS,2,"iso_forest, lof"
Manama,Bahrain,37.2,49.8,4,92.77884615384615,ED_VERY_DANGEROUS,2,"iso_forest, lof"
Islamabad,Pakistan,30.8,30.8,3,34.7,ED_MODERATE_SAFE,2,"iso_forest, lof"
Chi Chi Khvar,Iran,17.0,17.0,3,27.9,ED_MODERATE_SAFE,2,"iso_forest, lof"
Damascus,Syria,38.1,38.1,2,40.66666666666667,ED_CAUTION,2,"iso_forest, lof"
New Delhi,India,30.1,31.8,4,55.400000000000006,ED_DANGEROUS,2,"iso_forest, lof"
New Delhi,India,41.0,41.4,4,75.68653846153846,ED_VERY_DANGEROUS,2,"iso_forest, lof"
Ankara,Turkey,2.1,2.1,2,17.427646115231273,ED_MODERATE_SAFE,2,"iso_forest, lof"
Hanoi,Vietnam,39.3,47.5,2,46.7,ED_CAUTION,2,"iso_forest, lof"
Malabo,Equatorial Guinea,30.3,39.0,1,30.366666666666667,ED_MODERATE_SAFE,2,"lof, hot_but_safe"
Tokyo,Japan,20.3,20.3,3,18.0,ED_MODERATE_SAFE,2,"iso_forest, lof"
Beijing,China,23.2,23.2,5,45.3,ED_CAUTION,2,"iso_forest, lof"
Ashgabat,Turkmenistan,18.0,18.0,1,5.0,ED_VERY_SAFE,2,"iso_forest, lof"
Santiago,Chile,8.2,8.3,5,48.0,ED_CAUTION,2,"iso_forest, lof"
Kuwait City,Kuwait,40.0,40.0,3,51.53333333333334,ED_CAUTION,2,"iso_forest, lof"
Muscat,Oman,45.3,47.3,2,53.81923076923077,ED_CAUTION,2,"iso_forest, lof"
Yangon,Myanmar,35.4,40.2,4,69.29166666666667,ED_DANGEROUS,2,"iso_forest, lof"
Pyongyang,North Korea,5.1,5.1,2,8.0,ED_VERY_SAFE,2,"iso_forest, lof"
Muscat,Oman,40.4,40.5,2,49.16666666666667,ED_CAUTION,2,"iso_forest, lof"
Vestmannaeyjar,Iceland,9.2,9.2,1,0.0,ED_VERY_SAFE,2,"iso_forest, lof"
Chi-Chi-Erh,Russia,3.5,3.5,1,6.2351897774029075,ED_VERY_SAFE,2,"iso_forest, lof"
New Delhi,India,26.2,28.7,4,43.099999999999994,ED_CAUTION,2,"iso_forest, lof"
Baku,Azerbaijan,19.3,19.3,1,4.6,ED_VERY_SAFE,2,"iso_forest, lof"
Riyadh,Saudi Arabia,36.1,36.1,4,74.45833333333334,ED_DANGEROUS,2,"iso_forest, lof"
Muscat,Oman,46.3,48.3,3,65.12307692307692,ED_DANGEROUS,2,"iso_forest, lof"
Chi Chi Khvar,Iran,21.7,21.7,4,43.3,ED_CAUTION,2,"iso_forest, lof"
Beijing,China,27.0,27.0,5,45.0,ED_CAUTION,2,"iso_forest, lof"
Beijing,China,23.4,23.4,5,45.0,ED_CAUTION,2,"iso_forest, lof"
Nouakchott,Mauritania,20.7,20.7,6,50.0,ED_CAUTION,2,"iso_forest, lof"
Palikir,Micronesia,31.1,40.4,1,29.0,ED_MODERATE_SAFE,2,"lof, hot_but_safe"
Vestmannaeyjar,Iceland,2.8,2.8,1,5.478668803049127,ED_VERY_SAFE,2,"iso_forest, lof"
Dhaka,Bangladesh,30.6,38.4,2,33.666666666666664,ED_MODERATE_SAFE,2,"lof, hot_but_safe"
Muscat,Oman,39.4,41.4,4,81.08653846153845,ED_VERY_DANGEROUS,2,"iso_forest, lof"
Damascus,Syria,27.3,27.3,3,27.000000000000004,ED_MODERATE_SAFE,2,"iso_forest, lof"
Tokyo,Japan,18.1,18.1,4,32.0,ED_MODERATE_SAFE,2,"iso_forest, lof"
Hanoi,Vietnam,34.1,39.7,4,68.45833333333334,ED_DANGEROUS,2,"iso_forest, lof"
Sanaa,Yemen,23.2,23.2,2,20.0,ED_MODERATE_SAFE,2,"iso_forest, lof"
Manama,Bahrain,28.3,31.6,4,56.0,ED_DANGEROUS,2,"iso_forest, lof"
Beijing,China,8.2,8.2,2,8.0,ED_VERY_SAFE,2,"iso_forest, lof"
Kabul,Afghanistan,31.0,31.0,2,30.6,ED_MODERATE_SAFE,2,"iso_forest, lof"
Khartoum,Sudan,37.3,37.3,3,41.83333333333333,ED_CAUTION,2,"iso_forest, lof"
Ulaanbaatar,Mongolia,0.5,0.5,3,21.8,ED_MODERATE_SAFE,2,"iso_forest, lof"
Tehran,Iran,14.3,14.3,4,38.6,ED_CAUTION,2,"iso_forest, lof"
Kuala Lumpur,Malaysia,34.3,41.5,4,83.20192307692308,ED_VERY_DANGEROUS,2,"iso_forest, lof"
Chi Chi Khvar,Iran,22.1,23.4,3,29.0,ED_MODERATE_SAFE,2,"iso_forest, lof"
Manama,Bahrain,38.1,49.9,4,92.89423076923077,ED_VERY_DANGEROUS,2,"iso_forest, lof"
Riyadh,Saudi Arabia,23.3,23.3,5,54.9,ED_CAUTION,2,"iso_forest, lof"
Maseru,Lesotho,10.1,10.1,1,5.0,ED_VERY_SAFE,2,"iso_forest, lof"
Palikir,Micronesia,31.3,39.5,1,27.5,ED_MODERATE_SAFE,2,"lof, hot_but_safe"
Wellington,New Zealand,12.1,12.1,2,8.0,ED_VERY_SAFE,2,"iso_forest, lof"
Chi Chi Khvar,Iran,23.4,23.5,3,27.9,ED_MODERATE_SAFE,2,"iso_forest, lof"
Guatemala City,Guatemala,20.2,20.2,6,54.0,ED_CAUTION,2,"iso_forest, lof"
Palikir,Micronesia,30.3,38.2,1,25.33333333333334,ED_MODERATE_SAFE,2,"lof, hot_but_safe"
Dhaka,Bangladesh,38.9,41.5,2,39.17692307692308,ED_CAUTION,2,"iso_forest, lof"
Islamabad,Pakistan,35.3,35.3,3,47.35,ED_CAUTION,2,"iso_forest, lof"
Ulaanbaatar,Mongolia,-4.6,-4.6,1,17.961733299171044,ED_MODERATE_SAFE,2,"iso_forest, lof"
Islamabad,Pakistan,36.3,36.3,2,40.166666666666664,ED_CAUTION,2,"iso_forest, lof"
Baku,Azerbaijan,24.4,26.2,2,12.6,ED_VERY_SAFE,2,"iso_forest, lof"
Astana,Kazakhstan,10.1,10.1,1,3.9,ED_VERY_SAFE,2,"iso_forest, lof"
Ankara,Turkey,-0.8,-0.8,2,22.71137589144714,ED_MODERATE_SAFE,2,"iso_forest, lof"
Hanoi,Vietnam,38.3,42.9,3,60.792307692307695,ED_DANGEROUS,2,"iso_forest, lof"
Muscat,Oman,39.2,44.2,1,42.792307692307695,ED_CAUTION,2,"iso_forest, lof"
Tehran,Iran,13.0,13.0,4,38.15,ED_CAUTION,2,"iso_forest, lof"
Beijing,China,29.0,29.0,4,47.0,ED_CAUTION,2,"iso_forest, lof"
Dhaka,Bangladesh,31.2,38.2,2,33.33333333333334,ED_MODERATE_SAFE,2,"lof, hot_but_safe"
Kabul,Afghanistan,27.7,27.7,1,9.599999999999998,ED_VERY_SAFE,2,"iso_forest, lof"
Addis Ababa,Ethiopia,22.1,22.4,3,30.0,ED_MODERATE_SAFE,2,"iso_forest, lof"
Santiago,Chile,11.2,11.6,6,55.0,ED_DANGEROUS,2,"iso_forest, lof"
Manama,Bahrain,36.3,38.3,5,90.5625,ED_VERY_DANGEROUS,2,"iso_forest, lof"
Abu Dhabi,United Arab Emirates,23.3,24.9,4,42.4,ED_CAUTION,2,"iso_forest, lof"
Ban Lom,Vietnam,37.9,37.9,5,80.89583333333333,ED_VERY_DANGEROUS,2,"iso_forest, lof"
Chi Chi Khvar,Iran,9.4,9.4,3,27.0,ED_MODERATE_SAFE,2,"iso_forest, lof"
Tokyo,Japan,22.8,25.1,1,0.0,ED_VERY_SAFE,2,"iso_forest, lof"
Sanaa,Yemen,26.4,26.4,2,20.0,ED_MODERATE_SAFE,2,"iso_forest, lof"
New Delhi,India,32.1,37.4,4,72.125,ED_DANGEROUS,2,"iso_forest, lof"
Addis Ababa,Ethiopia,22.4,23.1,3,30.0,ED_MODERATE_SAFE,2,"iso_forest, lof"
Nicosia,Cyprus,40.0,44.2,1,42.69230769230769,ED_CAUTION,2,"iso_forest, lof"
Seoul,South Korea,28.2,35.0,4,60.625,ED_DANGEROUS,2,"iso_forest, lof"
Riyadh,Saudi Arabia,38.3,38.3,4,77.925,ED_VERY_DANGEROUS,2,"iso_forest, lof"
Ban Lom,Vietnam,34.2,41.2,1,33.23076923076923,ED_MODERATE_SAFE,2,"lof, hot_but_safe"
Santiago,Chile,1.0,1.0,5,45.0,ED_CAUTION,2,"iso_forest, lof"
Baghdad,Iraq,47.9,49.9,1,52.26923076923077,ED_CAUTION,2,"iso_forest, lof"
Beijing,China,36.2,36.2,4,64.72500000000001,ED_DANGEROUS,2,"iso_forest, lof"
Dhaka,Bangladesh,40.1,41.4,2,42.36153846153846,ED_CAUTION,2,"iso_forest, lof"
Moscow,Russia,2.2,2.2,6,52.20555326255203,ED_CAUTION,2,"iso_forest, lof"
Abu Dhabi,United Arab Emirates,40.3,42.3,2,48.5,ED_CAUTION,2,"iso_forest, lof"
Addis Ababa,Ethiopia,22.3,24.7,2,12.0,ED_VERY_SAFE,2,"lof, out_of_range"
Pretoria,South Africa,20.0,20.0,4,39.5,ED_CAUTION,2,"iso_forest, lof"
Podgorica,Montenegro,33.1,40.0,1,34.333333333333336,ED_MODERATE_SAFE,2,"lof, hot_but_safe"
Kabul,Afghanistan,29.5,29.5,1,15.0,ED_MODERATE_SAFE,2,"iso_forest, lof"
Muscat,Oman,40.3,46.9,1,45.65769230769231,ED_CAUTION,2,"iso_forest, lof"
Beijing,China,29.1,29.1,5,51.300000000000004,ED_CAUTION,2,"iso_forest, lof"
Pyongyang,North Korea,1.8,1.8,4,32.207663659496234,ED_MODERATE_SAFE,2,"iso_forest, lof"
Ban Lom,Vietnam,38.9,38.9,4,67.125,ED_DANGEROUS,2,"iso_forest, lof"
Ulaanbaatar,Mongolia,-0.9,-0.9,3,25.61564878717398,ED_MODERATE_SAFE,2,"iso_forest, lof"
Nouakchott,Mauritania,21.4,21.4,5,45.0,ED_CAUTION,2,"iso_forest, lof"
New Delhi,India,38.2,38.2,2,33.33333333333334,ED_MODERATE_SAFE,2,"iso_forest, hot_but_safe"
Kuala Lumpur,Malaysia,34.3,46.0,3,65.76923076923077,ED_DANGEROUS,2,"iso_forest, lof"
Riyadh,Saudi Arabia,36.2,36.2,6,96.0,ED_VERY_DANGEROUS,2,"iso_forest, lof"
Seoul,South Korea,23.2,23.2,4,32.0,ED_MODERATE_SAFE,2,"iso_forest, lof"
Addis Ababa,Ethiopia,22.2,23.2,3,30.0,ED_MODERATE_SAFE,2,"iso_forest, lof"
Reykjavik,Iceland,-0.6,-0.6,1,11.716690542977702,ED_VERY_SAFE,2,"iso_forest, lof"
Ulaanbaatar,Mongolia,22.0,22.3,3,25.05,ED_MODERATE_SAFE,2,"iso_forest, lof"
Abu Dhabi,United Arab Emirates,37.3,49.8,3,70.15384615384615,ED_DANGEROUS,2,"iso_forest, lof"
Vestmannaeyjar,Iceland,8.0,8.0,1,0.0,ED_VERY_SAFE,2,"iso_forest, lof"
Ulaanbaatar,Mongolia,13.2,13.2,1,0.0,ED_VERY_SAFE,2,"iso_forest, lof"
Addis Ababa,Ethiopia,23.0,23.0,2,20.0,ED_MODERATE_SAFE,2,"iso_forest, lof"
Doha,Qatar,33.0,33.0,4,62.89166666666667,ED_DANGEROUS,2,"iso_forest, lof"
Kabul,Afghanistan,25.0,25.0,1,11.6,ED_VERY_SAFE,2,"iso_forest, lof"
New Delhi,India,36.2,36.2,5,81.9625,ED_VERY_DANGEROUS,2,"iso_forest, lof"
Tallinn,Estonia,6.4,6.4,2,8.0,ED_VERY_SAFE,2,"iso_forest, lof"
Chi Chi Khvar,Iran,17.9,18.0,3,27.6,ED_MODERATE_SAFE,2,"iso_forest, lof"
Oslo,Norway,9.0,9.0,1,5.0,ED_VERY_SAFE,2,"iso_forest, lof"
Chi Chi Khvar,Iran,20.4,20.4,4,42.9,ED_CAUTION,2,"iso_forest, lof"
Andorra La Vella,Andorra,-5.1,-5.1,1,19.905614543743646,ED_MODERATE_SAFE,2,"iso_forest, lof"
Damascus,Syria,34.0,34.0,2,32.33333333333333,ED_MODERATE_SAFE,2,"iso_forest, lof"
Reykjavik,Iceland,-0.8,-0.8,1,1.200000000000001,ED_VERY_SAFE,2,"iso_forest, lof"
Riyadh,Saudi Arabia,40.1,40.1,5,90.1625,ED_VERY_DANGEROUS,2,"iso_forest, lof"
Juba,Sudan,28.3,28.3,4,41.400000000000006,ED_CAUTION,2,"iso_forest, lof"
Mogadishu,Somalia,31.3,39.3,1,31.666666666666664,ED_MODERATE_SAFE,2,"lof, hot_but_safe"
Beijing,China,26.1,26.1,5,45.0,ED_CAUTION,2,"iso_forest, lof"
Ulaanbaatar,Mongolia,-3.8,-3.8,1,21.452262918303855,ED_MODERATE_SAFE,2,"iso_forest, lof"
Manama,Bahrain,34.0,40.8,1,38.666666666666664,ED_CAUTION,2,"iso_forest, lof"
Baghdad,Iraq,40.1,40.1,2,46.1,ED_CAUTION,2,"iso_forest, lof"
Jerusalem,Israel,39.0,39.0,3,50.46666666666667,ED_CAUTION,2,"iso_forest, lof"
Juba,Sudan,34.4,34.4,3,47.7,ED_CAUTION,2,"iso_forest, lof"
Djibouti,Djibouti,42.2,48.7,2,57.784615384615385,ED_DANGEROUS,2,"iso_forest, lof"
Muscat,Oman,39.2,48.1,2,54.59230769230769,ED_CAUTION,2,"iso_forest, lof"
Riyadh,Saudi Arabia,33.1,33.1,6,84.43333333333334,ED_VERY_DANGEROUS,2,"iso_forest, lof"
Baghdad,Iraq,28.4,28.4,3,31.599999999999994,ED_MODERATE_SAFE,2,"iso_forest, lof"
Addis Ababa,Ethiopia,21.3,21.3,4,43.8,ED_CAUTION,2,"iso_forest, lof"
Baghdad,Iraq,47.8,49.8,1,52.153846153846146,ED_CAUTION,2,"iso_forest, lof"
Damascus,Syria,42.0,43.0,1,42.30769230769231,ED_CAUTION,2,"iso_forest, lof"
Djibouti,Djibouti,29.3,31.7,4,58.099999999999994,ED_DANGEROUS,2,"iso_forest, lof"
Sanaa,Yemen,19.4,19.4,3,30.0,ED_MODERATE_SAFE,2,"iso_forest, lof"
Majuro,Marshall Islands,31.4,41.2,1,30.230769230769234,ED_MODERATE_SAFE,2,"lof, hot_but_safe"
Seoul,South Korea,6.9,6.9,2,8.0,ED_VERY_SAFE,2,"iso_forest, lof"
Bangkok,Thailand,38.1,41.4,2,50.46153846153846,ED_CAUTION,2,"iso_forest, lof"
Moscow,Russia,0.2,0.2,3,24.798326280434036,ED_MODERATE_SAFE,2,"iso_forest, lof"
Juba,Sudan,33.9,33.9,4,70.79166666666666,ED_DANGEROUS,2,"iso_forest, lof"
Khartoum,Sudan,37.6,37.6,1,36.333333333333336,ED_CAUTION,2,"iso_forest, lof"
Nan,Thailand,37.0,45.4,3,53.07692307692307,ED_CAUTION,2,"iso_forest, lof"
Pretoria,South Africa,22.4,22.4,4,39.5,ED_CAUTION,2,"iso_forest, lof"
Havana,Cuba,30.0,38.6,1,26.000000000000004,ED_MODERATE_SAFE,2,"lof, hot_but_safe"
Riyadh,Saudi Arabia,28.1,28.1,4,46.0,ED_CAUTION,2,"iso_forest, lof"
Seoul,South Korea,31.3,35.8,3,39.33333333333333,ED_CAUTION,1,lof
Baku,Azerbaijan,31.0,32.2,1,24.53333333333334,ED_MODERATE_SAFE,1,lof
'S Gravenjansdijk,Belgium,23.2,24.9,2,8.0,ED_VERY_SAFE,1,lof
Riyadh,Saudi Arabia,39.0,39.0,5,94.02916666666667,ED_VERY_DANGEROUS,1,iso_forest
Nassau,Bahamas,27.1,33.3,1,17.16666666666666,ED_MODERATE_SAFE,1,lof
Chi Chi Khvar,Iran,35.6,35.6,2,39.5,ED_CAUTION,1,iso_forest
Hanoi,Vietnam,33.1,48.0,3,59.37692307692308,ED_DANGEROUS,1,lof
Doha,Qatar,38.2,40.2,3,57.26666666666667,ED_DANGEROUS,1,iso_forest
Riyadh,Saudi Arabia,42.2,43.3,6,100.0,ED_VERY_DANGEROUS,1,iso_forest
Kabul,Afghanistan,27.8,27.8,2,22.400000000000002,ED_MODERATE_SAFE,1,lof
Muscat,Oman,38.1,40.1,3,58.2,ED_DANGEROUS,1,iso_forest
Nassau,Bahamas,26.1,28.3,1,3.900000000000002,ED_VERY_SAFE,1,lof
Kuwait City,Kuwait,44.5,47.2,4,89.07884615384616,ED_VERY_DANGEROUS,1,iso_forest
Yangon,Myanmar,27.1,29.3,1,6.900000000000002,ED_VERY_SAFE,1,lof
Nassau,Bahamas,25.7,29.3,1,6.900000000000002,ED_VERY_SAFE,1,lof
Cairo,Egypt,39.4,39.4,3,52.53333333333333,ED_CAUTION,1,iso_forest
Valletta,Malta,28.1,31.7,2,25.2,ED_MODERATE_SAFE,1,lof
Abu Dhabi,United Arab Emirates,39.2,41.2,4,81.25576923076923,ED_VERY_DANGEROUS,1,iso_forest
Doha,Qatar,36.4,43.7,4,85.14038461538462,ED_VERY_DANGEROUS,1,iso_forest
Kyiv,Ukraine,20.6,20.6,2,8.0,ED_VERY_SAFE,1,lof
Riyadh,Saudi Arabia,39.2,39.2,4,77.025,ED_VERY_DANGEROUS,1,iso_forest
New Delhi,India,37.1,37.1,4,70.725,ED_DANGEROUS,1,iso_forest
Madrid,Spain,31.2,31.2,2,20.599999999999998,ED_MODERATE_SAFE,1,lof
Malabo,Equatorial Guinea,25.3,27.1,1,4.300000000000004,ED_VERY_SAFE,1,lof
Jakarta,Indonesia,32.1,35.4,5,80.52916666666665,ED_VERY_DANGEROUS,1,lof
Ouagadougou,Burkina Faso,21.3,21.3,1,0.0,ED_VERY_SAFE,1,lof
Baghdad,Iraq,34.3,34.3,3,47.03333333333333,ED_CAUTION,1,lof
Manama,Bahrain,36.2,47.6,4,89.04038461538461,ED_VERY_DANGEROUS,1,iso_forest
Mogadishu,Somalia,26.2,28.0,1,15.0,ED_MODERATE_SAFE,1,lof
Doha,Qatar,42.1,43.1,3,62.22307692307693,ED_DANGEROUS,1,iso_forest
Antananarivo,Madagascar,19.2,19.2,1,9.6,ED_VERY_SAFE,1,lof
Singapore,Singapore,31.3,39.5,1,29.6,ED_MODERATE_SAFE,1,hot_but_safe
Belgrade,Serbia,23.2,25.2,2,8.0,ED_VERY_SAFE,1,lof
Baghdad,Iraq,40.3,40.4,2,47.5,ED_CAUTION,1,iso_forest
Doha,Qatar,41.1,41.6,4,81.8173076923077,ED_VERY_DANGEROUS,1,iso_forest
Monaco,Monaco,31.4,33.6,1,20.666666666666668,ED_MODERATE_SAFE,1,lof
Dhaka,Bangladesh,35.3,41.4,2,44.06153846153846,ED_CAUTION,1,lof
Kuwait City,Kuwait,44.2,46.6,5,100.0,ED_VERY_DANGEROUS,1,iso_forest
Muscat,Oman,33.2,41.0,3,59.3,ED_DANGEROUS,1,iso_forest
Port Louis,Mauritius,23.2,25.1,1,6.75,ED_VERY_SAFE,1,lof
Manama,Bahrain,40.1,49.8,4,91.77884615384615,ED_VERY_DANGEROUS,1,iso_forest
Muscat,Oman,38.1,40.7,3,59.50000000000001,ED_DANGEROUS,1,iso_forest
Kabul,Afghanistan,26.4,26.4,2,14.3,ED_VERY_SAFE,1,lof
Kuwait City,Kuwait,42.1,43.5,4,84.10961538461538,ED_VERY_DANGEROUS,1,iso_forest
Riyadh,Saudi Arabia,41.1,41.6,6,100.0,ED_VERY_DANGEROUS,1,iso_forest
Bangkok,Thailand,34.1,38.5,2,33.833333333333336,ED_MODERATE_SAFE,1,hot_but_safe
Phnom Penh,Cambodia,25.4,25.9,1,5.4,ED_VERY_SAFE,1,lof
Kyiv,Ukraine,16.7,16.7,2,8.0,ED_VERY_SAFE,1,lof
Ban Lom,Vietnam,30.6,38.1,1,26.66666666666667,ED_MODERATE_SAFE,1,hot_but_safe
N'djamena,Chad,23.4,25.3,2,12.0,ED_VERY_SAFE,1,lof
Abu Dhabi,United Arab Emirates,42.3,44.3,4,83.28269230769232,ED_VERY_DANGEROUS,1,iso_forest
Banjul,Gambia,22.2,24.6,1,0.0,ED_VERY_SAFE,1,lof
Santiago,Chile,1.2,1.2,4,34.25848877252994,ED_MODERATE_SAFE,1,iso_forest
Manama,Bahrain,39.0,41.0,4,81.525,ED_VERY_DANGEROUS,1,iso_forest
Addis Ababa,Ethiopia,15.0,15.0,1,10.5,ED_VERY_SAFE,1,lof
Ngaoundere,Cameroon,18.2,18.2,1,7.199999999999999,ED_VERY_SAFE,1,lof
Santo Domingo,Dominican Republic,25.2,28.8,2,13.400000000000002,ED_VERY_SAFE,1,lof
Nassau,Bahamas,28.3,33.2,1,17.000000000000004,ED_MODERATE_SAFE,1,lof
Sanaa,Yemen,16.2,16.2,3,18.0,ED_MODERATE_SAFE,1,lof
Zagreb,Croatia,19.3,19.3,2,8.0,ED_VERY_SAFE,1,lof
Singapore,Singapore,29.2,33.7,1,17.83333333333334,ED_MODERATE_SAFE,1,lof
Jakarta,Indonesia,31.4,35.8,6,86.03333333333333,ED_VERY_DANGEROUS,1,iso_forest
Islamabad,Pakistan,36.9,36.9,3,51.86666666666666,ED_CAUTION,1,iso_forest
Abu Dhabi,United Arab Emirates,44.1,46.1,4,86.60961538461538,ED_VERY_DANGEROUS,1,iso_forest
Baghdad,Iraq,40.3,40.4,2,46.9,ED_CAUTION,1,iso_forest
Basseterre,Saint Kitts and Nevis,28.4,32.7,2,24.16666666666667,ED_MODERATE_SAFE,1,lof
Abu Dhabi,United Arab Emirates,41.2,43.2,3,61.738461538461536,ED_DANGEROUS,1,iso_forest
Djibouti,Djibouti,40.3,42.3,2,50.2,ED_CAUTION,1,iso_forest
Harare,Zimbabwe,22.8,22.8,2,17.7,ED_MODERATE_SAFE,1,lof
Monaco,Monaco,26.4,27.5,2,10.399999999999999,ED_VERY_SAFE,1,lof
Manama,Bahrain,39.0,41.0,4,81.525,ED_VERY_DANGEROUS,1,iso_forest
Dhaka,Bangladesh,30.8,35.4,2,31.666666666666664,ED_MODERATE_SAFE,1,lof
Yangon,Myanmar,28.1,33.0,1,20.166666666666668,ED_MODERATE_SAFE,1,lof
Riyadh,Saudi Arabia,41.2,41.7,6,100.0,ED_VERY_DANGEROUS,1,iso_forest
Kuwait City,Kuwait,41.4,42.8,4,83.70192307692307,ED_VERY_DANGEROUS,1,iso_forest
Kuwait City,Kuwait,42.1,49.5,4,90.83269230769231,ED_VERY_DANGEROUS,1,iso_forest
Airai,Palau,31.1,38.7,1,27.966666666666672,ED_MODERATE_SAFE,1,hot_but_safe
Khartoum,Sudan,39.1,39.1,2,46.833333333333336,ED_CAUTION,1,iso_forest
Muscat,Oman,33.0,41.2,3,55.88076923076923,ED_DANGEROUS,1,iso_forest
Doha,Qatar,39.1,46.4,4,87.25576923076923,ED_VERY_DANGEROUS,1,iso_forest
Bissau,Guinea-Bissau,24.4,26.8,1,0.0,ED_VERY_SAFE,1,lof
Bangkok,Thailand,30.2,38.3,1,25.499999999999996,ED_MODERATE_SAFE,1,hot_but_safe
Tarawa,Kiribati,28.2,30.6,1,10.800000000000004,ED_VERY_SAFE,1,lof
Sanaa,Yemen,28.8,28.8,2,25.400000000000002,ED_MODERATE_SAFE,1,iso_forest
Yamoussoukro,Cote d'Ivoire,22.2,24.6,1,0.0,ED_VERY_SAFE,1,lof
Belgrade,Serbia,31.1,31.1,1,17.000000000000004,ED_MODERATE_SAFE,1,lof
Baghdad,Iraq,40.3,40.4,4,79.925,ED_VERY_DANGEROUS,1,iso_forest
Tokyo,Japan,30.4,34.5,2,27.166666666666668,ED_MODERATE_SAFE,1,lof
Manama,Bahrain,40.1,42.1,4,82.09423076923078,ED_VERY_DANGEROUS,1,iso_forest
Accra,Ghana,29.3,36.0,1,21.666666666666668,ED_MODERATE_SAFE,1,lof
Kampala,Uganda,20.0,20.0,2,17.7,ED_MODERATE_SAFE,1,lof
Port Moresby,Papua New Guinea,28.0,33.4,1,17.333333333333332,ED_MODERATE_SAFE,1,lof
Kuwait City,Kuwait,41.9,44.7,5,100.0,ED_VERY_DANGEROUS,1,iso_forest
Baku,Azerbaijan,27.4,29.0,2,21.2,ED_MODERATE_SAFE,1,lof
Muscat,Oman,34.0,42.8,3,62.07692307692307,ED_DANGEROUS,1,iso_forest
Port Louis,Mauritius,20.2,20.2,1,8.100000000000001,ED_VERY_SAFE,1,lof
Kuwait City,Kuwait,43.2,44.9,5,100.0,ED_VERY_DANGEROUS,1,iso_forest
Antananarivo,Madagascar,15.0,15.0,1,10.1,ED_VERY_SAFE,1,lof
San Marino,San Marino,25.1,26.7,1,0.0,ED_VERY_SAFE,1,lof
Nairobi,Kenya,16.1,16.1,2,10.399999999999999,ED_VERY_SAFE,1,lof
Bangkok,Thailand,31.3,39.1,1,30.033333333333335,ED_MODERATE_SAFE,1,hot_but_safe
Ankara,Turkey,16.4,16.4,2,17.0,ED_MODERATE_SAFE,1,lof
Nassau,Bahamas,26.3,29.5,1,7.5,ED_VERY_SAFE,1,lof
Muscat,Oman,35.2,46.3,4,88.74038461538461,ED_VERY_DANGEROUS,1,iso_forest
Nouakchott,Mauritania,26.3,30.0,2,17.0,ED_MODERATE_SAFE,1,lof
Port Royal,Jamaica,29.4,37.9,2,32.83333333333333,ED_MODERATE_SAFE,1,lof
Abu Dhabi,United Arab Emirates,40.2,42.2,4,83.70961538461539,ED_VERY_DANGEROUS,1,iso_forest
Port Louis,Mauritius,22.1,24.6,1,8.850000000000001,ED_VERY_SAFE,1,lof
Islamabad,Pakistan,37.4,37.8,4,72.79166666666666,ED_DANGEROUS,1,iso_forest
Manama,Bahrain,37.1,39.1,4,78.15833333333333,ED_VERY_DANGEROUS,1,iso_forest
Baghdad,Iraq,39.1,39.1,3,54.733333333333334,ED_CAUTION,1,iso_forest
Nassau,Bahamas,27.3,33.4,1,17.333333333333332,ED_MODERATE_SAFE,1,lof
Athens,Greece,21.3,21.3,1,8.25,ED_VERY_SAFE,1,lof
Manama,Bahrain,41.2,43.2,4,84.76346153846154,ED_VERY_DANGEROUS,1,iso_forest
Douala,Cameroon,24.3,26.2,2,11.4,ED_VERY_SAFE,1,lof
Tirana,Albania,24.4,25.9,1,0.0,ED_VERY_SAFE,1,lof
Colombo,Sri Lanka,30.2,38.4,1,29.566666666666663,ED_MODERATE_SAFE,1,hot_but_safe
Banjul,Gambia,24.3,26.4,1,0.0,ED_VERY_SAFE,1,lof
Doha,Qatar,43.0,44.6,4,86.27884615384616,ED_VERY_DANGEROUS,1,iso_forest
Bern,Switzerland,16.2,16.2,1,0.0,ED_VERY_SAFE,1,lof
Riyadh,Saudi Arabia,40.0,40.0,4,80.85833333333333,ED_VERY_DANGEROUS,1,iso_forest
Pretoria,South Africa,16.4,16.4,4,36.7,ED_CAUTION,1,iso_forest
Ashgabat,Turkmenistan,38.1,38.1,1,35.76666666666667,ED_CAUTION,1,iso_forest
Abu Dhabi,United Arab Emirates,38.4,40.4,4,78.175,ED_VERY_DANGEROUS,1,iso_forest
Washington Harbor,United States of America,14.4,14.4,2,8.0,ED_VERY_SAFE,1,lof
Abu Dhabi,United Arab Emirates,42.3,44.3,4,85.9326923076923,ED_VERY_DANGEROUS,1,iso_forest
Funafuti,Tuvalu,29.4,34.7,1,19.500000000000007,ED_MODERATE_SAFE,1,lof
Ouagadougou,Burkina Faso,24.1,26.5,1,0.0,ED_VERY_SAFE,1,lof
Dili,Timor-Leste,26.7,28.4,1,4.199999999999996,ED_VERY_SAFE,1,lof
Ljubljana,Slovenia,18.1,18.1,1,0.0,ED_VERY_SAFE,1,lof
Belgrade,Serbia,21.1,21.1,2,8.0,ED_VERY_SAFE,1,lof
Baghdad,Iraq,40.1,40.1,2,47.9,ED_CAUTION,1,iso_forest
Riyadh,Saudi Arabia,40.4,40.5,6,100.0,ED_VERY_DANGEROUS,1,iso_forest
Port Vila,Vanuatu,23.2,25.1,2,8.0,ED_VERY_SAFE,1,lof
Basseterre,Saint Kitts and Nevis,28.4,32.8,1,16.33333333333333,ED_MODERATE_SAFE,1,lof
Riyadh,Saudi Arabia,38.3,38.3,6,98.8,ED_VERY_DANGEROUS,1,iso_forest
Santo Domingo,Dominican Republic,28.1,34.7,1,19.500000000000007,ED_MODERATE_SAFE,1,lof
Sanaa,Yemen,21.6,21.6,2,19.0,ED_MODERATE_SAFE,1,lof
Kuwait City,Kuwait,42.3,43.5,4,85.10961538461538,ED_VERY_DANGEROUS,1,iso_forest
Kigali,Rwanda,17.3,17.3,4,32.9,ED_MODERATE_SAFE,1,lof
Doha,Qatar,40.3,46.8,4,88.01730769230768,ED_VERY_DANGEROUS,1,iso_forest
Beirut,Lebanon,26.3,26.5,3,29.0,ED_MODERATE_SAFE,1,lof
Addis Ababa,Ethiopia,21.1,21.1,3,30.0,ED_MODERATE_SAFE,1,iso_forest
Asmara,Eritrea,18.9,19.0,2,18.1,ED_MODERATE_SAFE,1,lof
Bras,Brazil,22.4,24.9,1,0.0,ED_VERY_SAFE,1,lof
Rabat,Morocco,20.3,20.3,2,8.0,ED_VERY_SAFE,1,lof
Nan,Thailand,31.3,40.0,1,33.233333333333334,ED_MODERATE_SAFE,1,hot_but_safe
Moscow,Russia,12.2,12.2,3,18.0,ED_MODERATE_SAFE,1,lof
Doha,Qatar,37.2,47.8,4,88.37115384615385,ED_VERY_DANGEROUS,1,iso_forest
Beirut,Lebanon,26.0,27.9,3,30.699999999999996,ED_MODERATE_SAFE,1,lof
Baghdad,Iraq,40.3,40.4,2,47.3,ED_CAUTION,1,iso_forest
Muscat,Oman,35.4,37.4,4,72.275,ED_DANGEROUS,1,iso_forest
Kuwait City,Kuwait,42.6,44.1,4,86.20192307692308,ED_VERY_DANGEROUS,1,iso_forest
Santiago,Chile,2.3,2.3,4,32.0,ED_MODERATE_SAFE,1,iso_forest
Jakarta,Indonesia,32.3,35.1,5,77.42916666666667,ED_VERY_DANGEROUS,1,iso_forest
Belmopan,Belize,22.0,24.7,1,0.0,ED_VERY_SAFE,1,lof
Conakry,Guinea,26.1,28.6,1,4.800000000000004,ED_VERY_SAFE,1,lof
Addis Ababa,Ethiopia,14.3,15.0,1,9.4,ED_VERY_SAFE,1,lof
Aurora,Paraguay,25.4,26.7,1,0.0,ED_VERY_SAFE,1,lof
Djibouti,Djibouti,37.2,48.0,3,66.97692307692309,ED_DANGEROUS,1,iso_forest
Kathmandu,Nepal,30.1,38.8,1,29.733333333333327,ED_MODERATE_SAFE,1,hot_but_safe
Phnom Penh,Cambodia,33.4,49.1,1,39.34615384615385,ED_CAUTION,1,lof
Baghdad,Iraq,40.3,40.4,2,48.4,ED_CAUTION,1,iso_forest
Honiara,Solomon Islands,31.1,41.3,1,30.346153846153843,ED_MODERATE_SAFE,1,hot_but_safe
New Delhi,India,36.3,36.3,4,69.69166666666666,ED_DANGEROUS,1,iso_forest
Dhaka,Bangladesh,28.8,33.3,2,28.86666666666666,ED_MODERATE_SAFE,1,lof
N'djamena,Chad,30.1,38.1,2,34.66666666666667,ED_MODERATE_SAFE,1,hot_but_safe
Manama,Bahrain,39.1,41.1,4,81.74038461538461,ED_VERY_DANGEROUS,1,iso_forest
Abu Dhabi,United Arab Emirates,43.4,45.4,4,86.00192307692306,ED_VERY_DANGEROUS,1,iso_forest
Djibouti,Djibouti,35.4,43.8,4,83.65576923076922,ED_VERY_DANGEROUS,1,iso_forest
Nouakchott,Mauritania,29.3,29.3,5,51.900000000000006,ED_CAUTION,1,iso_forest
Muscat,Oman,37.0,37.0,3,52.233333333333334,ED_CAUTION,1,iso_forest
Islamabad,Pakistan,38.2,38.9,3,52.0,ED_CAUTION,1,iso_forest
Belmopan,Belize,24.8,28.1,1,3.3000000000000043,ED_VERY_SAFE,1,lof
Sarajevo,Bosnia and Herzegovina,17.1,17.1,1,0.0,ED_VERY_SAFE,1,lof
Santiago,Chile,5.2,5.2,4,32.0,ED_MODERATE_SAFE,1,iso_forest
Manama,Bahrain,39.2,41.2,4,80.85576923076923,ED_VERY_DANGEROUS,1,iso_forest
Abu Dhabi,United Arab Emirates,41.0,43.0,4,83.4326923076923,ED_VERY_DANGEROUS,1,iso_forest
Dili,Timor-Leste,27.1,28.8,1,5.400000000000002,ED_VERY_SAFE,1,lof
Aurora,Paraguay,29.9,29.9,2,16.699999999999996,ED_MODERATE_SAFE,1,lof
Madrid,Spain,30.0,30.0,2,17.0,ED_MODERATE_SAFE,1,lof
Doha,Qatar,41.2,49.6,4,91.84807692307692,ED_VERY_DANGEROUS,1,iso_forest
Phnom Penh,Cambodia,28.0,29.2,1,6.599999999999998,ED_VERY_SAFE,1,lof
Riyadh,Saudi Arabia,41.2,41.7,6,100.0,ED_VERY_DANGEROUS,1,iso_forest
Apia,Samoa,24.2,25.8,1,0.0,ED_VERY_SAFE,1,lof
Riyadh,Saudi Arabia,39.4,39.4,6,100.0,ED_VERY_DANGEROUS,1,iso_forest
Baghdad,Iraq,41.1,41.6,2,48.69230769230769,ED_CAUTION,1,iso_forest
Dili,Timor-Leste,26.7,28.2,1,3.599999999999998,ED_VERY_SAFE,1,lof
Doha,Qatar,40.2,42.2,4,83.20961538461539,ED_VERY_DANGEROUS,1,iso_forest
Muscat,Oman,34.3,43.5,3,61.48461538461539,ED_DANGEROUS,1,iso_forest
Yangon,Myanmar,32.2,46.7,2,44.57692307692308,ED_CAUTION,1,lof
Abu Dhabi,United Arab Emirates,39.2,41.2,4,82.55576923076923,ED_VERY_DANGEROUS,1,iso_forest
Sanaa,Yemen,17.7,17.7,4,35.1,ED_CAUTION,1,lof
Basseterre,Saint Kitts and Nevis,28.4,32.0,1,15.0,ED_MODERATE_SAFE,1,lof
Kuwait City,Kuwait,40.6,41.8,4,82.34807692307692,ED_VERY_DANGEROUS,1,iso_forest
Maputo,Mozambique,22.0,24.6,2,10.100000000000001,ED_VERY_SAFE,1,lof
Kuwait City,Kuwait,45.1,48.1,4,89.61730769230769,ED_VERY_DANGEROUS,1,iso_forest
Monaco,Monaco,23.2,25.1,1,0.0,ED_VERY_SAFE,1,lof
Honiara,Solomon Islands,28.2,33.2,1,17.000000000000004,ED_MODERATE_SAFE,1,lof
Basseterre,Saint Kitts and Nevis,27.3,30.6,1,10.800000000000004,ED_VERY_SAFE,1,lof
Doha,Qatar,41.0,41.4,3,60.46153846153846,ED_DANGEROUS,1,iso_forest
Tegucigalpa,Honduras,20.4,20.4,1,0.0,ED_VERY_SAFE,1,lof
Beijing,China,23.4,23.9,5,45.0,ED_CAUTION,1,lof
Manama,Bahrain,35.3,44.3,4,86.4326923076923,ED_VERY_DANGEROUS,1,iso_forest
Jakarta,Indonesia,31.1,34.8,6,84.96666666666665,ED_VERY_DANGEROUS,1,iso_forest
Baghdad,Iraq,41.3,41.9,3,59.638461538461534,ED_DANGEROUS,1,iso_forest
Abu Dhabi,United Arab Emirates,37.2,39.2,3,57.00000000000001,ED_DANGEROUS,1,iso_forest
Ban Lom,Vietnam,33.9,40.0,1,34.03333333333334,ED_MODERATE_SAFE,1,hot_but_safe
Nan,Thailand,27.3,32.9,1,16.499999999999996,ED_MODERATE_SAFE,1,lof
Pyongyang,North Korea,27.8,31.0,2,20.0,ED_MODERATE_SAFE,1,lof
Doha,Qatar,39.1,46.9,4,88.7326923076923,ED_VERY_DANGEROUS,1,iso_forest
Castries,Saint Lucia,28.0,32.4,1,15.666666666666664,ED_MODERATE_SAFE,1,lof
Colombo,Sri Lanka,31.1,41.2,1,36.830769230769235,ED_CAUTION,1,lof
Singapore,Singapore,32.3,42.0,2,42.55384615384615,ED_CAUTION,1,lof
Riyadh,Saudi Arabia,42.3,43.5,6,100.0,ED_VERY_DANGEROUS,1,iso_forest
Singapore,Singapore,32.2,39.9,1,32.166666666666664,ED_MODERATE_SAFE,1,hot_but_safe
Seoul,South Korea,26.2,28.2,2,11.599999999999998,ED_VERY_SAFE,1,lof
Riyadh,Saudi Arabia,37.4,37.4,5,91.6625,ED_VERY_DANGEROUS,1,iso_forest
Brazzaville,Congo,27.3,29.5,4,39.5,ED_CAUTION,1,lof
Guatemala City,Guatemala,17.4,17.4,2,8.0,ED_VERY_SAFE,1,lof
Havana,Cuba,24.0,26.7,1,0.0,ED_VERY_SAFE,1,lof
Sanaa,Yemen,27.7,27.7,3,32.099999999999994,ED_MODERATE_SAFE,1,iso_forest
Doha,Qatar,37.1,45.7,4,87.14807692307693,ED_VERY_DANGEROUS,1,iso_forest
Riyadh,Saudi Arabia,42.2,43.3,4,84.97884615384616,ED_VERY_DANGEROUS,1,iso_forest
Kuwait City,Kuwait,42.7,44.1,4,85.30192307692307,ED_VERY_DANGEROUS,1,iso_forest
Singapore,Singapore,31.3,40.0,1,28.333333333333336,ED_MODERATE_SAFE,1,hot_but_safe
Ban Lom,Vietnam,28.6,34.9,2,30.933333333333334,ED_MODERATE_SAFE,1,lof
Port Of Spain,Trinidad and Tobago,26.3,30.3,1,9.900000000000002,ED_VERY_SAFE,1,lof
Abu Dhabi,United Arab Emirates,42.4,44.4,3,63.42307692307692,ED_DANGEROUS,1,iso_forest
Tokyo,Japan,21.1,21.1,4,32.0,ED_MODERATE_SAFE,1,lof
Kinshasa,Democratic Republic of Congo,27.3,29.6,4,40.1,ED_CAUTION,1,lof
Saint John's,Antigua and Barbuda,28.3,32.0,1,15.0,ED_MODERATE_SAFE,1,lof
Nassau,Bahamas,29.1,35.1,1,20.16666666666667,ED_MODERATE_SAFE,1,lof
Baghdad,Iraq,39.3,39.3,2,46.266666666666666,ED_CAUTION,1,iso_forest
Bandar Seri Begawan,Brunei Darussalam,32.3,43.9,1,33.34615384615385,ED_MODERATE_SAFE,1,hot_but_safe
Conakry,Guinea,26.4,29.2,1,6.599999999999998,ED_VERY_SAFE,1,lof
Santo Domingo,Dominican Republic,25.3,28.9,2,13.699999999999996,ED_VERY_SAFE,1,lof
Phnom Penh,Cambodia,35.2,38.5,2,33.833333333333336,ED_MODERATE_SAFE,1,hot_but_safe
Nuku`Aloia,Tonga,23.1,25.3,1,0.0,ED_VERY_SAFE,1,lof
Abu Dhabi,United Arab Emirates,42.2,44.2,3,62.792307692307695,ED_DANGEROUS,1,iso_forest
Riyadh,Saudi Arabia,41.2,41.7,4,83.0326923076923,ED_VERY_DANGEROUS,1,iso_forest
Islamabad,Pakistan,29.2,29.2,3,30.599999999999998,ED_MODERATE_SAFE,1,lof
Pyongyang,North Korea,27.9,30.1,2,17.300000000000004,ED_MODERATE_SAFE,1,lof
Doha,Qatar,41.1,43.1,4,83.84807692307693,ED_VERY_DANGEROUS,1,iso_forest
Riyadh,Saudi Arabia,42.2,43.3,5,100.0,ED_VERY_DANGEROUS,1,iso_forest
New Delhi,India,38.2,38.2,5,88.29583333333335,ED_VERY_DANGEROUS,1,iso_forest
Dakar,Senegal,29.1,36.0,1,21.666666666666668,ED_MODERATE_SAFE,1,lof
Conakry,Guinea,27.3,30.8,1,11.400000000000002,ED_VERY_SAFE,1,lof
Addis Ababa,Ethiopia,22.3,23.9,4,43.8,ED_CAUTION,1,lof
Malabo,Equatorial Guinea,29.2,34.5,1,22.26666666666667,ED_MODERATE_SAFE,1,lof
Bangkok,Thailand,33.3,38.4,1,27.766666666666666,ED_MODERATE_SAFE,1,hot_but_safe
Abu Dhabi,United Arab Emirates,43.1,45.1,4,86.05576923076923,ED_VERY_DANGEROUS,1,iso_forest
Sanaa,Yemen,27.2,27.2,3,30.599999999999998,ED_MODERATE_SAFE,1,iso_forest
Manama,Bahrain,41.3,43.3,4,84.17884615384617,ED_VERY_DANGEROUS,1,iso_forest
Bridgetown,Barbados,28.4,32.7,1,16.16666666666667,ED_MODERATE_SAFE,1,lof
Bras,Brazil,21.7,21.7,1,0.0,ED_VERY_SAFE,1,lof
Bandar Seri Begawan,Brunei Darussalam,32.4,39.0,1,28.76666666666667,ED_MODERATE_SAFE,1,hot_but_safe
Thimphu,Bhutan,18.3,18.3,1,11.5,ED_VERY_SAFE,1,lof
Bogot,Bulgaria,30.1,30.1,1,14.600000000000005,ED_VERY_SAFE,1,lof
Jakarta,Indonesia,32.1,38.0,6,89.4,ED_VERY_DANGEROUS,1,iso_forest
Yangon,Myanmar,32.4,44.0,2,43.56153846153846,ED_CAUTION,1,lof
Tehran,Iran,32.1,32.1,3,45.16666666666667,ED_CAUTION,1,iso_forest
Kathmandu,Nepal,28.1,28.8,3,23.400000000000002,ED_MODERATE_SAFE,1,lof
Nassau,Bahamas,28.3,32.0,1,15.0,ED_MODERATE_SAFE,1,lof
Manama,Bahrain,41.0,43.0,4,83.83269230769231,ED_VERY_DANGEROUS,1,iso_forest
Bandar Seri Begawan,Brunei Darussalam,31.4,39.2,1,28.500000000000007,ED_MODERATE_SAFE,1,hot_but_safe
Phnom Penh,Cambodia,34.2,34.4,1,23.799999999999997,ED_MODERATE_SAFE,1,lof
Addis Ababa,Ethiopia,14.4,15.1,2,20.0,ED_MODERATE_SAFE,1,lof
Banjul,Gambia,26.2,29.2,1,6.599999999999998,ED_VERY_SAFE,1,lof
Athens,Greece,32.3,32.7,2,30.466666666666672,ED_MODERATE_SAFE,1,lof
Guatemala City,Guatemala,19.2,19.2,2,8.0,ED_VERY_SAFE,1,lof
Valletta,Malta,30.3,36.5,1,27.4,ED_MODERATE_SAFE,1,lof
New Delhi,India,34.1,35.2,5,87.09583333333335,ED_VERY_DANGEROUS,1,iso_forest
Baghdad,Iraq,42.4,43.6,2,51.7,ED_CAUTION,1,iso_forest
Ulaanbaatar,Mongolia,17.2,17.2,2,11.1,ED_VERY_SAFE,1,lof
Kuwait City,Kuwait,38.1,38.1,5,92.92916666666667,ED_VERY_DANGEROUS,1,iso_forest
Jerusalem,Israel,30.3,30.3,1,20.0,ED_MODERATE_SAFE,1,lof
Kuwait City,Kuwait,39.2,42.1,5,97.93173076923077,ED_VERY_DANGEROUS,1,iso_forest
Maseru,Lesotho,6.3,6.3,2,11.0,ED_VERY_SAFE,1,lof
Muscat,Oman,33.1,41.3,2,50.34615384615384,ED_CAUTION,1,lof
Pyongyang,North Korea,26.9,29.4,2,15.199999999999996,ED_MODERATE_SAFE,1,lof
Kathmandu,Nepal,23.3,25.4,1,4.9,ED_VERY_SAFE,1,lof
Monrovia,Liberia,25.1,27.4,1,1.1999999999999957,ED_VERY_SAFE,1,lof
Maseru,Lesotho,8.0,8.0,4,35.1,ED_CAUTION,1,iso_forest
Malabo,Equatorial Guinea,31.0,39.8,1,34.0,ED_MODERATE_SAFE,1,hot_but_safe
Santo Domingo,Dominican Republic,25.0,27.8,3,20.400000000000002,ED_MODERATE_SAFE,1,lof
Islamabad,Pakistan,33.8,38.8,4,77.35833333333333,ED_VERY_DANGEROUS,1,iso_forest
Doha,Qatar,42.3,45.1,4,86.65576923076922,ED_VERY_DANGEROUS,1,iso_forest
San Marino,San Marino,22.2,24.6,1,0.0,ED_VERY_SAFE,1,lof
Riyadh,Saudi Arabia,42.2,43.3,4,85.07884615384616,ED_VERY_DANGEROUS,1,iso_forest
Abu Dhabi,United Arab Emirates,43.4,45.4,4,87.30192307692306,ED_VERY_DANGEROUS,1,iso_forest
Bujumbura,Burundi,21.7,21.8,1,10.7,ED_VERY_SAFE,1,lof
Kabul,Afghanistan,32.1,32.1,2,35.16666666666667,ED_CAUTION,1,iso_forest
Manama,Bahrain,39.1,41.1,4,82.34038461538461,ED_VERY_DANGEROUS,1,iso_forest
Bandar Seri Begawan,Brunei Darussalam,31.4,40.5,1,31.866666666666667,ED_MODERATE_SAFE,1,hot_but_safe
Gaborone,Botswana,6.4,6.4,2,12.7,ED_VERY_SAFE,1,lof
Thimphu,Bhutan,16.5,16.5,2,14.3,ED_VERY_SAFE,1,lof
Ottawa,Canada,16.3,16.3,3,18.0,ED_MODERATE_SAFE,1,lof
Moroni,Comoros,22.8,24.9,2,17.2,ED_MODERATE_SAFE,1,lof
Conakry,Guinea,25.0,27.3,1,0.9000000000000021,ED_VERY_SAFE,1,lof
Kuwait City,Kuwait,44.3,46.7,5,100.0,ED_VERY_DANGEROUS,1,iso_forest
Addis Ababa,Ethiopia,20.2,20.2,3,30.0,ED_MODERATE_SAFE,1,iso_forest
Baghdad,Iraq,43.0,44.6,3,62.95384615384616,ED_DANGEROUS,1,iso_forest
Abu Dhabi,United Arab Emirates,46.2,48.2,4,89.4326923076923,ED_VERY_DANGEROUS,1,iso_forest
Muscat,Oman,31.1,37.0,3,53.333333333333336,ED_CAUTION,1,iso_forest
Doha,Qatar,39.1,49.8,4,92.47884615384615,ED_VERY_DANGEROUS,1,iso_forest
Riyadh,Saudi Arabia,43.1,44.7,4,86.59423076923078,ED_VERY_DANGEROUS,1,iso_forest
Tokyo,Japan,23.1,25.0,3,18.0,ED_MODERATE_SAFE,1,lof
Bangkok,Thailand,35.1,38.1,1,32.51666666666667,ED_MODERATE_SAFE,1,hot_but_safe
Dili,Timor-Leste,26.8,29.5,2,15.5,ED_MODERATE_SAFE,1,lof
Ban Lom,Vietnam,32.6,40.3,1,34.43333333333333,ED_MODERATE_SAFE,1,hot_but_safe
Baghdad,Iraq,35.1,35.1,4,72.79166666666667,ED_DANGEROUS,1,iso_forest
Vestmannaeyjar,Iceland,11.2,11.2,1,0.0,ED_VERY_SAFE,1,iso_forest
Tehran,Iran,34.0,34.0,2,38.33333333333333,ED_CAUTION,1,iso_forest
New Delhi,India,34.1,34.1,4,59.125,ED_DANGEROUS,1,iso_forest
Hanoi,Vietnam,36.0,42.9,5,93.7548076923077,ED_VERY_DANGEROUS,1,iso_forest
Kabul,Afghanistan,31.3,31.3,2,32.900000000000006,ED_MODERATE_SAFE,1,iso_forest
Vestmannaeyjar,Iceland,6.4,6.4,1,0.0,ED_VERY_SAFE,1,iso_forest
Manama,Bahrain,41.1,43.1,4,84.44807692307694,ED_VERY_DANGEROUS,1,iso_forest
Santiago,Chile,2.2,2.2,4,32.0,ED_MODERATE_SAFE,1,iso_forest
Tehran,Iran,36.4,36.4,3,52.33333333333333,ED_CAUTION,1,iso_forest
Baghdad,Iraq,43.3,45.1,2,53.43076923076923,ED_CAUTION,1,iso_forest
Kuwait City,Kuwait,44.9,47.8,5,100.0,ED_VERY_DANGEROUS,1,iso_forest
Baghdad,Iraq,42.2,43.3,2,51.253846153846155,ED_CAUTION,1,iso_forest
Bamako,Mali,22.1,24.2,3,18.0,ED_MODERATE_SAFE,1,lof
Porto-Novo,Benin,26.4,30.9,2,19.699999999999996,ED_MODERATE_SAFE,1,lof
Bandar Seri Begawan,Brunei Darussalam,31.2,38.2,1,28.53333333333334,ED_MODERATE_SAFE,1,hot_but_safe
Santiago,Chile,7.2,7.2,5,45.0,ED_CAUTION,1,iso_forest
Beijing,China,31.4,39.6,3,45.66666666666667,ED_CAUTION,1,lof
Djibouti,Djibouti,38.3,40.3,4,79.35833333333333,ED_VERY_DANGEROUS,1,iso_forest
Conakry,Guinea,24.2,26.3,1,0.0,ED_VERY_SAFE,1,lof
Tokyo,Japan,37.1,46.9,2,44.80769230769231,ED_CAUTION,1,lof
Muscat,Oman,42.0,44.0,3,63.46153846153846,ED_DANGEROUS,1,iso_forest
Kuala Lumpur,Malaysia,36.4,46.3,4,82.24038461538461,ED_VERY_DANGEROUS,1,lof
Nan,Thailand,31.0,38.8,1,33.83333333333333,ED_MODERATE_SAFE,1,hot_but_safe
Kuwait City,Kuwait,44.8,47.6,6,100.0,ED_VERY_DANGEROUS,1,iso_forest
Antananarivo,Madagascar,16.1,16.1,1,9.1,ED_VERY_SAFE,1,lof
Dhidhdhoo,Maldives,26.6,29.5,1,7.800000000000001,ED_VERY_SAFE,1,lof
Port Louis,Mauritius,22.1,24.5,1,8.55,ED_VERY_SAFE,1,lof
Chi Chi Khvar,Iran,35.3,35.3,2,40.5,ED_CAUTION,1,iso_forest
Nassau,Bahamas,29.1,35.7,1,21.16666666666667,ED_MODERATE_SAFE,1,lof
Hanoi,Vietnam,38.0,40.0,3,47.53333333333334,ED_CAUTION,1,lof
Palikir,Micronesia,30.3,37.1,1,23.500000000000004,ED_MODERATE_SAFE,1,lof
Riyadh,Saudi Arabia,39.1,39.1,4,77.95833333333334,ED_VERY_DANGEROUS,1,iso_forest
Ulaanbaatar,Mongolia,23.1,25.5,2,11.8,ED_VERY_SAFE,1,lof
Yangon,Myanmar,32.2,39.5,1,27.5,ED_MODERATE_SAFE,1,hot_but_safe
Pyongyang,North Korea,29.6,32.9,2,24.499999999999996,ED_MODERATE_SAFE,1,lof
Muscat,Oman,31.4,37.1,2,43.5,ED_CAUTION,1,lof
Funafuti,Tuvalu,30.3,37.7,1,24.500000000000007,ED_MODERATE_SAFE,1,lof
Ban Lom,Vietnam,34.4,40.7,1,35.95,ED_CAUTION,1,lof
Pretoria,South Africa,18.2,18.2,5,48.1,ED_CAUTION,1,iso_forest
Doha,Qatar,42.4,43.6,4,85.625,ED_VERY_DANGEROUS,1,iso_forest
Washington Harbor,United States of America,12.8,12.8,4,32.0,ED_MODERATE_SAFE,1,lof
Manila,Philippines,32.2,42.3,1,31.499999999999996,ED_MODERATE_SAFE,1,hot_but_safe
Doha,Qatar,38.3,43.3,4,84.87884615384615,ED_VERY_DANGEROUS,1,iso_forest
Riyadh,Saudi Arabia,42.0,43.0,4,84.7326923076923,ED_VERY_DANGEROUS,1,iso_forest
Pretoria,South Africa,15.2,15.2,5,48.9,ED_CAUTION,1,iso_forest
Seoul,South Korea,32.4,33.9,2,26.166666666666664,ED_MODERATE_SAFE,1,lof
Dodoma,Tanzania,21.1,21.1,1,10.3,ED_VERY_SAFE,1,lof
Abu Dhabi,United Arab Emirates,41.1,43.1,4,84.74807692307694,ED_VERY_DANGEROUS,1,iso_forest
Porto-Novo,Benin,30.2,36.9,2,32.36666666666667,ED_MODERATE_SAFE,1,lof
Athens,Greece,31.2,32.0,2,29.0,ED_MODERATE_SAFE,1,lof
Conakry,Guinea,25.0,27.6,1,1.8000000000000043,ED_VERY_SAFE,1,lof
Andorra La Vella,Andorra,27.0,27.0,2,10.399999999999999,ED_VERY_SAFE,1,lof
Doha,Qatar,44.2,46.6,3,66.16153846153846,ED_DANGEROUS,1,iso_forest
Islamabad,Pakistan,38.6,38.6,3,54.4,ED_CAUTION,1,iso_forest
Baghdad,Iraq,42.0,43.0,3,60.50769230769231,ED_DANGEROUS,1,iso_forest
Tokyo,Japan,31.2,35.0,2,28.0,ED_MODERATE_SAFE,1,lof
Muscat,Oman,40.1,42.2,2,51.284615384615385,ED_CAUTION,1,iso_forest
Niamey,Niger,29.3,29.6,2,17.300000000000004,ED_MODERATE_SAFE,1,lof
Kathmandu,Nepal,29.1,30.8,2,23.700000000000003,ED_MODERATE_SAFE,1,lof
Windhoek,Namibia,19.4,19.4,1,1.8000000000000003,ED_VERY_SAFE,1,lof
Yangon,Myanmar,31.4,38.8,1,29.83333333333333,ED_MODERATE_SAFE,1,hot_but_safe
Muscat,Oman,42.1,44.1,3,63.57692307692308,ED_DANGEROUS,1,iso_forest
Doha,Qatar,43.2,49.3,4,91.60192307692307,ED_VERY_DANGEROUS,1,iso_forest
Maputo,Mozambique,24.0,25.2,3,20.7,ED_MODERATE_SAFE,1,lof
Riyadh,Saudi Arabia,43.1,44.7,4,86.09423076923078,ED_VERY_DANGEROUS,1,iso_forest
Seoul,South Korea,27.3,33.8,2,25.999999999999996,ED_MODERATE_SAFE,1,lof
Ulaanbaatar,Mongolia,21.2,21.2,1,4.3,ED_VERY_SAFE,1,lof
Abu Dhabi,United Arab Emirates,41.1,43.1,4,85.04807692307693,ED_VERY_DANGEROUS,1,iso_forest
Manama,Bahrain,39.1,41.1,4,82.74038461538461,ED_VERY_DANGEROUS,1,iso_forest
Havana,Cuba,25.1,27.9,1,2.6999999999999957,ED_VERY_SAFE,1,lof
Thimphu,Bhutan,15.5,15.5,1,7.800000000000001,ED_VERY_SAFE,1,lof
Manama,Bahrain,41.1,43.1,4,84.64807692307693,ED_VERY_DANGEROUS,1,iso_forest
Nan,Thailand,31.2,45.6,2,43.90769230769231,ED_CAUTION,1,lof
Kabul,Afghanistan,25.3,25.3,2,18.9,ED_MODERATE_SAFE,1,lof
Manama,Bahrain,40.2,42.2,4,83.20961538461539,ED_VERY_DANGEROUS,1,iso_forest
Abu Dhabi,United Arab Emirates,42.3,44.3,4,86.33269230769231,ED_VERY_DANGEROUS,1,iso_forest
Damascus,Syria,24.2,24.2,1,10.6,ED_VERY_SAFE,1,lof
Banjul,Gambia,25.3,28.0,1,3.0,ED_VERY_SAFE,1,lof
Baghdad,Iraq,44.1,46.4,2,54.43076923076923,ED_CAUTION,1,iso_forest
Kuwait City,Kuwait,41.7,43.7,5,98.97788461538461,ED_VERY_DANGEROUS,1,iso_forest
Muscat,Oman,40.4,42.4,3,61.61538461538461,ED_DANGEROUS,1,iso_forest
Riyadh,Saudi Arabia,42.2,43.3,4,84.67884615384617,ED_VERY_DANGEROUS,1,iso_forest
Doha,Qatar,43.2,45.2,4,86.77115384615384,ED_VERY_DANGEROUS,1,iso_forest
Colombo,Sri Lanka,31.2,40.6,2,44.083333333333336,ED_CAUTION,1,lof
Doha,Qatar,42.4,46.2,4,87.425,ED_VERY_DANGEROUS,1,iso_forest
Riyadh,Saudi Arabia,43.4,45.2,4,86.77115384615384,ED_VERY_DANGEROUS,1,iso_forest
Freetown,Sierra Leone,24.3,26.7,1,0.0,ED_VERY_SAFE,1,lof
Abu Dhabi,United Arab Emirates,41.2,43.2,4,85.16346153846155,ED_VERY_DANGEROUS,1,iso_forest
Nassau,Bahamas,27.3,31.1,1,12.300000000000004,ED_VERY_SAFE,1,lof
Kuwait City,Kuwait,40.8,41.3,6,100.0,ED_VERY_DANGEROUS,1,iso_forest
Saint George's,Grenada,28.3,33.3,1,17.16666666666666,ED_MODERATE_SAFE,1,lof
Bandar Seri Begawan,Brunei Darussalam,27.2,31.4,1,13.199999999999996,ED_VERY_SAFE,1,lof
Kabul,Afghanistan,27.8,27.8,2,20.800000000000004,ED_MODERATE_SAFE,1,lof
Manama,Bahrain,41.2,43.2,4,84.86346153846155,ED_VERY_DANGEROUS,1,iso_forest
Nassau,Bahamas,27.2,30.9,1,11.699999999999996,ED_VERY_SAFE,1,lof
Bras,Brazil,21.7,21.7,1,0.0,ED_VERY_SAFE,1,lof
Phnom Penh,Cambodia,29.1,30.2,1,11.099999999999998,ED_VERY_SAFE,1,lof
Beijing,China,28.3,31.2,5,57.599999999999994,ED_DANGEROUS,1,lof
Djibouti,Djibouti,32.8,37.1,3,53.1,ED_CAUTION,1,iso_forest
Baghdad,Iraq,45.2,48.3,2,56.82307692307692,ED_DANGEROUS,1,iso_forest
Abu Dhabi,United Arab Emirates,38.1,40.1,4,81.125,ED_VERY_DANGEROUS,1,iso_forest
Abu Dhabi,United Arab Emirates,40.3,42.3,4,84.025,ED_VERY_DANGEROUS,1,iso_forest
Funafuti,Tuvalu,30.1,37.2,1,23.66666666666667,ED_MODERATE_SAFE,1,lof
Astana,Kazakhstan,23.3,24.9,1,3.8,ED_VERY_SAFE,1,lof
Kuwait City,Kuwait,42.2,43.3,4,84.17884615384617,ED_VERY_DANGEROUS,1,iso_forest
Maseru,Lesotho,9.3,9.3,3,18.0,ED_MODERATE_SAFE,1,lof
Nan,Thailand,30.1,37.1,2,35.5,ED_CAUTION,1,lof
Stockholm,Sweden,12.3,12.8,1,3.1,ED_VERY_SAFE,1,lof
Khartoum,Sudan,35.0,35.0,5,85.5625,ED_VERY_DANGEROUS,1,iso_forest
Manama,Bahrain,38.4,40.4,4,81.025,ED_VERY_DANGEROUS,1,iso_forest
Ban Lom,Vietnam,32.1,39.4,1,32.93333333333333,ED_MODERATE_SAFE,1,hot_but_safe
Phnom Penh,Cambodia,27.2,27.7,1,2.099999999999998,ED_VERY_SAFE,1,lof
Kuwait City,Kuwait,45.8,49.4,4,91.61730769230769,ED_VERY_DANGEROUS,1,iso_forest
Djibouti,Djibouti,37.3,49.1,3,68.34615384615384,ED_DANGEROUS,1,iso_forest
Baghdad,Iraq,41.3,41.9,2,49.33846153846153,ED_CAUTION,1,iso_forest
Accra,Ghana,28.4,34.0,1,18.333333333333332,ED_MODERATE_SAFE,1,lof
Tokyo,Japan,31.1,34.4,2,26.999999999999996,ED_MODERATE_SAFE,1,lof
Amman,Jordan,40.3,40.4,2,46.4,ED_CAUTION,1,lof
Astana,Kazakhstan,24.1,24.6,1,3.0,ED_VERY_SAFE,1,lof
Moroni,Comoros,25.7,27.9,2,18.499999999999996,ED_MODERATE_SAFE,1,lof
Kuala Lumpur,Malaysia,24.4,26.3,4,32.9,ED_MODERATE_SAFE,1,lof
Riyadh,Saudi Arabia,43.2,44.9,5,100.0,ED_VERY_DANGEROUS,1,iso_forest
Phnom Penh,Cambodia,33.0,48.9,3,57.11538461538461,ED_DANGEROUS,1,lof
Ouagadougou,Burkina Faso,29.3,30.8,3,29.400000000000002,ED_MODERATE_SAFE,1,lof
Belmopan,Belize,24.4,27.4,2,9.199999999999996,ED_VERY_SAFE,1,lof
Bamako,Mali,23.1,25.4,1,0.0,ED_VERY_SAFE,1,lof
Muscat,Oman,41.3,43.3,3,62.65384615384615,ED_DANGEROUS,1,iso_forest
Doha,Qatar,41.4,43.4,4,85.39423076923077,ED_VERY_DANGEROUS,1,iso_forest
Basseterre,Saint Kitts and Nevis,28.3,31.2,1,12.599999999999998,ED_VERY_SAFE,1,lof
Manama,Bahrain,36.2,38.2,4,77.05833333333334,ED_VERY_DANGEROUS,1,iso_forest
Abu Dhabi,United Arab Emirates,40.1,42.1,3,60.66923076923077,ED_DANGEROUS,1,iso_forest
Bissau,Guinea-Bissau,26.3,29.6,1,7.800000000000004,ED_VERY_SAFE,1,lof
Ashgabat,Turkmenistan,39.4,39.6,1,38.46666666666667,ED_CAUTION,1,lof
Pretoria,South Africa,19.1,19.1,5,48.2,ED_CAUTION,1,iso_forest
Bogot,Bulgaria,32.6,32.6,1,21.800000000000004,ED_MODERATE_SAFE,1,lof
Conakry,Guinea,24.4,26.6,1,0.0,ED_VERY_SAFE,1,lof
Bissau,Guinea-Bissau,24.3,26.6,1,0.0,ED_VERY_SAFE,1,lof
Mogadishu,Somalia,28.4,32.1,1,25.66666666666667,ED_MODERATE_SAFE,1,lof
Baghdad,Iraq,42.2,43.3,2,50.753846153846155,ED_CAUTION,1,iso_forest
Riyadh,Saudi Arabia,38.3,38.3,6,99.5,ED_VERY_DANGEROUS,1,iso_forest
Valletta,Malta,30.3,36.7,2,35.53333333333334,ED_CAUTION,1,lof
Podgorica,Montenegro,35.2,35.2,1,25.63333333333334,ED_MODERATE_SAFE,1,lof
Niamey,Niger,26.1,27.8,1,2.400000000000002,ED_VERY_SAFE,1,lof
Pyongyang,North Korea,25.7,27.3,2,8.900000000000002,ED_VERY_SAFE,1,lof
Doha,Qatar,39.4,41.4,4,82.18653846153846,ED_VERY_DANGEROUS,1,iso_forest
Riyadh,Saudi Arabia,44.3,46.7,4,87.90192307692308,ED_VERY_DANGEROUS,1,iso_forest
Doha,Qatar,44.0,47.0,4,89.14807692307691,ED_VERY_DANGEROUS,1,iso_forest
Abu Dhabi,United Arab Emirates,42.3,44.3,3,63.207692307692305,ED_DANGEROUS,1,iso_forest
Hanoi,Vietnam,36.1,45.5,4,79.8173076923077,ED_VERY_DANGEROUS,1,iso_forest
Manama,Bahrain,38.2,40.2,4,80.09166666666667,ED_VERY_DANGEROUS,1,iso_forest
Bras,Brazil,22.4,24.9,1,0.0,ED_VERY_SAFE,1,lof
Manama,Bahrain,41.1,43.1,4,84.14807692307693,ED_VERY_DANGEROUS,1,iso_forest
Baku,Azerbaijan,31.0,33.6,2,35.66666666666667,ED_CAUTION,1,lof
Pyongyang,North Korea,27.9,30.9,2,19.699999999999996,ED_MODERATE_SAFE,1,lof
Vestmannaeyjar,Iceland,9.2,9.2,1,0.0,ED_VERY_SAFE,1,iso_forest
New Delhi,India,34.2,34.9,5,85.49583333333332,ED_VERY_DANGEROUS,1,iso_forest
Baghdad,Iraq,44.9,47.8,3,66.14615384615384,ED_DANGEROUS,1,iso_forest
Manama,Bahrain,35.2,44.4,3,63.92307692307692,ED_DANGEROUS,1,iso_forest
Kuwait City,Kuwait,41.1,43.1,5,99.28557692307693,ED_VERY_DANGEROUS,1,iso_forest
Kabul,Afghanistan,23.7,23.7,1,11.1,ED_VERY_SAFE,1,lof
Antananarivo,Madagascar,20.2,20.2,1,9.2,ED_VERY_SAFE,1,lof
Doha,Qatar,41.3,43.3,4,84.07884615384616,ED_VERY_DANGEROUS,1,iso_forest
Abu Dhabi,United Arab Emirates,43.4,45.4,4,86.90192307692307,ED_VERY_DANGEROUS,1,iso_forest
Abu Dhabi,United Arab Emirates,41.1,43.1,3,62.323076923076925,ED_DANGEROUS,1,iso_forest
Funafuti,Tuvalu,29.3,35.1,1,20.16666666666667,ED_MODERATE_SAFE,1,lof
Bangkok,Thailand,33.4,40.3,1,31.83333333333333,ED_MODERATE_SAFE,1,hot_but_safe
Riyadh,Saudi Arabia,43.3,45.1,4,86.65576923076922,ED_VERY_DANGEROUS,1,iso_forest
Freetown,Sierra Leone,23.3,25.8,1,0.0,ED_VERY_SAFE,1,lof
Honiara,Solomon Islands,30.3,40.4,1,29.0,ED_MODERATE_SAFE,1,hot_but_safe
Ban Lom,Vietnam,32.7,39.3,1,34.06666666666666,ED_MODERATE_SAFE,1,hot_but_safe
Bandar Seri Begawan,Brunei Darussalam,31.0,38.6,1,27.500000000000004,ED_MODERATE_SAFE,1,hot_but_safe
Santiago,Chile,4.0,4.0,4,32.0,ED_MODERATE_SAFE,1,iso_forest
Islamabad,Pakistan,36.0,36.0,2,37.46666666666667,ED_CAUTION,1,lof
Port Moresby,Papua New Guinea,27.3,30.7,1,11.099999999999998,ED_VERY_SAFE,1,lof
New Delhi,India,32.1,32.2,5,81.29583333333333,ED_VERY_DANGEROUS,1,iso_forest
Jakarta,Indonesia,30.4,33.2,6,79.9,ED_VERY_DANGEROUS,1,iso_forest
Baghdad,Iraq,44.4,46.9,3,64.6076923076923,ED_DANGEROUS,1,iso_forest
Port Royal,Jamaica,26.3,30.2,1,9.599999999999998,ED_VERY_SAFE,1,lof
Kuwait City,Kuwait,39.6,41.6,4,80.8173076923077,ED_VERY_DANGEROUS,1,iso_forest
Podgorica,Montenegro,35.3,35.3,1,25.9,ED_MODERATE_SAFE,1,lof
Santiago,Chile,7.3,7.3,5,45.0,ED_CAUTION,1,iso_forest
Doha,Qatar,43.1,45.1,4,86.45576923076922,ED_VERY_DANGEROUS,1,iso_forest
Manama,Bahrain,37.3,39.3,4,78.29166666666666,ED_VERY_DANGEROUS,1,iso_forest
Moscow,Russia,15.1,15.1,4,32.0,ED_MODERATE_SAFE,1,lof
Porto-Novo,Benin,27.0,29.7,4,40.099999999999994,ED_CAUTION,1,lof
Riyadh,Saudi Arabia,44.4,46.9,4,88.5326923076923,ED_VERY_DANGEROUS,1,iso_forest
Dakar,Senegal,27.2,31.2,1,12.599999999999998,ED_VERY_SAFE,1,lof
Colombo,Sri Lanka,26.4,28.6,2,24.700000000000003,ED_MODERATE_SAFE,1,lof
Ban Lom,Vietnam,31.8,39.4,1,33.483333333333334,ED_MODERATE_SAFE,1,hot_but_safe
Dhaka,Bangladesh,28.5,32.9,2,26.899999999999995,ED_MODERATE_SAFE,1,lof
Beijing,China,32.3,32.7,4,58.89166666666667,ED_DANGEROUS,1,lof
Abu Dhabi,United Arab Emirates,43.2,45.2,4,86.87115384615385,ED_VERY_DANGEROUS,1,iso_forest
Muscat,Oman,43.3,48.2,3,67.6076923076923,ED_DANGEROUS,1,iso_forest
Amman,Jordan,23.2,23.6,1,10.5,ED_VERY_SAFE,1,lof
Bogot,Bulgaria,34.8,34.8,1,25.666666666666664,ED_MODERATE_SAFE,1,lof
Palikir,Micronesia,29.3,35.4,1,20.666666666666664,ED_MODERATE_SAFE,1,lof
Kuwait City,Kuwait,39.4,39.4,5,94.59583333333333,ED_VERY_DANGEROUS,1,iso_forest
Baghdad,Iraq,45.2,48.3,2,56.62307692307692,ED_DANGEROUS,1,iso_forest
Tokyo,Japan,26.1,27.4,3,19.199999999999996,ED_MODERATE_SAFE,1,lof
Kuwait City,Kuwait,40.3,42.6,4,82.57115384615385,ED_VERY_DANGEROUS,1,iso_forest
Nouakchott,Mauritania,27.1,30.1,1,9.300000000000004,ED_VERY_SAFE,1,lof
Muscat,Oman,37.2,39.2,2,46.60000000000001,ED_CAUTION,1,lof
Bangkok,Thailand,36.1,44.3,2,46.40769230769231,ED_CAUTION,1,lof
Doha,Qatar,39.3,46.9,4,88.2326923076923,ED_VERY_DANGEROUS,1,iso_forest
Bucharest,Romania,31.3,31.3,1,18.800000000000004,ED_MODERATE_SAFE,1,lof
Riyadh,Saudi Arabia,43.3,45.1,5,100.0,ED_VERY_DANGEROUS,1,iso_forest
Victoria,Seychelles Islands,26.1,29.5,1,19.5,ED_MODERATE_SAFE,1,lof
Mogadishu,Somalia,26.2,28.4,1,15.599999999999996,ED_MODERATE_SAFE,1,lof
Suva,Fiji Islands,25.1,27.9,1,2.6999999999999957,ED_VERY_SAFE,1,lof
Malabo,Equatorial Guinea,28.2,32.7,1,18.56666666666667,ED_MODERATE_SAFE,1,lof
Islamabad,Pakistan,31.7,36.2,2,33.70000000000001,ED_MODERATE_SAFE,1,lof
Doha,Qatar,38.2,43.8,4,84.05576923076923,ED_VERY_DANGEROUS,1,iso_forest
Riyadh,Saudi Arabia,39.2,39.2,4,78.72500000000001,ED_VERY_DANGEROUS,1,iso_forest
National,Bolivia,21.9,21.9,1,0.0,ED_VERY_SAFE,1,lof
Sanaa,Yemen,24.8,24.8,2,20.0,ED_MODERATE_SAFE,1,lof
Baku,Azerbaijan,18.3,18.3,1,0.0,ED_VERY_SAFE,1,lof
New Delhi,India,38.1,38.1,5,89.02916666666667,ED_VERY_DANGEROUS,1,iso_forest
Vestmannaeyjar,Iceland,12.1,12.3,1,0.0,ED_VERY_SAFE,1,lof
Manama,Bahrain,35.0,46.6,4,86.98653846153846,ED_VERY_DANGEROUS,1,iso_forest
Beijing,China,32.1,32.1,5,71.22916666666667,ED_DANGEROUS,1,iso_forest
Addis Ababa,Ethiopia,14.3,14.3,2,20.0,ED_MODERATE_SAFE,1,lof
Jakarta,Indonesia,32.4,37.3,6,89.03333333333333,ED_VERY_DANGEROUS,1,iso_forest
Kuwait City,Kuwait,38.6,38.6,4,76.625,ED_VERY_DANGEROUS,1,iso_forest
Tbilisi,Georgia,19.1,19.1,1,9.8,ED_VERY_SAFE,1,lof
Nan,Thailand,32.2,40.0,1,34.03333333333334,ED_MODERATE_SAFE,1,hot_but_safe
Doha,Qatar,36.2,49.9,3,68.26923076923077,ED_DANGEROUS,1,iso_forest
Riyadh,Saudi Arabia,35.1,35.1,5,87.02916666666667,ED_VERY_DANGEROUS,1,iso_forest
Malabo,Equatorial Guinea,28.1,34.9,1,19.833333333333332,ED_MODERATE_SAFE,1,lof
Bandar Seri Begawan,Brunei Darussalam,31.3,41.8,1,30.92307692307692,ED_MODERATE_SAFE,1,hot_but_safe
Conakry,Guinea,25.2,27.5,1,1.5,ED_VERY_SAFE,1,lof
Kuwait City,Kuwait,40.2,40.6,4,79.85833333333333,ED_VERY_DANGEROUS,1,iso_forest
Antananarivo,Madagascar,26.1,26.1,1,11.5,ED_VERY_SAFE,1,lof
Doha,Qatar,36.2,48.1,4,89.2173076923077,ED_VERY_DANGEROUS,1,iso_forest
Baghdad,Iraq,38.1,38.1,3,54.06666666666667,ED_CAUTION,1,iso_forest
Riyadh,Saudi Arabia,37.3,37.3,4,74.55833333333332,ED_DANGEROUS,1,iso_forest
Doha,Qatar,37.1,38.6,4,77.225,ED_VERY_DANGEROUS,1,iso_forest
Ulaanbaatar,Mongolia,24.0,26.5,1,2.1000000000000005,ED_VERY_SAFE,1,lof
Islamabad,Pakistan,40.4,40.6,3,55.733333333333334,ED_DANGEROUS,1,iso_forest
Muscat,Oman,36.4,40.6,3,58.93333333333334,ED_DANGEROUS,1,iso_forest
Koror,Palau,31.2,39.1,1,28.633333333333336,ED_MODERATE_SAFE,1,hot_but_safe
Doha,Qatar,35.3,41.0,4,80.925,ED_VERY_DANGEROUS,1,iso_forest
Moscow,Russia,14.4,14.4,3,21.3,ED_MODERATE_SAFE,1,lof
Riyadh,Saudi Arabia,37.1,37.1,4,74.325,ED_DANGEROUS,1,iso_forest
Bangkok,Thailand,26.2,27.1,3,21.900000000000006,ED_MODERATE_SAFE,1,lof
Abu Dhabi,United Arab Emirates,38.2,40.2,4,79.49166666666667,ED_VERY_DANGEROUS,1,iso_forest
Chi Chi Khvar,Iran,27.1,27.1,4,44.300000000000004,ED_CAUTION,1,iso_forest
Wellington,New Zealand,13.2,13.2,1,0.0,ED_VERY_SAFE,1,lof
Manama,Bahrain,38.3,40.3,4,79.95833333333333,ED_VERY_DANGEROUS,1,iso_forest
Kuwait City,Kuwait,38.4,38.4,5,93.42916666666666,ED_VERY_DANGEROUS,1,iso_forest
Sarajevo,Bosnia and Herzegovina,14.1,14.8,2,11.2,ED_VERY_SAFE,1,lof
Amman,Jordan,25.3,25.3,2,19.3,ED_MODERATE_SAFE,1,lof
Reykjavik,Iceland,6.2,6.2,1,0.0,ED_VERY_SAFE,1,iso_forest
Kuwait City,Kuwait,40.1,40.5,4,79.39166666666667,ED_VERY_DANGEROUS,1,iso_forest
Vilnius,Lithuania,14.3,14.3,1,1.1999999999999997,ED_VERY_SAFE,1,lof
Bamako,Mali,23.1,25.3,1,0.0,ED_VERY_SAFE,1,lof
Riyadh,Saudi Arabia,37.0,37.0,5,90.49583333333334,ED_VERY_DANGEROUS,1,iso_forest
Abu Dhabi,United Arab Emirates,37.1,48.9,4,90.64038461538462,ED_VERY_DANGEROUS,1,iso_forest
Algiers,Algeria,25.0,26.9,3,18.0,ED_MODERATE_SAFE,1,lof
Addis Ababa,Ethiopia,15.2,15.2,2,20.0,ED_MODERATE_SAFE,1,lof
S-Chanf,Switzerland,6.1,6.1,1,0.30000000000000027,ED_VERY_SAFE,1,lof
Riyadh,Saudi Arabia,37.1,37.1,4,75.125,ED_VERY_DANGEROUS,1,iso_forest
Paramaribo,Suriname,24.3,26.8,1,0.0,ED_VERY_SAFE,1,lof
Abu Dhabi,United Arab Emirates,38.3,40.3,4,80.15833333333333,ED_VERY_DANGEROUS,1,iso_forest
Port Vila,Vanuatu,23.2,25.1,2,8.0,ED_VERY_SAFE,1,lof
Manama,Bahrain,38.4,46.0,4,86.49423076923077,ED_VERY_DANGEROUS,1,iso_forest
Belmopan,Belize,23.1,25.7,1,0.0,ED_VERY_SAFE,1,lof
Beijing,China,27.2,27.2,4,32.599999999999994,ED_MODERATE_SAFE,1,lof
Baghdad,Iraq,40.3,40.4,3,54.35,ED_CAUTION,1,iso_forest
Abu Dhabi,United Arab Emirates,36.1,46.6,3,66.46153846153845,ED_DANGEROUS,1,iso_forest
Kuwait City,Kuwait,42.6,44.1,4,83.50192307692308,ED_VERY_DANGEROUS,1,iso_forest
Monrovia,Liberia,25.3,28.0,1,3.0,ED_VERY_SAFE,1,lof
Muscat,Oman,35.2,44.9,3,62.3,ED_DANGEROUS,1,lof
Doha,Qatar,42.0,43.4,3,59.169230769230765,ED_DANGEROUS,1,iso_forest
Riyadh,Saudi Arabia,38.3,38.3,4,76.425,ED_VERY_DANGEROUS,1,iso_forest
Tunis,Tunisia,26.1,27.7,1,2.099999999999998,ED_VERY_SAFE,1,lof
Abu Dhabi,United Arab Emirates,37.4,49.0,4,90.25576923076923,ED_VERY_DANGEROUS,1,iso_forest
Buenos Aires,Argentina,17.3,17.3,2,8.0,ED_VERY_SAFE,1,lof
Niamey,Niger,26.1,27.8,1,2.400000000000002,ED_VERY_SAFE,1,lof
Kathmandu,Nepal,25.1,28.6,1,4.800000000000004,ED_VERY_SAFE,1,lof
Nassau,Bahamas,28.4,33.4,1,17.333333333333332,ED_MODERATE_SAFE,1,lof
Riyadh,Saudi Arabia,35.3,35.3,4,71.725,ED_DANGEROUS,1,iso_forest
Manama,Bahrain,36.2,49.6,4,90.84807692307692,ED_VERY_DANGEROUS,1,iso_forest
Banjul,Gambia,24.3,26.4,1,0.0,ED_VERY_SAFE,1,lof
Jakarta,Indonesia,28.4,29.6,5,56.50000000000001,ED_DANGEROUS,1,lof
Kuwait City,Kuwait,38.2,38.2,4,75.65833333333335,ED_VERY_DANGEROUS,1,iso_forest
Port Louis,Mauritius,23.2,25.1,1,11.5,ED_VERY_SAFE,1,lof
Windhoek,Namibia,23.2,23.2,1,5.1,ED_VERY_SAFE,1,lof
Kathmandu,Nepal,22.3,24.8,1,4.2,ED_VERY_SAFE,1,lof
Doha,Qatar,38.2,38.4,4,76.89166666666667,ED_VERY_DANGEROUS,1,iso_forest
Khartoum,Sudan,29.4,31.5,3,39.75,ED_CAUTION,1,lof
Maseru,Lesotho,11.0,11.0,1,6.449999999999999,ED_VERY_SAFE,1,lof
Algiers,Algeria,25.0,26.7,2,8.0,ED_VERY_SAFE,1,lof
Ouagadougou,Burkina Faso,22.3,24.7,1,0.0,ED_VERY_SAFE,1,lof
Manama,Bahrain,37.1,43.8,4,85.55576923076923,ED_VERY_DANGEROUS,1,iso_forest
Bissau,Guinea-Bissau,24.2,26.3,1,0.0,ED_VERY_SAFE,1,lof
Sanaa,Yemen,22.4,22.4,2,20.0,ED_MODERATE_SAFE,1,iso_forest
Baghdad,Iraq,39.3,39.3,3,50.46666666666666,ED_CAUTION,1,iso_forest
Kingston,Jamaica,29.3,38.8,2,34.33333333333333,ED_MODERATE_SAFE,1,hot_but_safe
Kuwait City,Kuwait,39.9,40.1,4,78.725,ED_VERY_DANGEROUS,1,iso_forest
Rangoon,Myanmar,30.0,38.1,1,30.966666666666672,ED_MODERATE_SAFE,1,hot_but_safe
Doha,Qatar,41.1,41.6,4,83.11730769230769,ED_VERY_DANGEROUS,1,iso_forest
Abu Dhabi,United Arab Emirates,41.1,43.1,3,61.02307692307693,ED_DANGEROUS,1,iso_forest
Chi Chi Khvar,Iran,21.1,21.1,3,27.0,ED_MODERATE_SAFE,1,lof
Sanaa,Yemen,24.0,24.1,4,38.75,ED_CAUTION,1,lof
Nassau,Bahamas,28.3,33.3,1,17.16666666666666,ED_MODERATE_SAFE,1,lof
Manama,Bahrain,38.3,46.4,4,86.75576923076923,ED_VERY_DANGEROUS,1,iso_forest
Bandar Seri Begawan,Brunei Darussalam,30.1,39.5,1,27.5,ED_MODERATE_SAFE,1,hot_but_safe
Tokyo,Japan,32.1,39.1,4,67.45833333333334,ED_DANGEROUS,1,lof
Kuwait City,Kuwait,43.4,45.6,4,85.33269230769231,ED_VERY_DANGEROUS,1,iso_forest
Vaduz,Liechtenstein,13.3,13.9,1,0.0,ED_VERY_SAFE,1,lof
Antananarivo,Madagascar,20.3,20.3,1,11.7,ED_VERY_SAFE,1,lof
Manama,Bahrain,38.3,47.8,4,90.47115384615384,ED_VERY_DANGEROUS,1,iso_forest
Baku,Azerbaijan,21.3,21.3,1,10.0,ED_VERY_SAFE,1,lof
Chi Chi Khvar,Iran,26.9,26.9,2,17.4,ED_MODERATE_SAFE,1,lof
Abu Dhabi,United Arab Emirates,38.4,40.4,4,81.625,ED_VERY_DANGEROUS,1,iso_forest
Monaco,Monaco,23.3,25.2,1,0.0,ED_VERY_SAFE,1,lof
Khartoum,Sudan,40.1,40.1,3,58.5,ED_DANGEROUS,1,iso_forest
Ulaanbaatar,Mongolia,19.1,19.1,2,8.600000000000001,ED_VERY_SAFE,1,lof
Juba,Sudan,36.9,36.9,4,74.69166666666666,ED_DANGEROUS,1,iso_forest
Riyadh,Saudi Arabia,40.1,40.1,4,81.125,ED_VERY_DANGEROUS,1,iso_forest
Doha,Qatar,37.3,40.0,4,78.95833333333334,ED_VERY_DANGEROUS,1,iso_forest
Castries,Saint Lucia,29.4,36.0,1,21.666666666666668,ED_MODERATE_SAFE,1,lof
Bangui,Central African Republic,30.0,42.7,2,39.96153846153847,ED_CAUTION,1,lof
Abu Dhabi,United Arab Emirates,38.1,40.1,4,79.125,ED_VERY_DANGEROUS,1,iso_forest
Bangkok,Thailand,32.4,39.4,1,33.93333333333333,ED_MODERATE_SAFE,1,hot_but_safe
Beijing,China,29.1,29.1,4,40.7,ED_CAUTION,1,lof
Baghdad,Iraq,40.1,40.1,2,45.2,ED_CAUTION,1,lof
Kuwait City,Kuwait,44.2,46.7,4,87.00192307692308,ED_VERY_DANGEROUS,1,iso_forest
Nouakchott,Mauritania,26.3,29.3,1,6.900000000000002,ED_VERY_SAFE,1,lof
Port Moresby,Papua New Guinea,27.1,29.7,1,8.099999999999998,ED_VERY_SAFE,1,lof
Doha,Qatar,44.2,46.6,3,64.96153846153845,ED_DANGEROUS,1,iso_forest
Castries,Saint Lucia,27.1,30.1,1,9.300000000000004,ED_VERY_SAFE,1,lof
Riyadh,Saudi Arabia,40.2,40.2,4,79.99166666666667,ED_VERY_DANGEROUS,1,iso_forest
Vatican City,Vatican City,19.4,19.4,2,8.0,ED_VERY_SAFE,1,lof
Manama,Bahrain,40.4,42.4,4,82.24038461538461,ED_VERY_DANGEROUS,1,iso_forest
N'djamena,Chad,34.2,36.2,3,44.400000000000006,ED_CAUTION,1,lof
Belmopan,Belize,23.8,26.4,1,0.0,ED_VERY_SAFE,1,lof
Addis Ababa,Ethiopia,19.1,19.1,3,30.0,ED_MODERATE_SAFE,1,iso_forest
Kuwait City,Kuwait,44.4,47.8,4,88.47115384615384,ED_VERY_DANGEROUS,1,iso_forest
Port Louis,Mauritius,24.3,25.6,1,11.9,ED_VERY_SAFE,1,lof
Rangoon,Myanmar,26.2,29.9,1,12.099999999999996,ED_VERY_SAFE,1,lof
Windhoek,Namibia,22.4,22.4,2,11.6,ED_VERY_SAFE,1,lof
Amsterdam,Netherlands,15.4,15.4,2,8.0,ED_VERY_SAFE,1,lof
Doha,Qatar,43.3,46.3,3,64.31538461538462,ED_DANGEROUS,1,iso_forest
Kingstown,Saint Vincent and the Grenadines,29.4,34.9,1,19.833333333333332,ED_MODERATE_SAFE,1,lof
Doha,Qatar,44.3,46.7,4,89.00192307692308,ED_VERY_DANGEROUS,1,iso_forest
San Marino,San Marino,23.0,25.3,1,0.0,ED_VERY_SAFE,1,lof
Baku,Azerbaijan,19.2,19.2,1,4.3,ED_VERY_SAFE,1,lof
Rangoon,Myanmar,27.1,30.3,1,14.400000000000002,ED_VERY_SAFE,1,lof
Koror,Palau,25.2,27.5,1,3.6000000000000005,ED_VERY_SAFE,1,lof
Abu Dhabi,United Arab Emirates,35.3,45.1,4,87.15576923076922,ED_VERY_DANGEROUS,1,iso_forest
Doha,Qatar,37.4,40.8,4,80.19166666666666,ED_VERY_DANGEROUS,1,iso_forest
Ankara,Turkey,17.2,17.2,2,17.8,ED_MODERATE_SAFE,1,lof
Riyadh,Saudi Arabia,38.1,38.1,4,76.19166666666668,ED_VERY_DANGEROUS,1,iso_forest
Bangkok,Thailand,33.3,39.0,1,31.666666666666668,ED_MODERATE_SAFE,1,hot_but_safe
Abu Dhabi,United Arab Emirates,39.3,41.3,4,80.97115384615384,ED_VERY_DANGEROUS,1,iso_forest
Khartoum,Sudan,41.3,41.9,3,59.138461538461534,ED_DANGEROUS,1,iso_forest
Manama,Bahrain,37.2,39.2,4,79.625,ED_VERY_DANGEROUS,1,iso_forest
Bandar Seri Begawan,Brunei Darussalam,30.3,39.8,1,27.999999999999996,ED_MODERATE_SAFE,1,hot_but_safe
Guatemala City,Guatemala,18.4,18.4,2,8.0,ED_VERY_SAFE,1,lof
Conakry,Guinea,24.3,26.5,1,0.0,ED_VERY_SAFE,1,lof
Colombo,Sri Lanka,29.0,34.4,1,24.9,ED_MODERATE_SAFE,1,lof
Bissau,Guinea-Bissau,24.4,26.7,1,0.0,ED_VERY_SAFE,1,lof
Seoul,South Korea,18.3,18.3,4,32.0,ED_MODERATE_SAFE,1,lof
Kuwait City,Kuwait,40.4,41.9,5,96.80096153846154,ED_VERY_DANGEROUS,1,iso_forest
Riyadh,Saudi Arabia,39.3,39.3,6,100.0,ED_VERY_DANGEROUS,1,iso_forest
Port Louis,Mauritius,23.3,25.1,1,9.8,ED_VERY_SAFE,1,lof
Antananarivo,Madagascar,21.2,21.2,1,11.3,ED_VERY_SAFE,1,lof
Riyadh,Saudi Arabia,40.0,40.0,4,79.35833333333333,ED_VERY_DANGEROUS,1,iso_forest
Hanoi,Vietnam,32.4,43.1,2,43.52307692307693,ED_CAUTION,1,lof
Bern,Switzerland,16.2,16.2,2,8.0,ED_VERY_SAFE,1,lof
Islamabad,Pakistan,40.9,41.3,3,56.89615384615384,ED_DANGEROUS,1,iso_forest
Pyongyang,North Korea,23.1,25.1,3,18.0,ED_MODERATE_SAFE,1,lof
Abu Dhabi,United Arab Emirates,40.4,42.4,4,81.84038461538461,ED_VERY_DANGEROUS,1,iso_forest
Kuwait City,Kuwait,39.9,39.9,5,96.02916666666665,ED_VERY_DANGEROUS,1,iso_forest
Baghdad,Iraq,37.1,37.1,5,91.4625,ED_VERY_DANGEROUS,1,iso_forest
Tehran,Iran,34.3,34.3,3,48.83333333333333,ED_CAUTION,1,iso_forest
Jakarta,Indonesia,32.4,38.5,5,81.89583333333334,ED_VERY_DANGEROUS,1,iso_forest
New Delhi,India,40.2,40.2,5,92.97916666666667,ED_VERY_DANGEROUS,1,iso_forest
Nan,Thailand,31.0,38.5,1,31.733333333333334,ED_MODERATE_SAFE,1,hot_but_safe
Accra,Ghana,27.2,30.5,1,13.9,ED_VERY_SAFE,1,lof
Manama,Bahrain,37.3,39.3,4,77.89166666666667,ED_VERY_DANGEROUS,1,iso_forest
Beijing,China,30.3,30.3,4,41.900000000000006,ED_CAUTION,1,lof
Ouagadougou,Burkina Faso,25.3,27.3,2,8.900000000000002,ED_VERY_SAFE,1,lof
Guatemala City,Guatemala,19.0,19.0,2,8.0,ED_VERY_SAFE,1,lof
Sarajevo,Bosnia and Herzegovina,16.4,16.4,1,7.050000000000001,ED_VERY_SAFE,1,lof
Reykjavik,Iceland,15.2,15.2,1,0.0,ED_VERY_SAFE,1,lof
Kuwait City,Kuwait,40.1,40.8,4,79.69166666666666,ED_VERY_DANGEROUS,1,iso_forest
Khartoum,Sudan,38.7,38.7,3,53.366666666666674,ED_CAUTION,1,iso_forest
Colombo,Sri Lanka,30.1,37.8,2,40.61666666666666,ED_CAUTION,1,lof
Manama,Bahrain,40.4,42.4,3,58.91538461538461,ED_DANGEROUS,1,iso_forest
Belmopan,Belize,23.0,25.6,1,0.0,ED_VERY_SAFE,1,lof
Kuwait City,Kuwait,34.1,34.1,5,82.8125,ED_VERY_DANGEROUS,1,iso_forest
Rabat,Morocco,19.2,19.2,2,8.0,ED_VERY_SAFE,1,lof
Kuwait City,Kuwait,37.1,37.1,5,89.9625,ED_VERY_DANGEROUS,1,iso_forest
Port Louis,Mauritius,25.1,26.1,1,11.4,ED_VERY_SAFE,1,lof
Tokyo,Japan,21.3,21.3,2,8.0,ED_VERY_SAFE,1,lof
Baghdad,Iraq,34.0,34.0,1,28.93333333333333,ED_MODERATE_SAFE,1,lof
Doha,Qatar,39.1,39.6,4,78.19166666666668,ED_VERY_DANGEROUS,1,iso_forest
Malabo,Equatorial Guinea,31.1,38.6,1,29.400000000000002,ED_MODERATE_SAFE,1,hot_but_safe
Bandar Seri Begawan,Brunei Darussalam,24.2,26.2,1,0.0,ED_VERY_SAFE,1,lof
Thimphu,Bhutan,15.8,15.8,2,15.2,ED_MODERATE_SAFE,1,lof
Riyadh,Saudi Arabia,33.3,33.3,5,82.72916666666666,ED_VERY_DANGEROUS,1,iso_forest
Colombo,Sri Lanka,29.1,34.6,2,38.93333333333334,ED_CAUTION,1,lof
Minsk,Belarus,7.1,7.1,1,1.1999999999999997,ED_VERY_SAFE,1,lof
Bern,Switzerland,10.1,10.4,1,0.0,ED_VERY_SAFE,1,lof
Bangkok,Thailand,33.1,41.4,1,34.66153846153846,ED_MODERATE_SAFE,1,hot_but_safe
Nuku`Aloia,Tonga,22.3,24.7,1,0.0,ED_VERY_SAFE,1,lof
Manama,Bahrain,33.2,37.8,4,73.09166666666667,ED_DANGEROUS,1,iso_forest
Manama,Bahrain,32.0,36.4,4,74.75833333333333,ED_DANGEROUS,1,iso_forest
Yerevan,Armenia,23.2,23.9,1,9.7,ED_VERY_SAFE,1,lof
Tokyo,Japan,26.2,26.3,3,18.0,ED_MODERATE_SAFE,1,lof
Jakarta,Indonesia,32.3,35.1,6,86.56666666666668,ED_VERY_DANGEROUS,1,iso_forest
Bissau,Guinea-Bissau,25.4,28.2,1,3.599999999999998,ED_VERY_SAFE,1,lof
Doha,Qatar,38.4,41.7,3,58.50769230769231,ED_DANGEROUS,1,iso_forest
Jakarta,Indonesia,32.4,36.6,6,89.56666666666668,ED_VERY_DANGEROUS,1,iso_forest
Tokyo,Japan,25.2,25.4,2,8.0,ED_VERY_SAFE,1,lof
Nan,Thailand,31.2,39.2,1,32.70000000000001,ED_MODERATE_SAFE,1,hot_but_safe
Vaduz,Liechtenstein,11.3,11.3,1,0.0,ED_VERY_SAFE,1,lof
Port Louis,Mauritius,24.0,25.3,1,11.3,ED_VERY_SAFE,1,lof
Rangoon,Myanmar,27.3,31.8,1,15.3,ED_MODERATE_SAFE,1,lof
Manila,Philippines,31.3,42.0,1,31.153846153846153,ED_MODERATE_SAFE,1,hot_but_safe
Riyadh,Saudi Arabia,33.3,33.3,6,90.36666666666666,ED_VERY_DANGEROUS,1,iso_forest
Riyadh,Saudi Arabia,34.0,34.0,4,68.45833333333333,ED_DANGEROUS,1,iso_forest
Pyongyang,North Korea,14.2,14.2,3,18.0,ED_MODERATE_SAFE,1,lof
Sanaa,Yemen,23.6,23.6,2,20.0,ED_MODERATE_SAFE,1,lof
Manama,Bahrain,35.1,43.2,3,60.53846153846154,ED_DANGEROUS,1,iso_forest
Yamoussoukro,Cote d'Ivoire,22.1,24.6,1,0.0,ED_VERY_SAFE,1,lof
Islamabad,Pakistan,41.1,41.6,2,50.392307692307696,ED_CAUTION,1,iso_forest
Phnom Penh,Cambodia,28.0,31.3,1,12.900000000000002,ED_VERY_SAFE,1,lof
Muscat,Oman,41.3,45.0,3,64.61538461538461,ED_DANGEROUS,1,iso_forest
N'djamena,Chad,25.3,26.5,1,3.2,ED_VERY_SAFE,1,lof
Nicosia,Cyprus,30.1,30.1,1,12.600000000000005,ED_VERY_SAFE,1,lof
Gaborone,Botswana,23.4,25.0,2,10.399999999999999,ED_VERY_SAFE,1,lof
Abu Dhabi,United Arab Emirates,40.0,42.0,4,83.57884615384616,ED_VERY_DANGEROUS,1,iso_forest
Saint George's,Grenada,29.4,34.0,1,18.333333333333332,ED_MODERATE_SAFE,1,lof
Kuwait City,Kuwait,34.5,34.5,5,86.82916666666667,ED_VERY_DANGEROUS,1,iso_forest
Manila,Philippines,29.2,35.3,3,38.5,ED_CAUTION,1,lof
Valletta,Malta,21.2,21.2,1,6.0,ED_VERY_SAFE,1,lof
Kuala Lumpur,Malaysia,34.3,47.7,3,55.73076923076923,ED_DANGEROUS,1,lof
Riyadh,Saudi Arabia,37.2,37.2,6,94.66666666666667,ED_VERY_DANGEROUS,1,iso_forest
Bangkok,Thailand,31.4,39.4,1,28.833333333333332,ED_MODERATE_SAFE,1,hot_but_safe
Nuku`Aloia,Tonga,24.2,26.6,1,0.0,ED_VERY_SAFE,1,lof
Abu Dhabi,United Arab Emirates,37.2,44.1,4,83.90192307692308,ED_VERY_DANGEROUS,1,iso_forest
Montevideo,Uruguay,8.1,8.1,1,0.0,ED_VERY_SAFE,1,lof
Tehran,Iran,28.0,28.0,4,46.1,ED_CAUTION,1,iso_forest
Yangon,Myanmar,32.2,46.6,2,44.46153846153846,ED_CAUTION,1,lof
New Delhi,India,42.1,43.1,4,80.24807692307694,ED_VERY_DANGEROUS,1,iso_forest
Thimphu,Bhutan,21.2,21.2,1,9.0,ED_VERY_SAFE,1,lof
N'djamena,Chad,27.1,28.2,2,11.599999999999998,ED_VERY_SAFE,1,lof
Vestmannaeyjar,Iceland,7.2,7.2,1,0.0,ED_VERY_SAFE,1,lof
Santiago,Chile,3.0,3.0,4,32.0,ED_MODERATE_SAFE,1,iso_forest
Beijing,China,21.1,21.1,6,50.0,ED_CAUTION,1,lof
Jakarta,Indonesia,32.1,37.0,6,89.73333333333335,ED_VERY_DANGEROUS,1,iso_forest
Beijing,China,27.3,27.3,4,32.900000000000006,ED_MODERATE_SAFE,1,lof
Chi Chi Khvar,Iran,18.4,18.4,3,29.4,ED_MODERATE_SAFE,1,lof
Bamako,Mali,22.1,24.6,2,8.0,ED_VERY_SAFE,1,lof
Khartoum,Sudan,38.4,38.4,4,78.29166666666666,ED_VERY_DANGEROUS,1,iso_forest
Port Moresby,Papua New Guinea,26.9,29.7,1,8.099999999999998,ED_VERY_SAFE,1,lof
Juba,Sudan,35.8,35.8,4,72.05833333333334,ED_DANGEROUS,1,iso_forest
Riyadh,Saudi Arabia,34.3,34.3,6,92.13333333333333,ED_VERY_DANGEROUS,1,iso_forest
Kuwait City,Kuwait,34.8,34.8,4,66.44166666666666,ED_DANGEROUS,1,iso_forest
Nan,Thailand,31.2,38.9,1,35.8,ED_CAUTION,1,lof
Bamako,Mali,24.3,26.2,1,0.0,ED_VERY_SAFE,1,lof
Mexico City,Mexico,17.4,17.4,3,18.0,ED_MODERATE_SAFE,1,lof
Rangoon,Myanmar,29.2,38.8,1,26.33333333333333,ED_MODERATE_SAFE,1,hot_but_safe
Muscat,Oman,32.1,38.5,4,75.75833333333334,ED_VERY_DANGEROUS,1,lof
Doha,Qatar,35.2,35.2,4,69.05833333333334,ED_DANGEROUS,1,iso_forest
Riga,Latvia,13.4,13.4,1,0.0,ED_VERY_SAFE,1,lof
Doha,Qatar,41.4,43.7,4,84.64038461538462,ED_VERY_DANGEROUS,1,iso_forest
Bangkok,Thailand,33.4,44.5,1,34.03846153846154,ED_MODERATE_SAFE,1,hot_but_safe
Phnom Penh,Cambodia,25.7,28.5,1,4.5,ED_VERY_SAFE,1,lof
Warsaw,Poland,7.1,7.1,1,3.2,ED_VERY_SAFE,1,lof
Addis Ababa,Ethiopia,19.2,19.2,3,30.0,ED_MODERATE_SAFE,1,lof
Reykjavik,Iceland,12.4,12.4,1,0.0,ED_VERY_SAFE,1,iso_forest
Islamabad,Pakistan,41.0,41.4,2,47.86153846153846,ED_CAUTION,1,iso_forest
Kuwait City,Kuwait,37.5,37.5,4,72.44166666666666,ED_DANGEROUS,1,iso_forest
Juba,Sudan,34.8,34.8,4,67.49166666666666,ED_DANGEROUS,1,iso_forest
Bissau,Guinea-Bissau,24.3,26.5,1,0.0,ED_VERY_SAFE,1,lof
Banjul,Gambia,24.2,26.2,1,0.0,ED_VERY_SAFE,1,lof
Kuwait City,Kuwait,36.0,36.0,5,89.12916666666668,ED_VERY_DANGEROUS,1,iso_forest
Montevideo,Uruguay,17.1,17.1,2,8.0,ED_VERY_SAFE,1,lof
Ulaanbaatar,Mongolia,12.3,12.6,1,2.6999999999999997,ED_VERY_SAFE,1,lof
Port Louis,Mauritius,26.1,27.9,1,10.499999999999996,ED_VERY_SAFE,1,lof
Gaborone,Botswana,20.2,20.2,2,10.7,ED_VERY_SAFE,1,lof
Bamako,Mali,23.2,24.7,2,8.0,ED_VERY_SAFE,1,lof
San Jose,Costa Rica,19.1,19.1,2,8.0,ED_VERY_SAFE,1,lof
Athens,Greece,25.2,25.4,1,4.0,ED_VERY_SAFE,1,lof
Vatican City,Vatican City,24.3,25.1,2,8.0,ED_VERY_SAFE,1,lof
Rome,Italy,24.3,25.1,2,8.0,ED_VERY_SAFE,1,lof
Yangon,Myanmar,35.1,49.1,2,47.34615384615385,ED_CAUTION,1,lof
Kuwait City,Kuwait,37.1,38.7,5,88.02916666666667,ED_VERY_DANGEROUS,1,iso_forest
Astana,Kazakhstan,12.2,12.2,1,0.0,ED_VERY_SAFE,1,iso_forest
Maseru,Lesotho,16.0,16.0,2,9.2,ED_VERY_SAFE,1,lof
Tokyo,Japan,25.1,26.5,2,8.0,ED_VERY_SAFE,1,lof
Chi Chi Khvar,Iran,16.9,16.9,3,25.95,ED_MODERATE_SAFE,1,lof
Monaco,Monaco,26.4,28.0,2,11.0,ED_VERY_SAFE,1,lof
Rabat,Morocco,22.3,24.6,2,8.0,ED_VERY_SAFE,1,lof
Rangoon,Myanmar,27.0,30.2,1,9.599999999999998,ED_VERY_SAFE,1,lof
Abu Dhabi,United Arab Emirates,37.3,48.8,4,89.725,ED_VERY_DANGEROUS,1,iso_forest
Tunis,Tunisia,27.1,28.8,2,15.200000000000003,ED_MODERATE_SAFE,1,lof
Manila,Philippines,30.2,38.6,2,34.0,ED_MODERATE_SAFE,1,hot_but_safe
Doha,Qatar,39.2,39.2,5,94.5625,ED_VERY_DANGEROUS,1,iso_forest
Athens,Greece,25.2,25.2,1,4.1,ED_VERY_SAFE,1,lof
Riyadh,Saudi Arabia,35.3,35.3,6,94.5,ED_VERY_DANGEROUS,1,iso_forest
Baghdad,Iraq,36.4,36.4,4,70.45833333333333,ED_DANGEROUS,1,iso_forest
Nairobi,Kenya,22.4,24.5,1,12.0,ED_VERY_SAFE,1,lof
Kuwait City,Kuwait,40.7,41.5,5,95.48942307692309,ED_VERY_DANGEROUS,1,iso_forest
Bamako,Mali,26.4,29.4,1,7.199999999999996,ED_VERY_SAFE,1,lof
Chi Chi Khvar,Iran,23.6,23.6,2,16.4,ED_MODERATE_SAFE,1,lof
Maputo,Mozambique,24.1,25.9,2,11.2,ED_VERY_SAFE,1,lof
Rangoon,Myanmar,32.0,39.3,1,34.516666666666666,ED_MODERATE_SAFE,1,hot_but_safe
Riyadh,Saudi Arabia,39.4,39.4,6,99.33333333333333,ED_VERY_DANGEROUS,1,iso_forest
Airai,Palau,26.3,28.8,2,15.200000000000003,ED_MODERATE_SAFE,1,lof
Windhoek,Namibia,24.2,24.2,1,4.2,ED_VERY_SAFE,1,lof
Islamabad,Pakistan,41.5,42.2,3,60.684615384615384,ED_DANGEROUS,1,iso_forest
National,Bolivia,22.0,22.0,2,8.0,ED_VERY_SAFE,1,lof
Muscat,Oman,40.3,42.3,4,84.125,ED_VERY_DANGEROUS,1,iso_forest
Port Moresby,Papua New Guinea,29.2,37.3,1,23.83333333333333,ED_MODERATE_SAFE,1,lof
Doha,Qatar,43.0,44.6,3,61.95384615384616,ED_DANGEROUS,1,iso_forest
S-Chanf,Switzerland,3.1,3.1,1,0.8999999999999995,ED_VERY_SAFE,1,lof
Windhoek,Namibia,25.1,25.1,1,0.0,ED_VERY_SAFE,1,lof
Lisbon,Portugal,18.3,18.3,2,8.0,ED_VERY_SAFE,1,lof
Libreville,Gabon,24.0,26.0,2,8.0,ED_VERY_SAFE,1,lof
Bern,Switzerland,13.3,13.3,1,0.0,ED_VERY_SAFE,1,lof
Vaduz,Liechtenstein,16.3,16.3,1,0.0,ED_VERY_SAFE,1,lof
Aguaray,Paraguay,32.6,32.6,1,16.000000000000004,ED_MODERATE_SAFE,1,lof
Manila,Philippines,26.2,29.6,1,7.800000000000004,ED_VERY_SAFE,1,lof
Riyadh,Saudi Arabia,35.0,35.0,4,70.225,ED_DANGEROUS,1,iso_forest
Addis Ababa,Ethiopia,23.0,23.8,3,30.0,ED_MODERATE_SAFE,1,lof
Mogadishu,Somalia,29.3,33.7,2,37.83333333333334,ED_CAUTION,1,iso_forest
Beijing,China,22.2,22.2,4,32.6,ED_MODERATE_SAFE,1,lof
Manama,Bahrain,34.0,38.9,4,78.925,ED_VERY_DANGEROUS,1,iso_forest
Bangkok,Thailand,33.4,40.9,1,32.83333333333333,ED_MODERATE_SAFE,1,hot_but_safe
Nan,Thailand,31.4,41.9,1,33.738461538461536,ED_MODERATE_SAFE,1,hot_but_safe
Abu Dhabi,United Arab Emirates,40.1,42.1,4,82.09423076923078,ED_VERY_DANGEROUS,1,iso_forest
Baku,Azerbaijan,21.3,21.3,1,9.4,ED_VERY_SAFE,1,lof
Belmopan,Belize,23.7,26.3,1,0.0,ED_VERY_SAFE,1,lof
Sanaa,Yemen,23.5,23.5,2,20.0,ED_MODERATE_SAFE,1,iso_forest
Washington Harbor,United States of America,10.1,10.4,1,0.0,ED_VERY_SAFE,1,lof
N'djamena,Chad,26.0,27.1,2,8.300000000000004,ED_VERY_SAFE,1,lof
Abu Dhabi,United Arab Emirates,36.2,38.2,2,45.33333333333334,ED_CAUTION,1,lof
Addis Ababa,Ethiopia,18.4,18.4,3,30.0,ED_MODERATE_SAFE,1,iso_forest
Libreville,Gabon,25.3,28.1,1,3.3000000000000043,ED_VERY_SAFE,1,lof
Tokyo,Japan,25.4,25.8,2,8.0,ED_VERY_SAFE,1,lof
Apia,Samoa,23.2,25.1,1,0.0,ED_VERY_SAFE,1,lof
Rangoon,Myanmar,27.1,31.4,1,17.199999999999996,ED_MODERATE_SAFE,1,lof
Riyadh,Saudi Arabia,41.1,41.6,4,81.2173076923077,ED_VERY_DANGEROUS,1,iso_forest
Victoria,Seychelles Islands,27.1,31.5,1,25.5,ED_MODERATE_SAFE,1,lof
Pretoria,South Africa,17.1,17.1,2,11.4,ED_VERY_SAFE,1,lof
Bangkok,Thailand,33.3,40.3,1,32.43333333333333,ED_MODERATE_SAFE,1,hot_but_safe
Tunis,Tunisia,27.2,28.5,2,14.0,ED_VERY_SAFE,1,lof
Abu Dhabi,United Arab Emirates,37.1,48.8,4,88.475,ED_VERY_DANGEROUS,1,iso_forest
Jakarta,Indonesia,32.0,35.7,5,86.72916666666667,ED_VERY_DANGEROUS,1,iso_forest
Kuwait City,Kuwait,34.3,34.3,5,80.59583333333333,ED_VERY_DANGEROUS,1,iso_forest
New Delhi,India,41.3,41.9,4,79.31346153846154,ED_VERY_DANGEROUS,1,iso_forest
Jakarta,Indonesia,31.0,33.3,6,83.96666666666665,ED_VERY_DANGEROUS,1,iso_forest
Tegucigalpa,Honduras,22.0,24.5,1,0.0,ED_VERY_SAFE,1,lof
Windhoek,Namibia,23.1,23.1,2,11.8,ED_VERY_SAFE,1,lof
Port Moresby,Papua New Guinea,26.7,29.2,1,6.599999999999998,ED_VERY_SAFE,1,lof
Riyadh,Saudi Arabia,38.2,38.2,6,97.23333333333335,ED_VERY_DANGEROUS,1,iso_forest
Abu Dhabi,United Arab Emirates,39.4,41.4,4,79.48653846153846,ED_VERY_DANGEROUS,1,iso_forest
Baku,Azerbaijan,22.3,24.6,2,11.6,ED_VERY_SAFE,1,lof
Phnom Penh,Cambodia,25.1,27.7,1,2.099999999999998,ED_VERY_SAFE,1,lof
Accra,Ghana,23.3,25.3,1,0.0,ED_VERY_SAFE,1,lof
Guatemala City,Guatemala,18.3,18.3,2,8.0,ED_VERY_SAFE,1,lof
New Delhi,India,39.1,39.1,5,89.49583333333334,ED_VERY_DANGEROUS,1,iso_forest
Addis Ababa,Ethiopia,18.3,18.3,3,30.0,ED_MODERATE_SAFE,1,iso_forest
Chi Chi Khvar,Iran,29.0,29.0,1,16.6,ED_MODERATE_SAFE,1,lof
Abu Dhabi,United Arab Emirates,42.1,44.1,4,84.70192307692308,ED_VERY_DANGEROUS,1,iso_forest
Nassau,Bahamas,29.1,33.0,1,16.666666666666668,ED_MODERATE_SAFE,1,lof
Baku,Azerbaijan,24.3,25.2,2,17.6,ED_MODERATE_SAFE,1,lof
Manama,Bahrain,38.2,40.2,4,78.14166666666668,ED_VERY_DANGEROUS,1,iso_forest
Abu Dhabi,United Arab Emirates,46.2,48.2,3,67.70769230769231,ED_DANGEROUS,1,iso_forest
Thimphu,Bhutan,17.0,17.0,1,8.55,ED_VERY_SAFE,1,lof
Zagreb,Croatia,20.3,20.3,1,0.0,ED_VERY_SAFE,1,lof
Bangkok,Thailand,25.1,25.9,3,22.2,ED_MODERATE_SAFE,1,lof
Vatican City,Vatican City,21.4,21.4,1,0.6000000000000005,ED_VERY_SAFE,1,lof
Khartoum,Sudan,36.4,36.4,4,72.55833333333334,ED_DANGEROUS,1,iso_forest
Kuwait City,Kuwait,39.2,39.7,5,91.84583333333335,ED_VERY_DANGEROUS,1,iso_forest
Wellington,New Zealand,13.2,13.2,1,0.0,ED_VERY_SAFE,1,iso_forest
Mogadishu,Somalia,29.3,33.3,2,35.76666666666666,ED_CAUTION,1,lof
Niamey,Niger,26.2,28.1,2,11.300000000000004,ED_VERY_SAFE,1,lof
Port Moresby,Papua New Guinea,26.6,28.5,1,4.5,ED_VERY_SAFE,1,lof
Warsaw,Poland,20.3,20.3,2,8.0,ED_VERY_SAFE,1,lof
Doha,Qatar,42.1,47.4,4,86.70961538461539,ED_VERY_DANGEROUS,1,iso_forest
Riyadh,Saudi Arabia,37.3,37.3,6,94.23333333333332,ED_VERY_DANGEROUS,1,iso_forest
Honiara,Solomon Islands,29.4,37.5,1,24.166666666666668,ED_MODERATE_SAFE,1,lof
Mogadishu,Somalia,26.1,28.2,1,15.599999999999998,ED_MODERATE_SAFE,1,lof
Ljubljana,Slovenia,18.0,18.0,2,8.0,ED_VERY_SAFE,1,lof
Belgrade,Serbia,28.3,28.3,1,7.500000000000002,ED_VERY_SAFE,1,lof
Moroni,Comoros,27.3,29.9,1,17.549999999999997,ED_MODERATE_SAFE,1,lof
Kuwait City,Kuwait,36.4,36.9,5,89.12916666666666,ED_VERY_DANGEROUS,1,iso_forest
Chi Chi Khvar,Iran,33.7,33.7,1,28.83333333333334,ED_MODERATE_SAFE,1,lof
Monaco,Monaco,27.2,29.7,2,16.099999999999998,ED_MODERATE_SAFE,1,lof
Wellington,New Zealand,14.1,14.1,1,0.0,ED_VERY_SAFE,1,iso_forest
Doha,Qatar,39.0,45.2,4,86.27115384615384,ED_VERY_DANGEROUS,1,iso_forest
Castries,Saint Lucia,28.4,33.1,1,16.833333333333336,ED_MODERATE_SAFE,1,lof
Riyadh,Saudi Arabia,38.3,38.3,6,98.2,ED_VERY_DANGEROUS,1,iso_forest
Bratislava,Slovakia,25.0,25.0,1,2.3999999999999995,ED_VERY_SAFE,1,lof
Pretoria,South Africa,21.4,21.4,4,35.5,ED_CAUTION,1,lof
Riyadh,Saudi Arabia,38.1,38.1,6,98.06666666666668,ED_VERY_DANGEROUS,1,iso_forest
Abu Dhabi,United Arab Emirates,43.1,45.1,4,86.25576923076923,ED_VERY_DANGEROUS,1,iso_forest
Manama,Bahrain,36.1,48.9,4,89.94038461538462,ED_VERY_DANGEROUS,1,iso_forest
New Delhi,India,30.3,31.6,4,49.800000000000004,ED_CAUTION,1,lof
Baghdad,Iraq,41.4,42.0,2,48.65384615384615,ED_CAUTION,1,iso_forest
Kuwait City,Kuwait,40.4,41.9,5,96.70096153846153,ED_VERY_DANGEROUS,1,iso_forest
Manama,Bahrain,37.3,39.3,4,78.69166666666666,ED_VERY_DANGEROUS,1,iso_forest
Doha,Qatar,37.4,40.6,4,79.95833333333334,ED_VERY_DANGEROUS,1,iso_forest
San Marino,San Marino,24.3,25.6,1,0.0,ED_VERY_SAFE,1,lof
Pretoria,South Africa,22.2,22.2,3,18.6,ED_MODERATE_SAFE,1,lof
Dakar,Senegal,21.2,21.2,3,18.0,ED_MODERATE_SAFE,1,lof
Riyadh,Saudi Arabia,42.3,43.5,4,85.20961538461539,ED_VERY_DANGEROUS,1,iso_forest
Phnom Penh,Cambodia,29.2,31.1,1,17.300000000000004,ED_MODERATE_SAFE,1,lof
Riyadh,Saudi Arabia,38.1,38.1,6,98.36666666666667,ED_VERY_DANGEROUS,1,iso_forest
New Delhi,India,37.0,37.0,5,85.69583333333334,ED_VERY_DANGEROUS,1,iso_forest
Pretoria,South Africa,21.0,21.0,3,22.2,ED_MODERATE_SAFE,1,lof
Dili,Timor-Leste,27.5,29.6,2,15.800000000000004,ED_MODERATE_SAFE,1,lof
Addis Ababa,Ethiopia,22.2,23.4,4,44.0,ED_CAUTION,1,iso_forest
Abu Dhabi,United Arab Emirates,40.2,42.2,4,82.10961538461538,ED_VERY_DANGEROUS,1,iso_forest
Manama,Bahrain,38.2,40.2,4,80.09166666666667,ED_VERY_DANGEROUS,1,iso_forest
Belmopan,Belize,24.4,27.2,1,0.5999999999999979,ED_VERY_SAFE,1,lof
Beijing,China,33.4,35.8,5,77.39583333333333,ED_VERY_DANGEROUS,1,iso_forest
Warsaw,Poland,19.0,19.0,2,8.0,ED_VERY_SAFE,1,lof
Malabo,Equatorial Guinea,28.0,31.9,1,17.899999999999995,ED_MODERATE_SAFE,1,lof
Santiago,Chile,7.1,7.1,5,45.0,ED_CAUTION,1,iso_forest
Addis Ababa,Ethiopia,17.0,17.0,3,29.8,ED_MODERATE_SAFE,1,iso_forest
Budapest,Hungary,22.1,24.4,2,11.3,ED_VERY_SAFE,1,lof
Phnom Penh,Cambodia,26.3,27.0,3,20.1,ED_MODERATE_SAFE,1,lof
Jakarta,Indonesia,31.3,35.0,6,83.2,ED_VERY_DANGEROUS,1,iso_forest
Baghdad,Iraq,38.1,38.1,2,42.76666666666667,ED_CAUTION,1,iso_forest
Tokyo,Japan,34.1,42.1,3,49.269230769230774,ED_CAUTION,1,lof
Doha,Qatar,37.3,41.3,4,81.77115384615384,ED_VERY_DANGEROUS,1,iso_forest
Baghdad,Iraq,41.3,41.9,3,58.83846153846153,ED_DANGEROUS,1,iso_forest
Abu Dhabi,United Arab Emirates,41.1,43.1,4,82.14807692307693,ED_VERY_DANGEROUS,1,iso_forest
Muscat,Oman,34.4,37.8,2,44.666666666666664,ED_CAUTION,1,lof
Doha,Qatar,43.2,45.0,4,86.94038461538462,ED_VERY_DANGEROUS,1,iso_forest
Islamabad,Pakistan,39.2,39.2,5,92.6625,ED_VERY_DANGEROUS,1,iso_forest
Manama,Bahrain,39.3,41.3,5,96.90865384615384,ED_VERY_DANGEROUS,1,iso_forest
Ouagadougou,Burkina Faso,22.2,24.6,1,0.0,ED_VERY_SAFE,1,lof
Djibouti,Djibouti,37.2,49.7,2,58.738461538461536,ED_DANGEROUS,1,lof
Conakry,Guinea,23.1,25.5,1,0.0,ED_VERY_SAFE,1,lof
Budapest,Hungary,18.1,18.1,1,2.3999999999999995,ED_VERY_SAFE,1,lof
Baghdad,Iraq,40.5,40.7,2,47.10000000000001,ED_CAUTION,1,iso_forest
Kuwait City,Kuwait,39.8,40.7,6,100.0,ED_VERY_DANGEROUS,1,iso_forest
Port Moresby,Papua New Guinea,25.8,27.5,1,1.5,ED_VERY_SAFE,1,lof
Riga,Latvia,16.3,16.3,1,0.0,ED_VERY_SAFE,1,lof
Rabat,Morocco,21.1,21.1,1,0.0,ED_VERY_SAFE,1,lof
Windhoek,Namibia,22.4,22.4,2,11.4,ED_VERY_SAFE,1,lof
Wellington,New Zealand,12.0,12.0,1,0.0,ED_VERY_SAFE,1,lof
Dhidhdhoo,Maldives,29.4,35.8,1,33.33333333333333,ED_MODERATE_SAFE,1,lof
Wellington,New Zealand,9.1,9.1,1,0.0,ED_VERY_SAFE,1,iso_forest
Koror,Palau,30.1,36.9,1,23.166666666666664,ED_MODERATE_SAFE,1,lof
Kuwait City,Kuwait,42.1,43.1,5,98.78557692307693,ED_VERY_DANGEROUS,1,iso_forest
Astana,Kazakhstan,34.4,34.4,1,24.299999999999997,ED_MODERATE_SAFE,1,lof
Roseau,Dominica,27.6,31.1,1,12.300000000000004,ED_VERY_SAFE,1,lof
Djibouti,Djibouti,34.1,41.0,2,49.2,ED_CAUTION,1,lof
Kuwait City,Kuwait,43.1,44.7,4,85.09423076923078,ED_VERY_DANGEROUS,1,iso_forest
Doha,Qatar,44.0,46.2,4,87.625,ED_VERY_DANGEROUS,1,iso_forest
Nassau,Bahamas,27.1,30.8,2,19.400000000000002,ED_MODERATE_SAFE,1,lof
Islamabad,Pakistan,37.7,37.8,4,75.19166666666666,ED_VERY_DANGEROUS,1,iso_forest
Manama,Bahrain,41.1,43.1,4,83.64807692307693,ED_VERY_DANGEROUS,1,iso_forest
Phnom Penh,Cambodia,27.2,28.5,1,9.2,ED_VERY_SAFE,1,lof
Havana,Cuba,26.3,30.0,1,9.0,ED_VERY_SAFE,1,lof
Saint George's,Grenada,29.1,34.8,1,19.666666666666664,ED_MODERATE_SAFE,1,lof
Baghdad,Iraq,38.2,38.2,2,42.933333333333344,ED_CAUTION,1,iso_forest
Muscat,Oman,36.0,46.5,4,88.17115384615384,ED_VERY_DANGEROUS,1,iso_forest
Bangkok,Thailand,33.0,38.2,2,34.23333333333334,ED_MODERATE_SAFE,1,hot_but_safe
Koror,Palau,30.0,38.4,1,25.666666666666664,ED_MODERATE_SAFE,1,hot_but_safe
Muscat,Oman,35.1,38.6,2,46.0,ED_CAUTION,1,lof
Doha,Qatar,45.1,49.5,3,68.1076923076923,ED_DANGEROUS,1,iso_forest
Nouakchott,Mauritania,19.5,19.5,3,18.0,ED_MODERATE_SAFE,1,lof
Moscow,Russia,13.3,13.3,4,35.3,ED_CAUTION,1,lof
Basseterre,Saint Kitts and Nevis,29.1,35.4,2,28.666666666666664,ED_MODERATE_SAFE,1,lof
Riyadh,Saudi Arabia,39.3,39.3,4,79.09166666666667,ED_VERY_DANGEROUS,1,iso_forest
Bangkok,Thailand,32.4,39.1,1,31.933333333333337,ED_MODERATE_SAFE,1,hot_but_safe
Abu Dhabi,United Arab Emirates,39.3,41.3,4,82.17115384615384,ED_VERY_DANGEROUS,1,iso_forest
Singapore,Singapore,28.4,33.7,1,22.83333333333334,ED_MODERATE_SAFE,1,lof
Nassau,Bahamas,28.0,32.1,1,15.16666666666667,ED_MODERATE_SAFE,1,lof
Rangoon,Myanmar,29.3,34.0,1,18.333333333333332,ED_MODERATE_SAFE,1,lof
Nassau,Bahamas,28.2,32.5,1,15.833333333333334,ED_MODERATE_SAFE,1,lof
Manama,Bahrain,42.2,44.2,4,85.11730769230769,ED_VERY_DANGEROUS,1,iso_forest
Phnom Penh,Cambodia,33.1,38.1,1,29.56666666666667,ED_MODERATE_SAFE,1,hot_but_safe
N'djamena,Chad,22.0,24.5,1,3.4,ED_VERY_SAFE,1,lof
Santiago,Chile,2.3,2.3,4,32.0,ED_MODERATE_SAFE,1,iso_forest
Banjul,Gambia,25.2,27.5,1,1.5,ED_VERY_SAFE,1,lof
New Delhi,India,33.1,39.5,4,75.925,ED_VERY_DANGEROUS,1,iso_forest
Kuwait City,Kuwait,40.4,40.6,5,95.79583333333335,ED_VERY_DANGEROUS,1,iso_forest
Sanaa,Yemen,28.1,28.1,3,33.300000000000004,ED_MODERATE_SAFE,1,iso_forest
Riyadh,Saudi Arabia,40.1,40.1,6,100.0,ED_VERY_DANGEROUS,1,iso_forest
Abu Dhabi,United Arab Emirates,44.4,46.4,3,65.83076923076922,ED_DANGEROUS,1,iso_forest
Muscat,Oman,35.3,44.7,4,86.49423076923077,ED_VERY_DANGEROUS,1,iso_forest
Khartoum,Sudan,36.8,36.8,4,73.425,ED_DANGEROUS,1,iso_forest
Koror,Palau,30.1,37.8,1,24.666666666666664,ED_MODERATE_SAFE,1,lof
Colombo,Sri Lanka,31.4,41.6,2,42.69230769230769,ED_CAUTION,1,lof
Doha,Qatar,41.3,45.3,4,86.18653846153845,ED_VERY_DANGEROUS,1,iso_forest
Basseterre,Saint Kitts and Nevis,28.2,32.6,2,24.000000000000004,ED_MODERATE_SAFE,1,lof
Riyadh,Saudi Arabia,39.1,39.1,4,78.65833333333333,ED_VERY_DANGEROUS,1,iso_forest
Abu Dhabi,United Arab Emirates,43.4,45.4,4,86.50192307692306,ED_VERY_DANGEROUS,1,iso_forest
Manama,Bahrain,41.3,43.3,4,83.27884615384616,ED_VERY_DANGEROUS,1,iso_forest
Copenhagen,Denmark,19.2,19.2,2,8.0,ED_VERY_SAFE,1,lof
Port Moresby,Papua New Guinea,24.8,26.9,1,0.0,ED_VERY_SAFE,1,lof
New Delhi,India,28.3,28.7,2,21.049999999999997,ED_MODERATE_SAFE,1,lof
Jakarta,Indonesia,28.1,30.1,5,57.900000000000006,ED_DANGEROUS,1,lof
Kuwait City,Kuwait,41.2,41.9,5,97.40096153846153,ED_VERY_DANGEROUS,1,iso_forest
New Delhi,India,29.1,29.1,4,42.900000000000006,ED_CAUTION,1,lof
Rabat,Morocco,21.2,21.2,2,8.0,ED_VERY_SAFE,1,lof
Muscat,Oman,32.3,39.4,3,56.23333333333333,ED_DANGEROUS,1,iso_forest
Koror,Palau,29.1,36.8,1,23.599999999999998,ED_MODERATE_SAFE,1,lof
Athens,Greece,27.1,27.4,3,23.599999999999994,ED_MODERATE_SAFE,1,lof
Accra,Ghana,28.0,33.1,1,16.833333333333336,ED_MODERATE_SAFE,1,lof
Havana,Cuba,25.0,27.8,2,10.400000000000002,ED_VERY_SAFE,1,lof
Amman,Jordan,24.3,24.5,1,12.0,ED_VERY_SAFE,1,lof
Riyadh,Saudi Arabia,38.3,38.3,6,98.3,ED_VERY_DANGEROUS,1,iso_forest
Abu Dhabi,United Arab Emirates,41.4,43.4,4,83.89423076923077,ED_VERY_DANGEROUS,1,iso_forest
Caracas,Venezuela,26.0,29.9,1,8.699999999999996,ED_VERY_SAFE,1,lof
Malabo,Equatorial Guinea,27.3,30.5,1,12.3,ED_VERY_SAFE,1,lof
Santo Domingo,Dominican Republic,24.2,26.8,1,0.0,ED_VERY_SAFE,1,lof
Manama,Bahrain,38.1,40.1,4,79.425,ED_VERY_DANGEROUS,1,iso_forest
Phnom Penh,Cambodia,29.2,30.3,1,13.200000000000003,ED_VERY_SAFE,1,lof
Georgetown,Guyana,26.1,29.5,1,7.5,ED_VERY_SAFE,1,lof
Douala,Cameroon,23.3,25.4,2,8.0,ED_VERY_SAFE,1,lof
Djibouti,Djibouti,37.2,49.4,2,58.892307692307696,ED_DANGEROUS,1,lof
Rabat,Morocco,22.2,24.6,2,8.0,ED_VERY_SAFE,1,lof
Mbabane,Swaziland,17.1,17.1,4,33.8,ED_MODERATE_SAFE,1,lof
Addis Ababa,Ethiopia,17.1,17.1,1,12.0,ED_VERY_SAFE,1,lof
Kuwait City,Kuwait,41.8,42.7,4,83.78653846153847,ED_VERY_DANGEROUS,1,iso_forest
Reykjavik,Iceland,15.3,15.3,1,0.0,ED_VERY_SAFE,1,lof
New Delhi,India,29.1,30.6,2,27.650000000000006,ED_MODERATE_SAFE,1,lof
Kuwait City,Kuwait,42.6,43.9,6,100.0,ED_VERY_DANGEROUS,1,iso_forest
Monrovia,Liberia,24.3,26.6,1,0.0,ED_VERY_SAFE,1,lof
Nan,Thailand,27.1,33.2,2,25.000000000000004,ED_MODERATE_SAFE,1,lof
Doha,Qatar,43.0,45.5,4,85.91730769230769,ED_VERY_DANGEROUS,1,iso_forest
Manama,Bahrain,37.4,48.6,4,89.29423076923078,ED_VERY_DANGEROUS,1,iso_forest
Riyadh,Saudi Arabia,39.2,39.2,6,100.0,ED_VERY_DANGEROUS,1,iso_forest
Baghdad,Iraq,37.1,37.1,3,51.5,ED_CAUTION,1,iso_forest
Victoria,Seychelles Islands,26.2,29.6,1,19.800000000000004,ED_MODERATE_SAFE,1,lof
Mogadishu,Somalia,26.1,28.2,1,15.599999999999998,ED_MODERATE_SAFE,1,lof
Abu Dhabi,United Arab Emirates,40.3,42.3,4,82.825,ED_VERY_DANGEROUS,1,iso_forest
Port Vila,Vanuatu,23.1,25.2,1,0.0,ED_VERY_SAFE,1,lof
Baku,Azerbaijan,28.2,30.4,2,27.199999999999996,ED_MODERATE_SAFE,1,lof
Nassau,Bahamas,29.0,34.6,2,27.333333333333336,ED_MODERATE_SAFE,1,lof
Kuwait City,Kuwait,39.2,39.2,6,98.9,ED_VERY_DANGEROUS,1,iso_forest
Bandar Seri Begawan,Brunei Darussalam,31.2,41.1,1,30.715384615384618,ED_MODERATE_SAFE,1,hot_but_safe
Tehran,Iran,35.3,35.3,3,50.5,ED_CAUTION,1,iso_forest
Windhoek,Namibia,22.3,22.3,1,3.6,ED_VERY_SAFE,1,lof
Funafuti,Tuvalu,28.1,32.3,1,15.499999999999995,ED_MODERATE_SAFE,1,lof
Abu Dhabi,United Arab Emirates,42.3,44.3,4,84.4326923076923,ED_VERY_DANGEROUS,1,iso_forest
Porto-Novo,Benin,29.3,33.1,4,58.65833333333334,ED_DANGEROUS,1,lof
Manama,Bahrain,37.3,39.3,4,79.49166666666666,ED_VERY_DANGEROUS,1,iso_forest
Bandar Seri Begawan,Brunei Darussalam,31.4,38.7,1,33.366666666666674,ED_MODERATE_SAFE,1,hot_but_safe
N'djamena,Chad,22.2,24.6,1,4.1,ED_VERY_SAFE,1,lof
Yerevan,Armenia,24.1,24.3,1,10.4,ED_VERY_SAFE,1,lof
Beijing,China,21.2,21.2,5,45.0,ED_CAUTION,1,lof
Tokyo,Japan,24.1,26.6,2,8.0,ED_VERY_SAFE,1,lof
Kabul,Afghanistan,31.0,31.0,1,24.0,ED_MODERATE_SAFE,1,lof
Kuwait City,Kuwait,41.5,45.4,4,85.10192307692307,ED_VERY_DANGEROUS,1,iso_forest
Tashkent,Uzbekistan,35.2,35.2,2,38.63333333333334,ED_CAUTION,1,lof
Rabat,Morocco,20.2,20.2,2,8.0,ED_VERY_SAFE,1,lof
Windhoek,Namibia,23.2,23.2,1,4.1,ED_VERY_SAFE,1,lof
Abu Dhabi,United Arab Emirates,42.1,44.1,4,86.20192307692308,ED_VERY_DANGEROUS,1,iso_forest
Doha,Qatar,37.2,47.5,4,88.025,ED_VERY_DANGEROUS,1,iso_forest
Riyadh,Saudi Arabia,37.3,37.3,4,75.25833333333333,ED_VERY_DANGEROUS,1,iso_forest
Khartoum,Sudan,38.3,38.3,3,52.6,ED_CAUTION,1,iso_forest
Abu Dhabi,United Arab Emirates,42.0,44.0,4,84.48653846153846,ED_VERY_DANGEROUS,1,iso_forest
Santiago,Chile,10.3,10.6,5,45.0,ED_CAUTION,1,iso_forest
Pretoria,South Africa,24.2,24.2,2,13.3,ED_VERY_SAFE,1,lof
Victoria,Seychelles Islands,26.1,29.4,1,19.199999999999996,ED_MODERATE_SAFE,1,lof
Tehran,Iran,33.1,33.1,3,46.833333333333336,ED_CAUTION,1,iso_forest
Doha,Qatar,43.0,46.5,4,88.67115384615384,ED_VERY_DANGEROUS,1,iso_forest
Islamabad,Pakistan,40.6,40.8,2,48.96666666666667,ED_CAUTION,1,iso_forest
Muscat,Oman,38.3,41.6,3,60.69230769230769,ED_DANGEROUS,1,iso_forest
Kuwait City,Kuwait,41.0,41.4,4,82.48653846153846,ED_VERY_DANGEROUS,1,iso_forest
Tokyo,Japan,23.1,25.0,2,8.0,ED_VERY_SAFE,1,lof
Palikir,Micronesia,31.3,39.9,1,28.166666666666664,ED_MODERATE_SAFE,1,hot_but_safe
Port Royal,Jamaica,27.1,32.5,2,23.833333333333336,ED_MODERATE_SAFE,1,lof
Baghdad,Iraq,40.1,40.1,2,47.3,ED_CAUTION,1,iso_forest
Jakarta,Indonesia,29.4,35.4,6,85.76666666666665,ED_VERY_DANGEROUS,1,iso_forest
Riyadh,Saudi Arabia,38.2,38.2,3,52.033333333333346,ED_CAUTION,1,iso_forest
Rangoon,Myanmar,30.1,34.7,1,26.700000000000006,ED_MODERATE_SAFE,1,lof
New Delhi,India,33.3,33.3,5,80.57916666666665,ED_VERY_DANGEROUS,1,iso_forest
Windhoek,Namibia,20.3,20.3,1,0.0,ED_VERY_SAFE,1,lof
Koror,Palau,31.3,38.2,1,31.23333333333334,ED_MODERATE_SAFE,1,hot_but_safe
Doha,Qatar,36.1,41.0,4,80.525,ED_VERY_DANGEROUS,1,iso_forest
Addis Ababa,Ethiopia,24.2,24.2,3,30.0,ED_MODERATE_SAFE,1,lof
Malabo,Equatorial Guinea,30.0,36.3,2,33.36666666666667,ED_MODERATE_SAFE,1,lof
Copenhagen,Denmark,7.1,7.1,1,0.6000000000000005,ED_VERY_SAFE,1,lof
Manama,Bahrain,37.3,39.3,4,75.59166666666667,ED_VERY_DANGEROUS,1,iso_forest
Phnom Penh,Cambodia,32.2,35.7,2,34.76666666666667,ED_MODERATE_SAFE,1,lof
Seoul,South Korea,24.4,26.6,3,18.0,ED_MODERATE_SAFE,1,lof
Abu Dhabi,United Arab Emirates,39.1,41.1,4,79.84038461538461,ED_VERY_DANGEROUS,1,iso_forest
Windhoek,Namibia,20.6,20.6,2,8.0,ED_VERY_SAFE,1,lof
Muscat,Oman,36.4,45.5,3,63.59230769230769,ED_DANGEROUS,1,iso_forest
Chi Chi Khvar,Iran,23.7,23.7,3,30.0,ED_MODERATE_SAFE,1,iso_forest
Port Moresby,Papua New Guinea,29.1,32.7,1,16.16666666666667,ED_MODERATE_SAFE,1,lof
Doha,Qatar,43.2,44.9,4,83.375,ED_VERY_DANGEROUS,1,iso_forest
Riyadh,Saudi Arabia,38.0,38.0,4,72.825,ED_DANGEROUS,1,iso_forest
Dili,Timor-Leste,25.3,27.4,1,5.099999999999996,ED_VERY_SAFE,1,lof
Tunis,Tunisia,28.3,29.9,2,16.699999999999996,ED_MODERATE_SAFE,1,lof
Kuwait City,Kuwait,39.5,39.5,4,79.525,ED_VERY_DANGEROUS,1,iso_forest
Kuwait City,Kuwait,42.7,45.1,4,82.40576923076922,ED_VERY_DANGEROUS,1,iso_forest
Hanoi,Vietnam,35.2,40.9,4,79.30833333333334,ED_VERY_DANGEROUS,1,iso_forest
Algiers,Algeria,32.3,35.5,3,38.833333333333336,ED_CAUTION,1,lof
Rome,Italy,19.4,19.4,2,8.0,ED_VERY_SAFE,1,lof
Buenos Aires,Argentina,8.2,8.2,1,0.0,ED_VERY_SAFE,1,lof
Canberra,Australia,17.4,17.4,1,0.0,ED_VERY_SAFE,1,lof
Baghdad,Iraq,40.2,40.2,4,79.49166666666667,ED_VERY_DANGEROUS,1,iso_forest
Manama,Bahrain,39.4,48.6,4,90.09423076923078,ED_VERY_DANGEROUS,1,iso_forest
Phnom Penh,Cambodia,29.2,31.9,2,22.999999999999996,ED_MODERATE_SAFE,1,lof
Valletta,Malta,26.3,27.5,2,9.5,ED_VERY_SAFE,1,lof
Jakarta,Indonesia,31.2,34.7,5,79.4625,ED_VERY_DANGEROUS,1,lof
Riyadh,Saudi Arabia,41.0,41.4,4,82.68653846153846,ED_VERY_DANGEROUS,1,iso_forest
Port Moresby,Papua New Guinea,28.0,31.7,1,14.099999999999998,ED_VERY_SAFE,1,lof
Havana,Cuba,25.3,28.7,1,5.099999999999998,ED_VERY_SAFE,1,lof
Addis Ababa,Ethiopia,16.5,16.5,2,17.3,ED_MODERATE_SAFE,1,lof
Jakarta,Indonesia,32.4,37.6,5,85.99583333333334,ED_VERY_DANGEROUS,1,lof
Kuwait City,Kuwait,41.8,42.7,4,80.08653846153847,ED_VERY_DANGEROUS,1,iso_forest
Valletta,Malta,28.3,30.5,1,10.5,ED_VERY_SAFE,1,lof
Port Louis,Mauritius,26.4,28.4,2,21.199999999999996,ED_MODERATE_SAFE,1,lof
Windhoek,Namibia,23.3,23.3,2,8.0,ED_VERY_SAFE,1,lof
Pyongyang,North Korea,23.7,26.3,1,0.0,ED_VERY_SAFE,1,lof
Doha,Qatar,40.4,40.5,4,81.69166666666668,ED_VERY_DANGEROUS,1,iso_forest
Niamey,Niger,32.3,34.2,3,36.96666666666667,ED_CAUTION,1,lof
Tunis,Tunisia,28.2,29.1,2,14.300000000000004,ED_VERY_SAFE,1,lof
Abu Dhabi,United Arab Emirates,40.1,42.1,4,80.99423076923077,ED_VERY_DANGEROUS,1,iso_forest
Washington Harbor,United States of America,14.8,14.8,2,8.0,ED_VERY_SAFE,1,lof
Algiers,Algeria,30.1,34.5,2,27.166666666666668,ED_MODERATE_SAFE,1,lof
Islamabad,Pakistan,41.4,42.0,2,49.95384615384616,ED_CAUTION,1,iso_forest
Manama,Bahrain,38.0,47.6,4,86.79038461538461,ED_VERY_DANGEROUS,1,iso_forest
Guatemala City,Guatemala,19.3,19.3,2,8.0,ED_VERY_SAFE,1,lof
Muscat,Oman,35.2,37.9,3,54.83333333333333,ED_CAUTION,1,iso_forest
Baghdad,Iraq,38.3,38.3,4,72.425,ED_DANGEROUS,1,iso_forest
Moscow,Russia,19.3,19.3,4,36.8,ED_CAUTION,1,lof
Riyadh,Saudi Arabia,43.1,44.7,4,86.89423076923077,ED_VERY_DANGEROUS,1,iso_forest
Riyadh,Saudi Arabia,37.4,37.4,4,75.125,ED_VERY_DANGEROUS,1,iso_forest
Abu Dhabi,United Arab Emirates,44.2,46.2,4,88.425,ED_VERY_DANGEROUS,1,iso_forest
Maputo,Mozambique,22.1,24.6,2,12.4,ED_VERY_SAFE,1,lof
Rangoon,Myanmar,30.3,38.5,1,33.483333333333334,ED_MODERATE_SAFE,1,hot_but_safe
Windhoek,Namibia,23.3,23.3,1,4.0,ED_VERY_SAFE,1,lof
Nuku`Aloia,Tonga,22.1,24.6,1,0.0,ED_VERY_SAFE,1,lof
Muscat,Oman,34.3,43.1,3,61.22307692307693,ED_DANGEROUS,1,iso_forest
Khartoum,Sudan,37.6,37.6,4,76.55833333333334,ED_VERY_DANGEROUS,1,iso_forest
Doha,Qatar,41.4,43.5,4,84.00961538461539,ED_VERY_DANGEROUS,1,iso_forest
Ljubljana,Slovenia,23.2,25.1,2,10.7,ED_VERY_SAFE,1,lof
Port Louis,Mauritius,22.4,24.7,1,9.2,ED_VERY_SAFE,1,lof
Honiara,Solomon Islands,30.3,38.9,1,26.5,ED_MODERATE_SAFE,1,hot_but_safe
Bangkok,Thailand,33.0,41.4,1,31.96153846153846,ED_MODERATE_SAFE,1,hot_but_safe
Dili,Timor-Leste,27.5,29.2,1,6.599999999999998,ED_VERY_SAFE,1,lof
Tunis,Tunisia,27.0,28.7,1,5.099999999999998,ED_VERY_SAFE,1,lof
Abu Dhabi,United Arab Emirates,40.2,42.2,5,98.54711538461538,ED_VERY_DANGEROUS,1,iso_forest
Colombo,Sri Lanka,31.2,40.5,1,37.56666666666666,ED_CAUTION,1,lof
Pretoria,South Africa,16.1,16.1,2,13.0,ED_VERY_SAFE,1,lof
Harare,Zimbabwe,23.8,23.8,3,24.75,ED_MODERATE_SAFE,1,lof
Chi Chi Khvar,Iran,26.7,26.7,1,10.2,ED_VERY_SAFE,1,lof
Antananarivo,Madagascar,18.2,18.2,1,10.5,ED_VERY_SAFE,1,lof
Bandar Seri Begawan,Brunei Darussalam,32.3,40.4,1,30.2,ED_MODERATE_SAFE,1,hot_but_safe
Abu Dhabi,United Arab Emirates,41.3,43.3,4,83.87884615384615,ED_VERY_DANGEROUS,1,iso_forest
Muscat,Oman,33.7,39.6,2,47.46666666666667,ED_CAUTION,1,lof
Doha,Qatar,41.3,45.5,4,86.2173076923077,ED_VERY_DANGEROUS,1,iso_forest
Sucre,Bolivia,9.6,9.6,1,0.0,ED_VERY_SAFE,1,lof
Riyadh,Saudi Arabia,37.4,37.4,6,96.3,ED_VERY_DANGEROUS,1,iso_forest
Pretoria,South Africa,24.1,24.1,4,36.4,ED_CAUTION,1,lof
Seoul,South Korea,27.0,32.2,2,23.333333333333336,ED_MODERATE_SAFE,1,lof
Bangkok,Thailand,33.0,38.2,1,30.73333333333334,ED_MODERATE_SAFE,1,hot_but_safe
Dili,Timor-Leste,27.3,29.4,1,7.199999999999996,ED_VERY_SAFE,1,lof
Kabul,Afghanistan,27.3,27.3,2,19.5,ED_MODERATE_SAFE,1,lof
Kuwait City,Kuwait,38.2,39.0,4,77.49166666666667,ED_VERY_DANGEROUS,1,iso_forest
Luanda,Angola,21.2,21.2,3,18.0,ED_MODERATE_SAFE,1,lof
Manama,Bahrain,38.2,46.5,4,87.47115384615384,ED_VERY_DANGEROUS,1,iso_forest
Manama,Bahrain,45.3,47.3,4,89.79423076923078,ED_VERY_DANGEROUS,1,iso_forest
Phnom Penh,Cambodia,34.2,39.5,1,27.5,ED_MODERATE_SAFE,1,hot_but_safe
Copenhagen,Denmark,19.3,19.3,2,8.0,ED_VERY_SAFE,1,lof
Baghdad,Iraq,39.4,39.4,3,54.633333333333326,ED_CAUTION,1,iso_forest
Nassau,Bahamas,27.2,32.3,1,15.499999999999995,ED_MODERATE_SAFE,1,lof
Tokyo,Japan,34.4,41.3,2,38.34615384615384,ED_CAUTION,1,lof
Manama,Bahrain,37.1,44.9,4,85.425,ED_VERY_DANGEROUS,1,iso_forest
Djibouti,Djibouti,39.4,49.9,3,69.26923076923077,ED_DANGEROUS,1,iso_forest
N'djamena,Chad,26.3,28.6,1,4.800000000000004,ED_VERY_SAFE,1,lof
Phnom Penh,Cambodia,29.0,31.3,3,30.900000000000002,ED_MODERATE_SAFE,1,lof
Singapore,Singapore,32.1,40.1,1,33.7,ED_MODERATE_SAFE,1,hot_but_safe
Honiara,Solomon Islands,31.0,42.2,1,31.384615384615387,ED_MODERATE_SAFE,1,hot_but_safe
Mogadishu,Somalia,26.3,28.5,1,16.5,ED_MODERATE_SAFE,1,lof
Bangkok,Thailand,34.4,47.7,2,46.330769230769235,ED_CAUTION,1,lof
Abu Dhabi,United Arab Emirates,41.0,43.0,4,83.4326923076923,ED_VERY_DANGEROUS,1,iso_forest
Malabo,Equatorial Guinea,28.4,32.5,1,20.533333333333335,ED_MODERATE_SAFE,1,lof
Santiago,Chile,10.4,10.7,5,45.0,ED_CAUTION,1,iso_forest
London,United Kingdom,18.0,18.0,1,0.0,ED_VERY_SAFE,1,lof
Manama,Bahrain,35.1,48.6,4,91.39423076923077,ED_VERY_DANGEROUS,1,iso_forest
Mbabane,Swaziland,17.0,17.0,1,4.7,ED_VERY_SAFE,1,lof
Manama,Bahrain,36.2,45.2,4,85.37115384615385,ED_VERY_DANGEROUS,1,iso_forest
Dhaka,Bangladesh,33.2,40.0,1,33.333333333333336,ED_MODERATE_SAFE,1,hot_but_safe
Kabul,Afghanistan,31.4,31.4,2,32.599999999999994,ED_MODERATE_SAFE,1,lof
Ouagadougou,Burkina Faso,23.3,25.3,1,0.0,ED_VERY_SAFE,1,lof
Yamoussoukro,Cote d'Ivoire,21.8,21.8,1,0.0,ED_VERY_SAFE,1,lof
Abu Dhabi,United Arab Emirates,41.0,43.0,4,84.9326923076923,ED_VERY_DANGEROUS,1,iso_forest
Khartoum,Sudan,37.5,37.5,4,74.09166666666667,ED_DANGEROUS,1,iso_forest
Phnom Penh,Cambodia,30.3,33.0,2,28.066666666666666,ED_MODERATE_SAFE,1,lof
Riyadh,Saudi Arabia,37.1,37.1,4,72.675,ED_DANGEROUS,1,iso_forest
Doha,Qatar,38.1,39.4,4,78.05833333333332,ED_VERY_DANGEROUS,1,iso_forest
Riyadh,Saudi Arabia,44.0,46.2,4,88.625,ED_VERY_DANGEROUS,1,iso_forest
Beirut,Lebanon,27.3,29.3,2,23.000000000000004,ED_MODERATE_SAFE,1,lof
Mbabane,Swaziland,30.1,30.1,3,32.7,ED_MODERATE_SAFE,1,lof
Doha,Qatar,37.1,37.4,4,76.625,ED_VERY_DANGEROUS,1,iso_forest
Bissau,Guinea-Bissau,25.1,27.7,1,2.099999999999998,ED_VERY_SAFE,1,lof
Jakarta,Indonesia,32.0,33.1,5,82.79583333333333,ED_VERY_DANGEROUS,1,iso_forest
Baghdad,Iraq,37.4,37.4,3,48.3,ED_CAUTION,1,iso_forest
Kuwait City,Kuwait,41.7,44.1,4,84.30192307692307,ED_VERY_DANGEROUS,1,iso_forest
Islamabad,Pakistan,39.9,39.9,5,92.77916666666665,ED_VERY_DANGEROUS,1,iso_forest
Muscat,Oman,34.0,36.8,3,52.8,ED_CAUTION,1,iso_forest
Maputo,Mozambique,22.4,24.4,1,4.9,ED_VERY_SAFE,1,lof
Warsaw,Poland,18.1,18.1,2,8.0,ED_VERY_SAFE,1,lof
Kuwait City,Kuwait,47.7,49.7,4,92.66346153846155,ED_VERY_DANGEROUS,1,iso_forest
Monrovia,Liberia,24.0,26.1,1,0.0,ED_VERY_SAFE,1,lof
Rabat,Morocco,20.3,20.3,2,8.0,ED_VERY_SAFE,1,lof
Windhoek,Namibia,22.4,22.4,1,4.2,ED_VERY_SAFE,1,lof
Niamey,Niger,23.0,25.0,1,0.0,ED_VERY_SAFE,1,lof
Muscat,Oman,32.2,39.1,3,55.63333333333334,ED_DANGEROUS,1,iso_forest
Islamabad,Pakistan,23.9,26.1,2,14.899999999999999,ED_VERY_SAFE,1,lof
New Delhi,India,35.1,35.1,5,82.97916666666667,ED_VERY_DANGEROUS,1,iso_forest
Rabat,Morocco,24.2,25.9,2,8.0,ED_VERY_SAFE,1,lof
Mogadishu,Somalia,27.4,30.2,2,28.9,ED_MODERATE_SAFE,1,lof
Mexico City,Mexico,14.1,14.2,3,18.0,ED_MODERATE_SAFE,1,lof
Manama,Bahrain,39.3,41.3,4,82.97115384615384,ED_VERY_DANGEROUS,1,iso_forest
Stockholm,Sweden,20.0,20.0,1,0.0,ED_VERY_SAFE,1,lof
Dushanbe,Tajikistan,39.4,39.4,3,57.33333333333333,ED_DANGEROUS,1,iso_forest
Abu Dhabi,United Arab Emirates,36.3,49.0,4,90.95576923076922,ED_VERY_DANGEROUS,1,iso_forest
Nassau,Bahamas,28.4,34.4,1,18.999999999999996,ED_MODERATE_SAFE,1,lof
Dhaka,Bangladesh,27.7,32.8,2,25.533333333333328,ED_MODERATE_SAFE,1,lof
Dhaka,Bangladesh,26.4,30.3,2,17.900000000000002,ED_MODERATE_SAFE,1,lof
Sarajevo,Bosnia and Herzegovina,28.2,33.2,1,22.300000000000004,ED_MODERATE_SAFE,1,lof
Gaborone,Botswana,12.1,12.1,2,12.2,ED_VERY_SAFE,1,lof
Phnom Penh,Cambodia,32.4,38.9,1,26.5,ED_MODERATE_SAFE,1,hot_but_safe
Bangkok,Thailand,34.0,41.4,1,32.86153846153846,ED_MODERATE_SAFE,1,hot_but_safe
Santiago,Chile,4.2,4.2,5,45.0,ED_CAUTION,1,iso_forest
Bogot,Bulgaria,36.0,36.0,1,28.566666666666666,ED_MODERATE_SAFE,1,lof
Malabo,Equatorial Guinea,25.4,28.5,1,4.5,ED_VERY_SAFE,1,lof
Banjul,Gambia,25.3,27.6,1,2.1000000000000045,ED_VERY_SAFE,1,lof
Baghdad,Iraq,40.0,40.0,3,57.53333333333333,ED_DANGEROUS,1,iso_forest
Kuwait City,Kuwait,39.0,39.0,4,78.59166666666667,ED_VERY_DANGEROUS,1,iso_forest
Abu Dhabi,United Arab Emirates,33.0,39.9,4,80.29166666666666,ED_VERY_DANGEROUS,1,iso_forest
Tunis,Tunisia,34.0,34.0,2,33.53333333333333,ED_MODERATE_SAFE,1,lof
Belmopan,Belize,23.7,26.3,1,0.0,ED_VERY_SAFE,1,lof
Belgrade,Serbia,31.1,31.1,2,23.500000000000004,ED_MODERATE_SAFE,1,lof
Riyadh,Saudi Arabia,37.4,37.4,5,92.0625,ED_VERY_DANGEROUS,1,iso_forest
San Marino,San Marino,28.4,29.0,1,9.1,ED_VERY_SAFE,1,lof
Conakry,Guinea,25.3,27.9,1,2.6999999999999957,ED_VERY_SAFE,1,lof
Islamabad,Pakistan,39.1,39.3,4,75.59166666666667,ED_VERY_DANGEROUS,1,iso_forest
Baghdad,Iraq,39.4,39.4,3,56.53333333333333,ED_DANGEROUS,1,iso_forest
Kuwait City,Kuwait,41.5,42.2,5,99.04711538461538,ED_VERY_DANGEROUS,1,iso_forest
Muscat,Oman,39.3,41.3,3,60.34615384615384,ED_DANGEROUS,1,iso_forest
Maseru,Lesotho,5.1,5.1,2,8.899999999999999,ED_VERY_SAFE,1,lof
Ulaanbaatar,Mongolia,21.3,21.3,1,1.8000000000000003,ED_VERY_SAFE,1,lof
Palikir,Micronesia,30.1,36.8,1,22.999999999999996,ED_MODERATE_SAFE,1,lof
Chi Chi Khvar,Iran,22.9,23.7,2,20.0,ED_MODERATE_SAFE,1,lof
Ulaanbaatar,Mongolia,26.2,29.1,2,15.200000000000003,ED_MODERATE_SAFE,1,lof
Kuwait City,Kuwait,40.4,40.4,5,97.0625,ED_VERY_DANGEROUS,1,iso_forest
Tokyo,Japan,33.4,39.2,4,67.625,ED_DANGEROUS,1,iso_forest
Baghdad,Iraq,40.1,40.1,2,48.5,ED_CAUTION,1,iso_forest
Tehran,Iran,33.2,33.2,2,37.0,ED_CAUTION,1,iso_forest
Warsaw,Poland,22.1,24.6,1,0.0,ED_VERY_SAFE,1,lof
Santiago,Chile,2.2,2.2,4,32.0,ED_MODERATE_SAFE,1,iso_forest
Doha,Qatar,40.3,41.0,4,81.925,ED_VERY_DANGEROUS,1,iso_forest
Bishkek,Kyrghyzstan,33.5,33.5,2,32.55,ED_MODERATE_SAFE,1,lof
Khartoum,Sudan,37.6,37.6,4,76.15833333333333,ED_VERY_DANGEROUS,1,iso_forest
Brazzaville,Congo,20.1,20.1,3,18.0,ED_MODERATE_SAFE,1,lof
Maputo,Mozambique,20.4,20.5,3,21.2,ED_MODERATE_SAFE,1,lof
Kuwait City,Kuwait,44.4,46.9,4,88.7326923076923,ED_VERY_DANGEROUS,1,iso_forest
Bishkek,Kyrghyzstan,31.6,31.6,1,18.800000000000004,ED_MODERATE_SAFE,1,lof
Kuwait City,Kuwait,48.6,50.6,4,93.70192307692308,ED_VERY_DANGEROUS,1,iso_forest
Tokyo,Japan,29.4,32.9,2,24.499999999999996,ED_MODERATE_SAFE,1,lof
Maseru,Lesotho,10.1,10.1,4,33.2,ED_MODERATE_SAFE,1,iso_forest
Nan,Thailand,31.0,43.1,1,32.42307692307693,ED_MODERATE_SAFE,1,hot_but_safe
Baghdad,Iraq,41.2,41.7,2,50.80769230769231,ED_CAUTION,1,iso_forest
Valletta,Malta,30.3,33.9,1,23.266666666666666,ED_MODERATE_SAFE,1,lof
Tehran,Iran,34.5,34.5,2,39.16666666666667,ED_CAUTION,1,iso_forest
Bamako,Mali,25.0,26.5,1,0.0,ED_VERY_SAFE,1,lof
Jakarta,Indonesia,32.2,37.7,5,80.5625,ED_VERY_DANGEROUS,1,iso_forest
Yangon,Myanmar,32.2,44.8,2,45.58461538461538,ED_CAUTION,1,lof
Skopje,Macedonia,35.3,35.3,1,25.9,ED_MODERATE_SAFE,1,lof
Tbilisi,Georgia,22.1,23.7,1,10.3,ED_VERY_SAFE,1,lof
Muscat,Oman,34.4,43.7,4,84.74038461538461,ED_VERY_DANGEROUS,1,iso_forest
Doha,Qatar,43.4,45.2,4,86.07115384615383,ED_VERY_DANGEROUS,1,iso_forest
Basseterre,Saint Kitts and Nevis,27.4,30.9,1,11.699999999999996,ED_VERY_SAFE,1,lof
Malabo,Equatorial Guinea,25.2,27.4,1,5.899999999999996,ED_VERY_SAFE,1,lof
Baghdad,Iraq,39.0,39.0,3,55.76666666666667,ED_DANGEROUS,1,iso_forest
Malabo,Equatorial Guinea,27.3,31.6,1,16.200000000000003,ED_MODERATE_SAFE,1,lof
Djibouti,Djibouti,41.4,43.4,3,61.46923076923076,ED_DANGEROUS,1,iso_forest
Minsk,Belarus,20.4,20.4,1,0.0,ED_VERY_SAFE,1,lof
Seoul,South Korea,24.0,25.9,2,8.0,ED_VERY_SAFE,1,lof
Maputo,Mozambique,21.2,21.2,1,3.9,ED_VERY_SAFE,1,lof
Pyongyang,North Korea,32.4,38.9,2,34.5,ED_MODERATE_SAFE,1,hot_but_safe
Riyadh,Saudi Arabia,44.3,46.7,3,66.57692307692308,ED_DANGEROUS,1,iso_forest
Doha,Qatar,43.3,47.7,4,90.35576923076923,ED_VERY_DANGEROUS,1,iso_forest
Doha,Qatar,41.0,41.4,4,82.38653846153846,ED_VERY_DANGEROUS,1,iso_forest
Riyadh,Saudi Arabia,39.3,39.3,5,95.12916666666666,ED_VERY_DANGEROUS,1,iso_forest
Muscat,Oman,42.4,44.4,3,63.92307692307692,ED_DANGEROUS,1,iso_forest
Pyongyang,North Korea,25.6,27.2,3,18.599999999999998,ED_MODERATE_SAFE,1,lof
Pretoria,South Africa,11.3,11.3,3,22.1,ED_MODERATE_SAFE,1,lof
Yangon,Myanmar,31.2,41.6,1,30.692307692307693,ED_MODERATE_SAFE,1,hot_but_safe
Seoul,South Korea,36.3,43.3,4,73.27884615384616,ED_DANGEROUS,1,iso_forest
Abu Dhabi,United Arab Emirates,39.4,41.4,4,82.78653846153846,ED_VERY_DANGEROUS,1,iso_forest
Baku,Azerbaijan,28.3,28.5,1,14.9,ED_VERY_SAFE,1,lof
Manama,Bahrain,39.1,41.1,4,81.94038461538462,ED_VERY_DANGEROUS,1,iso_forest
Valletta,Malta,30.3,35.5,2,37.083333333333336,ED_CAUTION,1,lof
Dhaka,Bangladesh,27.7,32.7,2,28.266666666666673,ED_MODERATE_SAFE,1,lof
Zagreb,Croatia,25.4,26.6,2,11.9,ED_VERY_SAFE,1,lof
Doha,Qatar,44.4,49.1,4,91.97115384615384,ED_VERY_DANGEROUS,1,iso_forest
Mogadishu,Somalia,26.1,27.9,1,13.699999999999996,ED_VERY_SAFE,1,lof
Palikir,Micronesia,30.2,36.4,1,22.333333333333332,ED_MODERATE_SAFE,1,lof
Santiago,Chile,8.4,8.5,5,45.0,ED_CAUTION,1,iso_forest
Beijing,China,35.1,35.4,4,64.99166666666667,ED_DANGEROUS,1,iso_forest
Bogot,Bulgaria,34.7,34.7,1,26.700000000000006,ED_MODERATE_SAFE,1,lof
Saint George's,Grenada,26.2,29.4,1,7.199999999999996,ED_VERY_SAFE,1,lof
Baghdad,Iraq,36.3,36.3,2,41.666666666666664,ED_CAUTION,1,iso_forest
Kuwait City,Kuwait,43.1,44.7,5,100.0,ED_VERY_DANGEROUS,1,iso_forest
Kuwait City,Kuwait,41.2,41.7,5,96.77019230769231,ED_VERY_DANGEROUS,1,iso_forest
Valletta,Malta,33.1,41.5,2,43.77692307692308,ED_CAUTION,1,lof
Baghdad,Iraq,38.1,38.1,2,45.16666666666667,ED_CAUTION,1,iso_forest
Phnom Penh,Cambodia,29.1,30.1,3,27.300000000000004,ED_MODERATE_SAFE,1,lof
Muscat,Oman,34.0,46.8,3,65.29230769230769,ED_DANGEROUS,1,iso_forest
Islamabad,Pakistan,33.5,40.2,4,79.49166666666667,ED_VERY_DANGEROUS,1,iso_forest
Doha,Qatar,42.0,43.0,4,84.9326923076923,ED_VERY_DANGEROUS,1,iso_forest
Riyadh,Saudi Arabia,39.3,39.3,4,79.79166666666666,ED_VERY_DANGEROUS,1,iso_forest
Malabo,Equatorial Guinea,28.4,33.0,1,21.666666666666668,ED_MODERATE_SAFE,1,lof
Santiago,Chile,1.4,1.4,4,32.68024147384314,ED_MODERATE_SAFE,1,iso_forest
Pretoria,South Africa,12.1,12.6,5,48.1,ED_CAUTION,1,iso_forest
Dushanbe,Tajikistan,42.1,43.1,2,51.22307692307693,ED_CAUTION,1,iso_forest
Nan,Thailand,33.1,35.1,1,20.16666666666667,ED_MODERATE_SAFE,1,lof
Muscat,Oman,36.1,45.7,3,65.12307692307692,ED_DANGEROUS,1,iso_forest
Islamabad,Pakistan,39.9,41.4,4,79.63653846153846,ED_VERY_DANGEROUS,1,iso_forest
Bangui,Central African Republic,22.1,24.6,2,8.0,ED_VERY_SAFE,1,lof
Muscat,Oman,33.3,42.0,3,60.753846153846155,ED_DANGEROUS,1,iso_forest
Doha,Qatar,43.2,44.9,4,87.125,ED_VERY_DANGEROUS,1,iso_forest
Sanaa,Yemen,28.6,28.6,2,24.800000000000004,ED_MODERATE_SAFE,1,iso_forest
Riyadh,Saudi Arabia,39.0,39.0,4,79.29166666666667,ED_VERY_DANGEROUS,1,iso_forest
Madrid,Spain,26.3,26.3,2,10.399999999999999,ED_VERY_SAFE,1,lof
Tashkent,Uzbekistan,40.1,40.1,2,46.4,ED_CAUTION,1,iso_forest
Dushanbe,Tajikistan,43.2,44.9,2,53.6,ED_CAUTION,1,iso_forest
Abu Dhabi,United Arab Emirates,37.1,39.1,4,79.45833333333334,ED_VERY_DANGEROUS,1,iso_forest
Pretoria,South Africa,19.4,19.4,5,49.6,ED_CAUTION,1,iso_forest
Tashkent,Uzbekistan,42.3,43.5,2,52.08461538461539,ED_CAUTION,1,iso_forest
Riyadh,Saudi Arabia,41.1,41.6,5,98.7548076923077,ED_VERY_DANGEROUS,1,iso_forest
Moscow,Russia,15.4,15.4,4,34.1,ED_MODERATE_SAFE,1,lof
Kabul,Afghanistan,36.2,36.2,2,41.80000000000001,ED_CAUTION,1,iso_forest
Baku,Azerbaijan,25.0,26.1,2,19.2,ED_MODERATE_SAFE,1,lof
Manama,Bahrain,36.3,45.9,4,88.27884615384616,ED_VERY_DANGEROUS,1,iso_forest
Dhaka,Bangladesh,30.3,36.3,2,33.666666666666664,ED_MODERATE_SAFE,1,lof
Phnom Penh,Cambodia,33.3,36.2,1,22.000000000000007,ED_MODERATE_SAFE,1,lof
Abu Dhabi,United Arab Emirates,38.2,40.2,4,81.29166666666667,ED_VERY_DANGEROUS,1,iso_forest
Sanaa,Yemen,26.7,26.7,4,44.0,ED_CAUTION,1,lof
Moscow,Russia,22.3,24.4,3,24.3,ED_MODERATE_SAFE,1,lof
Bangkok,Thailand,33.1,41.0,1,30.0,ED_MODERATE_SAFE,1,hot_but_safe
Islamabad,Pakistan,35.0,43.0,2,43.40769230769231,ED_CAUTION,1,lof
Colombo,Sri Lanka,31.4,38.9,1,32.3,ED_MODERATE_SAFE,1,hot_but_safe
Basseterre,Saint Kitts and Nevis,27.3,30.3,1,9.900000000000002,ED_VERY_SAFE,1,lof
Castries,Saint Lucia,28.1,32.1,1,15.16666666666667,ED_MODERATE_SAFE,1,lof
Pretoria,South Africa,15.0,15.1,5,49.6,ED_CAUTION,1,iso_forest
Riyadh,Saudi Arabia,38.2,38.2,5,93.29583333333335,ED_VERY_DANGEROUS,1,iso_forest
Colombo,Sri Lanka,32.0,42.1,1,35.269230769230774,ED_CAUTION,1,lof
Dushanbe,Tajikistan,41.2,41.7,2,49.607692307692304,ED_CAUTION,1,iso_forest
Ban Lom,Vietnam,29.1,36.3,2,30.166666666666664,ED_MODERATE_SAFE,1,lof
Bandar Seri Begawan,Brunei Darussalam,31.3,39.8,1,27.999999999999996,ED_MODERATE_SAFE,1,hot_but_safe
Nassau,Bahamas,27.5,31.7,1,14.099999999999998,ED_VERY_SAFE,1,lof
Riyadh,Saudi Arabia,44.1,46.4,4,88.85576923076923,ED_VERY_DANGEROUS,1,iso_forest
Manama,Bahrain,37.1,45.4,5,100.0,ED_VERY_DANGEROUS,1,iso_forest
Dhaka,Bangladesh,26.2,30.1,1,13.100000000000005,ED_VERY_SAFE,1,lof
San Marino,San Marino,19.3,19.3,1,5.3,ED_VERY_SAFE,1,lof
Ottawa,Canada,21.1,21.1,1,0.0,ED_VERY_SAFE,1,lof
Bangui,Central African Republic,28.3,36.3,1,22.166666666666664,ED_MODERATE_SAFE,1,lof
Santiago,Chile,4.1,4.1,4,32.0,ED_MODERATE_SAFE,1,iso_forest
Bangkok,Thailand,34.3,39.5,1,28.7,ED_MODERATE_SAFE,1,hot_but_safe
Oslo,Norway,17.3,17.3,1,0.0,ED_VERY_SAFE,1,lof
Abu Dhabi,United Arab Emirates,41.1,43.1,4,85.04807692307693,ED_VERY_DANGEROUS,1,iso_forest
Laos,Indonesia,25.4,28.6,1,4.800000000000004,ED_VERY_SAFE,1,lof
Belmopan,Belize,23.8,26.6,1,0.0,ED_VERY_SAFE,1,lof
Nassau,Bahamas,27.4,34.1,1,18.500000000000004,ED_MODERATE_SAFE,1,lof
Manama,Bahrain,36.2,45.0,4,87.24038461538461,ED_VERY_DANGEROUS,1,iso_forest
Dhaka,Bangladesh,30.1,35.8,1,21.33333333333333,ED_MODERATE_SAFE,1,lof
Phnom Penh,Cambodia,30.2,31.7,1,14.099999999999998,ED_VERY_SAFE,1,lof
N'djamena,Chad,32.1,34.1,1,23.300000000000004,ED_MODERATE_SAFE,1,lof
Djibouti,Djibouti,44.1,46.1,3,65.28461538461539,ED_DANGEROUS,1,iso_forest
Roseau,Dominica,25.9,28.2,1,3.599999999999998,ED_VERY_SAFE,1,lof
Malabo,Equatorial Guinea,28.2,35.7,1,25.266666666666673,ED_MODERATE_SAFE,1,lof
Bissau,Guinea-Bissau,27.3,30.9,2,19.699999999999996,ED_MODERATE_SAFE,1,lof
Dhaka,Bangladesh,28.8,34.7,1,22.500000000000007,ED_MODERATE_SAFE,1,lof
Manama,Bahrain,36.3,46.3,3,66.11538461538461,ED_DANGEROUS,1,iso_forest
Nassau,Bahamas,28.4,34.0,1,18.333333333333332,ED_MODERATE_SAFE,1,lof
Kabul,Afghanistan,32.6,32.6,2,36.0,ED_CAUTION,1,iso_forest
Sanaa,Yemen,29.3,29.3,2,26.900000000000002,ED_MODERATE_SAFE,1,iso_forest
Tashkent,Uzbekistan,38.3,38.3,3,52.9,ED_CAUTION,1,iso_forest
Kuwait City,Kuwait,39.6,39.6,5,94.82916666666667,ED_VERY_DANGEROUS,1,iso_forest
Riyadh,Saudi Arabia,40.2,40.2,4,80.69166666666668,ED_VERY_DANGEROUS,1,iso_forest
Abu Dhabi,United Arab Emirates,37.2,48.5,5,100.0,ED_VERY_DANGEROUS,1,iso_forest
Lilongwe,Malawi,18.1,18.1,1,7.949999999999999,ED_VERY_SAFE,1,lof
Doha,Qatar,45.3,48.5,4,90.67884615384617,ED_VERY_DANGEROUS,1,iso_forest
Singapore,Singapore,32.4,41.3,1,31.24615384615384,ED_MODERATE_SAFE,1,hot_but_safe
Seoul,South Korea,28.0,28.8,2,13.400000000000002,ED_VERY_SAFE,1,lof
Ban Lom,Vietnam,29.7,37.5,2,37.366666666666674,ED_CAUTION,1,lof
Tunis,Tunisia,33.2,34.2,1,22.56666666666667,ED_MODERATE_SAFE,1,lof
Abu Dhabi,United Arab Emirates,42.3,44.3,4,85.63269230769231,ED_VERY_DANGEROUS,1,iso_forest
Riyadh,Saudi Arabia,42.2,43.3,4,85.27884615384616,ED_VERY_DANGEROUS,1,iso_forest
Manama,Bahrain,40.1,42.1,4,82.79423076923078,ED_VERY_DANGEROUS,1,iso_forest
Santiago,Chile,6.1,6.1,5,45.0,ED_CAUTION,1,iso_forest
Malabo,Equatorial Guinea,26.1,28.7,2,13.099999999999998,ED_VERY_SAFE,1,lof
Valletta,Malta,31.3,39.7,1,36.233333333333334,ED_CAUTION,1,lof
Airai,Palau,30.1,38.1,1,25.16666666666667,ED_MODERATE_SAFE,1,hot_but_safe
Baghdad,Iraq,43.4,45.2,4,85.07115384615383,ED_VERY_DANGEROUS,1,iso_forest
Tokyo,Japan,27.8,30.6,2,18.800000000000004,ED_MODERATE_SAFE,1,lof
Kuwait City,Kuwait,46.8,48.8,4,90.825,ED_VERY_DANGEROUS,1,iso_forest
Muscat,Oman,44.1,46.1,3,64.58461538461539,ED_DANGEROUS,1,iso_forest
Pyongyang,North Korea,27.3,28.4,2,12.199999999999996,ED_VERY_SAFE,1,lof
Bamako,Mali,23.1,25.2,1,1.8000000000000003,ED_VERY_SAFE,1,lof
Yangon,Myanmar,33.2,35.2,2,28.33333333333334,ED_MODERATE_SAFE,1,lof
Riyadh,Saudi Arabia,42.3,43.5,5,100.0,ED_VERY_DANGEROUS,1,iso_forest
Doha,Qatar,38.0,43.0,4,83.7326923076923,ED_VERY_DANGEROUS,1,iso_forest
Port Moresby,Papua New Guinea,26.1,28.7,1,5.099999999999998,ED_VERY_SAFE,1,lof
Islamabad,Pakistan,35.7,38.9,4,77.525,ED_VERY_DANGEROUS,1,iso_forest
Santiago,Chile,2.1,2.1,4,32.0,ED_MODERATE_SAFE,1,iso_forest
Bogot,Bulgaria,33.5,33.5,1,23.8,ED_MODERATE_SAFE,1,lof
Hanoi,Vietnam,35.4,41.2,4,73.55576923076923,ED_DANGEROUS,1,iso_forest
Djibouti,Djibouti,42.4,44.4,2,52.32307692307692,ED_CAUTION,1,iso_forest
New Delhi,India,37.3,41.6,4,75.2173076923077,ED_VERY_DANGEROUS,1,iso_forest
Baghdad,Iraq,44.2,46.6,4,87.78653846153846,ED_VERY_DANGEROUS,1,iso_forest
Abu Dhabi,United Arab Emirates,42.1,44.1,4,85.60192307692309,ED_VERY_DANGEROUS,1,iso_forest
Maseru,Lesotho,12.4,12.4,2,9.2,ED_VERY_SAFE,1,lof
Nan,Thailand,31.3,39.4,1,34.233333333333334,ED_MODERATE_SAFE,1,hot_but_safe
Valletta,Malta,29.3,32.9,1,21.499999999999996,ED_MODERATE_SAFE,1,lof
Funafuti,Tuvalu,29.2,35.1,1,20.16666666666667,ED_MODERATE_SAFE,1,lof
Khartoum,Sudan,40.5,40.6,4,81.75833333333334,ED_VERY_DANGEROUS,1,iso_forest
Pyongyang,North Korea,28.0,29.9,3,26.999999999999996,ED_MODERATE_SAFE,1,lof
Colombo,Sri Lanka,28.3,33.7,1,17.83333333333334,ED_MODERATE_SAFE,1,lof
Muscat,Oman,34.0,41.6,3,60.392307692307696,ED_DANGEROUS,1,iso_forest
Seoul,South Korea,31.3,32.8,2,24.33333333333333,ED_MODERATE_SAFE,1,lof
Pretoria,South Africa,15.2,15.2,5,49.1,ED_CAUTION,1,iso_forest
Maputo,Mozambique,21.2,21.2,2,12.0,ED_VERY_SAFE,1,lof
Yaren,Turkey,29.1,29.1,1,16.400000000000006,ED_MODERATE_SAFE,1,lof
Manama,Bahrain,38.3,40.3,4,80.35833333333333,ED_VERY_DANGEROUS,1,iso_forest
Conakry,Guinea,25.1,27.2,1,0.5999999999999979,ED_VERY_SAFE,1,lof
Nan,Thailand,33.3,50.0,1,43.38461538461539,ED_CAUTION,1,lof
Santiago,Chile,4.2,4.2,5,45.0,ED_CAUTION,1,iso_forest
Beijing,China,23.1,24.8,4,32.0,ED_MODERATE_SAFE,1,lof
Maseru,Lesotho,10.1,10.4,4,35.5,ED_CAUTION,1,iso_forest
Djibouti,Djibouti,37.8,42.0,2,51.15384615384615,ED_CAUTION,1,iso_forest
Kuwait City,Kuwait,46.7,48.7,4,91.50961538461539,ED_VERY_DANGEROUS,1,iso_forest
Tokyo,Japan,22.1,24.6,2,8.0,ED_VERY_SAFE,1,lof
Banjul,Gambia,23.3,25.3,3,18.0,ED_MODERATE_SAFE,1,lof
Baghdad,Iraq,43.2,44.9,3,64.5,ED_DANGEROUS,1,iso_forest
Niamey,Niger,26.4,27.8,1,7.700000000000002,ED_VERY_SAFE,1,lof
Baghdad,Iraq,41.4,42.0,4,81.47884615384615,ED_VERY_DANGEROUS,1,iso_forest
Jakarta,Indonesia,26.2,27.5,5,46.5,ED_CAUTION,1,lof
New Delhi,India,41.1,41.6,5,92.7548076923077,ED_VERY_DANGEROUS,1,iso_forest
Beirut,Lebanon,29.4,32.9,2,36.4,ED_CAUTION,1,lof
Nan,Thailand,30.2,42.3,2,39.5,ED_CAUTION,1,lof
Bamako,Mali,26.2,28.2,1,7.299999999999998,ED_VERY_SAFE,1,lof
Valletta,Malta,31.0,36.8,2,39.55,ED_CAUTION,1,lof
Yaren,Turkey,29.4,29.4,2,25.699999999999996,ED_MODERATE_SAFE,1,lof
Ottawa,Canada,21.2,21.2,3,18.0,ED_MODERATE_SAFE,1,lof
Phnom Penh,Cambodia,35.4,43.8,1,33.230769230769226,ED_MODERATE_SAFE,1,hot_but_safe
Manama,Bahrain,39.3,41.3,4,81.67115384615384,ED_VERY_DANGEROUS,1,iso_forest
Bamako,Mali,22.3,24.6,2,8.0,ED_VERY_SAFE,1,lof
Rabat,Morocco,22.3,24.7,1,1.8000000000000003,ED_VERY_SAFE,1,lof
Abuja,Nigeria,25.2,28.1,2,11.300000000000004,ED_VERY_SAFE,1,lof
Pyongyang,North Korea,21.4,21.4,2,8.0,ED_VERY_SAFE,1,lof
Muscat,Oman,35.2,44.0,3,61.36153846153846,ED_DANGEROUS,1,iso_forest
Islamabad,Pakistan,35.3,38.2,4,73.45833333333334,ED_DANGEROUS,1,iso_forest
Airai,Palau,25.3,27.2,1,2.099999999999998,ED_VERY_SAFE,1,lof
Doha,Qatar,41.2,46.0,4,87.29423076923078,ED_VERY_DANGEROUS,1,iso_forest
Riyadh,Saudi Arabia,43.3,45.1,6,100.0,ED_VERY_DANGEROUS,1,iso_forest
Mogadishu,Somalia,29.4,34.3,1,30.83333333333333,ED_MODERATE_SAFE,1,lof
Pretoria,South Africa,15.1,15.1,5,48.1,ED_CAUTION,1,iso_forest
Seoul,South Korea,22.0,24.5,2,8.0,ED_VERY_SAFE,1,lof
Chi Chi Khvar,Iran,30.3,30.3,3,39.900000000000006,ED_CAUTION,1,iso_forest
Abu Dhabi,United Arab Emirates,43.0,45.0,4,86.34038461538461,ED_VERY_DANGEROUS,1,iso_forest
Kabul,Afghanistan,29.6,29.6,3,34.35000000000001,ED_MODERATE_SAFE,1,lof
Algiers,Algeria,30.3,36.7,2,35.93333333333334,ED_CAUTION,1,lof
Buenos Aires,Argentina,14.2,14.2,2,8.0,ED_VERY_SAFE,1,lof
Baku,Azerbaijan,37.1,41.5,3,59.77692307692308,ED_DANGEROUS,1,iso_forest
Phnom Penh,Cambodia,27.2,27.6,1,1.8000000000000043,ED_VERY_SAFE,1,lof
Nassau,Bahamas,26.1,29.2,2,14.599999999999998,ED_VERY_SAFE,1,lof
Beijing,China,29.0,29.0,2,14.0,ED_VERY_SAFE,1,lof
Ban Lom,Vietnam,28.4,33.3,1,18.36666666666666,ED_MODERATE_SAFE,1,lof
Yangon,Myanmar,26.3,29.3,2,14.900000000000002,ED_VERY_SAFE,1,lof
Pyongyang,North Korea,32.8,35.4,1,20.666666666666664,ED_MODERATE_SAFE,1,lof
Seoul,South Korea,29.3,31.9,3,32.699999999999996,ED_MODERATE_SAFE,1,lof
Doha,Qatar,44.2,48.6,4,90.69423076923077,ED_VERY_DANGEROUS,1,iso_forest
Basseterre,Saint Kitts and Nevis,28.4,33.2,2,25.000000000000004,ED_MODERATE_SAFE,1,lof
Riyadh,Saudi Arabia,40.1,40.1,3,58.5,ED_DANGEROUS,1,iso_forest
Pretoria,South Africa,14.2,14.7,5,48.1,ED_CAUTION,1,iso_forest
Riyadh,Saudi Arabia,43.2,44.9,5,100.0,ED_VERY_DANGEROUS,1,iso_forest
Doha,Qatar,46.0,49.7,4,91.76346153846154,ED_VERY_DANGEROUS,1,iso_forest
Pyongyang,North Korea,22.1,24.6,2,8.0,ED_VERY_SAFE,1,lof
Abu Dhabi,United Arab Emirates,39.2,41.2,4,82.05576923076923,ED_VERY_DANGEROUS,1,iso_forest
Hanoi,Vietnam,34.0,43.3,4,79.07884615384616,ED_VERY_DANGEROUS,1,iso_forest
Nassau,Bahamas,28.1,32.6,2,24.000000000000004,ED_MODERATE_SAFE,1,lof
Airai,Palau,25.1,27.2,1,0.5999999999999979,ED_VERY_SAFE,1,lof
Manama,Bahrain,41.2,49.5,4,91.7326923076923,ED_VERY_DANGEROUS,1,iso_forest
Porto-Novo,Benin,25.1,27.4,2,10.399999999999995,ED_VERY_SAFE,1,lof
Santiago,Chile,1.3,1.3,4,32.85289696066575,ED_MODERATE_SAFE,1,iso_forest
Muscat,Oman,46.0,48.0,2,57.67692307692308,ED_DANGEROUS,1,iso_forest
Dodoma,Tanzania,24.2,24.8,1,9.2,ED_VERY_SAFE,1,lof
Ashgabat,Turkmenistan,39.4,39.4,1,39.33333333333333,ED_CAUTION,1,iso_forest
Chi Chi Khvar,Iran,28.6,28.6,3,34.800000000000004,ED_MODERATE_SAFE,1,lof
Valletta,Malta,28.4,31.3,1,18.1,ED_MODERATE_SAFE,1,lof
Kabul,Afghanistan,32.6,32.6,2,35.1,ED_CAUTION,1,iso_forest
Bras,Brazil,21.5,21.5,1,0.0,ED_VERY_SAFE,1,lof
Manama,Bahrain,40.1,42.1,4,83.19423076923077,ED_VERY_DANGEROUS,1,iso_forest
Manama,Bahrain,41.2,43.2,4,85.16346153846155,ED_VERY_DANGEROUS,1,iso_forest
San Ignacio,Costa Rica,21.4,21.4,1,0.0,ED_VERY_SAFE,1,lof
Baku,Azerbaijan,22.3,24.7,2,17.5,ED_MODERATE_SAFE,1,lof
Djibouti,Djibouti,42.3,44.3,3,62.50769230769231,ED_DANGEROUS,1,iso_forest
Malabo,Equatorial Guinea,25.2,27.6,1,2.7000000000000037,ED_VERY_SAFE,1,lof
Mbabane,Swaziland,21.4,21.4,3,21.3,ED_MODERATE_SAFE,1,lof
Saint John's,Antigua and Barbuda,27.2,30.2,2,17.599999999999998,ED_MODERATE_SAFE,1,lof
Guatemala City,Guatemala,18.3,18.3,2,8.0,ED_VERY_SAFE,1,lof
Hanoi,Vietnam,36.4,43.3,4,77.87884615384615,ED_VERY_DANGEROUS,1,iso_forest
Abu Dhabi,United Arab Emirates,40.3,42.3,4,83.725,ED_VERY_DANGEROUS,1,iso_forest
Baghdad,Iraq,40.4,40.5,3,58.26666666666667,ED_DANGEROUS,1,iso_forest
Port Royal,Jamaica,28.3,34.7,1,19.500000000000007,ED_MODERATE_SAFE,1,lof
Kuwait City,Kuwait,44.9,47.8,4,89.97115384615384,ED_VERY_DANGEROUS,1,iso_forest
Nan,Thailand,31.4,47.3,1,37.26923076923077,ED_CAUTION,1,lof
Bissau,Guinea-Bissau,25.2,28.6,1,4.800000000000004,ED_VERY_SAFE,1,lof
Baghdad,Iraq,44.9,47.9,3,66.96153846153845,ED_DANGEROUS,1,iso_forest
Saint John's,Antigua and Barbuda,27.3,30.3,2,17.900000000000002,ED_MODERATE_SAFE,1,lof
Nassau,Bahamas,27.1,30.5,1,10.5,ED_VERY_SAFE,1,lof
Baghdad,Iraq,41.1,41.6,3,59.19230769230769,ED_DANGEROUS,1,iso_forest
Kuwait City,Kuwait,46.3,48.3,4,90.04807692307692,ED_VERY_DANGEROUS,1,iso_forest
Santo Domingo,Dominican Republic,23.2,25.3,1,0.0,ED_VERY_SAFE,1,lof
Nouakchott,Mauritania,23.6,25.6,2,8.0,ED_VERY_SAFE,1,lof
Beijing,China,26.3,26.3,4,34.7,ED_MODERATE_SAFE,1,lof
Muscat,Oman,32.3,38.6,3,55.2,ED_DANGEROUS,1,iso_forest
Doha,Qatar,38.3,41.2,4,81.25576923076923,ED_VERY_DANGEROUS,1,iso_forest
Manama,Bahrain,39.4,41.4,4,82.58653846153845,ED_VERY_DANGEROUS,1,iso_forest
Baku,Azerbaijan,22.1,24.6,2,18.6,ED_MODERATE_SAFE,1,lof
Kuwait City,Kuwait,47.2,49.2,5,100.0,ED_VERY_DANGEROUS,1,iso_forest
Castries,Saint Lucia,28.4,31.6,2,21.800000000000004,ED_MODERATE_SAFE,1,lof
Riyadh,Saudi Arabia,41.0,41.4,4,83.08653846153845,ED_VERY_DANGEROUS,1,iso_forest
Saint John's,Antigua and Barbuda,26.2,28.5,1,4.5,ED_VERY_SAFE,1,lof
Pretoria,South Africa,17.2,17.2,5,48.2,ED_CAUTION,1,iso_forest
Abu Dhabi,United Arab Emirates,39.0,41.0,4,80.725,ED_VERY_DANGEROUS,1,iso_forest
Kabul,Afghanistan,29.3,29.3,2,25.400000000000002,ED_MODERATE_SAFE,1,lof
Sanaa,Yemen,28.0,28.0,1,15.0,ED_MODERATE_SAFE,1,iso_forest
Kabul,Afghanistan,31.7,31.7,2,32.5,ED_MODERATE_SAFE,1,lof
New Delhi,India,37.2,41.3,4,74.87115384615385,ED_DANGEROUS,1,iso_forest
Phnom Penh,Cambodia,35.3,39.4,1,28.53333333333333,ED_MODERATE_SAFE,1,hot_but_safe
Tbilisi,Georgia,22.1,24.5,1,10.1,ED_VERY_SAFE,1,lof
Bandar Seri Begawan,Brunei Darussalam,31.2,38.1,1,26.36666666666667,ED_MODERATE_SAFE,1,hot_but_safe
Tokyo,Japan,30.0,35.3,2,28.499999999999996,ED_MODERATE_SAFE,1,lof
Baghdad,Iraq,42.2,43.3,3,61.95384615384616,ED_DANGEROUS,1,iso_forest
Kuwait City,Kuwait,45.2,48.3,4,90.34807692307692,ED_VERY_DANGEROUS,1,iso_forest
Nan,Thailand,26.3,31.4,1,13.199999999999996,ED_VERY_SAFE,1,lof
Port Louis,Mauritius,24.1,25.6,1,6.6000000000000005,ED_VERY_SAFE,1,lof
Niamey,Niger,29.1,30.8,1,11.400000000000002,ED_VERY_SAFE,1,lof
Muscat,Oman,33.1,40.2,4,80.59166666666667,ED_VERY_DANGEROUS,1,iso_forest
Doha,Qatar,38.2,38.2,4,77.05833333333334,ED_VERY_DANGEROUS,1,iso_forest
Riyadh,Saudi Arabia,41.0,41.4,4,83.08653846153845,ED_VERY_DANGEROUS,1,iso_forest
Mogadishu,Somalia,28.3,31.7,1,25.0,ED_MODERATE_SAFE,1,lof
Pretoria,South Africa,15.2,15.2,5,48.2,ED_CAUTION,1,iso_forest
Bangkok,Thailand,33.1,41.6,1,31.292307692307695,ED_MODERATE_SAFE,1,hot_but_safe
Abu Dhabi,United Arab Emirates,39.0,41.0,4,82.125,ED_VERY_DANGEROUS,1,iso_forest
Nassau,Bahamas,28.1,36.1,2,29.833333333333336,ED_MODERATE_SAFE,1,lof
Manama,Bahrain,39.0,48.1,4,89.2173076923077,ED_VERY_DANGEROUS,1,iso_forest
Thimphu,Bhutan,23.8,24.9,1,11.6,ED_VERY_SAFE,1,lof
Jakarta,Indonesia,33.2,38.3,5,85.0625,ED_VERY_DANGEROUS,1,iso_forest
Kabul,Afghanistan,32.8,32.8,2,36.133333333333326,ED_CAUTION,1,iso_forest
Manama,Bahrain,35.2,42.4,4,84.24038461538461,ED_VERY_DANGEROUS,1,iso_forest
Palikir,Micronesia,30.3,37.5,1,24.166666666666668,ED_MODERATE_SAFE,1,lof
Phnom Penh,Cambodia,29.2,30.6,2,23.500000000000004,ED_MODERATE_SAFE,1,lof
Manama,Bahrain,37.0,39.0,4,79.29166666666667,ED_VERY_DANGEROUS,1,iso_forest
Kabul,Afghanistan,31.7,31.7,2,34.099999999999994,ED_MODERATE_SAFE,1,lof
Kabul,Afghanistan,32.0,32.0,2,35.0,ED_CAUTION,1,iso_forest
Algiers,Algeria,28.1,29.9,2,20.399999999999995,ED_MODERATE_SAFE,1,lof
Washington Harbor,United States of America,8.9,8.9,1,0.0,ED_VERY_SAFE,1,lof
Nassau,Bahamas,27.0,30.7,2,19.099999999999998,ED_MODERATE_SAFE,1,lof
Manama,Bahrain,38.1,40.1,4,81.125,ED_VERY_DANGEROUS,1,iso_forest
Abu Dhabi,United Arab Emirates,38.3,40.3,4,81.45833333333333,ED_VERY_DANGEROUS,1,iso_forest
Santiago,Chile,5.3,5.3,5,45.0,ED_CAUTION,1,iso_forest
Maseru,Lesotho,5.3,5.3,4,32.6,ED_MODERATE_SAFE,1,iso_forest
Beijing,China,27.3,27.4,4,33.49999999999999,ED_MODERATE_SAFE,1,lof
Bangkok,Thailand,33.3,38.1,1,28.966666666666672,ED_MODERATE_SAFE,1,hot_but_safe
Havana,Cuba,26.0,29.5,2,15.5,ED_MODERATE_SAFE,1,lof
Riyadh,Saudi Arabia,39.1,39.1,4,79.45833333333334,ED_VERY_DANGEROUS,1,iso_forest
Doha,Qatar,41.3,42.2,4,84.00961538461539,ED_VERY_DANGEROUS,1,iso_forest
Tegucigalpa,Honduras,20.3,20.3,1,0.0,ED_VERY_SAFE,1,lof
Baghdad,Iraq,41.2,41.7,2,50.107692307692304,ED_CAUTION,1,iso_forest
Kuwait City,Kuwait,45.7,49.2,4,91.98653846153847,ED_VERY_DANGEROUS,1,iso_forest
Abu Dhabi,United Arab Emirates,37.3,39.3,4,78.69166666666666,ED_VERY_DANGEROUS,1,iso_forest
Bern,Switzerland,23.2,24.9,1,5.8,ED_VERY_SAFE,1,lof
Riyadh,Saudi Arabia,41.1,41.6,4,83.3173076923077,ED_VERY_DANGEROUS,1,iso_forest
Ottawa,Canada,22.2,24.7,1,0.0,ED_VERY_SAFE,1,lof
Santiago,Chile,2.4,2.4,4,32.0,ED_MODERATE_SAFE,1,iso_forest
Baghdad,Iraq,41.0,41.4,2,50.46153846153846,ED_CAUTION,1,iso_forest
Vestmannaeyjar,Iceland,10.3,10.3,1,0.0,ED_VERY_SAFE,1,lof
Beijing,China,27.3,27.4,4,33.8,ED_MODERATE_SAFE,1,lof
Malabo,Equatorial Guinea,27.3,31.4,1,14.699999999999996,ED_VERY_SAFE,1,lof
Addis Ababa,Ethiopia,23.0,24.1,4,43.5,ED_CAUTION,1,lof
Baghdad,Iraq,44.8,47.6,3,67.61538461538461,ED_DANGEROUS,1,iso_forest
Saint George's,Grenada,27.3,31.7,2,22.099999999999998,ED_MODERATE_SAFE,1,lof
Addis Ababa,Ethiopia,20.1,20.1,4,43.6,ED_CAUTION,1,iso_forest
Kuwait City,Kuwait,40.5,40.7,4,81.92500000000001,ED_VERY_DANGEROUS,1,iso_forest
Monaco,Monaco,28.2,32.1,2,27.06666666666667,ED_MODERATE_SAFE,1,lof
Maputo,Mozambique,21.0,21.0,1,2.6999999999999997,ED_VERY_SAFE,1,lof
Muscat,Oman,35.4,46.1,3,65.48461538461538,ED_DANGEROUS,1,iso_forest
Copenhagen,Denmark,20.4,20.4,2,12.1,ED_VERY_SAFE,1,lof
Beijing,China,37.3,37.3,4,64.45833333333333,ED_DANGEROUS,1,iso_forest
Doha,Qatar,43.1,45.4,4,87.20192307692307,ED_VERY_DANGEROUS,1,iso_forest
San Marino,San Marino,27.2,29.3,2,19.300000000000004,ED_MODERATE_SAFE,1,lof
Beirut,Lebanon,28.3,30.2,2,28.0,ED_MODERATE_SAFE,1,lof
Islamabad,Pakistan,32.8,37.6,4,75.95833333333334,ED_VERY_DANGEROUS,1,iso_forest
Kuwait City,Kuwait,43.3,45.1,5,100.0,ED_VERY_DANGEROUS,1,iso_forest
Manama,Bahrain,37.2,39.2,4,79.625,ED_VERY_DANGEROUS,1,iso_forest
Tokyo,Japan,32.2,35.2,2,28.33333333333334,ED_MODERATE_SAFE,1,lof
Baghdad,Iraq,40.2,40.2,2,48.16666666666667,ED_CAUTION,1,iso_forest
Beijing,China,31.2,31.3,4,44.900000000000006,ED_CAUTION,1,lof
Ottawa,Canada,23.3,25.5,1,0.0,ED_VERY_SAFE,1,lof
Phnom Penh,Cambodia,29.4,31.4,2,24.599999999999994,ED_MODERATE_SAFE,1,lof
Zagreb,Croatia,30.4,30.5,1,16.0,ED_MODERATE_SAFE,1,lof
Havana,Cuba,25.1,27.8,2,10.400000000000002,ED_VERY_SAFE,1,lof
Djibouti,Djibouti,43.1,45.1,2,52.93076923076923,ED_CAUTION,1,iso_forest
Tallinn,Estonia,15.1,15.1,1,4.0,ED_VERY_SAFE,1,iso_forest
Nan,Thailand,29.2,39.6,1,30.766666666666673,ED_MODERATE_SAFE,1,hot_but_safe
Nassau,Bahamas,27.2,31.6,1,13.800000000000004,ED_VERY_SAFE,1,lof
Tbilisi,Georgia,22.1,24.1,1,9.9,ED_VERY_SAFE,1,lof
Baku,Azerbaijan,24.3,25.8,2,18.9,ED_MODERATE_SAFE,1,lof
Kabul,Afghanistan,33.4,33.4,3,47.23333333333333,ED_CAUTION,1,iso_forest
New Delhi,India,35.2,40.7,3,47.50000000000001,ED_CAUTION,1,lof
Tehran,Iran,34.0,34.0,3,48.33333333333333,ED_CAUTION,1,iso_forest
Ashgabat,Turkmenistan,37.0,37.0,2,43.333333333333336,ED_CAUTION,1,iso_forest
Baghdad,Iraq,42.0,43.0,2,51.607692307692304,ED_CAUTION,1,iso_forest
Kuwait City,Kuwait,43.4,45.2,4,87.07115384615383,ED_VERY_DANGEROUS,1,iso_forest
Santiago,Chile,1.1,1.1,4,32.0,ED_MODERATE_SAFE,1,iso_forest
Ngaoundere,Cameroon,22.3,24.8,1,0.0,ED_VERY_SAFE,1,lof
Bras,Brazil,22.0,22.0,1,0.0,ED_VERY_SAFE,1,lof
Valletta,Malta,30.1,36.4,2,35.63333333333333,ED_CAUTION,1,lof
Muscat,Oman,45.3,47.3,3,67.26923076923077,ED_DANGEROUS,1,iso_forest
Ulaanbaatar,Mongolia,34.3,38.0,1,29.9,ED_MODERATE_SAFE,1,lof
Monaco,Monaco,32.0,37.5,2,36.46666666666667,ED_CAUTION,1,lof
Ulaanbaatar,Mongolia,29.3,36.1,3,43.833333333333336,ED_CAUTION,1,lof
Rabat,Morocco,35.2,35.5,2,28.833333333333336,ED_MODERATE_SAFE,1,lof
Niamey,Niger,30.2,32.0,2,23.9,ED_MODERATE_SAFE,1,lof
Muscat,Oman,33.3,41.8,3,60.22307692307692,ED_DANGEROUS,1,iso_forest
Doha,Qatar,45.2,48.3,3,68.22307692307692,ED_DANGEROUS,1,iso_forest
Moscow,Russia,20.1,20.1,3,22.5,ED_MODERATE_SAFE,1,lof
Riyadh,Saudi Arabia,42.1,43.1,4,84.84807692307693,ED_VERY_DANGEROUS,1,iso_forest
Madrid,Spain,28.2,28.2,1,6.299999999999997,ED_VERY_SAFE,1,lof
Bangkok,Thailand,33.4,42.7,1,31.961538461538463,ED_MODERATE_SAFE,1,hot_but_safe
Yerevan,Armenia,29.2,29.2,1,17.699999999999996,ED_MODERATE_SAFE,1,lof
Baku,Azerbaijan,29.0,29.1,1,17.200000000000003,ED_MODERATE_SAFE,1,lof
Nassau,Bahamas,27.3,31.5,2,21.5,ED_MODERATE_SAFE,1,lof
Manama,Bahrain,43.0,45.0,4,86.14038461538462,ED_VERY_DANGEROUS,1,iso_forest
Manama,Bahrain,38.2,40.2,4,81.29166666666667,ED_VERY_DANGEROUS,1,iso_forest
Nassau,Bahamas,27.4,33.8,2,25.999999999999996,ED_MODERATE_SAFE,1,lof
Dhaka,Bangladesh,32.3,37.9,2,38.03333333333333,ED_CAUTION,1,lof
Vestmannaeyjar,Iceland,9.1,9.1,1,0.0,ED_VERY_SAFE,1,iso_forest
Dhaka,Bangladesh,32.1,39.7,1,29.03333333333334,ED_MODERATE_SAFE,1,hot_but_safe
Baghdad,Iraq,40.1,40.1,2,48.0,ED_CAUTION,1,iso_forest
Georgetown,Guyana,23.8,26.5,1,0.0,ED_VERY_SAFE,1,lof
Bras,Brazil,21.9,21.9,1,0.0,ED_VERY_SAFE,1,lof
Tbilisi,Georgia,23.4,24.0,1,9.7,ED_VERY_SAFE,1,lof
Addis Ababa,Ethiopia,19.3,19.3,4,43.7,ED_CAUTION,1,iso_forest
Beijing,China,38.3,38.3,4,66.125,ED_DANGEROUS,1,iso_forest
Santiago,Chile,6.3,6.3,5,45.0,ED_CAUTION,1,iso_forest
New Delhi,India,37.4,42.0,3,49.15384615384615,ED_CAUTION,1,iso_forest
Kabul,Afghanistan,33.2,33.2,2,37.0,ED_CAUTION,1,iso_forest
Baghdad,Iraq,42.4,43.6,2,53.0,ED_CAUTION,1,iso_forest
Baku,Azerbaijan,25.0,26.2,2,18.7,ED_MODERATE_SAFE,1,lof
Kuwait City,Kuwait,40.6,40.8,5,96.02916666666665,ED_VERY_DANGEROUS,1,iso_forest
Yerevan,Armenia,26.3,26.3,1,11.0,ED_VERY_SAFE,1,lof
Vilnius,Lithuania,13.1,13.1,1,1.1999999999999997,ED_VERY_SAFE,1,lof
Valletta,Malta,31.1,36.9,2,40.266666666666666,ED_CAUTION,1,lof
Pyongyang,North Korea,21.3,21.3,2,8.0,ED_VERY_SAFE,1,lof
Muscat,Oman,40.3,42.3,4,83.725,ED_VERY_DANGEROUS,1,iso_forest
Manama,Bahrain,38.3,48.2,4,90.9326923076923,ED_VERY_DANGEROUS,1,iso_forest
Hanoi,Vietnam,26.3,28.0,3,21.0,ED_MODERATE_SAFE,1,lof
Kuwait City,Kuwait,44.8,47.6,5,100.0,ED_VERY_DANGEROUS,1,iso_forest
Tashkent,Uzbekistan,39.3,39.3,2,45.266666666666666,ED_CAUTION,1,iso_forest
Islamabad,Pakistan,35.9,41.0,4,74.925,ED_DANGEROUS,1,iso_forest
Moscow,Russia,20.4,20.4,3,23.5,ED_MODERATE_SAFE,1,lof
Basseterre,Saint Kitts and Nevis,28.4,33.6,2,25.666666666666668,ED_MODERATE_SAFE,1,lof
Muscat,Oman,43.4,45.4,4,87.70192307692307,ED_VERY_DANGEROUS,1,iso_forest
Riyadh,Saudi Arabia,41.2,41.7,3,60.80769230769231,ED_DANGEROUS,1,iso_forest
Singapore,Singapore,32.2,41.2,1,33.930769230769236,ED_MODERATE_SAFE,1,hot_but_safe
Pretoria,South Africa,18.3,18.3,5,47.7,ED_CAUTION,1,iso_forest
Colombo,Sri Lanka,31.3,40.4,2,41.4,ED_CAUTION,1,lof
Niamey,Niger,24.4,25.1,2,8.0,ED_VERY_SAFE,1,lof
Khartoum,Sudan,36.6,36.6,3,50.16666666666667,ED_CAUTION,1,iso_forest
Ulaanbaatar,Mongolia,32.0,38.7,2,34.16666666666667,ED_MODERATE_SAFE,1,hot_but_safe
Chi Chi Khvar,Iran,24.9,24.9,1,12.0,ED_VERY_SAFE,1,lof
Bangkok,Thailand,32.2,39.3,1,27.166666666666664,ED_MODERATE_SAFE,1,hot_but_safe
Nan,Thailand,31.3,40.1,1,34.800000000000004,ED_MODERATE_SAFE,1,hot_but_safe
Ban Lom,Vietnam,31.0,38.8,1,28.733333333333327,ED_MODERATE_SAFE,1,hot_but_safe
Nuku`Aloia,Tonga,20.2,20.2,1,0.0,ED_VERY_SAFE,1,lof
Abu Dhabi,United Arab Emirates,38.2,40.2,4,81.29166666666667,ED_VERY_DANGEROUS,1,iso_forest
Doha,Qatar,43.2,44.9,4,86.425,ED_VERY_DANGEROUS,1,iso_forest
Riyadh,Saudi Arabia,40.2,40.2,4,81.29166666666667,ED_VERY_DANGEROUS,1,iso_forest
Algiers,Algeria,28.3,31.9,2,26.299999999999997,ED_MODERATE_SAFE,1,lof
Bamako,Mali,22.2,24.4,2,11.0,ED_VERY_SAFE,1,lof
Doha,Qatar,43.1,44.7,4,86.69423076923077,ED_VERY_DANGEROUS,1,iso_forest
Islamabad,Pakistan,33.6,39.6,4,78.69166666666668,ED_VERY_DANGEROUS,1,iso_forest
Luxembourg,Luxembourg,18.3,18.3,1,0.8999999999999995,ED_VERY_SAFE,1,lof
Bamako,Mali,24.2,25.5,2,11.4,ED_VERY_SAFE,1,lof
Muscat,Oman,43.2,45.2,3,64.84615384615384,ED_DANGEROUS,1,iso_forest
Kathmandu,Nepal,25.3,27.2,1,7.949999999999998,ED_VERY_SAFE,1,lof
Yangon,Myanmar,28.1,31.5,1,13.5,ED_VERY_SAFE,1,lof
Valletta,Malta,30.1,35.0,2,36.25,ED_CAUTION,1,lof
Muscat,Oman,34.0,41.5,3,59.97692307692308,ED_DANGEROUS,1,iso_forest
Seoul,South Korea,21.1,21.1,2,8.0,ED_VERY_SAFE,1,lof
Doha,Qatar,45.3,48.5,4,91.17884615384617,ED_VERY_DANGEROUS,1,iso_forest
Riyadh,Saudi Arabia,40.2,40.2,4,81.29166666666667,ED_VERY_DANGEROUS,1,iso_forest
Bangkok,Thailand,35.3,37.3,1,23.83333333333333,ED_MODERATE_SAFE,1,lof
Ban Lom,Vietnam,29.8,36.8,2,33.4,ED_MODERATE_SAFE,1,lof
Nuku`Aloia,Tonga,23.3,25.3,1,0.0,ED_VERY_SAFE,1,lof
Abu Dhabi,United Arab Emirates,38.1,40.1,4,80.925,ED_VERY_DANGEROUS,1,iso_forest
Kabul,Afghanistan,33.6,33.6,3,47.56666666666667,ED_CAUTION,1,iso_forest
Nan,Thailand,30.2,40.2,1,32.16666666666667,ED_MODERATE_SAFE,1,hot_but_safe
Riyadh,Saudi Arabia,40.2,40.2,4,81.29166666666667,ED_VERY_DANGEROUS,1,iso_forest
Laos,Indonesia,25.1,28.0,1,3.0,ED_VERY_SAFE,1,lof
Kuwait City,Kuwait,40.1,40.1,5,96.2625,ED_VERY_DANGEROUS,1,iso_forest
Khartoum,Sudan,36.0,36.0,3,48.66666666666667,ED_CAUTION,1,iso_forest
Dushanbe,Tajikistan,40.1,40.1,2,47.1,ED_CAUTION,1,iso_forest
Bangkok,Thailand,33.3,41.2,1,30.230769230769234,ED_MODERATE_SAFE,1,hot_but_safe
Montevideo,Uruguay,5.1,5.1,1,0.7535972371805624,ED_VERY_SAFE,1,iso_forest
Ban Lom,Vietnam,29.1,36.4,1,25.53333333333333,ED_MODERATE_SAFE,1,lof
Abu Dhabi,United Arab Emirates,39.1,41.1,4,82.74038461538461,ED_VERY_DANGEROUS,1,iso_forest
Nuku`Aloia,Tonga,22.3,24.7,1,0.0,ED_VERY_SAFE,1,lof
Abu Dhabi,United Arab Emirates,37.2,39.2,4,79.125,ED_VERY_DANGEROUS,1,iso_forest
Baku,Azerbaijan,28.0,29.1,1,17.800000000000004,ED_MODERATE_SAFE,1,lof
Nassau,Bahamas,28.1,32.9,1,16.499999999999996,ED_MODERATE_SAFE,1,lof
Manama,Bahrain,38.4,40.4,4,81.625,ED_VERY_DANGEROUS,1,iso_forest
Malabo,Equatorial Guinea,26.2,29.0,1,6.0,ED_VERY_SAFE,1,lof
Addis Ababa,Ethiopia,19.4,19.4,4,43.6,ED_CAUTION,1,iso_forest
Baghdad,Iraq,39.3,39.3,3,57.166666666666664,ED_DANGEROUS,1,iso_forest
Tokyo,Japan,30.1,34.6,2,27.333333333333336,ED_MODERATE_SAFE,1,lof
Ban Lom,Vietnam,30.7,38.5,1,28.533333333333335,ED_MODERATE_SAFE,1,hot_but_safe
Bangkok,Thailand,32.2,40.9,1,29.833333333333332,ED_MODERATE_SAFE,1,hot_but_safe
Nairobi,Kenya,17.1,17.1,1,8.399999999999999,ED_VERY_SAFE,1,lof
Jerusalem,Israel,33.3,33.3,2,35.76666666666666,ED_CAUTION,1,lof
Astana,Kazakhstan,22.0,24.0,2,8.0,ED_VERY_SAFE,1,lof
Kuwait City,Kuwait,46.8,48.8,4,91.525,ED_VERY_DANGEROUS,1,iso_forest
Riyadh,Saudi Arabia,39.1,39.1,5,94.69583333333334,ED_VERY_DANGEROUS,1,iso_forest
Valletta,Malta,31.2,36.6,1,28.16666666666667,ED_MODERATE_SAFE,1,lof
Port Louis,Mauritius,20.1,20.1,1,5.9,ED_VERY_SAFE,1,lof
Ulaanbaatar,Mongolia,32.1,36.5,1,27.2,ED_MODERATE_SAFE,1,lof
Yangon,Myanmar,26.0,28.9,2,13.699999999999996,ED_VERY_SAFE,1,lof
Pretoria,South Africa,18.6,18.6,5,49.5,ED_CAUTION,1,iso_forest
Muscat,Oman,33.1,40.7,3,59.50000000000001,ED_DANGEROUS,1,iso_forest
Doha,Qatar,42.1,43.1,4,84.34807692307693,ED_VERY_DANGEROUS,1,iso_forest
San Marino,San Marino,29.3,31.6,1,18.800000000000004,ED_MODERATE_SAFE,1,lof
Dushanbe,Tajikistan,40.1,40.1,2,48.5,ED_CAUTION,1,iso_forest
Beijing,China,28.2,35.4,3,38.666666666666664,ED_CAUTION,1,lof
Ban Lom,Vietnam,26.9,32.1,1,15.46666666666667,ED_MODERATE_SAFE,1,lof
Abu Dhabi,United Arab Emirates,38.0,40.0,4,80.75833333333334,ED_VERY_DANGEROUS,1,iso_forest
Riyadh,Saudi Arabia,39.1,39.1,5,94.89583333333334,ED_VERY_DANGEROUS,1,iso_forest
Baku,Azerbaijan,26.2,26.6,2,19.0,ED_MODERATE_SAFE,1,lof
Manama,Bahrain,38.4,40.4,4,81.525,ED_VERY_DANGEROUS,1,iso_forest
Dhaka,Bangladesh,31.6,38.3,1,33.0,ED_MODERATE_SAFE,1,hot_but_safe
Phnom Penh,Cambodia,30.1,31.8,2,27.200000000000003,ED_MODERATE_SAFE,1,lof
Warsaw,Poland,17.2,17.2,1,6.8999999999999995,ED_VERY_SAFE,1,lof
Nan,Thailand,26.3,31.1,1,12.300000000000004,ED_VERY_SAFE,1,lof
Kuwait City,Kuwait,42.2,43.3,4,84.67884615384617,ED_VERY_DANGEROUS,1,iso_forest
Port Of Spain,Trinidad and Tobago,26.2,30.3,1,9.900000000000002,ED_VERY_SAFE,1,lof
Baghdad,Iraq,38.3,38.3,2,44.5,ED_CAUTION,1,iso_forest
Ban Lom,Vietnam,25.4,29.0,1,8.100000000000001,ED_VERY_SAFE,1,lof
Kampala,Uganda,19.0,19.0,3,29.7,ED_MODERATE_SAFE,1,lof
Djibouti,Djibouti,44.0,46.0,3,64.26923076923077,ED_DANGEROUS,1,iso_forest
Santiago,Chile,1.0,1.0,4,32.0,ED_MODERATE_SAFE,1,iso_forest
Ottawa,Canada,15.1,15.1,1,0.0,ED_VERY_SAFE,1,iso_forest
Abu Dhabi,United Arab Emirates,43.2,45.2,4,86.97115384615384,ED_VERY_DANGEROUS,1,iso_forest
Kabul,Afghanistan,33.5,33.5,2,37.4,ED_CAUTION,1,iso_forest
Yerevan,Armenia,27.1,27.1,1,11.500000000000004,ED_VERY_SAFE,1,lof
Baku,Azerbaijan,26.1,27.6,2,20.600000000000005,ED_MODERATE_SAFE,1,lof
Manama,Bahrain,36.2,46.1,4,88.20961538461539,ED_VERY_DANGEROUS,1,iso_forest
Manama,Bahrain,36.3,46.5,4,88.97115384615384,ED_VERY_DANGEROUS,1,iso_forest
Phnom Penh,Cambodia,29.4,30.7,2,23.4,ED_MODERATE_SAFE,1,lof
Nassau,Bahamas,27.3,30.5,1,10.5,ED_VERY_SAFE,1,lof
Kabul,Afghanistan,33.2,33.2,3,47.0,ED_CAUTION,1,iso_forest
Bangui,Central African Republic,22.4,24.7,3,22.7,ED_MODERATE_SAFE,1,lof
Abu Dhabi,United Arab Emirates,38.1,40.1,3,58.5,ED_DANGEROUS,1,iso_forest
Malabo,Equatorial Guinea,28.1,34.1,1,18.500000000000004,ED_MODERATE_SAFE,1,lof
Islamabad,Pakistan,40.4,42.3,4,80.675,ED_VERY_DANGEROUS,1,iso_forest
Yangon,Myanmar,32.0,47.4,2,45.38461538461538,ED_CAUTION,1,lof
Beirut,Lebanon,29.1,32.1,2,33.56666666666667,ED_MODERATE_SAFE,1,lof
Accra,Ghana,25.3,27.5,2,10.7,ED_VERY_SAFE,1,lof
Baku,Azerbaijan,24.3,25.7,2,19.1,ED_MODERATE_SAFE,1,lof
Addis Ababa,Ethiopia,18.1,18.1,3,29.0,ED_MODERATE_SAFE,1,lof
Manama,Bahrain,37.0,39.0,4,79.29166666666667,ED_VERY_DANGEROUS,1,iso_forest
Sofia,Bulgaria,29.1,29.1,1,16.500000000000004,ED_MODERATE_SAFE,1,lof
N'djamena,Chad,28.3,30.0,1,9.0,ED_VERY_SAFE,1,lof
Malabo,Equatorial Guinea,28.4,33.1,1,22.733333333333334,ED_MODERATE_SAFE,1,lof
Havana,Cuba,24.1,26.4,2,8.0,ED_VERY_SAFE,1,lof
Djibouti,Djibouti,42.1,44.1,2,51.57692307692308,ED_CAUTION,1,iso_forest
Havana,Cuba,23.2,25.4,2,8.0,ED_VERY_SAFE,1,lof
Havana,Cuba,25.3,28.6,2,12.800000000000004,ED_VERY_SAFE,1,lof
Ottawa,Canada,20.2,20.2,1,0.0,ED_VERY_SAFE,1,lof
New Delhi,India,37.0,41.3,3,55.99615384615384,ED_DANGEROUS,1,iso_forest
Baghdad,Iraq,38.5,38.5,2,45.833333333333336,ED_CAUTION,1,iso_forest
Amman,Jordan,28.0,28.0,1,15.0,ED_MODERATE_SAFE,1,lof
Astana,Kazakhstan,30.1,30.1,1,14.700000000000005,ED_VERY_SAFE,1,lof
Kuwait City,Kuwait,41.1,41.6,5,97.2548076923077,ED_VERY_DANGEROUS,1,iso_forest
Bamako,Mali,24.2,25.9,1,0.0,ED_VERY_SAFE,1,lof
Valletta,Malta,32.3,40.3,2,45.53333333333333,ED_CAUTION,1,lof
Tbilisi,Georgia,25.3,25.3,1,10.1,ED_VERY_SAFE,1,lof
Abu Dhabi,United Arab Emirates,38.0,40.0,4,80.25833333333334,ED_VERY_DANGEROUS,1,iso_forest
Dushanbe,Tajikistan,41.1,41.6,2,50.69230769230769,ED_CAUTION,1,iso_forest
New Delhi,India,34.2,38.1,4,72.24166666666667,ED_DANGEROUS,1,iso_forest
Santo Domingo,Dominican Republic,24.3,26.6,1,0.0,ED_VERY_SAFE,1,lof
Nan,Thailand,32.1,41.7,1,34.30769230769231,ED_MODERATE_SAFE,1,hot_but_safe
Baghdad,Iraq,38.4,38.4,3,54.56666666666666,ED_CAUTION,1,iso_forest
Kuwait City,Kuwait,42.7,44.1,4,85.60192307692309,ED_VERY_DANGEROUS,1,iso_forest
Bishkek,Kyrghyzstan,37.3,37.3,1,35.23333333333333,ED_CAUTION,1,lof
Nan,Thailand,31.1,44.8,1,34.38461538461538,ED_MODERATE_SAFE,1,hot_but_safe
Bishkek,Kyrghyzstan,38.6,38.6,2,43.1,ED_CAUTION,1,iso_forest
Monaco,Monaco,31.4,36.9,1,27.266666666666666,ED_MODERATE_SAFE,1,lof
Podgorica,Montenegro,34.3,34.3,1,25.13333333333333,ED_MODERATE_SAFE,1,lof
Yangon,Myanmar,28.3,34.2,2,26.66666666666667,ED_MODERATE_SAFE,1,lof
Kuwait City,Kuwait,41.4,42.0,5,97.61634615384617,ED_VERY_DANGEROUS,1,iso_forest
Windhoek,Namibia,17.0,17.0,2,8.600000000000001,ED_VERY_SAFE,1,lof
Baghdad,Iraq,38.1,38.1,2,45.16666666666667,ED_CAUTION,1,iso_forest
Muscat,Oman,33.1,40.8,3,59.46666666666667,ED_DANGEROUS,1,iso_forest
Doha,Qatar,42.1,43.1,4,84.94807692307694,ED_VERY_DANGEROUS,1,iso_forest
Riyadh,Saudi Arabia,39.4,39.4,4,79.85833333333333,ED_VERY_DANGEROUS,1,iso_forest
Bratislava,Slovakia,31.3,31.3,1,18.200000000000003,ED_MODERATE_SAFE,1,lof
Baghdad,Iraq,39.2,39.2,3,57.00000000000001,ED_DANGEROUS,1,iso_forest
Riyadh,Saudi Arabia,39.1,39.1,6,100.0,ED_VERY_DANGEROUS,1,iso_forest
Doha,Qatar,46.2,48.2,3,67.00769230769231,ED_DANGEROUS,1,iso_forest
Astana,Kazakhstan,24.1,24.3,2,14.600000000000001,ED_VERY_SAFE,1,lof
Bandar Seri Begawan,Brunei Darussalam,32.2,38.3,1,27.299999999999997,ED_MODERATE_SAFE,1,hot_but_safe
Chi Chi Khvar,Iran,29.0,29.0,1,18.0,ED_MODERATE_SAFE,1,lof
Santiago,Chile,-0.8,-0.8,4,33.2,ED_MODERATE_SAFE,1,iso_forest
Zagreb,Croatia,31.1,31.1,1,16.400000000000006,ED_MODERATE_SAFE,1,lof
Nan,Thailand,34.4,36.4,1,22.333333333333332,ED_MODERATE_SAFE,1,lof
Kuwait City,Kuwait,43.6,45.6,5,100.0,ED_VERY_DANGEROUS,1,iso_forest
Djibouti,Djibouti,45.3,47.3,2,56.669230769230765,ED_DANGEROUS,1,iso_forest
Tbilisi,Georgia,23.4,24.6,1,8.55,ED_VERY_SAFE,1,lof
Tokyo,Japan,28.1,30.4,2,18.199999999999996,ED_MODERATE_SAFE,1,lof
Astana,Kazakhstan,28.3,28.3,1,5.700000000000003,ED_VERY_SAFE,1,lof
Baghdad,Iraq,39.3,39.3,2,46.56666666666666,ED_CAUTION,1,iso_forest
New Delhi,India,36.1,41.6,4,76.91730769230769,ED_VERY_DANGEROUS,1,iso_forest
Tehran,Iran,36.4,36.4,3,52.33333333333333,ED_CAUTION,1,iso_forest
Baghdad,Iraq,42.0,43.0,3,61.30769230769231,ED_DANGEROUS,1,iso_forest
Malabo,Equatorial Guinea,24.3,26.4,1,3.0,ED_VERY_SAFE,1,lof
Phnom Penh,Cambodia,33.0,38.8,2,34.33333333333333,ED_MODERATE_SAFE,1,hot_but_safe
Astana,Kazakhstan,22.0,24.5,1,6.6000000000000005,ED_VERY_SAFE,1,lof
Kuwait City,Kuwait,47.1,49.1,4,91.17115384615384,ED_VERY_DANGEROUS,1,iso_forest
Dhaka,Bangladesh,31.8,38.6,2,38.6,ED_CAUTION,1,lof
Manama,Bahrain,43.2,45.2,5,100.0,ED_VERY_DANGEROUS,1,iso_forest
Ulaanbaatar,Mongolia,33.2,34.6,1,24.633333333333336,ED_MODERATE_SAFE,1,lof
Yerevan,Armenia,27.1,27.1,1,11.100000000000005,ED_VERY_SAFE,1,lof
Maseru,Lesotho,7.2,7.2,4,32.9,ED_MODERATE_SAFE,1,iso_forest
Nouakchott,Mauritania,22.6,24.9,2,8.0,ED_VERY_SAFE,1,lof
Port Louis,Mauritius,23.0,25.1,1,5.1,ED_VERY_SAFE,1,lof
Seoul,South Korea,24.0,25.8,3,18.0,ED_MODERATE_SAFE,1,lof
Niamey,Niger,31.4,33.6,2,25.666666666666668,ED_MODERATE_SAFE,1,lof
Riyadh,Saudi Arabia,39.1,39.1,5,94.89583333333334,ED_VERY_DANGEROUS,1,iso_forest
Islamabad,Pakistan,33.2,38.5,4,76.75833333333334,ED_VERY_DANGEROUS,1,iso_forest
National,Bolivia,21.9,21.9,1,0.0,ED_VERY_SAFE,1,lof
Doha,Qatar,40.1,40.4,4,81.625,ED_VERY_DANGEROUS,1,iso_forest
Doha,Qatar,44.1,46.4,4,88.25576923076923,ED_VERY_DANGEROUS,1,iso_forest
San Marino,San Marino,28.3,29.6,1,12.900000000000004,ED_VERY_SAFE,1,lof
Riyadh,Saudi Arabia,41.3,41.9,5,98.60096153846153,ED_VERY_DANGEROUS,1,iso_forest
Islamabad,Pakistan,38.1,42.6,4,76.77115384615385,ED_VERY_DANGEROUS,1,iso_forest
Victoria,Seychelles Islands,26.3,29.3,1,18.0,ED_MODERATE_SAFE,1,lof
Ljubljana,Slovenia,28.3,29.0,1,11.4,ED_VERY_SAFE,1,lof
Pretoria,South Africa,13.3,13.9,5,47.4,ED_CAUTION,1,iso_forest
Muscat,Oman,41.2,43.2,3,62.238461538461536,ED_DANGEROUS,1,iso_forest
Sucre,Bolivia,9.6,9.6,1,0.0,ED_VERY_SAFE,1,lof
Muscat,Oman,34.4,42.4,4,83.04038461538461,ED_VERY_DANGEROUS,1,iso_forest
Manila,Philippines,27.1,30.1,3,27.900000000000006,ED_MODERATE_SAFE,1,lof
Santiago,Chile,6.3,6.3,5,45.0,ED_CAUTION,1,iso_forest
Kigali,Rwanda,20.1,20.1,3,28.0,ED_MODERATE_SAFE,1,lof
Tbilisi,Georgia,25.0,25.1,1,11.0,ED_VERY_SAFE,1,lof
Doha,Qatar,41.4,42.0,4,83.77884615384616,ED_VERY_DANGEROUS,1,iso_forest
Islamabad,Pakistan,39.6,42.9,4,78.0173076923077,ED_VERY_DANGEROUS,1,iso_forest
Vatican City,Vatican City,32.0,32.0,1,20.1,ED_MODERATE_SAFE,1,lof
Tehran,Iran,36.0,36.0,3,51.66666666666667,ED_CAUTION,1,iso_forest
Baghdad,Iraq,36.3,36.3,2,41.666666666666664,ED_CAUTION,1,iso_forest
Muscat,Oman,42.2,44.2,3,63.392307692307696,ED_DANGEROUS,1,iso_forest
Pyongyang,North Korea,21.3,21.3,1,0.0,ED_VERY_SAFE,1,lof
Nan,Thailand,31.1,44.9,1,34.5,ED_MODERATE_SAFE,1,hot_but_safe
Bamako,Mali,21.3,21.3,2,9.8,ED_VERY_SAFE,1,lof
Valletta,Malta,32.3,38.3,2,42.6,ED_CAUTION,1,lof
Palikir,Micronesia,30.3,37.9,1,24.833333333333332,ED_MODERATE_SAFE,1,lof
Rabat,Morocco,25.3,27.1,2,12.000000000000004,ED_VERY_SAFE,1,lof
Lilongwe,Malawi,12.0,12.3,1,8.7,ED_VERY_SAFE,1,lof
Ulaanbaatar,Mongolia,29.3,30.0,1,14.0,ED_VERY_SAFE,1,lof
Kuwait City,Kuwait,42.5,43.8,5,100.0,ED_VERY_DANGEROUS,1,iso_forest
Djibouti,Djibouti,44.2,46.2,3,65.5,ED_DANGEROUS,1,iso_forest
Ottawa,Canada,22.4,24.8,1,0.0,ED_VERY_SAFE,1,lof
Moscow,Russia,11.0,11.0,2,8.0,ED_VERY_SAFE,1,lof
Riyadh,Saudi Arabia,40.4,40.5,5,97.22916666666667,ED_VERY_DANGEROUS,1,iso_forest
Riyadh,Saudi Arabia,41.3,41.9,6,100.0,ED_VERY_DANGEROUS,1,iso_forest
Singapore,Singapore,31.3,38.7,2,34.76666666666667,ED_MODERATE_SAFE,1,hot_but_safe
Madrid,Spain,31.0,31.0,2,22.4,ED_MODERATE_SAFE,1,lof
Manama,Bahrain,36.1,48.8,4,91.625,ED_VERY_DANGEROUS,1,iso_forest
Nassau,Bahamas,27.1,30.1,1,9.300000000000004,ED_VERY_SAFE,1,lof
Damascus,Syria,32.3,32.3,1,26.299999999999997,ED_MODERATE_SAFE,1,lof
Baku,Azerbaijan,26.4,27.5,2,20.0,ED_MODERATE_SAFE,1,lof
Nuku`Aloia,Tonga,21.1,21.1,1,0.0,ED_VERY_SAFE,1,lof
Ashgabat,Turkmenistan,38.1,38.1,2,45.16666666666667,ED_CAUTION,1,iso_forest
Kyiv,Ukraine,20.9,20.9,1,8.25,ED_VERY_SAFE,1,lof
Abu Dhabi,United Arab Emirates,42.1,44.1,4,85.40192307692308,ED_VERY_DANGEROUS,1,iso_forest
Hanoi,Vietnam,28.7,33.5,3,39.1,ED_CAUTION,1,lof
Kabul,Afghanistan,33.5,33.5,2,37.4,ED_CAUTION,1,iso_forest
Baku,Azerbaijan,30.2,31.8,1,25.300000000000004,ED_MODERATE_SAFE,1,lof
Kabul,Afghanistan,34.2,34.2,2,38.26666666666667,ED_CAUTION,1,iso_forest
Abu Dhabi,United Arab Emirates,37.2,39.2,4,79.625,ED_VERY_DANGEROUS,1,iso_forest
Seoul,South Korea,22.0,22.0,2,8.0,ED_VERY_SAFE,1,lof
Niamey,Niger,29.2,31.4,1,13.199999999999996,ED_VERY_SAFE,1,lof
Bissau,Guinea-Bissau,27.3,32.3,1,15.499999999999995,ED_MODERATE_SAFE,1,lof
Pyongyang,North Korea,21.5,21.5,1,0.0,ED_VERY_SAFE,1,lof
Kuwait City,Kuwait,46.6,48.6,4,90.69423076923077,ED_VERY_DANGEROUS,1,iso_forest
Budapest,Hungary,23.3,25.1,2,9.8,ED_VERY_SAFE,1,lof
New Delhi,India,34.1,35.4,4,69.09166666666667,ED_DANGEROUS,1,iso_forest
Jakarta,Indonesia,32.3,36.9,6,88.26666666666665,ED_VERY_DANGEROUS,1,iso_forest
New Delhi,India,34.2,34.2,5,80.87916666666668,ED_VERY_DANGEROUS,1,iso_forest
Baghdad,Iraq,46.1,49.9,2,58.669230769230765,ED_DANGEROUS,1,iso_forest
Vestmannaeyjar,Iceland,6.4,6.4,1,0.0,ED_VERY_SAFE,1,iso_forest
Tokyo,Japan,30.2,33.8,2,25.999999999999996,ED_MODERATE_SAFE,1,lof
Astana,Kazakhstan,29.2,29.2,2,17.299999999999997,ED_MODERATE_SAFE,1,lof
Nan,Thailand,25.1,28.7,1,5.099999999999998,ED_VERY_SAFE,1,lof
Islamabad,Pakistan,35.2,41.1,4,80.44038461538462,ED_VERY_DANGEROUS,1,iso_forest
Maputo,Mozambique,21.4,21.4,1,0.0,ED_VERY_SAFE,1,lof
Addis Ababa,Ethiopia,21.0,21.0,4,43.2,ED_CAUTION,1,iso_forest
Windhoek,Namibia,13.0,13.0,1,0.8999999999999995,ED_VERY_SAFE,1,lof
Yaren,Turkey,29.4,29.4,2,23.599999999999994,ED_MODERATE_SAFE,1,lof
Skopje,Macedonia,32.2,32.2,2,28.333333333333336,ED_MODERATE_SAFE,1,lof
Mbabane,Swaziland,16.2,16.2,1,0.0,ED_VERY_SAFE,1,lof
Beijing,China,37.1,37.1,4,66.225,ED_DANGEROUS,1,iso_forest
Santiago,Chile,3.0,3.0,5,45.0,ED_CAUTION,1,iso_forest
Kuwait City,Kuwait,38.3,38.3,4,77.025,ED_VERY_DANGEROUS,1,iso_forest
Mbabane,Swaziland,15.2,15.2,1,0.0,ED_VERY_SAFE,1,lof
Malabo,Equatorial Guinea,25.2,28.5,2,12.5,ED_VERY_SAFE,1,lof
Djibouti,Djibouti,41.2,49.8,3,68.65384615384615,ED_DANGEROUS,1,iso_forest
Riyadh,Saudi Arabia,44.1,46.4,3,66.23076923076923,ED_DANGEROUS,1,iso_forest
Juba,Sudan,26.9,28.1,1,3.3000000000000043,ED_VERY_SAFE,1,lof
Manama,Bahrain,36.2,43.9,4,85.77115384615384,ED_VERY_DANGEROUS,1,iso_forest
Khartoum,Sudan,31.1,32.4,2,29.266666666666666,ED_MODERATE_SAFE,1,lof
Stockholm,Sweden,22.4,24.7,1,3.9,ED_VERY_SAFE,1,lof
Abu Dhabi,United Arab Emirates,44.4,46.4,3,65.23076923076923,ED_DANGEROUS,1,iso_forest
Khartoum,Sudan,33.8,33.8,4,67.475,ED_DANGEROUS,1,iso_forest
Nassau,Bahamas,28.1,33.0,2,24.666666666666668,ED_MODERATE_SAFE,1,lof
Pretoria,South Africa,13.3,13.3,2,11.0,ED_VERY_SAFE,1,lof
Manama,Bahrain,41.1,43.1,4,84.74807692307694,ED_VERY_DANGEROUS,1,iso_forest
Phnom Penh,Cambodia,29.0,30.9,1,15.099999999999996,ED_MODERATE_SAFE,1,lof
Riyadh,Saudi Arabia,37.3,37.3,4,75.45833333333333,ED_VERY_DANGEROUS,1,iso_forest
Bogot,Bulgaria,37.9,37.9,1,30.833333333333332,ED_MODERATE_SAFE,1,lof
Kigali,Rwanda,20.2,20.2,3,18.9,ED_MODERATE_SAFE,1,lof
Zagreb,Croatia,19.0,19.0,1,0.0,ED_VERY_SAFE,1,lof
Doha,Qatar,38.3,38.3,4,77.925,ED_VERY_DANGEROUS,1,iso_forest
Yangon,Myanmar,27.0,28.4,3,25.699999999999996,ED_MODERATE_SAFE,1,lof
Muscat,Oman,32.0,35.8,3,51.33333333333333,ED_CAUTION,1,iso_forest
Manila,Philippines,30.2,38.2,2,35.433333333333344,ED_CAUTION,1,lof
Doha,Qatar,42.2,44.2,4,86.2173076923077,ED_VERY_DANGEROUS,1,iso_forest
Maseru,Lesotho,9.3,9.3,3,20.1,ED_MODERATE_SAFE,1,lof
Conakry,Guinea,24.2,26.4,2,8.0,ED_VERY_SAFE,1,lof
Seoul,South Korea,22.1,23.9,3,18.0,ED_MODERATE_SAFE,1,lof
New Delhi,India,35.2,38.8,4,75.50833333333333,ED_VERY_DANGEROUS,1,iso_forest
Baghdad,Iraq,43.2,44.9,3,63.0,ED_DANGEROUS,1,iso_forest
Kuwait City,Kuwait,48.8,50.8,4,93.4326923076923,ED_VERY_DANGEROUS,1,iso_forest
Pretoria,South Africa,19.0,19.0,5,49.4,ED_CAUTION,1,iso_forest
Riga,Latvia,22.3,24.7,1,0.8999999999999995,ED_VERY_SAFE,1,lof
Riyadh,Saudi Arabia,36.1,36.1,5,89.89583333333334,ED_VERY_DANGEROUS,1,iso_forest
Maputo,Mozambique,18.2,18.2,1,3.0,ED_VERY_SAFE,1,lof
Warsaw,Poland,22.1,24.5,2,8.0,ED_VERY_SAFE,1,lof
Windhoek,Namibia,15.3,15.3,1,2.1000000000000005,ED_VERY_SAFE,1,lof
Yaren,Turkey,32.4,32.4,2,31.466666666666665,ED_MODERATE_SAFE,1,lof
Chi Chi Khvar,Iran,20.0,20.0,2,19.6,ED_MODERATE_SAFE,1,lof
Nouakchott,Mauritania,29.3,29.3,4,38.900000000000006,ED_CAUTION,1,lof
Muscat,Oman,33.1,37.6,3,54.333333333333336,ED_CAUTION,1,iso_forest
Kuwait City,Kuwait,38.3,38.5,5,93.59583333333335,ED_VERY_DANGEROUS,1,iso_forest
Tokyo,Japan,27.1,28.9,2,13.699999999999996,ED_VERY_SAFE,1,lof
Islamabad,Pakistan,34.8,40.6,4,80.35833333333333,ED_VERY_DANGEROUS,1,iso_forest
Juba,Sudan,34.7,34.7,4,70.025,ED_DANGEROUS,1,iso_forest
Khartoum,Sudan,36.0,36.0,4,73.99166666666667,ED_DANGEROUS,1,iso_forest
Athens,Greece,35.1,35.3,2,34.949999999999996,ED_MODERATE_SAFE,1,lof
Mbabane,Swaziland,12.2,12.2,1,3.5,ED_VERY_SAFE,1,lof
Doha,Qatar,41.0,45.6,4,87.7326923076923,ED_VERY_DANGEROUS,1,iso_forest
Riyadh,Saudi Arabia,43.1,44.7,4,86.69423076923077,ED_VERY_DANGEROUS,1,iso_forest
Ljubljana,Slovenia,18.3,18.3,1,2.1000000000000005,ED_VERY_SAFE,1,lof
Seoul,South Korea,35.2,38.5,2,33.833333333333336,ED_MODERATE_SAFE,1,hot_but_safe
Manama,Bahrain,35.1,43.6,4,85.425,ED_VERY_DANGEROUS,1,iso_forest
Abu Dhabi,United Arab Emirates,45.2,47.2,3,67.15384615384616,ED_DANGEROUS,1,iso_forest
Sanaa,Yemen,26.6,26.6,3,30.0,ED_MODERATE_SAFE,1,iso_forest
Nassau,Bahamas,28.2,33.4,1,17.333333333333332,ED_MODERATE_SAFE,1,lof
Manama,Bahrain,40.2,42.2,4,83.70961538461539,ED_VERY_DANGEROUS,1,iso_forest
Abu Dhabi,United Arab Emirates,35.2,45.9,3,65.65384615384616,ED_DANGEROUS,1,iso_forest
Gaborone,Botswana,11.1,11.1,2,11.1,ED_VERY_SAFE,1,lof
Nuku`Aloia,Tonga,23.3,25.4,1,0.0,ED_VERY_SAFE,1,lof
Phnom Penh,Cambodia,30.3,31.4,1,17.799999999999997,ED_MODERATE_SAFE,1,lof
Ottawa,Canada,20.1,20.1,1,0.0,ED_VERY_SAFE,1,lof
Zagreb,Croatia,21.3,21.3,1,1.8000000000000003,ED_VERY_SAFE,1,lof
Ban Lom,Vietnam,27.8,33.4,1,18.23333333333333,ED_MODERATE_SAFE,1,lof
Malabo,Equatorial Guinea,26.3,29.9,2,16.699999999999996,ED_MODERATE_SAFE,1,lof
Basseterre,Saint Kitts and Nevis,28.0,31.7,2,22.099999999999998,ED_MODERATE_SAFE,1,lof
Thimphu,Bhutan,18.6,18.6,2,17.6,ED_MODERATE_SAFE,1,lof
Muscat,Oman,33.3,41.6,3,60.69230769230769,ED_DANGEROUS,1,iso_forest
New Delhi,India,35.0,36.8,4,70.075,ED_DANGEROUS,1,iso_forest
Doha,Qatar,37.0,37.0,4,75.85833333333333,ED_VERY_DANGEROUS,1,iso_forest
Phnom Penh,Cambodia,35.1,36.2,2,33.50000000000001,ED_MODERATE_SAFE,1,lof
Santiago,Chile,3.2,3.2,5,45.0,ED_CAUTION,1,iso_forest
Nicosia,Cyprus,40.1,40.1,2,46.3,ED_CAUTION,1,iso_forest
Islamabad,Pakistan,40.4,40.6,4,81.35833333333333,ED_VERY_DANGEROUS,1,iso_forest
Copenhagen,Denmark,22.2,24.6,2,11.4,ED_VERY_SAFE,1,lof
Valletta,Malta,30.3,33.7,2,30.73333333333334,ED_MODERATE_SAFE,1,lof
Djibouti,Djibouti,43.3,45.3,2,53.761538461538464,ED_CAUTION,1,iso_forest
Nan,Thailand,35.1,47.2,2,49.95384615384616,ED_CAUTION,1,lof
Bishkek,Kyrghyzstan,37.9,37.9,2,43.133333333333326,ED_CAUTION,1,iso_forest
Kuwait City,Kuwait,39.5,41.9,4,83.36346153846154,ED_VERY_DANGEROUS,1,iso_forest
Baghdad,Iraq,41.0,41.4,3,59.46153846153846,ED_DANGEROUS,1,iso_forest
Jerusalem,Israel,33.2,33.2,2,35.6,ED_CAUTION,1,lof
New Delhi,India,39.2,39.2,5,90.7125,ED_VERY_DANGEROUS,1,iso_forest
Addis Ababa,Ethiopia,23.2,23.7,4,43.0,ED_CAUTION,1,lof
Tokyo,Japan,32.2,37.8,2,32.666666666666664,ED_MODERATE_SAFE,1,lof
Astana,Kazakhstan,26.2,26.2,2,8.0,ED_VERY_SAFE,1,lof
Kuwait City,Kuwait,46.9,48.9,4,91.14038461538462,ED_VERY_DANGEROUS,1,iso_forest
Manama,Bahrain,36.1,48.2,4,90.5326923076923,ED_VERY_DANGEROUS,1,iso_forest
Nassau,Bahamas,28.2,33.1,2,24.833333333333336,ED_MODERATE_SAFE,1,lof
Baku,Azerbaijan,32.4,35.0,2,38.3,ED_CAUTION,1,lof
Riyadh,Saudi Arabia,38.3,38.3,4,78.125,ED_VERY_DANGEROUS,1,iso_forest
Islamabad,Pakistan,32.6,36.8,2,41.599999999999994,ED_CAUTION,1,lof
Airai,Palau,31.2,39.0,1,28.46666666666667,ED_MODERATE_SAFE,1,hot_but_safe
Manila,Philippines,25.2,28.0,1,3.0,ED_VERY_SAFE,1,lof
Kuwait City,Kuwait,42.2,44.3,4,85.83269230769231,ED_VERY_DANGEROUS,1,iso_forest
Doha,Qatar,41.3,43.6,4,85.325,ED_VERY_DANGEROUS,1,iso_forest
Baghdad,Iraq,40.3,40.4,2,48.4,ED_CAUTION,1,iso_forest
Riyadh,Saudi Arabia,42.4,43.6,5,100.0,ED_VERY_DANGEROUS,1,iso_forest
Dushanbe,Tajikistan,40.0,40.0,2,48.03333333333333,ED_CAUTION,1,iso_forest
New Delhi,India,42.1,43.1,5,95.98557692307693,ED_VERY_DANGEROUS,1,iso_forest
Ashgabat,Turkmenistan,39.3,39.3,2,47.06666666666666,ED_CAUTION,1,iso_forest
Abu Dhabi,United Arab Emirates,39.3,41.3,4,82.97115384615384,ED_VERY_DANGEROUS,1,iso_forest
Dhaka,Bangladesh,36.8,41.0,4,71.225,ED_DANGEROUS,1,iso_forest
Tashkent,Uzbekistan,39.4,39.4,2,46.133333333333326,ED_CAUTION,1,iso_forest
Manama,Bahrain,35.3,40.3,4,81.25833333333333,ED_VERY_DANGEROUS,1,iso_forest
Hanoi,Vietnam,30.3,35.6,2,34.1,ED_MODERATE_SAFE,1,lof
Algiers,Algeria,26.1,28.6,2,12.800000000000004,ED_VERY_SAFE,1,lof
Tunis,Tunisia,34.3,34.3,2,30.733333333333327,ED_MODERATE_SAFE,1,lof
Santiago,Chile,8.4,8.5,5,45.0,ED_CAUTION,1,iso_forest
Nan,Thailand,29.1,38.6,1,26.600000000000005,ED_MODERATE_SAFE,1,hot_but_safe
Santiago,Chile,5.0,5.0,5,45.0,ED_CAUTION,1,iso_forest
Valletta,Malta,35.1,49.4,2,52.292307692307695,ED_CAUTION,1,lof
Athens,Greece,37.4,37.4,1,31.35,ED_MODERATE_SAFE,1,lof
Baghdad,Iraq,46.1,49.9,3,68.96923076923076,ED_DANGEROUS,1,iso_forest
Jerusalem,Israel,33.3,33.3,2,35.56666666666666,ED_CAUTION,1,lof
Tokyo,Japan,25.1,26.0,4,32.0,ED_MODERATE_SAFE,1,lof
Baghdad,Iraq,38.3,38.3,2,44.2,ED_CAUTION,1,iso_forest
Tokyo,Japan,33.1,40.2,2,36.66666666666667,ED_CAUTION,1,lof
Astana,Kazakhstan,27.2,27.2,2,15.049999999999997,ED_MODERATE_SAFE,1,lof
Kuwait City,Kuwait,45.9,49.9,4,92.09423076923078,ED_VERY_DANGEROUS,1,iso_forest
Yangon,Myanmar,30.3,36.8,1,25.699999999999996,ED_MODERATE_SAFE,1,lof
Thimphu,Bhutan,20.1,20.1,1,9.7,ED_VERY_SAFE,1,lof
Niamey,Niger,24.0,25.4,1,2.1000000000000005,ED_VERY_SAFE,1,lof
Muscat,Oman,31.2,36.2,2,42.00000000000001,ED_CAUTION,1,lof
New Delhi,India,37.3,37.3,5,85.69583333333333,ED_VERY_DANGEROUS,1,iso_forest
Islamabad,Pakistan,35.3,40.1,4,79.125,ED_VERY_DANGEROUS,1,iso_forest
Addis Ababa,Ethiopia,21.1,21.1,4,43.8,ED_CAUTION,1,iso_forest
Malabo,Equatorial Guinea,30.4,38.5,1,27.333333333333336,ED_MODERATE_SAFE,1,hot_but_safe
Manila,Philippines,26.4,29.0,2,16.1,ED_MODERATE_SAFE,1,lof
Beijing,China,37.1,37.1,2,33.6,ED_MODERATE_SAFE,1,iso_forest
Manama,Bahrain,37.3,39.3,4,79.49166666666666,ED_VERY_DANGEROUS,1,iso_forest
Nassau,Bahamas,25.1,27.3,2,8.900000000000002,ED_VERY_SAFE,1,lof
Kuwait City,Kuwait,38.9,39.2,4,79.22500000000001,ED_VERY_DANGEROUS,1,iso_forest
Tashkent,Uzbekistan,39.2,39.2,2,45.60000000000001,ED_CAUTION,1,iso_forest
Valletta,Malta,34.0,41.7,2,43.80769230769231,ED_CAUTION,1,lof
Manama,Bahrain,36.4,42.6,4,84.37115384615385,ED_VERY_DANGEROUS,1,iso_forest
Yangon,Myanmar,26.2,28.6,1,8.400000000000004,ED_VERY_SAFE,1,lof
Abu Dhabi,United Arab Emirates,34.1,43.2,4,85.16346153846155,ED_VERY_DANGEROUS,1,iso_forest
Khartoum,Sudan,37.4,37.4,4,75.625,ED_VERY_DANGEROUS,1,iso_forest
Muscat,Oman,31.1,36.4,3,51.73333333333333,ED_CAUTION,1,iso_forest
Riyadh,Saudi Arabia,35.3,35.3,5,88.5625,ED_VERY_DANGEROUS,1,iso_forest
Doha,Qatar,39.4,39.4,4,79.35833333333333,ED_VERY_DANGEROUS,1,iso_forest
Islamabad,Pakistan,34.1,38.1,3,53.96666666666667,ED_CAUTION,1,lof
Manila,Philippines,29.2,37.0,1,23.333333333333336,ED_MODERATE_SAFE,1,lof
Doha,Qatar,38.2,46.1,4,87.70961538461539,ED_VERY_DANGEROUS,1,iso_forest
Riyadh,Saudi Arabia,42.3,43.5,5,100.0,ED_VERY_DANGEROUS,1,iso_forest
Damascus,Syria,23.3,23.3,2,18.7,ED_MODERATE_SAFE,1,lof
Dushanbe,Tajikistan,40.2,40.2,3,58.26666666666667,ED_DANGEROUS,1,iso_forest
Pyongyang,North Korea,27.8,28.2,2,11.599999999999998,ED_VERY_SAFE,1,lof
Bangkok,Thailand,34.2,39.4,1,31.133333333333333,ED_MODERATE_SAFE,1,hot_but_safe
Yangon,Myanmar,28.3,30.3,2,18.200000000000003,ED_MODERATE_SAFE,1,lof
Manila,Philippines,31.2,40.8,2,37.96666666666666,ED_CAUTION,1,lof
Warsaw,Poland,20.1,20.1,1,0.0,ED_VERY_SAFE,1,lof
Doha,Qatar,39.1,41.4,4,82.78653846153846,ED_VERY_DANGEROUS,1,iso_forest
Dhaka,Bangladesh,32.7,40.0,1,34.483333333333334,ED_MODERATE_SAFE,1,hot_but_safe
Vestmannaeyjar,Iceland,3.2,3.2,1,6.899482861066549,ED_VERY_SAFE,1,iso_forest
Abu Dhabi,United Arab Emirates,42.1,44.1,4,85.70192307692308,ED_VERY_DANGEROUS,1,iso_forest
Tbilisi,Georgia,19.1,19.1,1,9.6,ED_VERY_SAFE,1,lof
Santo Domingo,Dominican Republic,25.2,28.2,3,21.599999999999998,ED_MODERATE_SAFE,1,lof
Hanoi,Vietnam,35.0,41.0,4,75.525,ED_VERY_DANGEROUS,1,iso_forest
Nassau,Bahamas,28.1,32.5,1,15.833333333333334,ED_MODERATE_SAFE,1,lof
Manama,Bahrain,39.1,41.1,4,82.04038461538461,ED_VERY_DANGEROUS,1,iso_forest
Santiago,Chile,8.2,8.3,5,45.0,ED_CAUTION,1,iso_forest
Bras,Brazil,21.8,21.8,1,0.0,ED_VERY_SAFE,1,lof
Tallinn,Estonia,21.3,21.3,1,0.8999999999999995,ED_VERY_SAFE,1,lof
Manama,Bahrain,34.0,40.2,4,81.29166666666667,ED_VERY_DANGEROUS,1,iso_forest
Nassau,Bahamas,22.4,24.7,1,0.0,ED_VERY_SAFE,1,lof
N'djamena,Chad,27.1,28.9,1,10.799999999999995,ED_VERY_SAFE,1,lof
Baku,Azerbaijan,24.1,25.6,2,19.0,ED_MODERATE_SAFE,1,lof
Nicosia,Cyprus,31.4,32.0,1,24.3,ED_MODERATE_SAFE,1,lof
Kabul,Afghanistan,25.4,25.4,1,11.2,ED_VERY_SAFE,1,lof
Abu Dhabi,United Arab Emirates,40.0,42.0,4,83.77884615384616,ED_VERY_DANGEROUS,1,iso_forest
Djibouti,Djibouti,39.2,49.5,3,67.4076923076923,ED_DANGEROUS,1,iso_forest
Seoul,South Korea,31.4,33.7,2,25.83333333333334,ED_MODERATE_SAFE,1,lof
Pretoria,South Africa,14.3,14.3,4,35.7,ED_CAUTION,1,iso_forest
Riyadh,Saudi Arabia,41.2,41.7,4,82.9326923076923,ED_VERY_DANGEROUS,1,iso_forest
Kingstown,Saint Vincent and the Grenadines,27.8,30.3,1,9.900000000000002,ED_VERY_SAFE,1,lof
Tokyo,Japan,32.0,34.7,2,27.500000000000007,ED_MODERATE_SAFE,1,lof
Astana,Kazakhstan,21.4,21.4,2,13.8,ED_VERY_SAFE,1,lof
Pyongyang,North Korea,21.7,21.7,3,18.0,ED_MODERATE_SAFE,1,lof
Kuwait City,Kuwait,46.3,48.3,4,90.44807692307693,ED_VERY_DANGEROUS,1,iso_forest
Nan,Thailand,34.1,48.5,1,44.80384615384615,ED_CAUTION,1,lof
Chi Chi Khvar,Iran,22.7,22.7,3,30.0,ED_MODERATE_SAFE,1,iso_forest
Palikir,Micronesia,28.4,31.2,1,12.599999999999998,ED_VERY_SAFE,1,lof
Nan,Thailand,31.3,39.1,1,30.233333333333334,ED_MODERATE_SAFE,1,hot_but_safe
Chi Chi Khvar,Iran,33.9,33.9,3,48.166666666666664,ED_CAUTION,1,iso_forest
Pyongyang,North Korea,32.4,38.4,2,33.666666666666664,ED_MODERATE_SAFE,1,hot_but_safe
Muscat,Oman,37.1,47.5,3,67.5,ED_DANGEROUS,1,iso_forest
Kuwait City,Kuwait,39.2,39.2,5,94.2625,ED_VERY_DANGEROUS,1,iso_forest
Islamabad,Pakistan,27.1,30.5,3,28.8,ED_MODERATE_SAFE,1,lof
Port Royal,Jamaica,29.4,37.2,3,41.66666666666667,ED_CAUTION,1,lof
Baghdad,Iraq,32.2,32.2,2,35.333333333333336,ED_CAUTION,1,lof
Tehran,Iran,35.2,35.2,2,40.33333333333334,ED_CAUTION,1,iso_forest
New Delhi,India,30.0,30.0,4,47.6,ED_CAUTION,1,lof
Ashgabat,Turkmenistan,38.2,38.2,1,37.33333333333334,ED_CAUTION,1,iso_forest
Jakarta,Indonesia,32.3,35.8,5,81.39583333333333,ED_VERY_DANGEROUS,1,iso_forest
Bucharest,Romania,28.3,28.3,1,9.900000000000002,ED_VERY_SAFE,1,lof
Vestmannaeyjar,Iceland,12.2,12.2,1,0.0,ED_VERY_SAFE,1,iso_forest
N'djamena,Chad,28.1,32.8,1,21.233333333333327,ED_MODERATE_SAFE,1,lof
Doha,Qatar,43.1,44.7,4,86.79423076923078,ED_VERY_DANGEROUS,1,iso_forest
Manila,Philippines,31.0,36.3,1,22.166666666666664,ED_MODERATE_SAFE,1,lof
Djibouti,Djibouti,34.2,38.4,4,76.09166666666667,ED_VERY_DANGEROUS,1,iso_forest
Santo Domingo,Dominican Republic,25.3,28.4,1,4.199999999999996,ED_VERY_SAFE,1,lof
Mbabane,Swaziland,11.1,11.3,2,11.9,ED_VERY_SAFE,1,lof
Addis Ababa,Ethiopia,14.1,14.3,2,16.25,ED_MODERATE_SAFE,1,lof
Guatemala City,Guatemala,18.1,18.1,2,8.0,ED_VERY_SAFE,1,lof
Muscat,Oman,40.1,44.3,2,53.707692307692305,ED_CAUTION,1,iso_forest
Baghdad,Iraq,41.7,42.4,4,82.94038461538462,ED_VERY_DANGEROUS,1,iso_forest
Pyongyang,North Korea,21.3,21.3,4,32.0,ED_MODERATE_SAFE,1,lof
New Delhi,India,35.4,40.6,2,41.63333333333333,ED_CAUTION,1,lof
Kuwait City,Kuwait,43.5,45.4,4,87.70192307692307,ED_VERY_DANGEROUS,1,iso_forest
Jakarta,Indonesia,31.0,32.6,6,81.9,ED_VERY_DANGEROUS,1,iso_forest
Baghdad,Iraq,41.2,41.7,3,59.707692307692305,ED_DANGEROUS,1,iso_forest
Tokyo,Japan,31.2,36.7,2,30.83333333333334,ED_MODERATE_SAFE,1,lof
Astana,Kazakhstan,19.2,19.2,1,6.6000000000000005,ED_VERY_SAFE,1,lof
Kuwait City,Kuwait,43.3,45.8,5,100.0,ED_VERY_DANGEROUS,1,iso_forest
Phnom Penh,Cambodia,36.1,38.5,2,33.833333333333336,ED_MODERATE_SAFE,1,hot_but_safe
Castries,Saint Lucia,28.1,32.2,2,23.333333333333336,ED_MODERATE_SAFE,1,lof
Belmopan,Belize,23.9,26.5,1,0.0,ED_VERY_SAFE,1,lof
Manama,Bahrain,40.2,42.2,4,83.50961538461539,ED_VERY_DANGEROUS,1,iso_forest
Tokyo,Japan,28.2,29.9,2,16.699999999999996,ED_MODERATE_SAFE,1,lof
Bangkok,Thailand,30.4,32.6,1,16.000000000000004,ED_MODERATE_SAFE,1,lof
Kuwait City,Kuwait,45.9,49.5,4,91.2326923076923,ED_VERY_DANGEROUS,1,iso_forest
Riga,Latvia,14.1,14.1,1,0.30000000000000027,ED_VERY_SAFE,1,lof
Abuja,Nigeria,23.0,25.5,1,0.0,ED_VERY_SAFE,1,lof
Pyongyang,North Korea,26.8,29.0,2,14.0,ED_VERY_SAFE,1,lof
Khartoum,Sudan,37.2,37.2,2,43.66666666666667,ED_CAUTION,1,lof
Muscat,Oman,31.2,36.8,3,52.6,ED_CAUTION,1,iso_forest
Doha,Qatar,43.3,48.4,4,90.26346153846153,ED_VERY_DANGEROUS,1,iso_forest
Seoul,South Korea,21.4,21.4,5,45.0,ED_CAUTION,1,lof
Pretoria,South Africa,17.3,17.3,4,36.7,ED_CAUTION,1,iso_forest
Riyadh,Saudi Arabia,40.4,40.5,4,81.79166666666667,ED_VERY_DANGEROUS,1,iso_forest
Basseterre,Saint Kitts and Nevis,27.0,30.4,1,10.199999999999996,ED_VERY_SAFE,1,lof
Riyadh,Saudi Arabia,42.0,43.0,5,99.3701923076923,ED_VERY_DANGEROUS,1,iso_forest
Abu Dhabi,United Arab Emirates,41.2,43.2,4,84.26346153846154,ED_VERY_DANGEROUS,1,iso_forest
Hanoi,Vietnam,33.2,45.9,3,53.65384615384615,ED_CAUTION,1,lof
Nassau,Bahamas,29.2,36.2,1,22.000000000000007,ED_MODERATE_SAFE,1,lof
Baghdad,Iraq,43.2,44.9,4,86.225,ED_VERY_DANGEROUS,1,iso_forest
Malabo,Equatorial Guinea,26.4,30.7,2,19.099999999999998,ED_MODERATE_SAFE,1,lof
Djibouti,Djibouti,44.3,46.3,3,63.91538461538461,ED_DANGEROUS,1,iso_forest
Yaren,Turkey,32.2,32.2,2,30.683333333333337,ED_MODERATE_SAFE,1,lof
Astana,Kazakhstan,26.2,26.2,2,12.4,ED_VERY_SAFE,1,lof
Kuwait City,Kuwait,41.8,42.7,4,83.28653846153847,ED_VERY_DANGEROUS,1,iso_forest
Maseru,Lesotho,9.3,9.3,4,34.7,ED_MODERATE_SAFE,1,iso_forest
Nan,Thailand,32.3,46.7,1,44.37692307692308,ED_CAUTION,1,lof
Lilongwe,Malawi,14.3,14.3,1,7.6499999999999995,ED_VERY_SAFE,1,lof
Manama,Bahrain,34.1,39.6,4,80.29166666666667,ED_VERY_DANGEROUS,1,iso_forest
Nassau,Bahamas,27.1,31.1,3,30.300000000000004,ED_MODERATE_SAFE,1,lof
Port Louis,Mauritius,21.1,21.1,1,3.7,ED_VERY_SAFE,1,lof
Skopje,Macedonia,27.3,27.3,2,14.300000000000002,ED_VERY_SAFE,1,lof
Doha,Qatar,40.3,40.4,4,81.625,ED_VERY_DANGEROUS,1,iso_forest
Muscat,Oman,40.1,42.1,4,83.89423076923077,ED_VERY_DANGEROUS,1,iso_forest
Baku,Azerbaijan,22.2,24.5,2,12.8,ED_VERY_SAFE,1,lof
Abu Dhabi,United Arab Emirates,37.4,39.4,4,79.95833333333333,ED_VERY_DANGEROUS,1,iso_forest
Islamabad,Pakistan,33.6,40.0,4,78.85833333333333,ED_VERY_DANGEROUS,1,iso_forest
Doha,Qatar,38.2,38.9,4,79.025,ED_VERY_DANGEROUS,1,iso_forest
Bucharest,Romania,27.2,27.2,2,13.899999999999999,ED_VERY_SAFE,1,lof
Riyadh,Saudi Arabia,43.3,45.1,3,64.63076923076923,ED_DANGEROUS,1,iso_forest
Ljubljana,Slovenia,17.2,17.2,1,0.0,ED_VERY_SAFE,1,lof
Tokyo,Japan,33.1,35.4,2,28.666666666666664,ED_MODERATE_SAFE,1,lof
Baghdad,Iraq,42.1,43.1,2,51.22307692307693,ED_CAUTION,1,iso_forest
Tehran,Iran,37.2,37.2,3,53.66666666666667,ED_CAUTION,1,iso_forest
Djibouti,Djibouti,35.0,38.8,3,54.73333333333333,ED_CAUTION,1,iso_forest
Riyadh,Saudi Arabia,44.1,46.4,3,66.23076923076923,ED_DANGEROUS,1,iso_forest
Ljubljana,Slovenia,17.0,17.0,1,0.0,ED_VERY_SAFE,1,lof
Pretoria,South Africa,9.2,9.2,2,11.1,ED_VERY_SAFE,1,lof
Jakarta,Indonesia,32.1,35.3,6,85.5,ED_VERY_DANGEROUS,1,iso_forest
Bangkok,Thailand,32.1,38.3,1,25.499999999999996,ED_MODERATE_SAFE,1,hot_but_safe
Nuku`Aloia,Tonga,21.4,21.4,1,0.0,ED_VERY_SAFE,1,lof
Abu Dhabi,United Arab Emirates,46.4,48.4,4,90.46346153846153,ED_VERY_DANGEROUS,1,iso_forest
Montevideo,Uruguay,10.1,10.1,2,8.0,ED_VERY_SAFE,1,lof
New Delhi,India,32.2,32.2,5,78.59583333333333,ED_VERY_DANGEROUS,1,iso_forest
Kabul,Afghanistan,33.0,33.0,2,36.16666666666667,ED_CAUTION,1,iso_forest
Vestmannaeyjar,Iceland,6.3,6.3,1,0.0,ED_VERY_SAFE,1,iso_forest
Addis Ababa,Ethiopia,22.9,22.9,4,43.9,ED_CAUTION,1,lof
Manama,Bahrain,42.3,44.3,4,85.9326923076923,ED_VERY_DANGEROUS,1,iso_forest
Beijing,China,35.1,35.1,4,60.79166666666667,ED_DANGEROUS,1,iso_forest
Santiago,Chile,8.0,8.0,5,45.0,ED_CAUTION,1,iso_forest
Phnom Penh,Cambodia,33.2,35.7,1,26.766666666666673,ED_MODERATE_SAFE,1,lof
Ottawa,Canada,15.1,15.1,2,8.0,ED_VERY_SAFE,1,lof
Ashgabat,Turkmenistan,39.4,39.4,1,39.13333333333333,ED_CAUTION,1,iso_forest
Seoul,South Korea,35.0,38.2,4,65.95833333333334,ED_DANGEROUS,1,iso_forest
Bangkok,Thailand,34.3,40.4,1,29.0,ED_MODERATE_SAFE,1,hot_but_safe
Islamabad,Pakistan,29.9,34.7,2,36.80000000000001,ED_CAUTION,1,lof
Doha,Qatar,46.1,49.9,4,92.89423076923077,ED_VERY_DANGEROUS,1,iso_forest
Riyadh,Saudi Arabia,45.4,48.6,4,90.89423076923077,ED_VERY_DANGEROUS,1,iso_forest
Pretoria,South Africa,18.1,18.1,6,54.5,ED_CAUTION,1,iso_forest
Doha,Qatar,43.1,44.7,4,86.89423076923077,ED_VERY_DANGEROUS,1,iso_forest
Pretoria,South Africa,10.0,10.1,4,35.4,ED_CAUTION,1,iso_forest
Abu Dhabi,United Arab Emirates,42.2,44.2,4,85.7173076923077,ED_VERY_DANGEROUS,1,iso_forest
Nassau,Bahamas,26.3,28.6,1,4.800000000000004,ED_VERY_SAFE,1,lof
Manama,Bahrain,41.3,43.3,4,84.97884615384616,ED_VERY_DANGEROUS,1,iso_forest
Dhaka,Bangladesh,29.3,35.3,2,35.55,ED_CAUTION,1,lof
Minsk,Belarus,17.1,17.1,2,8.0,ED_VERY_SAFE,1,lof
Dakar,Senegal,25.1,27.9,2,10.699999999999996,ED_VERY_SAFE,1,lof
Ouagadougou,Burkina Faso,26.1,28.3,1,4.200000000000003,ED_VERY_SAFE,1,lof
Phnom Penh,Cambodia,35.2,37.7,1,28.700000000000006,ED_MODERATE_SAFE,1,lof
Riyadh,Saudi Arabia,36.3,36.3,6,96.16666666666666,ED_VERY_DANGEROUS,1,iso_forest
Santiago,Chile,8.0,8.0,5,45.0,ED_CAUTION,1,iso_forest
Beijing,China,28.2,29.3,5,51.900000000000006,ED_CAUTION,1,lof
Moroni,Comoros,29.3,34.1,1,28.200000000000003,ED_MODERATE_SAFE,1,lof
Manila,Philippines,32.3,42.9,2,40.19230769230769,ED_CAUTION,1,lof
Muscat,Oman,44.1,46.1,4,88.50961538461539,ED_VERY_DANGEROUS,1,iso_forest
Damascus,Syria,26.0,26.0,2,20.0,ED_MODERATE_SAFE,1,lof
Ulaanbaatar,Mongolia,20.0,20.0,2,8.0,ED_VERY_SAFE,1,lof
Stockholm,Sweden,21.1,21.1,1,0.0,ED_VERY_SAFE,1,lof
Khartoum,Sudan,37.1,37.1,4,76.025,ED_VERY_DANGEROUS,1,iso_forest
Ashgabat,Turkmenistan,40.1,40.1,2,48.1,ED_CAUTION,1,iso_forest
Abu Dhabi,United Arab Emirates,45.3,47.3,4,88.59423076923078,ED_VERY_DANGEROUS,1,iso_forest
Seoul,South Korea,23.0,23.0,4,32.0,ED_MODERATE_SAFE,1,lof
Manama,Bahrain,40.3,42.3,4,84.125,ED_VERY_DANGEROUS,1,iso_forest
Dhaka,Bangladesh,29.6,34.8,1,27.766666666666666,ED_MODERATE_SAFE,1,lof
Phnom Penh,Cambodia,35.0,42.8,1,36.87692307692307,ED_CAUTION,1,lof
Santiago,Chile,9.2,9.4,5,45.0,ED_CAUTION,1,iso_forest
Santo Domingo,Dominican Republic,23.1,25.3,2,8.0,ED_VERY_SAFE,1,lof
Banjul,Gambia,27.1,30.9,1,11.699999999999996,ED_VERY_SAFE,1,lof
Guatemala City,Guatemala,18.0,18.0,2,8.0,ED_VERY_SAFE,1,lof
New Delhi,India,31.3,39.6,3,48.76666666666667,ED_CAUTION,1,lof
Baghdad,Iraq,40.1,40.1,3,57.6,ED_DANGEROUS,1,iso_forest
Tokyo,Japan,33.3,35.8,2,29.33333333333333,ED_MODERATE_SAFE,1,lof
Astana,Kazakhstan,21.1,21.1,2,13.2,ED_VERY_SAFE,1,lof
Kuwait City,Kuwait,45.8,49.4,5,100.0,ED_VERY_DANGEROUS,1,iso_forest
Valletta,Malta,32.2,38.4,2,38.06666666666666,ED_CAUTION,1,lof
Yangon,Myanmar,30.2,36.9,1,24.966666666666665,ED_MODERATE_SAFE,1,lof
Malabo,Equatorial Guinea,28.3,33.5,1,21.6,ED_MODERATE_SAFE,1,lof
Dushanbe,Tajikistan,40.2,40.2,2,48.66666666666667,ED_CAUTION,1,iso_forest
Manila,Philippines,28.3,33.9,3,36.166666666666664,ED_CAUTION,1,lof
Bras,Brazil,22.6,25.2,1,0.0,ED_VERY_SAFE,1,lof
Thimphu,Bhutan,22.3,24.2,2,18.3,ED_MODERATE_SAFE,1,lof
Doha,Qatar,43.0,46.2,4,87.725,ED_VERY_DANGEROUS,1,iso_forest
Manama,Bahrain,40.3,42.3,3,61.3,ED_DANGEROUS,1,iso_forest
Nassau,Bahamas,27.3,32.7,2,24.16666666666667,ED_MODERATE_SAFE,1,lof
Riyadh,Saudi Arabia,42.4,43.6,4,85.225,ED_VERY_DANGEROUS,1,iso_forest
Pretoria,South Africa,17.2,17.2,5,48.2,ED_CAUTION,1,iso_forest
Dili,Timor-Leste,24.7,26.0,2,8.0,ED_VERY_SAFE,1,lof
Abu Dhabi,United Arab Emirates,41.3,43.3,3,62.45384615384616,ED_DANGEROUS,1,iso_forest
Ban Lom,Vietnam,32.6,40.0,1,33.733333333333334,ED_MODERATE_SAFE,1,hot_but_safe
Ashgabat,Turkmenistan,41.0,41.4,1,41.86153846153846,ED_CAUTION,1,iso_forest
Abu Dhabi,United Arab Emirates,45.0,47.0,4,88.34807692307692,ED_VERY_DANGEROUS,1,iso_forest
Hanoi,Vietnam,36.2,43.9,4,78.87115384615385,ED_VERY_DANGEROUS,1,iso_forest
Sanaa,Yemen,27.6,27.6,3,31.800000000000004,ED_MODERATE_SAFE,1,iso_forest
Sanaa,Yemen,28.3,28.3,2,23.900000000000002,ED_MODERATE_SAFE,1,iso_forest
Hanoi,Vietnam,33.2,38.8,5,82.39583333333333,ED_VERY_DANGEROUS,1,iso_forest
Nassau,Bahamas,28.3,34.5,1,19.166666666666668,ED_MODERATE_SAFE,1,lof
Muscat,Oman,32.1,38.9,3,56.5,ED_DANGEROUS,1,iso_forest
New Delhi,India,41.3,41.9,5,94.90096153846153,ED_VERY_DANGEROUS,1,iso_forest
Yangon,Myanmar,31.1,42.9,2,43.49230769230769,ED_CAUTION,1,lof
Bamako,Mali,22.1,24.6,2,8.0,ED_VERY_SAFE,1,lof
Khartoum,Sudan,38.1,38.1,3,52.66666666666667,ED_CAUTION,1,iso_forest
Manama,Bahrain,39.4,41.4,4,82.78653846153846,ED_VERY_DANGEROUS,1,iso_forest
Minsk,Belarus,19.4,19.4,1,0.0,ED_VERY_SAFE,1,lof
Riyadh,Saudi Arabia,43.2,44.9,3,64.5,ED_DANGEROUS,1,iso_forest
Doha,Qatar,42.2,46.0,3,65.66923076923077,ED_DANGEROUS,1,iso_forest
Airai,Palau,30.3,38.5,1,25.833333333333336,ED_MODERATE_SAFE,1,hot_but_safe
Islamabad,Pakistan,43.9,46.1,3,65.08461538461539,ED_DANGEROUS,1,iso_forest
Muscat,Oman,43.4,45.4,2,55.07692307692307,ED_DANGEROUS,1,iso_forest
Bandar Seri Begawan,Brunei Darussalam,31.2,38.4,1,25.966666666666665,ED_MODERATE_SAFE,1,hot_but_safe
Djibouti,Djibouti,41.3,43.3,3,59.753846153846155,ED_DANGEROUS,1,iso_forest
Malabo,Equatorial Guinea,29.2,35.0,2,30.7,ED_MODERATE_SAFE,1,lof
New Delhi,India,33.4,36.5,3,44.8,ED_CAUTION,1,lof
Baghdad,Iraq,42.5,43.7,2,51.915384615384625,ED_CAUTION,1,iso_forest
Tokyo,Japan,29.1,32.5,2,23.833333333333336,ED_MODERATE_SAFE,1,lof
Kuwait City,Kuwait,46.0,49.7,5,100.0,ED_VERY_DANGEROUS,1,iso_forest
Kuwait City,Kuwait,36.4,42.7,4,83.18653846153846,ED_VERY_DANGEROUS,1,iso_forest
Baghdad,Iraq,42.1,43.1,3,61.52307692307693,ED_DANGEROUS,1,iso_forest
Manama,Bahrain,40.1,42.1,4,83.69423076923077,ED_VERY_DANGEROUS,1,iso_forest
Phnom Penh,Cambodia,30.1,34.6,1,19.333333333333336,ED_MODERATE_SAFE,1,lof
Hanoi,Vietnam,36.3,42.6,4,78.07115384615385,ED_VERY_DANGEROUS,1,iso_forest
Abu Dhabi,United Arab Emirates,37.3,39.3,4,78.69166666666666,ED_VERY_DANGEROUS,1,iso_forest
Dili,Timor-Leste,25.3,26.7,2,8.0,ED_VERY_SAFE,1,lof
Islamabad,Pakistan,45.0,48.0,3,65.57692307692308,ED_DANGEROUS,1,iso_forest
Muscat,Oman,41.2,47.6,2,57.315384615384616,ED_DANGEROUS,1,iso_forest
Yangon,Myanmar,30.2,39.3,2,35.166666666666664,ED_CAUTION,1,lof
Ban Lom,Vietnam,32.3,41.1,2,42.815384615384616,ED_CAUTION,1,lof
Nuku`Aloia,Tonga,20.2,20.2,1,0.0,ED_VERY_SAFE,1,lof
Palikir,Micronesia,29.2,35.2,1,20.33333333333334,ED_MODERATE_SAFE,1,lof
Kuwait City,Kuwait,40.9,42.9,4,83.61730769230769,ED_VERY_DANGEROUS,1,iso_forest
Baghdad,Iraq,40.2,40.2,3,58.16666666666667,ED_DANGEROUS,1,iso_forest
Bangui,Central African Republic,29.1,33.9,2,31.566666666666663,ED_MODERATE_SAFE,1,lof
New Delhi,India,43.1,44.7,5,98.43173076923077,ED_VERY_DANGEROUS,1,iso_forest
Tashkent,Uzbekistan,41.2,41.7,2,49.707692307692305,ED_CAUTION,1,iso_forest
Vestmannaeyjar,Iceland,7.2,7.2,1,0.0,ED_VERY_SAFE,1,iso_forest
Manama,Bahrain,39.1,41.1,4,82.24038461538461,ED_VERY_DANGEROUS,1,iso_forest
Phnom Penh,Cambodia,29.4,32.5,1,15.833333333333334,ED_MODERATE_SAFE,1,lof
Santiago,Chile,6.2,6.2,5,45.0,ED_CAUTION,1,iso_forest
Djibouti,Djibouti,42.0,44.0,2,49.411538461538456,ED_CAUTION,1,iso_forest
Roseau,Dominica,27.4,29.7,1,8.099999999999998,ED_VERY_SAFE,1,lof
Manila,Philippines,29.2,37.2,2,31.66666666666667,ED_MODERATE_SAFE,1,lof
Warsaw,Poland,15.3,15.3,2,12.7,ED_VERY_SAFE,1,lof
Doha,Qatar,38.1,41.6,3,60.292307692307695,ED_DANGEROUS,1,iso_forest
Dushanbe,Tajikistan,40.1,40.1,2,48.5,ED_CAUTION,1,iso_forest
Havana,Cuba,26.0,29.7,1,8.099999999999998,ED_VERY_SAFE,1,lof
Mbabane,Swaziland,15.1,15.1,1,0.0,ED_VERY_SAFE,1,lof
Funafuti,Tuvalu,29.4,35.4,1,20.666666666666664,ED_MODERATE_SAFE,1,lof
Baghdad,Iraq,40.2,40.2,4,79.59166666666667,ED_VERY_DANGEROUS,1,iso_forest
Khartoum,Sudan,38.6,38.6,4,78.325,ED_VERY_DANGEROUS,1,iso_forest
Colombo,Sri Lanka,32.3,46.1,1,36.784615384615385,ED_CAUTION,1,lof
Port Royal,Jamaica,26.7,31.5,1,13.5,ED_VERY_SAFE,1,lof
Tokyo,Japan,30.1,33.1,2,24.833333333333336,ED_MODERATE_SAFE,1,lof
Kuwait City,Kuwait,43.7,45.7,4,87.44807692307694,ED_VERY_DANGEROUS,1,iso_forest
Maputo,Mozambique,21.3,21.3,1,1.8000000000000003,ED_VERY_SAFE,1,lof
Muscat,Oman,32.2,40.3,2,48.83333333333333,ED_CAUTION,1,lof
Airai,Palau,25.4,27.7,1,2.099999999999998,ED_VERY_SAFE,1,lof
Manila,Philippines,25.4,28.1,2,11.300000000000004,ED_VERY_SAFE,1,lof
Riyadh,Saudi Arabia,43.3,45.1,4,87.35576923076923,ED_VERY_DANGEROUS,1,iso_forest
Riyadh,Saudi Arabia,42.3,43.5,5,100.0,ED_VERY_DANGEROUS,1,iso_forest
Dakar,Senegal,28.3,33.8,1,17.999999999999996,ED_MODERATE_SAFE,1,lof
Pretoria,South Africa,14.2,14.2,3,21.1,ED_MODERATE_SAFE,1,lof
Sanaa,Yemen,26.2,26.2,2,19.9,ED_MODERATE_SAFE,1,lof
Abu Dhabi,United Arab Emirates,46.1,48.1,4,90.7173076923077,ED_VERY_DANGEROUS,1,iso_forest
Luxembourg,Luxembourg,15.3,15.3,2,8.0,ED_VERY_SAFE,1,lof
Addis Ababa,Ethiopia,17.4,17.4,1,12.0,ED_VERY_SAFE,1,lof
Manama,Bahrain,41.3,43.3,4,84.47884615384616,ED_VERY_DANGEROUS,1,iso_forest
Beijing,China,31.2,31.2,4,47.599999999999994,ED_CAUTION,1,lof
Abu Dhabi,United Arab Emirates,42.3,44.3,4,85.9326923076923,ED_VERY_DANGEROUS,1,iso_forest
Nuku`Aloia,Tonga,20.2,20.2,2,8.0,ED_VERY_SAFE,1,lof
Malabo,Equatorial Guinea,27.2,30.6,1,10.800000000000004,ED_VERY_SAFE,1,lof
Ban Lom,Vietnam,30.8,36.8,2,34.4,ED_MODERATE_SAFE,1,lof
Khartoum,Sudan,40.7,41.0,3,60.0,ED_DANGEROUS,1,iso_forest
Singapore,Singapore,32.3,40.9,1,30.73333333333333,ED_MODERATE_SAFE,1,hot_but_safe
Baghdad,Iraq,45.0,48.0,3,66.87692307692308,ED_DANGEROUS,1,iso_forest
Kuwait City,Kuwait,43.4,45.6,4,87.4326923076923,ED_VERY_DANGEROUS,1,iso_forest
Freetown,Sierra Leone,23.0,25.2,1,1.1999999999999997,ED_VERY_SAFE,1,lof
Riyadh,Saudi Arabia,44.4,46.9,4,89.4326923076923,ED_VERY_DANGEROUS,1,iso_forest
Doha,Qatar,44.0,46.2,3,65.4,ED_DANGEROUS,1,iso_forest
Islamabad,Pakistan,43.0,44.6,4,83.17884615384617,ED_VERY_DANGEROUS,1,iso_forest
Muscat,Oman,41.2,49.2,3,68.96153846153847,ED_DANGEROUS,1,iso_forest
Majuro,Marshall Islands,28.2,33.0,2,24.666666666666668,ED_MODERATE_SAFE,1,lof
Tokyo,Japan,26.1,28.3,2,11.900000000000002,ED_VERY_SAFE,1,lof
Kuwait City,Kuwait,47.3,49.3,4,90.10192307692307,ED_VERY_DANGEROUS,1,iso_forest
Sanaa,Yemen,27.0,27.0,1,12.0,ED_VERY_SAFE,1,iso_forest
Nassau,Bahamas,28.2,33.1,1,16.833333333333336,ED_MODERATE_SAFE,1,lof
Yerevan,Armenia,32.0,32.0,1,26.1,ED_MODERATE_SAFE,1,lof
Kabul,Afghanistan,29.4,29.4,2,25.799999999999997,ED_MODERATE_SAFE,1,lof
Muscat,Oman,35.2,42.4,3,60.41538461538461,ED_DANGEROUS,1,iso_forest
Islamabad,Pakistan,28.0,30.5,3,31.8,ED_MODERATE_SAFE,1,lof
Doha,Qatar,40.1,43.7,4,84.64038461538462,ED_VERY_DANGEROUS,1,iso_forest
Santo Domingo,Dominican Republic,23.3,25.4,1,0.0,ED_VERY_SAFE,1,lof
Riyadh,Saudi Arabia,43.1,44.7,5,100.0,ED_VERY_DANGEROUS,1,iso_forest
Pretoria,South Africa,17.4,17.4,5,49.6,ED_CAUTION,1,iso_forest
Beijing,China,20.1,20.1,3,18.0,ED_MODERATE_SAFE,1,lof
Seoul,South Korea,25.3,27.1,1,0.30000000000000426,ED_VERY_SAFE,1,lof
Madrid,Spain,28.4,28.4,2,17.099999999999994,ED_MODERATE_SAFE,1,lof
Manama,Bahrain,41.3,43.3,4,84.77884615384616,ED_VERY_DANGEROUS,1,iso_forest
Khartoum,Sudan,35.0,36.7,2,42.83333333333334,ED_CAUTION,1,lof
Nassau,Bahamas,28.1,32.6,1,16.000000000000004,ED_MODERATE_SAFE,1,lof
Saint John's,Antigua and Barbuda,26.2,28.1,1,3.3000000000000043,ED_VERY_SAFE,1,lof
Bangkok,Thailand,34.0,38.3,1,25.499999999999996,ED_MODERATE_SAFE,1,hot_but_safe
Abu Dhabi,United Arab Emirates,45.4,47.4,4,88.70961538461539,ED_VERY_DANGEROUS,1,iso_forest
Hanoi,Vietnam,32.3,36.4,4,62.95833333333333,ED_DANGEROUS,1,lof
Buenos Aires,Argentina,16.2,16.2,1,0.0,ED_VERY_SAFE,1,lof
Maseru,Lesotho,12.3,12.5,4,35.2,ED_CAUTION,1,iso_forest
Valletta,Malta,32.3,38.6,2,39.3,ED_CAUTION,1,lof
Ashgabat,Turkmenistan,42.3,43.5,1,44.58461538461539,ED_CAUTION,1,iso_forest
Muscat,Oman,35.1,44.6,3,63.95384615384616,ED_DANGEROUS,1,iso_forest
Bras,Brazil,22.2,24.8,1,0.0,ED_VERY_SAFE,1,lof
Manama,Bahrain,40.2,42.2,4,83.30961538461538,ED_VERY_DANGEROUS,1,iso_forest
Baghdad,Iraq,40.2,40.2,2,47.26666666666667,ED_CAUTION,1,iso_forest
Tokyo,Japan,30.2,34.0,2,26.333333333333332,ED_MODERATE_SAFE,1,lof
Nouakchott,Mauritania,30.8,30.8,4,43.400000000000006,ED_CAUTION,1,lof
Nan,Thailand,27.3,33.6,2,25.666666666666668,ED_MODERATE_SAFE,1,lof
Chi Chi Khvar,Iran,30.1,30.1,2,29.300000000000004,ED_MODERATE_SAFE,1,iso_forest
Niamey,Niger,28.3,30.7,2,20.9,ED_MODERATE_SAFE,1,lof
Doha,Qatar,41.3,41.9,4,82.66346153846153,ED_VERY_DANGEROUS,1,iso_forest
Chi Chi Khvar,Iran,28.1,28.1,4,42.050000000000004,ED_CAUTION,1,lof
Hanoi,Vietnam,33.4,44.2,4,74.3173076923077,ED_DANGEROUS,1,iso_forest
Apia,Samoa,24.3,26.2,1,0.0,ED_VERY_SAFE,1,lof
Riyadh,Saudi Arabia,42.3,43.5,6,100.0,ED_VERY_DANGEROUS,1,iso_forest
Abu Dhabi,United Arab Emirates,41.4,43.4,3,62.669230769230765,ED_DANGEROUS,1,iso_forest
Honiara,Solomon Islands,30.3,40.1,1,28.500000000000004,ED_MODERATE_SAFE,1,hot_but_safe
Funafuti,Tuvalu,29.4,35.2,1,20.33333333333334,ED_MODERATE_SAFE,1,lof
Seoul,South Korea,24.1,26.7,2,8.0,ED_VERY_SAFE,1,lof
Bangkok,Thailand,34.1,43.3,1,37.55384615384615,ED_CAUTION,1,lof
Malabo,Equatorial Guinea,28.1,34.1,2,26.500000000000004,ED_MODERATE_SAFE,1,lof
Santiago,Chile,-0.6,-0.6,4,36.37086652900784,ED_CAUTION,1,iso_forest
Bangui,Central African Republic,25.4,29.1,1,6.300000000000004,ED_VERY_SAFE,1,lof
Ottawa,Canada,21.2,21.2,2,8.0,ED_VERY_SAFE,1,lof
Pyongyang,North Korea,22.1,24.6,2,8.0,ED_VERY_SAFE,1,lof
Muscat,Oman,35.2,44.7,3,62.56923076923077,ED_DANGEROUS,1,iso_forest
Baghdad,Iraq,43.2,44.9,3,64.1,ED_DANGEROUS,1,iso_forest
Jakarta,Indonesia,32.1,35.4,6,82.66666666666666,ED_VERY_DANGEROUS,1,iso_forest
Islamabad,Pakistan,25.5,27.5,4,33.5,ED_MODERATE_SAFE,1,lof
Doha,Qatar,40.4,44.7,4,85.99423076923077,ED_VERY_DANGEROUS,1,iso_forest
New Delhi,India,39.1,39.1,5,88.89583333333334,ED_VERY_DANGEROUS,1,iso_forest
Moscow,Russia,21.0,21.0,4,36.3,ED_CAUTION,1,lof
Banjul,Gambia,26.1,29.0,2,14.0,ED_VERY_SAFE,1,lof
Pretoria,South Africa,18.1,18.1,5,48.1,ED_CAUTION,1,iso_forest
Ashgabat,Turkmenistan,41.4,42.0,2,50.95384615384616,ED_CAUTION,1,iso_forest
Abu Dhabi,United Arab Emirates,41.2,43.2,4,84.06346153846155,ED_VERY_DANGEROUS,1,iso_forest
Nassau,Bahamas,28.2,33.5,1,17.5,ED_MODERATE_SAFE,1,lof
Manama,Bahrain,39.3,41.3,4,81.97115384615384,ED_VERY_DANGEROUS,1,iso_forest
Asmara,Eritrea,27.2,27.2,2,20.599999999999998,ED_MODERATE_SAFE,1,iso_forest
Ouagadougou,Burkina Faso,27.2,30.1,1,9.300000000000004,ED_VERY_SAFE,1,lof
Beijing,China,31.2,31.2,4,44.599999999999994,ED_CAUTION,1,lof
Malabo,Equatorial Guinea,26.2,29.6,1,7.800000000000004,ED_VERY_SAFE,1,lof
Libreville,Gabon,26.3,28.8,1,10.600000000000001,ED_VERY_SAFE,1,lof
Beijing,China,35.0,35.0,4,60.625,ED_DANGEROUS,1,iso_forest
Havana,Cuba,25.4,28.3,1,3.900000000000002,ED_VERY_SAFE,1,lof
Khartoum,Sudan,40.1,40.1,3,58.0,ED_DANGEROUS,1,iso_forest
Manama,Bahrain,40.3,42.3,4,83.625,ED_VERY_DANGEROUS,1,iso_forest
Riyadh,Saudi Arabia,39.3,39.3,5,95.22916666666666,ED_VERY_DANGEROUS,1,iso_forest
Doha,Qatar,35.0,36.4,4,74.85833333333333,ED_DANGEROUS,1,iso_forest
Thimphu,Bhutan,23.3,25.0,1,11.5,ED_VERY_SAFE,1,lof
Ouagadougou,Burkina Faso,23.0,25.1,1,0.30000000000000027,ED_VERY_SAFE,1,lof
Phnom Penh,Cambodia,32.1,33.3,1,21.46666666666666,ED_MODERATE_SAFE,1,lof
Santiago,Chile,6.1,6.1,5,45.0,ED_CAUTION,1,iso_forest
Islamabad,Pakistan,43.6,45.6,3,65.1076923076923,ED_DANGEROUS,1,iso_forest
Kathmandu,Nepal,22.0,24.6,2,11.8,ED_VERY_SAFE,1,lof
Valletta,Malta,31.1,39.6,2,40.76666666666667,ED_CAUTION,1,lof
Kuwait City,Kuwait,35.7,35.7,4,73.69166666666668,ED_DANGEROUS,1,iso_forest
Jakarta,Indonesia,32.1,35.3,6,86.3,ED_VERY_DANGEROUS,1,iso_forest
Baghdad,Iraq,42.0,43.0,2,51.50769230769231,ED_CAUTION,1,iso_forest
Kuwait City,Kuwait,46.1,49.9,4,91.99423076923077,ED_VERY_DANGEROUS,1,iso_forest
Bishkek,Kyrghyzstan,37.4,37.4,2,42.6,ED_CAUTION,1,iso_forest
Nan,Thailand,26.1,30.9,1,11.699999999999996,ED_VERY_SAFE,1,lof
Baghdad,Iraq,40.0,40.0,2,47.333333333333336,ED_CAUTION,1,iso_forest
Abu Dhabi,United Arab Emirates,40.1,42.1,4,82.69423076923077,ED_VERY_DANGEROUS,1,iso_forest
Saint John's,Antigua and Barbuda,28.0,33.1,2,24.833333333333336,ED_MODERATE_SAFE,1,lof
Algiers,Algeria,31.1,38.7,2,35.66666666666667,ED_CAUTION,1,lof
Nassau,Bahamas,28.1,34.8,1,19.666666666666664,ED_MODERATE_SAFE,1,lof
New Delhi,India,43.2,44.9,5,99.4125,ED_VERY_DANGEROUS,1,iso_forest
Riyadh,Saudi Arabia,42.1,43.1,4,85.04807692307693,ED_VERY_DANGEROUS,1,iso_forest
Pretoria,South Africa,16.3,16.3,5,47.7,ED_CAUTION,1,iso_forest
Dushanbe,Tajikistan,40.2,40.2,3,58.16666666666667,ED_DANGEROUS,1,iso_forest
Bangkok,Thailand,30.3,38.2,1,28.33333333333334,ED_MODERATE_SAFE,1,hot_but_safe
Vestmannaeyjar,Iceland,7.0,7.0,1,0.0,ED_VERY_SAFE,1,lof
Ban Lom,Vietnam,24.7,28.2,1,3.599999999999998,ED_VERY_SAFE,1,lof
Saint George's,Grenada,26.1,28.8,2,13.400000000000002,ED_VERY_SAFE,1,lof
Ashgabat,Turkmenistan,39.2,39.2,2,47.00000000000001,ED_CAUTION,1,iso_forest
Abu Dhabi,United Arab Emirates,41.4,43.4,4,84.79423076923078,ED_VERY_DANGEROUS,1,iso_forest
Malabo,Equatorial Guinea,31.0,39.7,1,31.03333333333334,ED_MODERATE_SAFE,1,hot_but_safe
Phnom Penh,Cambodia,32.3,35.0,1,20.0,ED_MODERATE_SAFE,1,lof
Hanoi,Vietnam,27.3,31.2,2,20.599999999999998,ED_MODERATE_SAFE,1,lof
Bandar Seri Begawan,Brunei Darussalam,31.2,38.7,2,34.16666666666667,ED_MODERATE_SAFE,1,hot_but_safe
Kabul,Afghanistan,33.0,33.0,2,36.16666666666667,ED_CAUTION,1,lof
Thimphu,Bhutan,21.3,21.3,2,13.3,ED_VERY_SAFE,1,lof
Manama,Bahrain,36.2,44.3,3,63.707692307692305,ED_DANGEROUS,1,iso_forest
Yangon,Myanmar,28.2,35.4,1,20.666666666666664,ED_MODERATE_SAFE,1,lof
Muscat,Oman,36.2,38.2,3,54.433333333333344,ED_CAUTION,1,iso_forest
Baghdad,Iraq,39.2,39.2,3,56.30000000000001,ED_DANGEROUS,1,iso_forest
Victoria,Seychelles Islands,30.3,37.1,1,34.1,ED_MODERATE_SAFE,1,lof
Dhaka,Bangladesh,36.5,41.5,4,75.70192307692308,ED_VERY_DANGEROUS,1,iso_forest
Guatemala City,Guatemala,18.2,18.2,2,8.0,ED_VERY_SAFE,1,lof
Manama,Bahrain,37.2,45.4,3,64.87692307692308,ED_DANGEROUS,1,iso_forest
Vestmannaeyjar,Iceland,12.2,12.2,1,0.0,ED_VERY_SAFE,1,iso_forest
Abu Dhabi,United Arab Emirates,35.3,43.0,4,84.4326923076923,ED_VERY_DANGEROUS,1,iso_forest
New Delhi,India,34.2,37.3,4,71.05833333333334,ED_DANGEROUS,1,iso_forest
Khartoum,Sudan,37.6,37.6,4,74.15833333333333,ED_DANGEROUS,1,iso_forest
Baghdad,Iraq,40.0,40.0,3,57.63333333333334,ED_DANGEROUS,1,iso_forest
Riyadh,Saudi Arabia,39.1,39.1,3,56.833333333333336,ED_DANGEROUS,1,iso_forest
Jakarta,Indonesia,31.1,34.6,6,81.33333333333334,ED_VERY_DANGEROUS,1,iso_forest
Doha,Qatar,37.1,37.1,4,75.725,ED_VERY_DANGEROUS,1,iso_forest
Port Royal,Jamaica,29.1,38.0,2,33.0,ED_MODERATE_SAFE,1,lof
Manila,Philippines,28.1,33.3,3,35.466666666666654,ED_CAUTION,1,lof
Kuwait City,Kuwait,46.4,48.4,5,100.0,ED_VERY_DANGEROUS,1,iso_forest
Bishkek,Kyrghyzstan,36.7,36.7,2,41.23333333333334,ED_CAUTION,1,iso_forest
Beirut,Lebanon,30.4,35.5,2,39.03333333333333,ED_CAUTION,1,lof
Islamabad,Pakistan,43.3,45.0,3,61.91538461538461,ED_DANGEROUS,1,iso_forest
Vaduz,Liechtenstein,18.1,18.1,1,0.0,ED_VERY_SAFE,1,lof
Santiago,Chile,7.1,7.1,5,45.0,ED_CAUTION,1,iso_forest
Thimphu,Bhutan,23.6,24.6,2,19.3,ED_MODERATE_SAFE,1,lof
Dhaka,Bangladesh,31.5,39.5,2,40.1,ED_CAUTION,1,lof
Manama,Bahrain,39.2,41.2,4,82.75576923076923,ED_VERY_DANGEROUS,1,iso_forest
Doha,Qatar,45.4,49.9,4,92.29423076923078,ED_VERY_DANGEROUS,1,iso_forest
New Delhi,India,43.0,44.6,5,99.21634615384616,ED_VERY_DANGEROUS,1,iso_forest
Vestmannaeyjar,Iceland,6.1,6.1,1,0.0,ED_VERY_SAFE,1,lof
Moscow,Russia,21.3,21.3,4,37.4,ED_CAUTION,1,lof
Addis Ababa,Ethiopia,22.2,22.6,4,44.0,ED_CAUTION,1,iso_forest
Beijing,China,24.2,24.2,4,32.0,ED_MODERATE_SAFE,1,lof
Basseterre,Saint Kitts and Nevis,28.1,33.3,2,25.16666666666666,ED_MODERATE_SAFE,1,lof
Riyadh,Saudi Arabia,42.3,43.5,4,85.20961538461539,ED_VERY_DANGEROUS,1,iso_forest
Dushanbe,Tajikistan,40.0,40.0,3,58.233333333333334,ED_DANGEROUS,1,iso_forest
Ban Lom,Vietnam,27.7,33.3,1,20.36666666666666,ED_MODERATE_SAFE,1,lof
Santiago,Chile,4.3,4.3,5,45.0,ED_CAUTION,1,iso_forest
Ottawa,Canada,17.2,17.2,2,8.0,ED_VERY_SAFE,1,lof
Abu Dhabi,United Arab Emirates,38.4,40.4,4,80.625,ED_VERY_DANGEROUS,1,iso_forest
Tashkent,Uzbekistan,40.1,40.1,2,47.4,ED_CAUTION,1,iso_forest
Port Vila,Vanuatu,23.2,25.2,1,0.0,ED_VERY_SAFE,1,lof
Hanoi,Vietnam,28.2,31.4,2,25.999999999999996,ED_MODERATE_SAFE,1,lof
Nassau,Bahamas,28.1,33.3,2,25.16666666666666,ED_MODERATE_SAFE,1,lof
Baghdad,Iraq,43.1,44.7,3,63.269230769230774,ED_DANGEROUS,1,iso_forest
Moscow,Russia,21.3,21.3,4,35.4,ED_CAUTION,1,lof
Doha,Qatar,40.2,46.9,4,89.4326923076923,ED_VERY_DANGEROUS,1,iso_forest
Nassau,Bahamas,28.3,34.1,1,18.500000000000004,ED_MODERATE_SAFE,1,lof
Ban Lom,Vietnam,30.7,39.3,2,40.36666666666667,ED_CAUTION,1,lof
Abu Dhabi,United Arab Emirates,39.0,41.0,4,82.025,ED_VERY_DANGEROUS,1,iso_forest
London,United Kingdom,17.3,17.3,1,0.0,ED_VERY_SAFE,1,lof
Khartoum,Sudan,40.1,40.1,4,80.625,ED_VERY_DANGEROUS,1,iso_forest
Kabul,Afghanistan,34.5,34.5,2,38.86666666666667,ED_CAUTION,1,iso_forest
Singapore,Singapore,30.4,38.4,2,33.666666666666664,ED_MODERATE_SAFE,1,hot_but_safe
Luanda,Angola,20.4,20.4,3,18.0,ED_MODERATE_SAFE,1,lof
Riyadh,Saudi Arabia,41.2,41.7,5,98.8701923076923,ED_VERY_DANGEROUS,1,iso_forest
Manama,Bahrain,38.1,40.1,4,80.825,ED_VERY_DANGEROUS,1,iso_forest
Tokyo,Japan,21.1,21.1,3,18.0,ED_MODERATE_SAFE,1,lof
Phnom Penh,Cambodia,28.3,29.2,1,6.599999999999998,ED_VERY_SAFE,1,lof
Santiago,Chile,7.2,7.2,5,45.0,ED_CAUTION,1,iso_forest
Bogot,Bulgaria,35.1,35.1,1,26.31666666666667,ED_MODERATE_SAFE,1,lof
Djibouti,Djibouti,42.4,44.4,3,60.77307692307692,ED_DANGEROUS,1,iso_forest
Doha,Qatar,36.4,38.5,4,78.05833333333334,ED_VERY_DANGEROUS,1,iso_forest
Islamabad,Pakistan,44.7,47.4,3,65.08461538461538,ED_DANGEROUS,1,iso_forest
Malabo,Equatorial Guinea,28.0,34.2,1,18.66666666666667,ED_MODERATE_SAFE,1,lof
Jakarta,Indonesia,30.1,31.5,6,65.9,ED_DANGEROUS,1,iso_forest
Dili,Timor-Leste,26.3,28.2,2,11.599999999999998,ED_VERY_SAFE,1,lof
Dushanbe,Tajikistan,41.3,41.9,3,61.03846153846153,ED_DANGEROUS,1,iso_forest
Riyadh,Saudi Arabia,41.1,41.6,5,98.7548076923077,ED_VERY_DANGEROUS,1,iso_forest
Doha,Qatar,42.1,48.5,4,90.87884615384615,ED_VERY_DANGEROUS,1,iso_forest
Tokyo,Japan,31.1,35.7,2,29.16666666666667,ED_MODERATE_SAFE,1,lof
Phnom Penh,Cambodia,26.1,27.9,2,10.699999999999996,ED_VERY_SAFE,1,lof
Kuwait City,Kuwait,45.3,48.5,5,100.0,ED_VERY_DANGEROUS,1,iso_forest
Bishkek,Kyrghyzstan,40.1,40.1,3,56.6,ED_DANGEROUS,1,iso_forest
Manama,Bahrain,38.4,40.4,3,58.4,ED_DANGEROUS,1,iso_forest
Chi Chi Khvar,Iran,33.2,33.2,2,37.0,ED_CAUTION,1,iso_forest
Yangon,Myanmar,30.1,35.6,1,25.6,ED_MODERATE_SAFE,1,lof
Nassau,Bahamas,28.2,36.2,1,22.000000000000007,ED_MODERATE_SAFE,1,lof
Kathmandu,Nepal,26.1,29.8,3,29.6,ED_MODERATE_SAFE,1,lof
Sanaa,Yemen,28.0,28.0,2,23.0,ED_MODERATE_SAFE,1,iso_forest
Amsterdam,Netherlands,22.1,24.6,2,8.0,ED_VERY_SAFE,1,lof
Pyongyang,North Korea,26.8,30.9,1,11.699999999999996,ED_VERY_SAFE,1,lof
Abu Dhabi,United Arab Emirates,42.2,44.2,4,85.5173076923077,ED_VERY_DANGEROUS,1,iso_forest
Muscat,Oman,33.1,40.4,3,58.6,ED_DANGEROUS,1,iso_forest
Islamabad,Pakistan,33.6,39.7,4,78.55833333333334,ED_VERY_DANGEROUS,1,iso_forest
Bangkok,Thailand,34.1,41.6,1,30.692307692307693,ED_MODERATE_SAFE,1,hot_but_safe
Manila,Philippines,28.0,32.7,2,25.36666666666667,ED_MODERATE_SAFE,1,lof
Baghdad,Iraq,40.2,40.2,2,47.76666666666667,ED_CAUTION,1,iso_forest
Tokyo,Japan,32.1,37.8,2,32.666666666666664,ED_MODERATE_SAFE,1,lof
Kuwait City,Kuwait,45.3,48.5,5,100.0,ED_VERY_DANGEROUS,1,iso_forest
Manama,Bahrain,39.2,41.2,4,82.85576923076923,ED_VERY_DANGEROUS,1,iso_forest
Kuala Lumpur,Malaysia,32.3,49.9,3,58.26923076923077,ED_DANGEROUS,1,lof
Nan,Thailand,27.3,28.9,1,8.799999999999995,ED_VERY_SAFE,1,lof
Phnom Penh,Cambodia,32.2,33.6,1,23.266666666666666,ED_MODERATE_SAFE,1,lof
Maseru,Lesotho,5.2,5.2,1,0.24454492909748282,ED_VERY_SAFE,1,iso_forest
Kuwait City,Kuwait,41.2,48.7,4,90.90961538461539,ED_VERY_DANGEROUS,1,iso_forest
Bogot,Bulgaria,37.1,37.1,1,29.800000000000004,ED_MODERATE_SAFE,1,lof
Copenhagen,Denmark,21.0,21.0,1,0.0,ED_VERY_SAFE,1,lof
Djibouti,Djibouti,41.2,43.2,3,60.838461538461544,ED_DANGEROUS,1,iso_forest
Helsinki,Finland,22.3,24.7,1,0.0,ED_VERY_SAFE,1,lof
Jakarta,Indonesia,31.1,32.1,6,80.96666666666667,ED_VERY_DANGEROUS,1,iso_forest
Baghdad,Iraq,42.4,43.6,3,61.9,ED_DANGEROUS,1,iso_forest
Tokyo,Japan,30.2,33.4,2,25.333333333333332,ED_MODERATE_SAFE,1,lof
Kuwait City,Kuwait,46.3,48.3,4,89.94807692307693,ED_VERY_DANGEROUS,1,iso_forest
Nan,Thailand,25.3,29.2,1,6.599999999999998,ED_VERY_SAFE,1,lof
Yangon,Myanmar,28.1,35.1,1,20.16666666666667,ED_MODERATE_SAFE,1,lof
Muscat,Oman,32.4,40.4,2,48.1,ED_CAUTION,1,lof
Islamabad,Pakistan,25.1,28.2,3,25.499999999999996,ED_MODERATE_SAFE,1,lof
Dhaka,Bangladesh,35.0,41.8,2,43.72307692307692,ED_CAUTION,1,lof
Hanoi,Vietnam,27.1,32.8,3,34.33333333333333,ED_MODERATE_SAFE,1,lof
Nan,Thailand,30.2,39.5,1,32.6,ED_MODERATE_SAFE,1,hot_but_safe
London,United Kingdom,18.4,18.4,1,0.0,ED_VERY_SAFE,1,lof
Muscat,Oman,40.1,47.6,3,67.61538461538461,ED_DANGEROUS,1,iso_forest
Amsterdam,Netherlands,15.3,15.3,2,8.0,ED_VERY_SAFE,1,lof
Muscat,Oman,32.0,39.4,3,57.33333333333333,ED_DANGEROUS,1,iso_forest
Islamabad,Pakistan,33.3,39.8,4,78.725,ED_VERY_DANGEROUS,1,iso_forest
Manila,Philippines,25.3,27.8,2,10.400000000000002,ED_VERY_SAFE,1,lof
Doha,Qatar,39.1,45.6,4,87.63269230769231,ED_VERY_DANGEROUS,1,iso_forest
Moscow,Russia,18.0,18.0,4,32.0,ED_MODERATE_SAFE,1,lof
'S Gravenjansdijk,Belgium,21.3,21.3,1,0.0,ED_VERY_SAFE,1,lof
Riyadh,Saudi Arabia,41.0,41.4,5,98.52403846153845,ED_VERY_DANGEROUS,1,iso_forest
Windhoek,Namibia,6.1,6.1,1,4.4,ED_VERY_SAFE,1,lof
Seoul,South Korea,31.2,35.6,3,39.3,ED_CAUTION,1,lof
Bern,Switzerland,17.4,17.4,1,0.0,ED_VERY_SAFE,1,lof
Rabat,Morocco,21.3,21.3,2,11.8,ED_VERY_SAFE,1,lof
Dushanbe,Tajikistan,40.4,40.5,2,49.06666666666667,ED_CAUTION,1,iso_forest
Ban Lom,Vietnam,26.4,30.6,1,10.800000000000004,ED_VERY_SAFE,1,lof
Nouakchott,Mauritania,26.9,27.2,5,46.199999999999996,ED_CAUTION,1,iso_forest
Abu Dhabi,United Arab Emirates,43.0,45.0,4,86.54038461538461,ED_VERY_DANGEROUS,1,iso_forest
Kuwait City,Kuwait,44.9,47.8,4,89.27115384615384,ED_VERY_DANGEROUS,1,iso_forest
Luanda,Angola,26.0,28.7,5,59.099999999999994,ED_DANGEROUS,1,lof
Riyadh,Saudi Arabia,37.3,37.3,5,88.99583333333332,ED_VERY_DANGEROUS,1,iso_forest
Panama City,Panama,22.1,24.6,1,0.0,ED_VERY_SAFE,1,lof
Dili,Timor-Leste,27.9,31.1,1,19.800000000000004,ED_MODERATE_SAFE,1,lof
Lusaka,Zambia,19.7,19.7,1,5.0,ED_VERY_SAFE,1,lof
Saint John's,Antigua and Barbuda,25.1,26.4,1,0.0,ED_VERY_SAFE,1,lof
Bridgetown,Barbados,25.1,26.7,1,0.0,ED_VERY_SAFE,1,lof
Douala,Cameroon,27.2,31.5,2,21.5,ED_MODERATE_SAFE,1,lof
Quito,Ecuador,12.2,12.4,1,0.0,ED_VERY_SAFE,1,lof
Valletta,Malta,15.1,15.1,2,8.0,ED_VERY_SAFE,1,lof
Chi Chi Khvar,Iran,3.3,3.3,2,8.600000000000001,ED_VERY_SAFE,1,lof
Ulaanbaatar,Mongolia,-3.4,-3.4,3,32.76908585500755,ED_MODERATE_SAFE,1,iso_forest
Maputo,Mozambique,21.1,21.1,1,0.0,ED_VERY_SAFE,1,lof
Warsaw,Poland,1.3,1.3,4,33.63143909345871,ED_MODERATE_SAFE,1,iso_forest
Damascus,Syria,6.2,6.2,2,11.0,ED_VERY_SAFE,1,lof
Phnom Penh,Cambodia,35.5,36.2,4,74.625,ED_DANGEROUS,1,iso_forest
Koror,Palau,25.0,26.7,1,6.449999999999999,ED_VERY_SAFE,1,lof
Riyadh,Saudi Arabia,15.4,15.4,6,54.7,ED_CAUTION,1,iso_forest
Honiara,Solomon Islands,31.2,41.5,1,30.576923076923077,ED_MODERATE_SAFE,1,hot_but_safe
Funafuti,Tuvalu,31.3,40.2,1,28.66666666666667,ED_MODERATE_SAFE,1,hot_but_safe
Hanoi,Vietnam,21.1,21.1,3,20.7,ED_MODERATE_SAFE,1,lof
Baku,Azerbaijan,5.2,5.2,1,2.1000000000000005,ED_VERY_SAFE,1,lof
Bridgetown,Barbados,25.2,26.6,1,0.0,ED_VERY_SAFE,1,lof
New Delhi,India,32.3,32.3,5,80.8625,ED_VERY_DANGEROUS,1,iso_forest
Jakarta,Indonesia,24.3,25.5,3,28.5,ED_MODERATE_SAFE,1,lof
Dodoma,Tanzania,18.8,18.8,1,5.0,ED_VERY_SAFE,1,lof
Bern,Switzerland,0.3,0.3,2,8.0,ED_VERY_SAFE,1,lof
Belgrade,Serbia,6.4,6.4,3,21.0,ED_MODERATE_SAFE,1,lof
Saint George's,Grenada,26.1,28.4,1,4.199999999999996,ED_VERY_SAFE,1,lof
Bern,Switzerland,0.2,0.2,2,8.0,ED_VERY_SAFE,1,lof
Nuku`Aloia,Tonga,29.4,34.6,1,26.833333333333336,ED_MODERATE_SAFE,1,lof
Lusaka,Zambia,19.6,19.6,1,5.0,ED_VERY_SAFE,1,lof
Saint John's,Antigua and Barbuda,25.4,27.4,1,1.1999999999999957,ED_VERY_SAFE,1,lof
Bridgetown,Barbados,26.4,29.0,1,6.0,ED_VERY_SAFE,1,lof
Sofia,Bulgaria,1.2,1.2,2,8.850162495379806,ED_VERY_SAFE,1,lof
Douala,Cameroon,27.2,31.6,3,39.300000000000004,ED_CAUTION,1,lof
N'djamena,Chad,20.0,20.0,3,24.0,ED_MODERATE_SAFE,1,lof
Roseau,Dominica,25.3,27.1,1,0.30000000000000426,ED_VERY_SAFE,1,lof
Mbabane,Swaziland,18.7,18.7,1,5.0,ED_VERY_SAFE,1,lof
Reykjavik,Iceland,3.3,3.3,1,6.339824271715486,ED_VERY_SAFE,1,iso_forest
S-Chanf,Switzerland,-5.1,-5.1,2,15.649999999999999,ED_MODERATE_SAFE,1,iso_forest
Astana,Kazakhstan,-0.9,-0.9,1,11.785472619567459,ED_VERY_SAFE,1,iso_forest
Kuala Lumpur,Malaysia,34.3,45.6,3,59.30769230769231,ED_DANGEROUS,1,lof
Abuja,Nigeria,24.0,24.0,4,38.0,ED_CAUTION,1,lof
Pyongyang,North Korea,3.6,3.6,2,9.419530030929543,ED_VERY_SAFE,1,iso_forest
Koror,Palau,31.1,38.6,1,26.000000000000004,ED_MODERATE_SAFE,1,hot_but_safe
National,Bolivia,21.3,21.3,1,0.0,ED_VERY_SAFE,1,lof
Warsaw,Poland,-1.7,-1.7,4,37.566572217920935,ED_CAUTION,1,iso_forest
Castries,Saint Lucia,26.4,29.1,1,6.300000000000004,ED_VERY_SAFE,1,lof
Kingstown,Saint Vincent and the Grenadines,26.4,28.9,1,5.699999999999996,ED_VERY_SAFE,1,lof
San Marino,San Marino,3.2,3.2,2,11.0,ED_VERY_SAFE,1,lof
Ulaanbaatar,Mongolia,-0.3,-0.3,3,19.950000000000003,ED_MODERATE_SAFE,1,lof
Riyadh,Saudi Arabia,14.3,14.3,5,51.15,ED_CAUTION,1,iso_forest
Seoul,South Korea,10.1,10.1,4,32.0,ED_MODERATE_SAFE,1,iso_forest
Ottawa,Canada,-1.9,-1.9,1,12.206661386358657,ED_VERY_SAFE,1,iso_forest
Dublin,Ireland,2.1,2.1,1,7.352211275817116,ED_VERY_SAFE,1,iso_forest
Bishkek,Kyrghyzstan,1.8,1.8,1,3.8,ED_VERY_SAFE,1,iso_forest
Amsterdam,Netherlands,10.2,10.2,1,0.0,ED_VERY_SAFE,1,iso_forest
Niamey,Niger,25.2,25.2,1,0.0,ED_VERY_SAFE,1,lof
Oslo,Norway,6.2,6.2,1,0.0,ED_VERY_SAFE,1,iso_forest
Honiara,Solomon Islands,31.1,41.4,1,30.46153846153846,ED_MODERATE_SAFE,1,hot_but_safe
Nuku`Aloia,Tonga,29.2,33.8,1,17.999999999999996,ED_MODERATE_SAFE,1,lof
Hanoi,Vietnam,27.2,27.2,4,38.74999999999999,ED_CAUTION,1,lof
Thimphu,Bhutan,5.9,5.9,1,7.3500000000000005,ED_VERY_SAFE,1,lof
Douala,Cameroon,23.4,25.6,2,8.0,ED_VERY_SAFE,1,lof
Bangui,Central African Republic,24.2,25.4,2,8.0,ED_VERY_SAFE,1,lof
Ashgabat,Turkmenistan,4.9,4.9,1,3.2,ED_VERY_SAFE,1,lof
Nicosia,Cyprus,13.3,13.3,2,8.0,ED_VERY_SAFE,1,lof
Cairo,Egypt,21.3,21.3,2,8.0,ED_VERY_SAFE,1,lof
Suva,Fiji Islands,30.3,38.2,1,25.33333333333334,ED_MODERATE_SAFE,1,hot_but_safe
Reykjavik,Iceland,-1.7,-1.7,1,10.490327808136488,ED_VERY_SAFE,1,iso_forest
Ulaanbaatar,Mongolia,-4.8,-4.8,2,24.689714225033654,ED_MODERATE_SAFE,1,iso_forest
Port Vila,Vanuatu,30.2,37.9,1,24.833333333333332,ED_MODERATE_SAFE,1,lof
Kabul,Afghanistan,5.2,5.2,1,4.9,ED_VERY_SAFE,1,lof
Canberra,Australia,28.2,28.2,1,3.599999999999998,ED_VERY_SAFE,1,lof
Beijing,China,16.2,16.2,4,34.4,ED_MODERATE_SAFE,1,iso_forest
Malabo,Equatorial Guinea,25.4,27.4,1,1.1999999999999957,ED_VERY_SAFE,1,lof
Reykjavik,Iceland,1.4,1.4,1,9.071770797589867,ED_VERY_SAFE,1,iso_forest
Copenhagen,Denmark,5.1,5.1,1,0.9663844258542156,ED_VERY_SAFE,1,iso_forest
Moroni,Comoros,29.1,34.7,1,19.500000000000007,ED_MODERATE_SAFE,1,lof
Gaborone,Botswana,19.2,19.2,1,0.0,ED_VERY_SAFE,1,lof
Port Vila,Vanuatu,31.1,40.1,1,28.500000000000004,ED_MODERATE_SAFE,1,hot_but_safe
Yerevan,Armenia,0.4,0.4,1,0.0,ED_VERY_SAFE,1,iso_forest
Baku,Azerbaijan,8.1,8.1,1,0.0,ED_VERY_SAFE,1,lof
Reykjavik,Iceland,1.2,1.2,1,3.7114455487502465,ED_VERY_SAFE,1,iso_forest
New Delhi,India,33.4,33.4,5,82.69583333333333,ED_VERY_DANGEROUS,1,iso_forest
Ulaanbaatar,Mongolia,1.0,1.0,2,14.596027087192578,ED_VERY_SAFE,1,lof
Koror,Palau,26.2,28.5,1,15.3,ED_MODERATE_SAFE,1,lof
S. Manian,Vietnam,31.0,33.1,1,28.833333333333336,ED_MODERATE_SAFE,1,lof
Dushanbe,Tajikistan,4.4,4.4,1,4.1,ED_VERY_SAFE,1,lof
Nuku`Aloia,Tonga,29.4,36.2,1,22.000000000000007,ED_MODERATE_SAFE,1,lof
Yerevan,Armenia,0.5,0.5,1,0.0,ED_VERY_SAFE,1,iso_forest
Ottawa,Canada,0.1,0.1,1,7.717791836453155,ED_VERY_SAFE,1,iso_forest
Beijing,China,13.0,13.0,5,47.4,ED_CAUTION,1,iso_forest
Dublin,Ireland,10.4,10.4,1,0.0,ED_VERY_SAFE,1,iso_forest
Koror,Palau,28.1,33.0,1,27.766666666666666,ED_MODERATE_SAFE,1,lof
Dili,Timor-Leste,27.8,31.0,1,19.35,ED_MODERATE_SAFE,1,lof
Nuku`Aloia,Tonga,29.3,35.6,1,21.000000000000004,ED_MODERATE_SAFE,1,lof
Ashgabat,Turkmenistan,3.9,3.9,1,3.2,ED_VERY_SAFE,1,iso_forest
Tashkent,Uzbekistan,3.5,3.5,2,11.2,ED_VERY_SAFE,1,iso_forest
Bridgetown,Barbados,24.1,25.7,1,0.0,ED_VERY_SAFE,1,lof
Thimphu,Bhutan,7.7,7.7,1,5.0,ED_VERY_SAFE,1,lof
Ljubljana,Slovenia,2.7,2.7,2,8.0,ED_VERY_SAFE,1,lof
San Marino,San Marino,10.1,10.4,2,11.0,ED_VERY_SAFE,1,lof
Riyadh,Saudi Arabia,23.2,24.8,5,49.0,ED_CAUTION,1,iso_forest
Koror,Palau,25.3,27.2,1,11.199999999999998,ED_VERY_SAFE,1,lof
Dili,Timor-Leste,27.8,30.9,1,20.799999999999997,ED_MODERATE_SAFE,1,lof
Nuku`Aloia,Tonga,26.3,29.2,1,6.599999999999998,ED_VERY_SAFE,1,lof
Kampala,Uganda,21.2,21.2,2,8.0,ED_VERY_SAFE,1,lof
Hanoi,Vietnam,29.0,29.9,2,25.899999999999995,ED_MODERATE_SAFE,1,lof
Canberra,Australia,20.1,20.1,1,0.0,ED_VERY_SAFE,1,lof
Ottawa,Canada,-19.9,-19.9,1,23.25,ED_MODERATE_SAFE,1,iso_forest
Bangui,Central African Republic,23.4,23.4,2,8.0,ED_VERY_SAFE,1,lof
Santo Domingo,Dominican Republic,22.0,24.5,1,0.0,ED_VERY_SAFE,1,lof
Suva,Fiji Islands,25.0,28.1,1,3.3000000000000043,ED_VERY_SAFE,1,lof
Reykjavik,Iceland,-1.7,-1.7,1,13.312319384610204,ED_VERY_SAFE,1,iso_forest
Port Moresby,Papua New Guinea,25.4,27.8,1,2.400000000000002,ED_VERY_SAFE,1,lof
Ljubljana,Slovenia,-1.8,-1.8,3,20.700000000000003,ED_MODERATE_SAFE,1,iso_forest
Riyadh,Saudi Arabia,15.2,15.2,5,46.5,ED_CAUTION,1,iso_forest
Juba,Sudan,17.6,17.6,4,32.0,ED_MODERATE_SAFE,1,iso_forest
Kampala,Uganda,19.3,19.3,2,8.0,ED_VERY_SAFE,1,lof
Nassau,Bahamas,23.2,25.2,1,0.0,ED_VERY_SAFE,1,lof
Thimphu,Bhutan,13.8,13.8,2,18.6,ED_MODERATE_SAFE,1,lof
Ottawa,Canada,-11.8,-11.8,1,16.5,ED_MODERATE_SAFE,1,iso_forest
Reykjavik,Iceland,-3.8,-3.8,1,15.153478273180015,ED_MODERATE_SAFE,1,iso_forest
Majuro,Marshall Islands,26.0,28.8,1,5.400000000000002,ED_VERY_SAFE,1,lof
Ulaanbaatar,Mongolia,-17.6,-17.6,2,35.06932442785536,ED_CAUTION,1,iso_forest
Doha,Qatar,23.3,25.1,2,8.0,ED_VERY_SAFE,1,lof
Juba,Sudan,17.6,17.6,4,32.0,ED_MODERATE_SAFE,1,iso_forest
Riyadh,Saudi Arabia,16.1,16.1,5,46.8,ED_CAUTION,1,iso_forest
Kingstown,Saint Vincent and the Grenadines,26.0,28.0,1,3.0,ED_VERY_SAFE,1,lof
Port Moresby,Papua New Guinea,27.0,30.2,1,9.599999999999998,ED_VERY_SAFE,1,lof
Brazzaville,Congo,24.4,26.7,1,0.0,ED_VERY_SAFE,1,lof
Quito,Ecuador,10.3,10.3,1,0.0,ED_VERY_SAFE,1,lof
Malabo,Equatorial Guinea,24.2,26.1,2,8.0,ED_VERY_SAFE,1,lof
Addis Ababa,Ethiopia,19.4,19.4,3,26.85,ED_MODERATE_SAFE,1,lof
Suva,Fiji Islands,26.3,29.9,1,8.699999999999996,ED_VERY_SAFE,1,lof
Reykjavik,Iceland,-1.6,-1.6,1,5.395450806232962,ED_VERY_SAFE,1,iso_forest
Tehran,Iran,16.3,16.3,4,35.4,ED_CAUTION,1,lof
Astana,Kazakhstan,-21.7,-21.7,2,38.629343885550654,ED_CAUTION,1,iso_forest
Laos,Indonesia,24.7,26.9,2,14.0,ED_VERY_SAFE,1,lof
Ulaanbaatar,Mongolia,-10.8,-10.8,2,23.666666666666664,ED_MODERATE_SAFE,1,iso_forest
Lima,Peru,23.2,25.3,1,0.0,ED_VERY_SAFE,1,lof
Bucharest,Romania,-1.8,-1.8,4,34.7,ED_MODERATE_SAFE,1,iso_forest
Kigali,Rwanda,18.1,18.1,3,18.0,ED_MODERATE_SAFE,1,lof
Riyadh,Saudi Arabia,17.4,17.4,6,55.1,ED_DANGEROUS,1,iso_forest
Port Vila,Vanuatu,29.1,35.6,1,21.000000000000004,ED_MODERATE_SAFE,1,lof
Gaborone,Botswana,22.2,24.6,1,0.0,ED_VERY_SAFE,1,lof
Beijing,China,6.1,6.1,5,45.0,ED_CAUTION,1,iso_forest
Kuwait City,Kuwait,15.9,15.9,4,35.0,ED_CAUTION,1,iso_forest
Nouakchott,Mauritania,17.9,17.9,5,45.0,ED_CAUTION,1,iso_forest
Chi-Chi-Erh,Russia,-19.1,-19.1,1,22.583333333333336,ED_MODERATE_SAFE,1,iso_forest
Ulaanbaatar,Mongolia,-12.9,-12.9,3,36.916666666666664,ED_CAUTION,1,iso_forest
Maputo,Mozambique,29.0,30.6,1,13.200000000000003,ED_VERY_SAFE,1,lof
Riyadh,Saudi Arabia,13.3,13.3,5,45.0,ED_CAUTION,1,iso_forest
Pretoria,South Africa,16.2,16.2,1,0.0,ED_VERY_SAFE,1,lof
Juba,Sudan,16.6,16.6,4,32.0,ED_MODERATE_SAFE,1,iso_forest
Astana,Kazakhstan,-6.6,-6.6,1,18.049800773164804,ED_MODERATE_SAFE,1,iso_forest
Bridgetown,Barbados,26.3,28.4,1,4.199999999999996,ED_VERY_SAFE,1,lof
Gaborone,Botswana,20.3,20.3,1,5.0,ED_VERY_SAFE,1,lof
Yamoussoukro,Cote d'Ivoire,23.3,25.5,1,0.0,ED_VERY_SAFE,1,lof
Ottawa,Canada,-7.9,-7.9,1,17.509869823065742,ED_MODERATE_SAFE,1,iso_forest
N'djamena,Chad,19.2,19.2,3,24.0,ED_MODERATE_SAFE,1,lof
Beijing,China,6.2,6.2,4,35.0,ED_CAUTION,1,iso_forest
Roseau,Dominica,24.9,26.7,1,0.0,ED_VERY_SAFE,1,lof
Tallinn,Estonia,-1.7,-1.7,1,7.760999221138583,ED_VERY_SAFE,1,lof
Saint George's,Grenada,25.2,27.0,1,0.0,ED_VERY_SAFE,1,lof
Reykjavik,Iceland,5.4,5.4,1,0.08126248014975168,ED_VERY_SAFE,1,iso_forest
Monrovia,Liberia,23.2,25.4,2,8.0,ED_VERY_SAFE,1,lof
Dili,Timor-Leste,28.4,31.6,1,22.900000000000006,ED_MODERATE_SAFE,1,lof
Podgorica,Montenegro,5.2,5.2,2,11.0,ED_VERY_SAFE,1,lof
Wellington,New Zealand,18.2,18.2,1,6.0,ED_VERY_SAFE,1,lof
Managua,Nicaragua,25.1,26.6,1,0.0,ED_VERY_SAFE,1,lof
National,Bolivia,21.7,21.7,1,0.0,ED_VERY_SAFE,1,lof
Port Moresby,Papua New Guinea,29.5,32.9,1,25.499999999999996,ED_MODERATE_SAFE,1,lof
Lima,Peru,22.2,24.6,1,0.0,ED_VERY_SAFE,1,lof
Manila,Philippines,33.1,38.4,1,34.666666666666664,ED_MODERATE_SAFE,1,hot_but_safe
Moscow,Russia,-3.8,-3.8,3,28.351761819156025,ED_MODERATE_SAFE,1,lof
Basseterre,Saint Kitts and Nevis,25.3,26.9,1,0.0,ED_VERY_SAFE,1,lof
Castries,Saint Lucia,26.0,28.0,1,3.0,ED_VERY_SAFE,1,lof
Nassau,Bahamas,24.2,26.3,1,0.0,ED_VERY_SAFE,1,lof
Saint John's,Antigua and Barbuda,25.3,26.9,1,0.0,ED_VERY_SAFE,1,lof
Tirana,Albania,6.3,6.3,2,11.0,ED_VERY_SAFE,1,lof
Nuku`Aloia,Tonga,29.2,34.8,1,19.666666666666664,ED_MODERATE_SAFE,1,lof
Port Vila,Vanuatu,25.3,28.0,1,3.0,ED_VERY_SAFE,1,lof
Reykjavik,Iceland,2.2,2.2,1,5.739932932917576,ED_VERY_SAFE,1,iso_forest
Tokyo,Japan,15.1,15.1,1,0.0,ED_VERY_SAFE,1,lof
Palikir,Micronesia,31.1,38.2,1,25.33333333333334,ED_MODERATE_SAFE,1,hot_but_safe
Ulaanbaatar,Mongolia,-10.7,-10.7,2,23.583333333333332,ED_MODERATE_SAFE,1,iso_forest
Port Moresby,Papua New Guinea,24.2,26.4,1,0.0,ED_VERY_SAFE,1,lof
Riyadh,Saudi Arabia,12.2,12.2,5,48.6,ED_CAUTION,1,iso_forest
Dakar,Senegal,17.4,17.4,2,8.0,ED_VERY_SAFE,1,lof
Juba,Sudan,15.1,15.1,4,32.0,ED_MODERATE_SAFE,1,iso_forest
Algiers,Algeria,13.4,13.4,2,8.0,ED_VERY_SAFE,1,lof
Gaborone,Botswana,20.0,20.0,1,0.0,ED_VERY_SAFE,1,lof
Suva,Fiji Islands,30.4,38.6,1,26.000000000000004,ED_MODERATE_SAFE,1,hot_but_safe
Reykjavik,Iceland,-0.9,-0.9,1,7.89819484524784,ED_VERY_SAFE,1,iso_forest
Jakarta,Indonesia,27.4,28.7,1,17.099999999999998,ED_MODERATE_SAFE,1,lof
Astana,Kazakhstan,-0.9,-0.9,1,11.43913791719195,ED_VERY_SAFE,1,lof
Laos,Indonesia,31.1,34.7,2,39.50000000000001,ED_CAUTION,1,lof
Ulaanbaatar,Mongolia,-11.3,-11.3,3,39.335681046692365,ED_CAUTION,1,iso_forest
Port Moresby,Papua New Guinea,25.5,27.6,1,1.8000000000000043,ED_VERY_SAFE,1,lof
Juba,Sudan,17.3,17.3,4,32.0,ED_MODERATE_SAFE,1,iso_forest
Colombo,Sri Lanka,31.2,37.4,4,76.625,ED_VERY_DANGEROUS,1,lof
Dushanbe,Tajikistan,11.1,11.3,1,0.0,ED_VERY_SAFE,1,lof
Kuala Lumpur,Malaysia,32.0,44.7,2,54.269230769230774,ED_CAUTION,1,lof
Singapore,Singapore,26.4,28.7,1,17.099999999999998,ED_MODERATE_SAFE,1,lof
Hanoi,Vietnam,25.3,26.5,2,14.149999999999999,ED_VERY_SAFE,1,lof
Chi Chi Khvar,Iran,5.4,5.4,1,3.6,ED_VERY_SAFE,1,lof
Apia,Samoa,26.1,28.3,1,3.900000000000002,ED_VERY_SAFE,1,lof
Riyadh,Saudi Arabia,17.2,17.2,6,54.8,ED_CAUTION,1,iso_forest
Buenos Aires,Argentina,22.1,24.7,1,0.0,ED_VERY_SAFE,1,lof
Thimphu,Bhutan,4.1,4.1,1,4.2,ED_VERY_SAFE,1,lof
Phnom Penh,Cambodia,36.5,36.9,4,75.79166666666666,ED_VERY_DANGEROUS,1,iso_forest
Ottawa,Canada,-6.6,-6.6,1,9.899999999999999,ED_VERY_SAFE,1,iso_forest
Bangui,Central African Republic,24.1,25.8,1,0.0,ED_VERY_SAFE,1,lof
Bogot,Hungary,3.1,3.1,1,5.258118646479726,ED_VERY_SAFE,1,iso_forest
Jakarta,Indonesia,29.1,31.1,4,56.300000000000004,ED_DANGEROUS,1,lof
Vaduz,Liechtenstein,-11.4,-11.4,1,20.58918156331754,ED_MODERATE_SAFE,1,iso_forest
Victoria,Seychelles Islands,31.4,38.2,1,34.73333333333334,ED_MODERATE_SAFE,1,hot_but_safe
Muscat,Oman,22.2,24.6,1,2.6999999999999997,ED_VERY_SAFE,1,lof
Honiara,Solomon Islands,31.2,40.9,1,29.833333333333332,ED_MODERATE_SAFE,1,hot_but_safe
Tashkent,Uzbekistan,23.3,23.7,1,4.9,ED_VERY_SAFE,1,lof
Andorra La Vella,Andorra,-6.4,-6.4,1,18.519048553269663,ED_MODERATE_SAFE,1,iso_forest
Nassau,Bahamas,24.2,26.0,1,0.0,ED_VERY_SAFE,1,lof
Phnom Penh,Cambodia,37.5,38.7,3,56.16666666666667,ED_DANGEROUS,1,iso_forest
Ottawa,Canada,-3.9,-3.9,1,13.994682637549815,ED_VERY_SAFE,1,iso_forest
Beijing,China,22.2,22.8,5,48.3,ED_CAUTION,1,lof
Bogot,Hungary,4.3,4.3,1,2.9682080330007885,ED_VERY_SAFE,1,iso_forest
Reykjavik,Iceland,2.2,2.2,1,4.146066016012297,ED_VERY_SAFE,1,iso_forest
Tehran,Iran,8.5,8.5,2,11.5,ED_VERY_SAFE,1,lof
National,Bolivia,22.2,24.8,1,0.0,ED_VERY_SAFE,1,lof
Pyongyang,North Korea,17.2,17.2,4,35.1,ED_CAUTION,1,lof
Managua,Nicaragua,27.2,29.7,1,8.099999999999998,ED_VERY_SAFE,1,lof
Koror,Palau,26.0,28.5,1,11.25,ED_VERY_SAFE,1,lof
Moscow,Russia,4.2,4.2,4,32.0,ED_MODERATE_SAFE,1,lof
Riyadh,Saudi Arabia,25.2,25.2,5,49.2,ED_CAUTION,1,lof
Funafuti,Tuvalu,27.0,29.4,1,7.199999999999996,ED_VERY_SAFE,1,lof
Abu Dhabi,United Arab Emirates,23.3,25.3,1,0.30000000000000027,ED_VERY_SAFE,1,lof
Manama,Bahrain,22.4,24.8,2,8.0,ED_VERY_SAFE,1,lof
Beijing,China,24.1,24.1,4,35.2,ED_CAUTION,1,lof
Copenhagen,Denmark,4.0,4.0,1,2.788940981863263,ED_VERY_SAFE,1,iso_forest
Reykjavik,Iceland,-1.7,-1.7,1,15.068420118529199,ED_MODERATE_SAFE,1,iso_forest
Tehran,Iran,13.8,13.8,4,36.7,ED_CAUTION,1,lof
Palikir,Micronesia,32.1,39.5,1,27.5,ED_MODERATE_SAFE,1,hot_but_safe
Doha,Qatar,25.2,27.3,2,13.500000000000002,ED_VERY_SAFE,1,lof
Chi Chi Khvar,Iran,6.4,6.4,1,3.7,ED_VERY_SAFE,1,lof
San Marino,San Marino,6.3,6.3,1,0.0,ED_VERY_SAFE,1,iso_forest
Belgrade,Serbia,10.4,10.4,2,8.0,ED_VERY_SAFE,1,lof
Khartoum,Sudan,23.9,23.9,2,8.0,ED_VERY_SAFE,1,lof
Abu Dhabi,United Arab Emirates,26.0,28.1,1,4.800000000000004,ED_VERY_SAFE,1,lof
Baku,Azerbaijan,9.1,9.1,1,0.0,ED_VERY_SAFE,1,iso_forest
Sarajevo,Bosnia and Herzegovina,1.2,1.2,1,0.6040512789696351,ED_VERY_SAFE,1,iso_forest
Sofia,Bulgaria,7.1,7.1,2,8.0,ED_VERY_SAFE,1,lof
Zagreb,Croatia,3.4,3.4,1,3.7743511705535226,ED_VERY_SAFE,1,iso_forest
Reykjavik,Iceland,2.1,2.1,1,3.7644522036576653,ED_VERY_SAFE,1,iso_forest
Tehran,Iran,10.9,10.9,3,23.1,ED_MODERATE_SAFE,1,lof
Beirut,Lebanon,18.3,18.3,2,8.0,ED_VERY_SAFE,1,lof
Maputo,Mozambique,24.3,26.9,1,0.0,ED_VERY_SAFE,1,lof
Andorra La Vella,Andorra,-7.9,-7.9,1,19.24738764783865,ED_MODERATE_SAFE,1,iso_forest
Banjul,Gambia,21.1,21.1,2,8.0,ED_VERY_SAFE,1,lof
Tehran,Iran,13.5,13.5,4,37.9,ED_CAUTION,1,lof
Jerusalem,Israel,15.2,15.2,2,8.0,ED_VERY_SAFE,1,lof
Beirut,Lebanon,17.7,17.7,2,8.0,ED_VERY_SAFE,1,lof
Valletta,Malta,11.2,11.2,1,0.0,ED_VERY_SAFE,1,iso_forest
Palikir,Micronesia,31.1,38.6,1,26.000000000000004,ED_MODERATE_SAFE,1,hot_but_safe
Ulaanbaatar,Mongolia,5.9,5.9,2,11.0,ED_VERY_SAFE,1,lof
Podgorica,Montenegro,14.2,14.2,1,0.0,ED_VERY_SAFE,1,lof
Maputo,Mozambique,28.3,32.1,1,15.16666666666667,ED_MODERATE_SAFE,1,lof
Pyongyang,North Korea,16.7,16.8,3,21.1,ED_MODERATE_SAFE,1,lof
Honiara,Solomon Islands,30.0,39.0,1,26.666666666666668,ED_MODERATE_SAFE,1,hot_but_safe
Reykjavik,Iceland,-2.6,-2.6,1,11.371542187024225,ED_VERY_SAFE,1,iso_forest
Nassau,Bahamas,22.0,24.5,1,0.0,ED_VERY_SAFE,1,lof
Tehran,Iran,16.0,16.0,4,39.2,ED_CAUTION,1,lof
Palikir,Micronesia,31.3,39.2,1,27.000000000000007,ED_MODERATE_SAFE,1,hot_but_safe
Ulaanbaatar,Mongolia,2.0,2.0,1,7.02345191066206,ED_VERY_SAFE,1,iso_forest
Beijing,China,18.3,18.3,3,21.6,ED_MODERATE_SAFE,1,lof
Reykjavik,Iceland,-2.7,-2.7,1,12.282526410167499,ED_VERY_SAFE,1,iso_forest
Jakarta,Indonesia,32.0,35.8,5,89.39583333333333,ED_VERY_DANGEROUS,1,iso_forest
Tokyo,Japan,14.3,14.3,2,8.0,ED_VERY_SAFE,1,lof
Palikir,Micronesia,32.2,42.7,1,31.961538461538463,ED_MODERATE_SAFE,1,hot_but_safe
Chi Chi Khvar,Iran,11.1,11.1,1,5.4,ED_VERY_SAFE,1,lof
Victoria,Seychelles Islands,31.3,38.1,1,34.46666666666667,ED_MODERATE_SAFE,1,hot_but_safe
Reykjavik,Iceland,3.2,3.2,1,6.229756303315593,ED_VERY_SAFE,1,iso_forest
Beijing,China,17.0,17.0,3,21.6,ED_MODERATE_SAFE,1,lof
Tirana,Albania,13.3,13.8,1,0.0,ED_VERY_SAFE,1,lof
Ulaanbaatar,Mongolia,5.5,5.5,2,12.4,ED_VERY_SAFE,1,iso_forest
Yamoussoukro,Cote d'Ivoire,22.3,24.7,1,0.0,ED_VERY_SAFE,1,lof
Reykjavik,Iceland,2.3,2.3,1,7.377231906313032,ED_VERY_SAFE,1,iso_forest
Bishkek,Kyrghyzstan,20.3,20.3,2,13.2,ED_VERY_SAFE,1,lof
Chi Chi Khvar,Iran,7.3,7.3,1,5.0,ED_VERY_SAFE,1,iso_forest
Ulaanbaatar,Mongolia,6.7,6.7,1,4.3,ED_VERY_SAFE,1,lof
Oslo,Norway,0.2,0.2,1,0.0,ED_VERY_SAFE,1,iso_forest
Nassau,Bahamas,23.2,25.2,1,0.0,ED_VERY_SAFE,1,lof
Yamoussoukro,Cote d'Ivoire,23.3,25.5,1,0.0,ED_VERY_SAFE,1,lof
Bangui,Central African Republic,22.1,24.6,1,0.0,ED_VERY_SAFE,1,lof
Malabo,Equatorial Guinea,26.4,30.0,1,9.0,ED_VERY_SAFE,1,lof
Banjul,Gambia,22.1,24.5,2,8.0,ED_VERY_SAFE,1,lof
Reykjavik,Iceland,0.3,0.3,1,9.153222051416954,ED_VERY_SAFE,1,iso_forest
Tehran,Iran,11.6,11.6,3,22.3,ED_MODERATE_SAFE,1,lof
Lilongwe,Malawi,18.8,18.8,1,0.0,ED_VERY_SAFE,1,lof
Koror,Palau,30.3,39.0,1,27.866666666666667,ED_MODERATE_SAFE,1,hot_but_safe
Brazzaville,Congo,23.2,25.6,1,0.0,ED_VERY_SAFE,1,lof
Kinshasa,Democratic Republic of Congo,23.1,25.5,1,0.0,ED_VERY_SAFE,1,lof
Cairo,Egypt,23.3,23.8,2,8.0,ED_VERY_SAFE,1,lof
Monrovia,Liberia,23.0,25.3,2,8.0,ED_VERY_SAFE,1,lof
Vaduz,Liechtenstein,-9.0,-9.0,1,17.72248919958864,ED_MODERATE_SAFE,1,iso_forest
Valletta,Malta,11.2,11.2,1,0.0,ED_VERY_SAFE,1,iso_forest
Doha,Qatar,23.2,25.2,2,12.1,ED_VERY_SAFE,1,lof
Chi Chi Khvar,Iran,10.1,10.1,1,3.2,ED_VERY_SAFE,1,lof
Hanoi,Vietnam,23.3,25.1,3,21.8,ED_MODERATE_SAFE,1,lof
Tehran,Iran,12.2,12.2,4,37.2,ED_CAUTION,1,lof
Cairo,Egypt,22.3,22.3,2,8.0,ED_VERY_SAFE,1,lof
Jakarta,Indonesia,33.3,37.0,4,75.95833333333334,ED_VERY_DANGEROUS,1,lof
Tehran,Iran,11.3,11.3,4,37.2,ED_CAUTION,1,lof
Pyongyang,North Korea,10.3,10.3,4,34.1,ED_MODERATE_SAFE,1,lof
Freetown,Sierra Leone,24.3,26.1,2,8.0,ED_VERY_SAFE,1,lof
Seoul,South Korea,9.2,9.2,4,32.3,ED_MODERATE_SAFE,1,lof
Beijing,China,17.4,17.4,3,20.1,ED_MODERATE_SAFE,1,lof
Kinshasa,Democratic Republic of Congo,23.4,25.9,1,0.0,ED_VERY_SAFE,1,lof
Cairo,Egypt,18.1,18.1,3,18.0,ED_MODERATE_SAFE,1,lof
Reykjavik,Iceland,5.3,5.3,1,1.1991047494337366,ED_VERY_SAFE,1,iso_forest
Astana,Kazakhstan,0.1,0.1,1,7.797152971042019,ED_VERY_SAFE,1,lof
Ottawa,Canada,-11.6,-11.6,1,20.883321759423122,ED_MODERATE_SAFE,1,iso_forest
Beirut,Lebanon,17.7,17.7,2,8.0,ED_VERY_SAFE,1,lof
Port Moresby,Papua New Guinea,25.2,27.3,1,0.9000000000000021,ED_VERY_SAFE,1,lof
Khartoum,Sudan,28.0,28.0,4,35.0,ED_CAUTION,1,iso_forest
Nassau,Bahamas,22.0,24.6,1,0.0,ED_VERY_SAFE,1,lof
Bras,Brazil,21.3,21.3,1,0.0,ED_VERY_SAFE,1,lof
N'djamena,Chad,23.3,23.3,1,0.0,ED_VERY_SAFE,1,lof
Reykjavik,Iceland,-0.7,-0.7,1,15.047739619495308,ED_MODERATE_SAFE,1,iso_forest
Astana,Kazakhstan,0.6,0.6,1,7.535276772777733,ED_VERY_SAFE,1,lof
Chi Chi Khvar,Iran,6.6,6.6,1,0.0,ED_VERY_SAFE,1,lof
Port Moresby,Papua New Guinea,24.4,26.9,1,0.0,ED_VERY_SAFE,1,lof
Beijing,China,12.4,12.4,1,3.2,ED_VERY_SAFE,1,lof
Nuku`Aloia,Tonga,28.4,32.6,1,16.000000000000004,ED_MODERATE_SAFE,1,lof
Astana,Kazakhstan,2.4,2.4,1,5.320762300561091,ED_VERY_SAFE,1,lof
Buenos Aires,Argentina,26.2,26.5,1,0.0,ED_VERY_SAFE,1,lof
Kabul,Afghanistan,9.5,9.5,1,6.449999999999999,ED_VERY_SAFE,1,lof
Luanda,Angola,25.0,27.4,1,1.1999999999999957,ED_VERY_SAFE,1,lof
Bangui,Central African Republic,23.2,25.3,1,0.0,ED_VERY_SAFE,1,lof
Moroni,Comoros,31.3,40.2,1,34.06666666666667,ED_MODERATE_SAFE,1,hot_but_safe
Reykjavik,Iceland,1.3,1.3,1,5.444650375175755,ED_VERY_SAFE,1,iso_forest
Tehran,Iran,9.9,9.9,4,32.0,ED_MODERATE_SAFE,1,lof
Palikir,Micronesia,31.3,39.3,1,27.166666666666664,ED_MODERATE_SAFE,1,hot_but_safe
Moscow,Russia,2.2,2.2,4,32.649263129071024,ED_MODERATE_SAFE,1,iso_forest
Riyadh,Saudi Arabia,31.3,31.3,5,62.10000000000001,ED_DANGEROUS,1,iso_forest
Montevideo,Uruguay,22.4,24.7,1,0.0,ED_VERY_SAFE,1,lof
Thimphu,Bhutan,11.3,11.3,1,9.8,ED_VERY_SAFE,1,lof
Damascus,Syria,5.2,5.2,2,8.0,ED_VERY_SAFE,1,lof
Ottawa,Canada,0.1,0.1,1,9.387333724162966,ED_VERY_SAFE,1,iso_forest
Nicosia,Cyprus,12.4,12.4,1,0.0,ED_VERY_SAFE,1,lof
Santo Domingo,Dominican Republic,22.3,24.7,1,0.0,ED_VERY_SAFE,1,lof
Tegucigalpa,Honduras,22.1,24.6,3,18.0,ED_MODERATE_SAFE,1,lof
Reykjavik,Iceland,2.4,2.4,1,5.09777062503186,ED_VERY_SAFE,1,iso_forest
Jakarta,Indonesia,32.3,36.2,4,74.625,ED_DANGEROUS,1,lof
Chi Chi Khvar,Iran,7.4,7.4,2,12.6,ED_VERY_SAFE,1,lof
Carreria,Paraguay,26.4,28.6,1,4.800000000000004,ED_VERY_SAFE,1,lof
Moscow,Russia,1.2,1.2,4,33.612226044735806,ED_MODERATE_SAFE,1,iso_forest
S-Chanf,Switzerland,-11.5,-11.5,1,20.688262477365832,ED_MODERATE_SAFE,1,iso_forest
Carreria,Paraguay,27.0,29.1,1,6.300000000000004,ED_VERY_SAFE,1,lof
Doha,Qatar,23.0,24.9,2,8.0,ED_VERY_SAFE,1,lof
Moscow,Russia,1.2,1.2,4,34.1278706422638,ED_MODERATE_SAFE,1,lof
Maputo,Mozambique,25.1,28.2,1,3.599999999999998,ED_VERY_SAFE,1,lof
Managua,Nicaragua,25.3,26.4,1,0.0,ED_VERY_SAFE,1,lof
Nuku`Aloia,Tonga,29.3,35.8,1,21.33333333333333,ED_MODERATE_SAFE,1,lof
Thimphu,Bhutan,3.6,3.6,1,0.0,ED_VERY_SAFE,1,lof
Gaborone,Botswana,21.1,21.1,1,0.0,ED_VERY_SAFE,1,lof
Bangui,Central African Republic,22.0,24.5,1,0.0,ED_VERY_SAFE,1,lof
Djibouti,Djibouti,27.1,30.3,1,14.800000000000002,ED_VERY_SAFE,1,lof
Tehran,Iran,15.2,15.2,4,37.1,ED_CAUTION,1,lof
Baghdad,Iraq,14.8,14.8,2,8.0,ED_VERY_SAFE,1,lof
Chi Chi Khvar,Iran,9.3,9.3,1,4.1,ED_VERY_SAFE,1,lof
Ulaanbaatar,Mongolia,1.7,1.7,2,14.197247281382694,ED_VERY_SAFE,1,lof
Wellington,New Zealand,18.3,18.3,1,0.0,ED_VERY_SAFE,1,lof
Honiara,Solomon Islands,24.4,26.8,1,0.0,ED_VERY_SAFE,1,lof
Honiara,Solomon Islands,29.3,39.4,1,27.333333333333332,ED_MODERATE_SAFE,1,hot_but_safe
Manama,Bahrain,21.8,21.8,2,10.7,ED_VERY_SAFE,1,lof
Gaborone,Botswana,20.4,20.4,1,0.0,ED_VERY_SAFE,1,lof
Beijing,China,24.3,24.3,4,35.3,ED_CAUTION,1,lof
Moroni,Comoros,31.0,39.1,1,32.233333333333334,ED_MODERATE_SAFE,1,hot_but_safe
Copenhagen,Denmark,7.7,7.7,1,0.0,ED_VERY_SAFE,1,iso_forest
Helsinki,Finland,4.0,4.0,2,8.895250921084774,ED_VERY_SAFE,1,iso_forest
Berlin,Germany,11.2,11.2,2,8.0,ED_VERY_SAFE,1,lof
Reykjavik,Iceland,-5.7,-5.7,1,16.9994340239479,ED_MODERATE_SAFE,1,iso_forest
Tehran,Iran,10.4,10.4,4,32.0,ED_MODERATE_SAFE,1,lof
Ulaanbaatar,Mongolia,3.4,3.4,2,12.6,ED_VERY_SAFE,1,lof
Monrovia,Liberia,24.1,26.3,2,8.0,ED_VERY_SAFE,1,lof
Jakarta,Indonesia,32.3,35.7,4,73.79166666666667,ED_DANGEROUS,1,lof
Reykjavik,Iceland,-2.6,-2.6,1,11.584001414485632,ED_VERY_SAFE,1,iso_forest
Buenos Aires,Argentina,21.0,21.0,1,0.0,ED_VERY_SAFE,1,lof
Conakry,Guinea,24.8,26.8,1,0.0,ED_VERY_SAFE,1,lof
Reykjavik,Iceland,-0.9,-0.9,1,15.054378447379932,ED_MODERATE_SAFE,1,iso_forest
Jakarta,Indonesia,30.3,33.6,4,70.29166666666667,ED_DANGEROUS,1,lof
Astana,Kazakhstan,-0.4,-0.4,1,9.39844126544679,ED_VERY_SAFE,1,lof
Palikir,Micronesia,32.3,41.0,1,30.0,ED_MODERATE_SAFE,1,hot_but_safe
Honiara,Solomon Islands,30.3,41.7,1,30.80769230769231,ED_MODERATE_SAFE,1,hot_but_safe
Nuku`Aloia,Tonga,28.1,31.9,1,14.699999999999996,ED_VERY_SAFE,1,lof
Port Of Spain,Trinidad and Tobago,22.0,24.5,1,0.0,ED_VERY_SAFE,1,lof
Montevideo,Uruguay,23.1,25.2,1,0.0,ED_VERY_SAFE,1,lof
Kabul,Afghanistan,6.4,6.4,2,13.0,ED_VERY_SAFE,1,lof
Thimphu,Bhutan,8.6,8.6,1,7.800000000000001,ED_VERY_SAFE,1,lof
Conakry,Guinea,24.6,26.5,1,0.0,ED_VERY_SAFE,1,lof
Jakarta,Indonesia,31.1,33.4,4,69.95833333333333,ED_DANGEROUS,1,lof
Astana,Kazakhstan,-0.3,-0.3,1,9.212596135324642,ED_VERY_SAFE,1,lof
Palikir,Micronesia,31.1,39.4,1,27.333333333333332,ED_MODERATE_SAFE,1,hot_but_safe
Ulaanbaatar,Mongolia,1.0,1.0,2,13.995397949333437,ED_VERY_SAFE,1,lof
Managua,Nicaragua,26.3,27.6,1,1.8000000000000043,ED_VERY_SAFE,1,lof
Kabul,Afghanistan,14.3,14.3,1,8.55,ED_VERY_SAFE,1,lof
Suva,Fiji Islands,30.3,38.1,1,25.16666666666667,ED_MODERATE_SAFE,1,hot_but_safe
Conakry,Guinea,24.4,26.4,1,0.0,ED_VERY_SAFE,1,lof
Thimphu,Bhutan,7.1,7.1,2,13.6,ED_VERY_SAFE,1,lof
Port Vila,Vanuatu,26.2,29.4,1,7.199999999999996,ED_VERY_SAFE,1,lof
Dushanbe,Tajikistan,29.2,29.2,2,21.2,ED_MODERATE_SAFE,1,lof
Copenhagen,Denmark,0.1,0.1,1,9.713169976147366,ED_VERY_SAFE,1,iso_forest
Warsaw,Poland,-1.8,-1.8,2,17.320656659955382,ED_MODERATE_SAFE,1,iso_forest
Moscow,Russia,-11.9,-11.9,3,40.43974942992483,ED_CAUTION,1,iso_forest
Riyadh,Saudi Arabia,25.3,25.3,6,52.4,ED_CAUTION,1,iso_forest
Bratislava,Slovakia,2.3,2.3,2,12.154470885655213,ED_VERY_SAFE,1,iso_forest
Stockholm,Sweden,-4.9,-4.9,1,7.3500000000000005,ED_VERY_SAFE,1,iso_forest
Kyiv,Ukraine,-7.4,-7.4,1,18.10398272909495,ED_MODERATE_SAFE,1,iso_forest
Montevideo,Uruguay,22.1,24.6,1,0.0,ED_VERY_SAFE,1,lof
Vienna,Austria,3.1,3.1,1,0.0,ED_VERY_SAFE,1,iso_forest
Minsk,Belarus,-0.9,-0.9,1,7.89819484524784,ED_VERY_SAFE,1,iso_forest
Sofia,Bulgaria,-0.7,-0.7,2,11.85535810104118,ED_VERY_SAFE,1,iso_forest
Tallinn,Estonia,-8.9,-8.9,1,18.511301261293262,ED_MODERATE_SAFE,1,iso_forest
Chi-Chi-Erh,Russia,-13.1,-13.1,1,17.583333333333332,ED_MODERATE_SAFE,1,iso_forest
Helsinki,Finland,-8.9,-8.9,1,17.761822843984874,ED_MODERATE_SAFE,1,iso_forest
Berlin,Germany,5.2,5.2,1,0.0,ED_VERY_SAFE,1,iso_forest
Jakarta,Indonesia,25.4,26.2,3,30.0,ED_MODERATE_SAFE,1,lof
Dublin,Ireland,5.1,5.1,1,0.0,ED_VERY_SAFE,1,iso_forest
Vaduz,Liechtenstein,5.1,5.1,1,0.0,ED_VERY_SAFE,1,iso_forest
Vilnius,Lithuania,-0.6,-0.6,1,4.133351210295402,ED_VERY_SAFE,1,iso_forest
Valletta,Malta,16.0,16.0,1,0.0,ED_VERY_SAFE,1,iso_forest
Palikir,Micronesia,28.1,31.7,1,14.099999999999998,ED_VERY_SAFE,1,lof
Chi-Chi-Erh,Russia,-8.4,-8.4,1,12.600000000000001,ED_VERY_SAFE,1,iso_forest
Monaco,Monaco,13.1,13.1,1,0.0,ED_VERY_SAFE,1,lof
Ulaanbaatar,Mongolia,-8.7,-8.7,3,31.65,ED_MODERATE_SAFE,1,iso_forest
Antananarivo,Madagascar,20.2,20.2,1,0.0,ED_VERY_SAFE,1,lof
Beijing,China,12.3,12.3,5,45.0,ED_CAUTION,1,iso_forest
Nuku`Aloia,Tonga,29.1,34.7,1,19.500000000000007,ED_MODERATE_SAFE,1,lof
Libreville,Gabon,24.3,26.4,1,0.0,ED_VERY_SAFE,1,lof
Kingston,Jamaica,24.4,26.4,1,0.0,ED_VERY_SAFE,1,lof
Astana,Kazakhstan,-1.6,-1.6,1,13.162911546095977,ED_VERY_SAFE,1,iso_forest
Riga,Latvia,-17.8,-17.8,2,35.28875508914833,ED_CAUTION,1,iso_forest
Lilongwe,Malawi,21.3,21.3,1,8.55,ED_VERY_SAFE,1,lof
Ulaanbaatar,Mongolia,-9.8,-9.8,3,35.45967031369277,ED_CAUTION,1,iso_forest
Koror,Palau,30.1,34.9,1,21.933333333333334,ED_MODERATE_SAFE,1,lof
Moscow,Russia,-11.7,-11.7,2,29.976648810796373,ED_MODERATE_SAFE,1,iso_forest
Singapore,Singapore,31.2,38.3,1,30.099999999999994,ED_MODERATE_SAFE,1,hot_but_safe
Stockholm,Sweden,-7.9,-7.9,1,15.459675241417608,ED_MODERATE_SAFE,1,iso_forest
Buenos Aires,Argentina,24.1,24.4,1,0.0,ED_VERY_SAFE,1,lof
Luxembourg,Luxembourg,8.0,8.0,1,0.0,ED_VERY_SAFE,1,iso_forest
Canberra,Australia,33.1,33.1,1,20.333333333333336,ED_MODERATE_SAFE,1,lof
Minsk,Belarus,-6.7,-6.7,1,17.38173718482487,ED_MODERATE_SAFE,1,iso_forest
Beijing,China,11.1,11.1,4,32.0,ED_MODERATE_SAFE,1,iso_forest
Prague,Czech Republic,1.2,1.2,2,11.924396588444669,ED_VERY_SAFE,1,iso_forest
Copenhagen,Denmark,0.1,0.1,2,15.540621316148044,ED_MODERATE_SAFE,1,iso_forest
Tallinn,Estonia,-7.8,-7.8,1,18.007185935824097,ED_MODERATE_SAFE,1,iso_forest
Suva,Fiji Islands,25.3,27.4,1,1.1999999999999957,ED_VERY_SAFE,1,lof
Helsinki,Finland,-5.0,-5.0,1,13.646405515607533,ED_VERY_SAFE,1,iso_forest
Berlin,Germany,3.2,3.2,2,8.0,ED_VERY_SAFE,1,lof
Vaduz,Liechtenstein,11.3,11.3,1,0.0,ED_VERY_SAFE,1,lof
Amsterdam,Netherlands,7.4,7.4,1,0.0,ED_VERY_SAFE,1,lof
Oslo,Norway,1.3,1.3,1,0.4329298672816613,ED_VERY_SAFE,1,iso_forest
Bucharest,Romania,1.1,1.1,3,18.0,ED_MODERATE_SAFE,1,iso_forest
Riga,Latvia,-11.8,-11.8,1,22.868998711677314,ED_MODERATE_SAFE,1,iso_forest
Ankara,Turkey,8.1,8.1,1,0.0,ED_VERY_SAFE,1,iso_forest
Ashgabat,Turkmenistan,9.4,9.4,2,10.399999999999999,ED_VERY_SAFE,1,lof
Kyiv,Ukraine,0.7,0.7,1,3.1442028817948717,ED_VERY_SAFE,1,iso_forest
Port Vila,Vanuatu,32.1,42.9,1,32.19230769230769,ED_MODERATE_SAFE,1,hot_but_safe
Lusaka,Zambia,17.5,17.5,2,8.0,ED_VERY_SAFE,1,lof
Algiers,Algeria,14.3,14.3,1,0.0,ED_VERY_SAFE,1,iso_forest
Andorra La Vella,Andorra,-2.0,-2.0,1,12.315144371617443,ED_VERY_SAFE,1,iso_forest
Minsk,Belarus,1.3,1.3,1,2.9340610644705727,ED_VERY_SAFE,1,iso_forest
Porto-Novo,Benin,23.1,25.2,1,0.0,ED_VERY_SAFE,1,lof
Reykjavik,Iceland,-3.6,-3.6,1,13.766661906421188,ED_VERY_SAFE,1,iso_forest
Vilnius,Lithuania,-8.0,-8.0,1,18.66533352281107,ED_MODERATE_SAFE,1,iso_forest
Riyadh,Saudi Arabia,24.1,24.1,5,47.4,ED_CAUTION,1,iso_forest
Valletta,Malta,15.0,15.0,2,8.0,ED_VERY_SAFE,1,lof
Port Louis,Mauritius,26.2,27.6,1,13.800000000000004,ED_VERY_SAFE,1,lof
Moscow,Russia,0.1,0.1,2,13.939662355738285,ED_VERY_SAFE,1,iso_forest
Riyadh,Saudi Arabia,24.2,24.2,5,50.2,ED_CAUTION,1,iso_forest
Honiara,Solomon Islands,30.3,39.9,1,28.166666666666664,ED_MODERATE_SAFE,1,hot_but_safe
Madrid,Spain,4.1,4.1,1,3.088444311324313,ED_VERY_SAFE,1,iso_forest
Ashgabat,Turkmenistan,11.0,11.0,1,3.2,ED_VERY_SAFE,1,lof
Kyiv,Ukraine,0.9,0.9,2,9.117415514033565,ED_VERY_SAFE,1,iso_forest
Andorra La Vella,Andorra,-11.3,-11.3,1,23.292257977858753,ED_MODERATE_SAFE,1,iso_forest
Ottawa,Canada,-10.8,-10.8,1,18.606788903482986,ED_MODERATE_SAFE,1,iso_forest
Lom,Bulgaria,1.4,1.4,2,8.0,ED_VERY_SAFE,1,iso_forest
Stockholm,Sweden,-6.8,-6.8,1,17.353219580889814,ED_MODERATE_SAFE,1,iso_forest
Ljubljana,Slovenia,2.2,2.2,2,8.0,ED_VERY_SAFE,1,iso_forest
Singapore,Singapore,31.0,38.8,1,31.233333333333327,ED_MODERATE_SAFE,1,hot_but_safe
Ljubljana,Slovenia,5.3,5.3,2,8.0,ED_VERY_SAFE,1,iso_forest
Stockholm,Sweden,-9.0,-9.0,1,17.72248919958864,ED_MODERATE_SAFE,1,iso_forest
Lom,Bulgaria,-0.8,-0.8,2,9.200000000000001,ED_VERY_SAFE,1,iso_forest
Ashgabat,Turkmenistan,6.2,6.2,1,1.8000000000000003,ED_VERY_SAFE,1,lof
Kyiv,Ukraine,0.8,0.8,1,5.994297883178113,ED_VERY_SAFE,1,iso_forest
Port Vila,Vanuatu,31.2,40.8,1,29.666666666666664,ED_MODERATE_SAFE,1,hot_but_safe
Minsk,Belarus,1.1,1.1,1,3.8938764813573172,ED_VERY_SAFE,1,iso_forest
Copenhagen,Denmark,-2.0,-2.0,1,12.315144371617443,ED_VERY_SAFE,1,iso_forest
Berlin,Germany,1.0,1.0,1,4.409156455853633,ED_VERY_SAFE,1,iso_forest
Dublin,Ireland,3.2,3.2,1,4.63257683949975,ED_VERY_SAFE,1,iso_forest
Astana,Kazakhstan,-19.8,-19.8,2,36.75303621136776,ED_CAUTION,1,iso_forest
Riga,Latvia,-6.8,-6.8,1,18.476484986101397,ED_MODERATE_SAFE,1,iso_forest
Vilnius,Lithuania,1.1,1.1,1,3.8938764813573172,ED_VERY_SAFE,1,iso_forest
Valletta,Malta,14.3,14.3,1,0.0,ED_VERY_SAFE,1,iso_forest
Chi-Chi-Erh,Russia,-16.3,-16.3,1,20.25,ED_MODERATE_SAFE,1,iso_forest
Monaco,Monaco,11.0,11.0,1,0.0,ED_VERY_SAFE,1,lof
Wellington,New Zealand,22.2,24.7,1,0.0,ED_VERY_SAFE,1,lof
Skopje,Macedonia,8.1,8.1,2,8.0,ED_VERY_SAFE,1,lof
Koror,Palau,31.1,40.0,1,33.833333333333336,ED_MODERATE_SAFE,1,hot_but_safe
Bucharest,Romania,2.2,2.2,2,8.0,ED_VERY_SAFE,1,iso_forest
Moscow,Russia,0.1,0.1,2,13.486120804936526,ED_VERY_SAFE,1,iso_forest
Helsinki,Finland,-6.7,-6.7,1,10.05,ED_VERY_SAFE,1,iso_forest
Ottawa,Canada,-11.9,-11.9,2,27.24118846280736,ED_MODERATE_SAFE,1,iso_forest
Moroni,Comoros,31.2,38.5,1,31.333333333333336,ED_MODERATE_SAFE,1,hot_but_safe
Canberra,Australia,35.1,35.1,1,23.56666666666667,ED_MODERATE_SAFE,1,lof
Pyongyang,North Korea,1.5,1.5,2,14.653540641841339,ED_VERY_SAFE,1,iso_forest
Panama City,Panama,22.0,22.0,1,0.0,ED_VERY_SAFE,1,lof
Lisbon,Portugal,14.2,14.2,1,0.0,ED_VERY_SAFE,1,iso_forest
Moscow,Russia,-19.6,-19.6,4,58.52060141398263,ED_DANGEROUS,1,iso_forest
Belgrade,Serbia,6.2,6.2,2,8.0,ED_VERY_SAFE,1,iso_forest
Honiara,Solomon Islands,32.2,45.1,1,34.73076923076923,ED_MODERATE_SAFE,1,hot_but_safe
Bern,Switzerland,-2.9,-2.9,1,7.6200291581766475,ED_VERY_SAFE,1,iso_forest
Kyiv,Ukraine,-7.4,-7.4,1,19.154727379417583,ED_MODERATE_SAFE,1,iso_forest
London,United Kingdom,6.4,6.4,2,8.0,ED_VERY_SAFE,1,lof
Andorra La Vella,Andorra,-1.1,-1.1,1,1.6499999999999986,ED_VERY_SAFE,1,iso_forest
Nassau,Bahamas,17.0,17.0,1,0.0,ED_VERY_SAFE,1,lof
Luxembourg,Luxembourg,0.1,0.1,2,11.883516226837127,ED_VERY_SAFE,1,iso_forest
Sarajevo,Bosnia and Herzegovina,1.1,1.1,1,2.1234102562412573,ED_VERY_SAFE,1,iso_forest
Sofia,Bulgaria,3.1,3.1,3,18.0,ED_MODERATE_SAFE,1,iso_forest
Copenhagen,Denmark,0.1,0.1,1,9.323049329077596,ED_VERY_SAFE,1,iso_forest
Tallinn,Estonia,-11.7,-11.7,1,22.390748355261366,ED_MODERATE_SAFE,1,iso_forest
Suva,Fiji Islands,26.1,30.0,1,9.0,ED_VERY_SAFE,1,lof
Helsinki,Finland,-18.8,-18.8,1,29.20310686523309,ED_MODERATE_SAFE,1,cold_but_safe
Berlin,Germany,0.1,0.1,2,13.348313852330445,ED_VERY_SAFE,1,iso_forest
Conakry,Guinea,26.3,27.8,2,10.400000000000002,ED_VERY_SAFE,1,lof
Jakarta,Indonesia,25.2,26.1,2,20.0,ED_MODERATE_SAFE,1,lof
Dublin,Ireland,5.0,5.0,1,0.0,ED_VERY_SAFE,1,iso_forest
Amsterdam,Netherlands,-0.7,-0.7,2,17.537852188919263,ED_MODERATE_SAFE,1,iso_forest
Vilnius,Lithuania,-10.6,-10.6,1,22.079514482206438,ED_MODERATE_SAFE,1,iso_forest
Bujumbura,Burundi,21.3,21.3,1,0.0,ED_VERY_SAFE,1,lof
Montevideo,Uruguay,23.1,25.0,1,0.0,ED_VERY_SAFE,1,lof
Banjul,Gambia,17.0,17.0,2,8.0,ED_VERY_SAFE,1,lof
Berlin,Germany,-7.0,-7.0,2,25.83672397419619,ED_MODERATE_SAFE,1,iso_forest
Vaduz,Liechtenstein,-2.0,-2.0,1,9.152182115812415,ED_VERY_SAFE,1,iso_forest
Port Louis,Mauritius,28.2,32.0,1,27.0,ED_MODERATE_SAFE,1,lof
Riyadh,Saudi Arabia,17.2,17.2,6,54.4,ED_CAUTION,1,iso_forest
Singapore,Singapore,34.3,46.5,1,46.64615384615385,ED_CAUTION,1,lof
Honiara,Solomon Islands,31.3,43.5,1,32.88461538461539,ED_MODERATE_SAFE,1,hot_but_safe
Juba,Sudan,24.7,24.7,3,21.3,ED_MODERATE_SAFE,1,iso_forest
Bern,Switzerland,-3.7,-3.7,1,5.550000000000001,ED_VERY_SAFE,1,iso_forest
Ankara,Turkey,-2.6,-2.6,3,21.9,ED_MODERATE_SAFE,1,iso_forest
Port Vila,Vanuatu,30.4,38.4,1,25.666666666666664,ED_MODERATE_SAFE,1,hot_but_safe
Vaduz,Liechtenstein,1.1,1.1,1,1.9824378561998017,ED_VERY_SAFE,1,iso_forest
Andorra La Vella,Andorra,-0.9,-0.9,1,1.3500000000000014,ED_VERY_SAFE,1,iso_forest
Brussels,Belgium,2.2,2.2,2,10.952320955431395,ED_VERY_SAFE,1,iso_forest
Beijing,China,1.3,1.3,2,13.940950753506453,ED_VERY_SAFE,1,iso_forest
Copenhagen,Denmark,-1.8,-1.8,1,14.055955657757277,ED_VERY_SAFE,1,iso_forest
Helsinki,Finland,-12.0,-12.0,1,20.081155643993338,ED_MODERATE_SAFE,1,iso_forest
Reykjavik,Iceland,0.1,0.1,1,4.67335223642614,ED_VERY_SAFE,1,lof
Jakarta,Indonesia,25.0,26.3,3,27.8,ED_MODERATE_SAFE,1,lof
Tehran,Iran,3.1,3.1,3,21.0,ED_MODERATE_SAFE,1,lof
Dublin,Ireland,7.3,7.3,1,0.0,ED_VERY_SAFE,1,iso_forest
Riga,Latvia,-13.8,-13.8,1,24.289030461990308,ED_MODERATE_SAFE,1,cold_but_safe
Tokyo,Japan,16.1,16.1,3,18.0,ED_MODERATE_SAFE,1,lof
Astana,Kazakhstan,-6.7,-6.7,1,16.823157960434173,ED_MODERATE_SAFE,1,iso_forest
Vaduz,Liechtenstein,0.2,0.2,1,2.5703339562872713,ED_VERY_SAFE,1,iso_forest
Majuro,Marshall Islands,29.2,33.6,1,17.666666666666668,ED_MODERATE_SAFE,1,lof
Pyongyang,North Korea,-7.2,-7.2,1,18.21862379972683,ED_MODERATE_SAFE,1,iso_forest
Seoul,South Korea,-4.0,-4.0,1,14.71446643597993,ED_VERY_SAFE,1,iso_forest
Andorra La Vella,Andorra,-7.9,-7.9,1,11.850000000000001,ED_VERY_SAFE,1,iso_forest
Minsk,Belarus,-14.7,-14.7,1,22.117975409643215,ED_MODERATE_SAFE,1,iso_forest
Bras,Brazil,22.3,24.8,1,0.0,ED_VERY_SAFE,1,lof
Phnom Penh,Cambodia,34.0,34.0,1,30.133333333333333,ED_MODERATE_SAFE,1,lof
Beijing,China,4.0,4.0,5,45.0,ED_CAUTION,1,iso_forest
Suva,Fiji Islands,30.3,37.8,1,24.666666666666664,ED_MODERATE_SAFE,1,lof
Astana,Kazakhstan,-3.7,-3.7,1,15.62187210451482,ED_MODERATE_SAFE,1,iso_forest
Riga,Latvia,-20.7,-20.7,2,37.47375931018561,ED_CAUTION,1,iso_forest
Chi Chi Khvar,Iran,4.2,4.2,1,0.3268070020665981,ED_VERY_SAFE,1,lof
Vilnius,Lithuania,-5.7,-5.7,1,16.349957835867617,ED_MODERATE_SAFE,1,iso_forest
Ulaanbaatar,Mongolia,-9.8,-9.8,3,37.2141917848417,ED_CAUTION,1,iso_forest
Maputo,Mozambique,29.2,35.0,1,20.0,ED_MODERATE_SAFE,1,lof
Bucharest,Romania,-0.8,-0.8,2,18.840118185496518,ED_MODERATE_SAFE,1,lof
Moscow,Russia,-11.7,-11.7,2,29.90310561849887,ED_MODERATE_SAFE,1,iso_forest
S. Manian,Vietnam,31.0,32.4,1,27.466666666666665,ED_MODERATE_SAFE,1,lof
Honiara,Solomon Islands,32.3,41.0,1,30.0,ED_MODERATE_SAFE,1,hot_but_safe
Nuku`Aloia,Tonga,28.3,32.1,1,15.16666666666667,ED_MODERATE_SAFE,1,lof
Funafuti,Tuvalu,30.1,34.9,1,19.833333333333332,ED_MODERATE_SAFE,1,lof
Caracas,Venezuela,23.2,25.3,1,0.0,ED_VERY_SAFE,1,lof
Baku,Azerbaijan,1.2,1.2,1,10.201505674957128,ED_VERY_SAFE,1,iso_forest
Ulaanbaatar,Mongolia,-12.8,-12.8,3,38.392028937620054,ED_CAUTION,1,iso_forest
Helsinki,Finland,-13.7,-13.7,1,22.197970166133505,ED_MODERATE_SAFE,1,iso_forest
Tallinn,Estonia,-9.8,-9.8,1,19.2141917848417,ED_MODERATE_SAFE,1,iso_forest
Beijing,China,4.3,4.3,4,32.0,ED_MODERATE_SAFE,1,iso_forest
Luxembourg,Luxembourg,1.0,1.0,2,10.157937237570346,ED_VERY_SAFE,1,iso_forest
Ulaanbaatar,Mongolia,-19.8,-19.8,3,46.28312502316387,ED_CAUTION,1,iso_forest
Amsterdam,Netherlands,2.3,2.3,2,10.49758757370525,ED_VERY_SAFE,1,iso_forest
Pyongyang,North Korea,-8.1,-8.1,1,20.3812872672959,ED_MODERATE_SAFE,1,iso_forest
Muscat,Oman,25.2,26.5,2,11.5,ED_VERY_SAFE,1,lof
Moscow,Russia,-16.0,-16.0,3,42.26457172707853,ED_CAUTION,1,iso_forest
Seoul,South Korea,-2.7,-2.7,1,11.97463913336235,ED_VERY_SAFE,1,iso_forest
Bern,Switzerland,3.3,3.3,1,0.0,ED_VERY_SAFE,1,iso_forest
Montevideo,Uruguay,22.1,24.6,1,0.0,ED_VERY_SAFE,1,lof
Kabul,Afghanistan,0.3,0.3,1,9.580760031685763,ED_VERY_SAFE,1,lof
Bujumbura,Burundi,21.2,21.2,2,8.0,ED_VERY_SAFE,1,lof
Beijing,China,1.3,1.3,4,36.351957745293085,ED_CAUTION,1,iso_forest
Astana,Kazakhstan,-12.6,-12.6,1,23.248507378882884,ED_MODERATE_SAFE,1,iso_forest
Bamako,Mali,22.3,22.3,1,0.0,ED_VERY_SAFE,1,lof
Palikir,Micronesia,29.0,32.5,1,15.833333333333334,ED_MODERATE_SAFE,1,lof
Ulaanbaatar,Mongolia,-16.0,-16.0,4,55.11723951473186,ED_DANGEROUS,1,iso_forest
Pyongyang,North Korea,-8.5,-8.5,1,20.37922467968494,ED_MODERATE_SAFE,1,iso_forest
Moscow,Russia,-11.8,-11.8,3,37.14665063227262,ED_CAUTION,1,iso_forest
Castries,Saint Lucia,27.4,31.4,1,13.199999999999996,ED_VERY_SAFE,1,lof
Seoul,South Korea,-3.7,-3.7,1,15.279454973582506,ED_MODERATE_SAFE,1,iso_forest
Bras,Brazil,22.6,25.2,1,0.0,ED_VERY_SAFE,1,lof
Bangui,Central African Republic,24.2,25.7,2,8.0,ED_VERY_SAFE,1,lof
Tallinn,Estonia,-13.8,-13.8,1,25.02641821356228,ED_MODERATE_SAFE,1,cold_but_safe
Kyiv,Ukraine,-2.8,-2.8,2,12.2,ED_VERY_SAFE,1,iso_forest
Oslo,Norway,-4.8,-4.8,1,7.199999999999999,ED_VERY_SAFE,1,iso_forest
Baku,Azerbaijan,6.3,6.3,2,8.0,ED_VERY_SAFE,1,iso_forest
Bras,Brazil,22.1,24.7,1,0.0,ED_VERY_SAFE,1,lof
Beijing,China,7.2,7.2,4,32.0,ED_MODERATE_SAFE,1,iso_forest
Tallinn,Estonia,-9.7,-9.7,1,17.988586207785275,ED_MODERATE_SAFE,1,iso_forest
Laos,Indonesia,24.3,26.8,2,11.0,ED_VERY_SAFE,1,lof
Maseru,Lesotho,17.6,17.6,2,8.0,ED_VERY_SAFE,1,lof
Mexico City,Mexico,6.2,6.2,1,0.0,ED_VERY_SAFE,1,lof
Chi-Chi-Erh,Russia,-16.4,-16.4,1,20.333333333333332,ED_MODERATE_SAFE,1,iso_forest
Ulaanbaatar,Mongolia,-14.7,-14.7,3,40.188247717780186,ED_CAUTION,1,iso_forest
Pyongyang,North Korea,0.4,0.4,1,5.828810858534736,ED_VERY_SAFE,1,iso_forest
Sartorio,Paraguay,21.9,21.9,1,0.0,ED_VERY_SAFE,1,lof
Hanoi,Vietnam,22.4,24.7,2,8.0,ED_VERY_SAFE,1,lof
Juba,Sudan,19.0,19.0,3,18.0,ED_MODERATE_SAFE,1,iso_forest
Damascus,Syria,8.0,8.0,1,0.0,ED_VERY_SAFE,1,lof
Gaborone,Botswana,19.0,19.0,1,0.0,ED_VERY_SAFE,1,lof
Beijing,China,8.1,8.1,4,32.0,ED_MODERATE_SAFE,1,iso_forest
Bissau,Guinea-Bissau,20.2,20.2,3,18.0,ED_MODERATE_SAFE,1,lof
Reykjavik,Iceland,3.3,3.3,1,0.0,ED_VERY_SAFE,1,iso_forest
Tehran,Iran,18.1,18.1,4,35.6,ED_CAUTION,1,lof
Palikir,Micronesia,25.6,28.5,1,4.5,ED_VERY_SAFE,1,lof
Chi-Chi-Erh,Russia,-9.7,-9.7,1,22.330467761900376,ED_MODERATE_SAFE,1,iso_forest
Kigali,Rwanda,19.2,19.2,2,8.0,ED_VERY_SAFE,1,lof
Andorra La Vella,Andorra,-3.3,-3.3,1,11.773981316017352,ED_VERY_SAFE,1,iso_forest
Funafuti,Tuvalu,25.2,27.9,1,2.6999999999999957,ED_VERY_SAFE,1,lof
Minsk,Belarus,-11.9,-11.9,1,21.6300881624269,ED_MODERATE_SAFE,1,iso_forest
Nuku`Aloia,Tonga,27.4,30.8,1,11.400000000000002,ED_VERY_SAFE,1,lof
Bras,Brazil,22.6,25.2,1,0.0,ED_VERY_SAFE,1,lof
Ottawa,Canada,-6.0,-6.0,1,17.146456714254327,ED_MODERATE_SAFE,1,iso_forest
Santo Domingo,Dominican Republic,22.1,24.6,1,0.0,ED_VERY_SAFE,1,lof
Tehran,Iran,14.2,14.8,4,36.2,ED_CAUTION,1,iso_forest
Kuala Lumpur,Malaysia,34.2,36.8,2,43.0,ED_CAUTION,1,lof
Maputo,Mozambique,28.4,33.0,1,16.666666666666668,ED_MODERATE_SAFE,1,lof
Bucharest,Romania,-2.9,-2.9,1,15.02672308118204,ED_MODERATE_SAFE,1,iso_forest
S-Chanf,Switzerland,-9.7,-9.7,1,18.297983913454747,ED_MODERATE_SAFE,1,iso_forest
Honiara,Solomon Islands,31.3,39.1,1,26.833333333333336,ED_MODERATE_SAFE,1,hot_but_safe
Pretoria,South Africa,20.1,20.1,2,8.0,ED_VERY_SAFE,1,lof
Kyiv,Ukraine,-17.2,-17.2,2,29.0,ED_MODERATE_SAFE,1,iso_forest
Nuku`Aloia,Tonga,27.2,30.0,1,9.0,ED_VERY_SAFE,1,lof
Tallinn,Estonia,-1.8,-1.8,1,13.028922842434259,ED_VERY_SAFE,1,iso_forest
Helsinki,Finland,-2.8,-2.8,1,13.846724228122998,ED_VERY_SAFE,1,iso_forest
Laos,Indonesia,24.5,27.3,3,18.900000000000002,ED_MODERATE_SAFE,1,lof
Lilongwe,Malawi,20.1,20.1,1,3.8,ED_VERY_SAFE,1,lof
Majuro,Marshall Islands,31.2,39.4,1,27.333333333333332,ED_MODERATE_SAFE,1,hot_but_safe
Pyongyang,North Korea,3.5,3.5,2,11.230487271774152,ED_VERY_SAFE,1,iso_forest
Oslo,Norway,-13.9,-13.9,1,18.25,ED_MODERATE_SAFE,1,iso_forest
Port Moresby,Papua New Guinea,28.2,32.7,1,16.466666666666672,ED_MODERATE_SAFE,1,lof
Ljubljana,Slovenia,-1.7,-1.7,3,20.549999999999997,ED_MODERATE_SAFE,1,iso_forest
Honiara,Solomon Islands,32.0,43.2,1,32.53846153846154,ED_MODERATE_SAFE,1,hot_but_safe
Honiara,Solomon Islands,31.0,38.6,1,26.000000000000004,ED_MODERATE_SAFE,1,hot_but_safe
Juba,Sudan,17.5,17.5,4,32.0,ED_MODERATE_SAFE,1,iso_forest
Khartoum,Sudan,18.9,18.9,4,32.3,ED_MODERATE_SAFE,1,iso_forest
Kathmandu,Nepal,20.4,20.4,4,36.0,ED_CAUTION,1,lof
Kyiv,Ukraine,-6.3,-6.3,1,16.07836401486205,ED_MODERATE_SAFE,1,iso_forest
Port Vila,Vanuatu,25.4,28.0,1,3.0,ED_VERY_SAFE,1,lof
Thimphu,Bhutan,6.8,6.8,3,24.6,ED_MODERATE_SAFE,1,lof
Sofia,Bulgaria,-3.9,-3.9,2,13.850000000000001,ED_VERY_SAFE,1,iso_forest
Ottawa,Canada,-7.7,-7.7,1,11.55,ED_VERY_SAFE,1,iso_forest
Bangui,Central African Republic,23.0,23.2,2,8.0,ED_VERY_SAFE,1,lof
Tehran,Iran,15.1,15.1,3,22.1,ED_MODERATE_SAFE,1,lof
Laos,Indonesia,28.0,31.3,2,32.900000000000006,ED_MODERATE_SAFE,1,lof
Majuro,Marshall Islands,30.2,36.4,1,22.333333333333332,ED_MODERATE_SAFE,1,lof
Ulaanbaatar,Mongolia,-13.8,-13.8,3,37.06666666666666,ED_CAUTION,1,iso_forest
Koror,Palau,29.0,32.9,1,27.699999999999996,ED_MODERATE_SAFE,1,lof
Nuku`Aloia,Tonga,29.2,33.0,1,16.666666666666668,ED_MODERATE_SAFE,1,lof
Port Moresby,Papua New Guinea,27.0,31.0,1,15.3,ED_MODERATE_SAFE,1,lof
Bucharest,Romania,-4.0,-4.0,3,24.0,ED_MODERATE_SAFE,1,iso_forest
S-Chanf,Switzerland,-10.6,-10.6,1,15.5,ED_MODERATE_SAFE,1,iso_forest
Riyadh,Saudi Arabia,21.0,21.0,5,48.1,ED_CAUTION,1,iso_forest
Singapore,Singapore,33.2,45.6,2,54.107692307692304,ED_CAUTION,1,lof
Honiara,Solomon Islands,32.1,40.2,1,28.66666666666667,ED_MODERATE_SAFE,1,hot_but_safe
Juba,Sudan,16.8,16.8,4,32.0,ED_MODERATE_SAFE,1,iso_forest
Dodoma,Tanzania,18.4,18.4,2,8.3,ED_VERY_SAFE,1,lof
Dili,Timor-Leste,27.4,30.6,1,19.050000000000004,ED_MODERATE_SAFE,1,lof
Nuku`Aloia,Tonga,28.0,31.7,1,14.099999999999998,ED_VERY_SAFE,1,lof
Juba,Sudan,16.1,16.1,4,32.0,ED_MODERATE_SAFE,1,iso_forest
Singapore,Singapore,31.3,41.9,2,51.03846153846153,ED_CAUTION,1,lof
Ulaanbaatar,Mongolia,-14.6,-14.6,3,36.83333333333333,ED_CAUTION,1,iso_forest
Riga,Latvia,-4.8,-4.8,2,23.421356421806085,ED_MODERATE_SAFE,1,iso_forest
Manama,Bahrain,23.3,25.2,3,21.7,ED_MODERATE_SAFE,1,lof
Ottawa,Canada,-11.8,-11.8,1,21.20674183184355,ED_MODERATE_SAFE,1,iso_forest
Tallinn,Estonia,-9.0,-9.0,1,18.21123962615836,ED_MODERATE_SAFE,1,iso_forest
Helsinki,Finland,-11.7,-11.7,1,20.362648155482443,ED_MODERATE_SAFE,1,iso_forest
Reykjavik,Iceland,-1.9,-1.9,1,14.851368468810566,ED_VERY_SAFE,1,iso_forest
Tehran,Iran,11.2,11.2,3,22.2,ED_MODERATE_SAFE,1,lof
Chi-Chi-Erh,Russia,-16.8,-16.8,1,20.666666666666664,ED_MODERATE_SAFE,1,iso_forest
Wellington,New Zealand,22.4,24.7,1,0.0,ED_VERY_SAFE,1,lof
Doha,Qatar,25.1,26.2,2,11.7,ED_VERY_SAFE,1,lof
Riyadh,Saudi Arabia,17.1,17.1,6,53.5,ED_CAUTION,1,iso_forest
Juba,Sudan,17.1,17.1,4,32.0,ED_MODERATE_SAFE,1,iso_forest
Stockholm,Sweden,-8.8,-8.8,1,13.200000000000001,ED_VERY_SAFE,1,iso_forest
Minsk,Belarus,-6.9,-6.9,1,10.350000000000001,ED_VERY_SAFE,1,iso_forest
Sarajevo,Bosnia and Herzegovina,-2.9,-2.9,3,22.35,ED_MODERATE_SAFE,1,iso_forest
Bandar Seri Begawan,Brunei Darussalam,31.4,39.1,1,33.88333333333334,ED_MODERATE_SAFE,1,hot_but_safe
Ottawa,Canada,-3.6,-3.6,1,13.96617719726841,ED_VERY_SAFE,1,iso_forest
Bangui,Central African Republic,25.1,25.1,2,8.0,ED_VERY_SAFE,1,lof
Moroni,Comoros,31.1,39.3,1,32.96666666666666,ED_MODERATE_SAFE,1,hot_but_safe
Tallinn,Estonia,-2.9,-2.9,1,14.919102857372904,ED_VERY_SAFE,1,iso_forest
Bissau,Guinea-Bissau,19.3,19.3,3,18.0,ED_MODERATE_SAFE,1,lof
Reykjavik,Iceland,3.1,3.1,1,5.028537328275473,ED_VERY_SAFE,1,iso_forest
Belmopan,Belize,22.1,24.4,1,0.0,ED_VERY_SAFE,1,lof
Andorra La Vella,Andorra,-4.8,-4.8,1,14.657301505174477,ED_VERY_SAFE,1,iso_forest
Helsinki,Finland,-17.9,-17.9,1,21.583333333333332,ED_MODERATE_SAFE,1,iso_forest
Jerusalem,Israel,18.3,18.3,2,8.0,ED_VERY_SAFE,1,lof
Stockholm,Sweden,-14.7,-14.7,1,18.916666666666664,ED_MODERATE_SAFE,1,iso_forest
Kyiv,Ukraine,-10.2,-10.2,1,22.729272849845806,ED_MODERATE_SAFE,1,iso_forest
Port Vila,Vanuatu,27.1,29.9,1,8.699999999999996,ED_VERY_SAFE,1,lof
Sarajevo,Bosnia and Herzegovina,1.4,1.4,2,10.75380340558962,ED_VERY_SAFE,1,iso_forest
Bangui,Central African Republic,25.2,26.2,2,8.0,ED_VERY_SAFE,1,lof
Prague,Czech Republic,-2.7,-2.7,1,9.679040732622667,ED_VERY_SAFE,1,iso_forest
Copenhagen,Denmark,-3.8,-3.8,1,15.840042971284857,ED_MODERATE_SAFE,1,iso_forest
Tallinn,Estonia,-17.6,-17.6,1,26.422966267161954,ED_MODERATE_SAFE,1,cold_but_safe
Berlin,Germany,-4.7,-4.7,2,18.382036395750454,ED_MODERATE_SAFE,1,iso_forest
Budapest,Hungary,-0.7,-0.7,2,9.049999999999999,ED_VERY_SAFE,1,iso_forest
Laos,Indonesia,28.3,33.2,2,36.1,ED_CAUTION,1,lof
Riyadh,Saudi Arabia,16.0,16.0,5,48.1,ED_CAUTION,1,iso_forest
Monaco,Monaco,12.3,12.3,1,0.0,ED_VERY_SAFE,1,lof
Niamey,Niger,20.2,20.2,4,32.0,ED_MODERATE_SAFE,1,iso_forest
Oslo,Norway,-9.9,-9.9,1,14.850000000000001,ED_VERY_SAFE,1,iso_forest
Koror,Palau,29.1,34.8,1,29.066666666666663,ED_MODERATE_SAFE,1,lof
Warsaw,Poland,-7.0,-7.0,1,18.143607663342017,ED_MODERATE_SAFE,1,iso_forest
Bratislava,Slovakia,-1.6,-1.6,2,15.07455869526827,ED_MODERATE_SAFE,1,iso_forest
Ljubljana,Slovenia,-1.9,-1.9,3,20.85,ED_MODERATE_SAFE,1,iso_forest
Honiara,Solomon Islands,32.4,41.9,1,31.038461538461537,ED_MODERATE_SAFE,1,hot_but_safe
Juba,Sudan,24.6,24.6,1,0.0,ED_VERY_SAFE,1,lof
Ashgabat,Turkmenistan,6.2,6.2,1,1.5,ED_VERY_SAFE,1,lof
Honiara,Solomon Islands,32.3,41.7,1,30.80769230769231,ED_MODERATE_SAFE,1,hot_but_safe
S. Manian,Vietnam,31.3,33.8,1,29.999999999999996,ED_MODERATE_SAFE,1,lof
Sanaa,Yemen,15.5,15.5,2,17.6,ED_MODERATE_SAFE,1,lof
Copenhagen,Denmark,-2.9,-2.9,1,16.08335302716189,ED_MODERATE_SAFE,1,iso_forest
Vilnius,Lithuania,-13.8,-13.8,1,23.62572168050088,ED_MODERATE_SAFE,1,cold_but_safe
Kuala Lumpur,Malaysia,30.2,37.0,2,43.333333333333336,ED_CAUTION,1,lof
Ulaanbaatar,Mongolia,-13.8,-13.8,3,39.262368351203335,ED_CAUTION,1,iso_forest
Pyongyang,North Korea,2.8,2.8,1,4.115018493971254,ED_VERY_SAFE,1,iso_forest
Oslo,Norway,5.1,5.1,2,8.0,ED_VERY_SAFE,1,lof
Moscow,Russia,-9.8,-9.8,2,28.659501030315113,ED_MODERATE_SAFE,1,iso_forest
Riyadh,Saudi Arabia,21.3,21.3,5,48.0,ED_CAUTION,1,iso_forest
Stockholm,Sweden,-13.8,-13.8,1,23.62572168050088,ED_MODERATE_SAFE,1,cold_but_safe
Ouagadougou,Burkina Faso,23.2,23.2,5,45.0,ED_CAUTION,1,iso_forest
Prague,Czech Republic,-5.7,-5.7,1,16.939728745761197,ED_MODERATE_SAFE,1,iso_forest
Helsinki,Finland,-9.9,-9.9,1,14.850000000000001,ED_VERY_SAFE,1,iso_forest
Warsaw,Poland,-12.9,-12.9,2,30.174471569950008,ED_MODERATE_SAFE,1,iso_forest
Berlin,Germany,-4.8,-4.8,1,16.70804549474048,ED_MODERATE_SAFE,1,iso_forest
Jakarta,Indonesia,29.0,31.1,2,32.300000000000004,ED_MODERATE_SAFE,1,lof
Dublin,Ireland,4.1,4.1,1,1.9972556583704417,ED_VERY_SAFE,1,iso_forest
Astana,Kazakhstan,-4.8,-4.8,1,16.586691946670502,ED_MODERATE_SAFE,1,iso_forest
Riga,Latvia,-10.8,-10.8,2,26.41034482307041,ED_MODERATE_SAFE,1,iso_forest
Lilongwe,Malawi,20.2,20.2,1,0.0,ED_VERY_SAFE,1,lof
Palikir,Micronesia,27.3,30.5,1,10.5,ED_VERY_SAFE,1,lof
Ulaanbaatar,Mongolia,-8.8,-8.8,2,24.695487280252472,ED_MODERATE_SAFE,1,iso_forest
National,Bolivia,21.2,21.2,1,0.0,ED_VERY_SAFE,1,lof
Port Moresby,Papua New Guinea,31.1,40.9,1,29.833333333333332,ED_MODERATE_SAFE,1,hot_but_safe
Funafuti,Tuvalu,30.1,35.4,1,20.666666666666664,ED_MODERATE_SAFE,1,lof
Kyiv,Ukraine,-15.5,-15.5,1,23.0983477180747,ED_MODERATE_SAFE,1,iso_forest
Washington Harbor,United States of America,2.2,2.2,1,0.0,ED_VERY_SAFE,1,iso_forest
Bogot,Hungary,1.1,1.1,1,8.621215684594839,ED_VERY_SAFE,1,iso_forest
Moscow,Russia,-7.7,-7.7,2,27.863169130833697,ED_MODERATE_SAFE,1,iso_forest
S. Manian,Vietnam,32.5,33.8,1,29.999999999999996,ED_MODERATE_SAFE,1,lof
Singapore,Singapore,25.1,27.2,2,20.599999999999998,ED_MODERATE_SAFE,1,lof
Honiara,Solomon Islands,31.3,39.1,1,26.833333333333336,ED_MODERATE_SAFE,1,hot_but_safe
Juba,Sudan,22.0,22.0,4,32.0,ED_MODERATE_SAFE,1,iso_forest
Stockholm,Sweden,-11.7,-11.7,1,20.24797703979413,ED_MODERATE_SAFE,1,iso_forest
Kyiv,Ukraine,-8.0,-8.0,1,19.524900228787594,ED_MODERATE_SAFE,1,iso_forest
Montevideo,Uruguay,22.3,24.7,1,0.0,ED_VERY_SAFE,1,lof
Belmopan,Belize,21.6,21.6,1,0.0,ED_VERY_SAFE,1,lof
Bangui,Central African Republic,21.4,21.4,3,18.0,ED_MODERATE_SAFE,1,lof
Tehran,Iran,17.1,17.1,4,35.9,ED_CAUTION,1,iso_forest
Minsk,Belarus,-15.8,-15.8,1,25.84468832124025,ED_MODERATE_SAFE,1,cold_but_safe
Lilongwe,Malawi,21.2,21.2,1,0.0,ED_VERY_SAFE,1,lof
Majuro,Marshall Islands,31.0,37.8,1,24.666666666666664,ED_MODERATE_SAFE,1,lof
Koror,Palau,31.0,40.3,1,34.53333333333333,ED_MODERATE_SAFE,1,hot_but_safe
Warsaw,Poland,-9.8,-9.8,2,22.700000000000003,ED_MODERATE_SAFE,1,iso_forest
Moscow,Russia,-8.9,-8.9,2,27.987859310164417,ED_MODERATE_SAFE,1,iso_forest
Victoria,Seychelles Islands,30.4,35.5,1,32.833333333333336,ED_MODERATE_SAFE,1,lof
Honiara,Solomon Islands,32.4,43.3,1,32.65384615384615,ED_MODERATE_SAFE,1,hot_but_safe
Juba,Sudan,24.8,24.8,4,35.1,ED_CAUTION,1,iso_forest
Stockholm,Sweden,-10.7,-10.7,1,21.298287096636578,ED_MODERATE_SAFE,1,iso_forest
Port Vila,Vanuatu,31.2,40.8,1,29.666666666666664,ED_MODERATE_SAFE,1,hot_but_safe
Warsaw,Poland,-4.9,-4.9,3,25.35,ED_MODERATE_SAFE,1,iso_forest
Amsterdam,Netherlands,1.0,1.0,1,8.103729106315768,ED_VERY_SAFE,1,iso_forest
Chi-Chi-Erh,Russia,-6.8,-6.8,2,18.2,ED_MODERATE_SAFE,1,lof
Riga,Latvia,-9.7,-9.7,1,17.161356191042998,ED_MODERATE_SAFE,1,iso_forest
Beijing,China,12.2,12.2,4,32.0,ED_MODERATE_SAFE,1,iso_forest
Moroni,Comoros,31.3,38.6,1,32.6,ED_MODERATE_SAFE,1,hot_but_safe
Reykjavik,Iceland,-2.0,-2.0,1,9.78698791148065,ED_VERY_SAFE,1,lof
Dublin,Ireland,4.2,4.2,1,2.150998276342264,ED_VERY_SAFE,1,iso_forest
Riga,Latvia,-11.8,-11.8,1,22.808834756260463,ED_MODERATE_SAFE,1,iso_forest
Vilnius,Lithuania,-10.7,-10.7,1,21.58995615152672,ED_MODERATE_SAFE,1,iso_forest
Palikir,Micronesia,31.0,37.7,1,24.500000000000007,ED_MODERATE_SAFE,1,lof
Chi-Chi-Erh,Russia,-15.4,-15.4,1,19.5,ED_MODERATE_SAFE,1,iso_forest
Ulaanbaatar,Mongolia,-5.8,-5.8,2,20.553885440338384,ED_MODERATE_SAFE,1,iso_forest
National,Bolivia,22.0,24.6,1,0.0,ED_VERY_SAFE,1,lof
Warsaw,Poland,-2.8,-2.8,3,22.2,ED_MODERATE_SAFE,1,iso_forest
Moscow,Russia,-15.9,-15.9,4,51.916666666666664,ED_CAUTION,1,iso_forest
Singapore,Singapore,28.4,34.6,2,27.333333333333336,ED_MODERATE_SAFE,1,lof
Stockholm,Sweden,-10.9,-10.9,1,18.505412274008172,ED_MODERATE_SAFE,1,iso_forest
Kyiv,Ukraine,-12.8,-12.8,1,22.81182729961157,ED_MODERATE_SAFE,1,iso_forest
Port Vila,Vanuatu,31.4,39.9,1,28.166666666666664,ED_MODERATE_SAFE,1,hot_but_safe
Minsk,Belarus,-8.8,-8.8,2,25.42048700660203,ED_MODERATE_SAFE,1,iso_forest
Malabo,Equatorial Guinea,24.1,26.0,1,0.0,ED_VERY_SAFE,1,lof
Helsinki,Finland,-12.8,-12.8,1,22.81182729961157,ED_MODERATE_SAFE,1,iso_forest
Jakarta,Indonesia,28.2,31.6,4,57.800000000000004,ED_DANGEROUS,1,lof
Astana,Kazakhstan,-9.8,-9.8,1,21.48528687413331,ED_MODERATE_SAFE,1,iso_forest
Honiara,Solomon Islands,31.0,38.5,1,25.833333333333336,ED_MODERATE_SAFE,1,hot_but_safe
Khartoum,Sudan,31.5,31.5,4,45.5,ED_CAUTION,1,lof
Ashgabat,Turkmenistan,23.4,23.4,1,4.5,ED_VERY_SAFE,1,lof
Khartoum,Sudan,34.5,34.5,4,61.59166666666667,ED_DANGEROUS,1,iso_forest
Majuro,Marshall Islands,30.3,38.1,1,25.16666666666667,ED_MODERATE_SAFE,1,hot_but_safe
Palikir,Micronesia,31.3,40.9,1,29.833333333333332,ED_MODERATE_SAFE,1,hot_but_safe
Ulaanbaatar,Mongolia,10.7,10.7,1,7.050000000000001,ED_VERY_SAFE,1,lof
Muscat,Oman,33.3,38.0,3,51.25,ED_CAUTION,1,lof
Apia,Samoa,27.4,29.8,1,8.400000000000002,ED_VERY_SAFE,1,lof
Riyadh,Saudi Arabia,34.2,34.2,4,64.69166666666666,ED_DANGEROUS,1,iso_forest
Dakar,Senegal,22.4,24.8,2,8.0,ED_VERY_SAFE,1,lof
Honiara,Solomon Islands,30.1,38.5,1,25.833333333333336,ED_MODERATE_SAFE,1,hot_but_safe
Mogadishu,Somalia,29.2,34.0,1,22.93333333333333,ED_MODERATE_SAFE,1,lof
Colombo,Sri Lanka,31.2,40.7,1,40.80000000000001,ED_CAUTION,1,lof
Nassau,Bahamas,27.0,29.7,1,8.099999999999998,ED_VERY_SAFE,1,lof
Tegucigalpa,Honduras,25.4,28.2,1,3.599999999999998,ED_VERY_SAFE,1,lof
Bridgetown,Barbados,27.1,30.4,2,18.199999999999996,ED_MODERATE_SAFE,1,lof
Brussels,Belgium,19.0,19.0,2,8.0,ED_VERY_SAFE,1,lof
Beijing,China,20.4,20.4,3,18.0,ED_MODERATE_SAFE,1,lof
Moroni,Comoros,30.3,36.2,1,25.200000000000006,ED_MODERATE_SAFE,1,lof
Paris,France,23.3,25.2,1,0.0,ED_VERY_SAFE,1,lof
Tegucigalpa,Honduras,25.0,27.9,1,2.6999999999999957,ED_VERY_SAFE,1,lof
New Delhi,India,40.0,40.0,5,93.69583333333334,ED_VERY_DANGEROUS,1,iso_forest
Kuwait City,Kuwait,32.7,32.7,5,77.52916666666667,ED_VERY_DANGEROUS,1,iso_forest
Ulaanbaatar,Mongolia,17.7,17.7,1,7.3500000000000005,ED_VERY_SAFE,1,lof
Maputo,Mozambique,19.0,19.0,1,0.0,ED_VERY_SAFE,1,lof
New Delhi,India,40.3,40.4,5,95.6625,ED_VERY_DANGEROUS,1,iso_forest
Moroni,Comoros,30.1,35.1,1,23.466666666666672,ED_MODERATE_SAFE,1,lof
Tashkent,Uzbekistan,30.8,30.8,2,24.0,ED_MODERATE_SAFE,1,lof
Dushanbe,Tajikistan,17.2,17.2,1,9.1,ED_VERY_SAFE,1,lof
N'djamena,Chad,30.3,31.8,1,14.400000000000002,ED_VERY_SAFE,1,lof
Santiago,Chile,4.2,4.2,4,32.0,ED_MODERATE_SAFE,1,iso_forest
Beijing,China,17.3,17.3,3,18.0,ED_MODERATE_SAFE,1,lof
New Delhi,India,40.3,40.4,4,81.425,ED_VERY_DANGEROUS,1,iso_forest
Ulaanbaatar,Mongolia,13.0,13.0,1,5.4,ED_VERY_SAFE,1,lof
Rabat,Morocco,15.3,15.3,2,8.0,ED_VERY_SAFE,1,lof
Managua,Nicaragua,30.0,35.2,1,20.33333333333334,ED_MODERATE_SAFE,1,lof
Port Moresby,Papua New Guinea,29.3,33.9,1,18.166666666666664,ED_MODERATE_SAFE,1,lof
Riyadh,Saudi Arabia,31.0,31.0,6,67.0,ED_DANGEROUS,1,iso_forest
Mogadishu,Somalia,29.3,34.4,1,23.699999999999996,ED_MODERATE_SAFE,1,lof
Hanoi,Vietnam,34.2,39.5,2,47.1,ED_CAUTION,1,lof
Douala,Cameroon,27.4,33.2,1,17.000000000000004,ED_MODERATE_SAFE,1,lof
Praia,Cape Verde,24.3,26.4,1,0.0,ED_VERY_SAFE,1,lof
Phnom Penh,Cambodia,37.0,41.3,4,82.97115384615384,ED_VERY_DANGEROUS,1,iso_forest
Addis Ababa,Ethiopia,21.4,21.4,2,12.5,ED_VERY_SAFE,1,lof
New Delhi,India,40.3,40.4,4,80.125,ED_VERY_DANGEROUS,1,iso_forest
Managua,Nicaragua,31.2,39.0,1,26.666666666666668,ED_MODERATE_SAFE,1,hot_but_safe
Port Moresby,Papua New Guinea,28.3,31.3,1,12.900000000000002,ED_VERY_SAFE,1,lof
Mogadishu,Somalia,29.2,34.2,1,23.266666666666673,ED_MODERATE_SAFE,1,lof
Dushanbe,Tajikistan,16.1,16.1,2,15.05,ED_MODERATE_SAFE,1,lof
Sanaa,Yemen,24.4,24.4,2,13.9,ED_VERY_SAFE,1,lof
Ouagadougou,Burkina Faso,30.0,31.1,1,12.300000000000004,ED_VERY_SAFE,1,lof
Apia,Samoa,27.2,30.2,1,9.599999999999998,ED_VERY_SAFE,1,lof
'S-Gravenbrakel,Belgium,19.4,19.4,2,8.0,ED_VERY_SAFE,1,lof
Singapore,Singapore,32.0,39.3,1,31.266666666666666,ED_MODERATE_SAFE,1,hot_but_safe
Doha,Qatar,41.2,41.7,3,55.107692307692304,ED_DANGEROUS,1,iso_forest
Tokyo,Japan,24.4,26.2,1,0.0,ED_VERY_SAFE,1,lof
Astana,Kazakhstan,19.2,19.2,1,5.9,ED_VERY_SAFE,1,lof
Muscat,Oman,42.3,44.3,2,50.65769230769231,ED_CAUTION,1,iso_forest
Victoria,Seychelles Islands,27.4,31.3,1,19.05,ED_MODERATE_SAFE,1,lof
Seoul,South Korea,26.1,26.4,2,13.5,ED_VERY_SAFE,1,lof
Khartoum,Sudan,33.3,33.3,4,60.191666666666656,ED_DANGEROUS,1,iso_forest
Bern,Switzerland,15.4,15.4,1,0.0,ED_VERY_SAFE,1,lof
Nuku`Aloia,Tonga,23.2,25.2,1,0.0,ED_VERY_SAFE,1,lof
Tegucigalpa,Honduras,22.2,24.7,1,0.0,ED_VERY_SAFE,1,lof
Tokyo,Japan,30.3,30.3,2,17.900000000000002,ED_MODERATE_SAFE,1,lof
Honiara,Solomon Islands,30.3,39.0,1,26.666666666666668,ED_MODERATE_SAFE,1,hot_but_safe
Juba,Sudan,30.8,30.8,4,43.400000000000006,ED_CAUTION,1,iso_forest
Khartoum,Sudan,33.2,33.2,4,60.025,ED_DANGEROUS,1,iso_forest
Kampala,Uganda,21.1,21.1,2,8.0,ED_VERY_SAFE,1,lof
Bangui,Central African Republic,22.2,24.6,1,0.0,ED_VERY_SAFE,1,lof
Addis Ababa,Ethiopia,16.0,16.0,1,4.5,ED_VERY_SAFE,1,lof
Tegucigalpa,Honduras,20.2,20.2,1,0.0,ED_VERY_SAFE,1,lof
Kuwait City,Kuwait,32.5,32.5,5,77.39583333333334,ED_VERY_DANGEROUS,1,iso_forest
Chi Chi Khvar,Iran,18.4,18.4,4,37.9,ED_CAUTION,1,lof
Ulaanbaatar,Mongolia,19.4,19.4,1,7.050000000000001,ED_VERY_SAFE,1,lof
Muscat,Oman,41.3,47.2,3,63.70384615384616,ED_DANGEROUS,1,iso_forest
Port Moresby,Papua New Guinea,26.7,29.3,1,6.900000000000002,ED_VERY_SAFE,1,lof
Bangui,Central African Republic,22.1,24.7,2,8.0,ED_VERY_SAFE,1,lof
Baku,Azerbaijan,23.4,25.1,1,5.6,ED_VERY_SAFE,1,lof
Khartoum,Sudan,33.4,33.4,4,60.05833333333333,ED_DANGEROUS,1,iso_forest
Seoul,South Korea,23.0,25.1,1,2.1000000000000005,ED_VERY_SAFE,1,lof
Khartoum,Sudan,34.1,34.1,4,60.625,ED_DANGEROUS,1,iso_forest
London,United Kingdom,17.3,17.3,2,8.0,ED_VERY_SAFE,1,lof
Port Vila,Vanuatu,25.0,26.6,1,0.0,ED_VERY_SAFE,1,lof
Hanoi,Vietnam,39.3,43.5,2,52.88461538461539,ED_CAUTION,1,iso_forest
Malabo,Equatorial Guinea,27.4,32.1,1,15.16666666666667,ED_MODERATE_SAFE,1,lof
Suva,Fiji Islands,25.0,27.5,1,1.5,ED_VERY_SAFE,1,lof
New Delhi,India,41.1,41.6,5,97.6548076923077,ED_VERY_DANGEROUS,1,iso_forest
Muscat,Oman,39.3,47.1,2,53.88846153846154,ED_CAUTION,1,iso_forest
Khartoum,Sudan,33.6,33.6,4,60.09166666666667,ED_DANGEROUS,1,iso_forest
Nassau,Bahamas,27.0,30.0,1,9.0,ED_VERY_SAFE,1,lof
Belmopan,Belize,23.4,26.1,1,0.0,ED_VERY_SAFE,1,lof
Bandar Seri Begawan,Brunei Darussalam,32.3,34.3,1,18.83333333333333,ED_MODERATE_SAFE,1,lof
Beijing,China,29.1,29.1,4,45.5,ED_CAUTION,1,lof
Tegucigalpa,Honduras,25.2,27.8,1,2.400000000000002,ED_VERY_SAFE,1,lof
New Delhi,India,40.2,40.2,4,80.59166666666667,ED_VERY_DANGEROUS,1,iso_forest
Chi Chi Khvar,Iran,21.7,21.7,1,9.7,ED_VERY_SAFE,1,lof
Pyongyang,North Korea,19.3,19.3,1,0.0,ED_VERY_SAFE,1,lof
Koror,Palau,25.2,27.3,1,0.9000000000000021,ED_VERY_SAFE,1,lof
Moscow,Russia,12.1,12.1,2,9.5,ED_VERY_SAFE,1,lof
Riyadh,Saudi Arabia,36.2,36.2,6,89.4,ED_VERY_DANGEROUS,1,iso_forest
Victoria,Seychelles Islands,30.2,38.2,1,31.63333333333334,ED_MODERATE_SAFE,1,hot_but_safe
Praia,Cape Verde,26.1,28.5,1,4.5,ED_VERY_SAFE,1,lof
Nuku`Aloia,Tonga,23.1,25.0,1,0.0,ED_VERY_SAFE,1,lof
Mogadishu,Somalia,28.1,31.9,1,19.299999999999997,ED_MODERATE_SAFE,1,lof
Khartoum,Sudan,34.9,34.9,4,62.85833333333333,ED_DANGEROUS,1,iso_forest
Libreville,Gabon,24.6,27.3,1,0.9000000000000021,ED_VERY_SAFE,1,lof
New Delhi,India,39.3,39.3,5,93.52916666666665,ED_VERY_DANGEROUS,1,iso_forest
Port Louis,Mauritius,26.3,28.0,1,7.7,ED_VERY_SAFE,1,lof
Palikir,Micronesia,28.3,33.1,1,16.833333333333336,ED_MODERATE_SAFE,1,lof
Ulaanbaatar,Mongolia,14.5,14.5,1,4.4,ED_VERY_SAFE,1,lof
Wellington,New Zealand,13.3,13.3,1,0.0,ED_VERY_SAFE,1,lof
Garrapata,Paraguay,21.1,21.1,1,0.0,ED_VERY_SAFE,1,lof
Riyadh,Saudi Arabia,29.3,29.3,6,62.300000000000004,ED_DANGEROUS,1,iso_forest
Singapore,Singapore,31.2,40.2,1,33.06666666666667,ED_MODERATE_SAFE,1,hot_but_safe
Honiara,Solomon Islands,30.1,38.5,1,25.833333333333336,ED_MODERATE_SAFE,1,hot_but_safe
Bangkok,Thailand,34.1,38.3,1,33.599999999999994,ED_MODERATE_SAFE,1,hot_but_safe
Ouagadougou,Burkina Faso,30.3,32.1,1,15.16666666666667,ED_MODERATE_SAFE,1,lof
Ashgabat,Turkmenistan,29.3,29.3,2,20.800000000000004,ED_MODERATE_SAFE,1,lof
Abu Dhabi,United Arab Emirates,37.2,43.6,3,57.6,ED_DANGEROUS,1,iso_forest
New Delhi,India,38.2,38.2,4,77.45833333333334,ED_VERY_DANGEROUS,1,iso_forest
Baghdad,Iraq,31.6,31.6,2,26.400000000000006,ED_MODERATE_SAFE,1,lof
Bishkek,Kyrghyzstan,24.0,24.8,1,8.7,ED_VERY_SAFE,1,lof
Chi Chi Khvar,Iran,16.5,16.5,2,15.8,ED_MODERATE_SAFE,1,lof
Ulaanbaatar,Mongolia,12.7,12.7,1,4.3,ED_VERY_SAFE,1,lof
Rabat,Morocco,9.2,9.4,1,0.0,ED_VERY_SAFE,1,lof
Riyadh,Saudi Arabia,27.2,27.2,5,51.39999999999999,ED_CAUTION,1,iso_forest
Honiara,Solomon Islands,31.3,42.5,1,31.73076923076923,ED_MODERATE_SAFE,1,hot_but_safe
Beijing,China,19.1,19.1,3,18.0,ED_MODERATE_SAFE,1,lof
Hanoi,Vietnam,26.1,26.7,2,17.3,ED_MODERATE_SAFE,1,lof
Khartoum,Sudan,35.5,35.7,2,31.56666666666667,ED_MODERATE_SAFE,1,lof
Muscat,Oman,39.1,45.4,3,61.47692307692307,ED_DANGEROUS,1,iso_forest
Moscow,Russia,20.3,20.3,3,18.0,ED_MODERATE_SAFE,1,lof
Singapore,Singapore,32.4,42.5,1,32.63076923076923,ED_MODERATE_SAFE,1,hot_but_safe
Honiara,Solomon Islands,31.1,40.6,1,29.333333333333336,ED_MODERATE_SAFE,1,hot_but_safe
Kampala,Uganda,20.1,20.1,3,19.8,ED_MODERATE_SAFE,1,lof
Hanoi,Vietnam,37.0,42.1,4,82.39423076923077,ED_VERY_DANGEROUS,1,iso_forest
Phnom Penh,Cambodia,37.3,40.7,4,82.125,ED_VERY_DANGEROUS,1,iso_forest
Santo Domingo,Dominican Republic,25.3,28.1,1,3.3000000000000043,ED_VERY_SAFE,1,lof
Nan,Thailand,27.0,29.7,1,8.099999999999998,ED_VERY_SAFE,1,lof
Dhidhdhoo,Maldives,28.9,34.0,2,28.73333333333333,ED_MODERATE_SAFE,1,lof
Wellington,New Zealand,12.3,12.3,1,0.0,ED_VERY_SAFE,1,lof
Moscow,Russia,20.3,20.3,2,8.3,ED_VERY_SAFE,1,lof
Ashgabat,Turkmenistan,31.6,31.6,1,18.400000000000006,ED_MODERATE_SAFE,1,lof
Honiara,Solomon Islands,31.3,42.0,1,31.153846153846153,ED_MODERATE_SAFE,1,hot_but_safe
Mogadishu,Somalia,30.1,36.5,1,27.5,ED_MODERATE_SAFE,1,lof
Nuku`Aloia,Tonga,23.3,25.1,1,0.0,ED_VERY_SAFE,1,lof
Abu Dhabi,United Arab Emirates,35.2,46.3,3,61.315384615384616,ED_DANGEROUS,1,iso_forest
Manama,Bahrain,29.5,31.0,4,49.8,ED_CAUTION,1,lof
Bridgetown,Barbados,27.3,30.7,1,11.099999999999998,ED_VERY_SAFE,1,lof
Phnom Penh,Cambodia,36.6,41.4,4,83.08653846153845,ED_VERY_DANGEROUS,1,iso_forest
Santo Domingo,Dominican Republic,24.3,26.8,1,0.0,ED_VERY_SAFE,1,lof
Tehran,Iran,23.1,23.4,3,18.0,ED_MODERATE_SAFE,1,lof
Wellington,New Zealand,12.2,12.2,1,0.0,ED_VERY_SAFE,1,lof
Damascus,Syria,26.3,26.3,2,11.6,ED_VERY_SAFE,1,lof
Bangkok,Thailand,34.3,38.1,1,34.46666666666667,ED_MODERATE_SAFE,1,hot_but_safe
Tashkent,Uzbekistan,29.7,29.7,1,12.099999999999998,ED_VERY_SAFE,1,lof
Dushanbe,Tajikistan,28.8,28.8,1,15.300000000000002,ED_MODERATE_SAFE,1,lof
Majuro,Marshall Islands,28.4,34.3,1,18.83333333333333,ED_MODERATE_SAFE,1,lof
Chi Chi Khvar,Iran,14.8,14.8,2,16.25,ED_MODERATE_SAFE,1,lof
Ulaanbaatar,Mongolia,21.5,21.5,2,14.149999999999999,ED_VERY_SAFE,1,lof
Kathmandu,Nepal,27.0,27.8,3,31.200000000000003,ED_MODERATE_SAFE,1,lof
Islamabad,Pakistan,41.4,42.1,1,41.769230769230774,ED_CAUTION,1,iso_forest
Port Moresby,Papua New Guinea,27.5,30.2,1,9.599999999999998,ED_VERY_SAFE,1,lof
Doha,Qatar,37.0,37.0,4,68.65833333333333,ED_DANGEROUS,1,iso_forest
Riyadh,Saudi Arabia,34.0,34.0,4,63.758333333333326,ED_DANGEROUS,1,iso_forest
Mogadishu,Somalia,28.1,31.1,1,16.900000000000006,ED_MODERATE_SAFE,1,lof
Paramaribo,Suriname,23.7,26.3,1,0.0,ED_VERY_SAFE,1,lof
Nuku`Aloia,Tonga,22.5,24.7,1,0.0,ED_VERY_SAFE,1,lof
Baku,Azerbaijan,21.3,21.3,1,1.1999999999999997,ED_VERY_SAFE,1,lof
Ouagadougou,Burkina Faso,28.5,30.4,1,10.199999999999996,ED_VERY_SAFE,1,lof
Georgetown,Guyana,24.4,27.0,1,0.0,ED_VERY_SAFE,1,lof
New Delhi,India,43.3,45.1,4,83.75576923076923,ED_VERY_DANGEROUS,1,iso_forest
Tehran,Iran,23.2,23.2,2,18.2,ED_MODERATE_SAFE,1,lof
Baghdad,Iraq,31.8,31.8,3,36.300000000000004,ED_CAUTION,1,lof
Kathmandu,Nepal,28.9,29.7,2,24.65,ED_MODERATE_SAFE,1,lof
Islamabad,Pakistan,41.1,41.6,2,48.09230769230769,ED_CAUTION,1,iso_forest
Doha,Qatar,34.4,34.4,4,65.325,ED_DANGEROUS,1,iso_forest
Riyadh,Saudi Arabia,33.4,33.4,6,84.53333333333333,ED_VERY_DANGEROUS,1,iso_forest
Mogadishu,Somalia,28.0,31.5,1,18.5,ED_MODERATE_SAFE,1,lof
Nan,Thailand,33.0,40.7,1,34.300000000000004,ED_MODERATE_SAFE,1,hot_but_safe
Bishkek,Kyrghyzstan,21.3,21.3,1,8.399999999999999,ED_VERY_SAFE,1,lof
Tehran,Iran,20.0,20.0,2,16.7,ED_MODERATE_SAFE,1,lof
New Delhi,India,43.9,46.0,4,88.39423076923077,ED_VERY_DANGEROUS,1,iso_forest
Nassau,Bahamas,26.3,29.5,1,7.5,ED_VERY_SAFE,1,lof
Yamoussoukro,Cote d'Ivoire,21.9,21.9,1,0.0,ED_VERY_SAFE,1,lof
New Delhi,India,42.3,43.5,4,85.40961538461539,ED_VERY_DANGEROUS,1,iso_forest
Tehran,Iran,22.1,22.2,4,41.2,ED_CAUTION,1,lof
Baghdad,Iraq,29.6,29.6,3,30.300000000000004,ED_MODERATE_SAFE,1,lof
Kuala Lumpur,Malaysia,36.1,44.5,4,86.66346153846155,ED_VERY_DANGEROUS,1,iso_forest
Majuro,Marshall Islands,28.2,33.5,1,17.5,ED_MODERATE_SAFE,1,lof
Ulaanbaatar,Mongolia,19.3,19.3,2,12.4,ED_VERY_SAFE,1,lof
Islamabad,Pakistan,39.8,39.8,2,46.3,ED_CAUTION,1,iso_forest
Apia,Samoa,23.1,25.1,1,0.0,ED_VERY_SAFE,1,lof
Riyadh,Saudi Arabia,35.1,35.1,4,65.69166666666666,ED_DANGEROUS,1,iso_forest
Honiara,Solomon Islands,32.2,44.4,1,33.92307692307692,ED_MODERATE_SAFE,1,hot_but_safe
Colombo,Sri Lanka,32.2,43.6,1,44.8,ED_CAUTION,1,lof
Bern,Switzerland,8.3,8.4,1,0.0,ED_VERY_SAFE,1,lof
Ashgabat,Turkmenistan,26.8,26.8,2,14.45,ED_VERY_SAFE,1,lof
Abu Dhabi,United Arab Emirates,34.1,42.9,3,56.642307692307696,ED_DANGEROUS,1,iso_forest
Tashkent,Uzbekistan,29.0,29.0,2,20.75,ED_MODERATE_SAFE,1,lof
Dhaka,Bangladesh,36.5,43.6,1,43.8,ED_CAUTION,1,iso_forest
Phnom Penh,Cambodia,37.6,40.9,3,54.73333333333333,ED_CAUTION,1,iso_forest
Bangui,Central African Republic,21.6,21.6,1,0.0,ED_VERY_SAFE,1,lof
Santiago,Chile,13.3,13.7,2,8.0,ED_VERY_SAFE,1,lof
Riyadh,Saudi Arabia,33.2,33.2,6,84.2,ED_VERY_DANGEROUS,1,iso_forest
Khartoum,Sudan,33.0,33.0,4,59.69166666666667,ED_DANGEROUS,1,iso_forest
Port Vila,Vanuatu,28.0,31.8,1,14.400000000000002,ED_VERY_SAFE,1,lof
Tunis,Tunisia,22.1,24.6,1,0.0,ED_VERY_SAFE,1,lof
Abuja,Nigeria,23.0,23.0,3,18.0,ED_MODERATE_SAFE,1,lof
Port Moresby,Papua New Guinea,27.1,28.9,1,5.699999999999996,ED_VERY_SAFE,1,lof
Manila,Philippines,33.0,38.2,1,34.43333333333334,ED_MODERATE_SAFE,1,hot_but_safe
Doha,Qatar,40.1,41.9,2,45.488461538461536,ED_CAUTION,1,lof
Apia,Samoa,27.1,28.4,1,4.199999999999996,ED_VERY_SAFE,1,lof
Freetown,Sierra Leone,26.0,26.0,1,0.0,ED_VERY_SAFE,1,lof
Honiara,Solomon Islands,31.1,41.3,1,30.346153846153843,ED_MODERATE_SAFE,1,hot_but_safe
Mogadishu,Somalia,27.4,30.7,1,15.399999999999999,ED_MODERATE_SAFE,1,lof
Pretoria,South Africa,1.1,1.1,4,32.0,ED_MODERATE_SAFE,1,iso_forest
Paramaribo,Suriname,23.4,23.4,1,0.0,ED_VERY_SAFE,1,lof
Funafuti,Tuvalu,30.2,36.0,1,21.666666666666668,ED_MODERATE_SAFE,1,lof
Abazu,Myanmar,26.2,26.2,1,0.0,ED_VERY_SAFE,1,lof
Port Vila,Vanuatu,23.9,23.9,1,0.0,ED_VERY_SAFE,1,lof
Saint John's,Antigua and Barbuda,27.3,29.9,1,8.699999999999996,ED_VERY_SAFE,1,lof
Canberra,Australia,15.2,15.2,1,0.0,ED_VERY_SAFE,1,lof
Belmopan,Belize,23.1,23.1,1,0.0,ED_VERY_SAFE,1,lof
Bras,Brazil,22.3,22.3,1,0.0,ED_VERY_SAFE,1,lof
Bandar Seri Begawan,Brunei Darussalam,32.0,38.3,1,33.75,ED_MODERATE_SAFE,1,hot_but_safe
Phnom Penh,Cambodia,37.2,37.2,1,35.366666666666674,ED_CAUTION,1,lof
Ninga,Cameroon,23.6,23.6,1,0.0,ED_VERY_SAFE,1,lof
Bogot,Hungary,17.1,17.1,1,0.0,ED_VERY_SAFE,1,lof
Santo Domingo,Dominican Republic,26.0,29.4,2,15.199999999999996,ED_MODERATE_SAFE,1,lof
Niamey,Niger,29.1,29.9,1,8.699999999999996,ED_VERY_SAFE,1,lof
Majuro,Marshall Islands,31.3,38.5,1,25.833333333333336,ED_MODERATE_SAFE,1,hot_but_safe
Luxembourg,Luxembourg,11.4,11.4,1,0.0,ED_VERY_SAFE,1,lof
Port Of Spain,Trinidad and Tobago,24.3,24.3,1,0.0,ED_VERY_SAFE,1,lof
Namawbin,Myanmar,36.8,36.8,2,42.4,ED_CAUTION,1,lof
Port Moresby,Papua New Guinea,26.3,26.3,1,0.0,ED_VERY_SAFE,1,lof
Riyadh,Saudi Arabia,37.0,37.0,4,69.45833333333334,ED_DANGEROUS,1,iso_forest
Freetown,Sierra Leone,25.0,25.0,1,0.0,ED_VERY_SAFE,1,lof
Singapore,Singapore,34.2,47.2,1,48.15384615384616,ED_CAUTION,1,lof
Paramaribo,Suriname,23.9,23.9,1,0.0,ED_VERY_SAFE,1,lof
Stockholm,Sweden,14.2,14.2,1,0.0,ED_VERY_SAFE,1,lof
Bern,Switzerland,11.2,11.6,1,0.0,ED_VERY_SAFE,1,lof
Bangkok,Thailand,32.2,38.5,1,30.733333333333334,ED_MODERATE_SAFE,1,hot_but_safe
Nuku`Aloia,Tonga,25.1,26.5,1,0.0,ED_VERY_SAFE,1,lof
Funafuti,Tuvalu,30.1,34.7,1,19.500000000000007,ED_MODERATE_SAFE,1,lof
Nan,Thailand,30.3,39.3,1,34.516666666666666,ED_MODERATE_SAFE,1,hot_but_safe
Hanoi,Vietnam,33.1,43.6,2,50.6,ED_CAUTION,1,lof
Belmopan,Belize,23.2,23.2,1,0.0,ED_VERY_SAFE,1,lof
Porto-Novo,Benin,23.8,23.8,1,0.0,ED_VERY_SAFE,1,lof
Bras,Brazil,22.5,22.5,1,0.0,ED_VERY_SAFE,1,lof
Aba,Cameroon,20.3,20.3,1,0.0,ED_VERY_SAFE,1,lof
Djibouti,Djibouti,35.5,35.5,1,25.133333333333336,ED_MODERATE_SAFE,1,lof
Libreville,Gabon,23.9,23.9,1,0.0,ED_VERY_SAFE,1,lof
Conakry,Guinea,26.4,26.4,1,0.0,ED_VERY_SAFE,1,lof
Kuwait City,Kuwait,37.3,37.3,4,69.95833333333333,ED_DANGEROUS,1,iso_forest
Monrovia,Liberia,25.7,25.7,1,0.0,ED_VERY_SAFE,1,lof
Malabo,Equatorial Guinea,24.4,24.4,1,0.0,ED_VERY_SAFE,1,lof
Conakry,Guinea,26.4,26.4,1,0.0,ED_VERY_SAFE,1,lof
Tegucigalpa,Honduras,24.3,26.9,1,0.0,ED_VERY_SAFE,1,lof
Majuro,Marshall Islands,31.2,38.6,1,26.000000000000004,ED_MODERATE_SAFE,1,hot_but_safe
Roseau,Dominica,26.2,26.2,1,0.0,ED_VERY_SAFE,1,lof
Santo Domingo,Dominican Republic,25.1,27.5,2,9.5,ED_VERY_SAFE,1,lof
Malabo,Equatorial Guinea,24.9,24.9,1,0.0,ED_VERY_SAFE,1,lof
Conakry,Guinea,26.0,26.0,1,0.0,ED_VERY_SAFE,1,lof
New Delhi,India,39.3,39.3,4,78.69166666666666,ED_VERY_DANGEROUS,1,iso_forest
Newport East,Jamaica,28.1,35.8,1,21.33333333333333,ED_MODERATE_SAFE,1,lof
Tokyo,Japan,23.0,25.1,2,8.0,ED_VERY_SAFE,1,lof
Monrovia,Liberia,25.5,25.5,1,0.0,ED_VERY_SAFE,1,lof
Vaduz,Liechtenstein,12.4,12.4,1,0.0,ED_VERY_SAFE,1,lof
Bamako,Mali,28.2,30.3,1,9.900000000000002,ED_VERY_SAFE,1,lof
Managua,Nicaragua,24.5,24.5,1,0.0,ED_VERY_SAFE,1,lof
New Delhi,India,37.3,42.6,4,82.77115384615385,ED_VERY_DANGEROUS,1,iso_forest
Abuja,Nigeria,23.5,23.5,2,8.0,ED_VERY_SAFE,1,lof
Muscat,Oman,42.0,47.7,2,54.73076923076923,ED_CAUTION,1,iso_forest
Islamabad,Pakistan,38.9,38.9,1,37.5,ED_CAUTION,1,iso_forest
Doha,Qatar,39.2,39.2,3,51.30000000000001,ED_CAUTION,1,iso_forest
Basseterre,Saint Kitts and Nevis,26.3,28.7,1,5.099999999999998,ED_VERY_SAFE,1,lof
Riyadh,Saudi Arabia,37.3,37.3,4,69.75833333333333,ED_DANGEROUS,1,iso_forest
Victoria,Seychelles Islands,29.1,34.4,1,24.099999999999994,ED_MODERATE_SAFE,1,lof
Freetown,Sierra Leone,25.6,25.6,1,0.0,ED_VERY_SAFE,1,lof
Singapore,Singapore,26.1,31.1,1,16.400000000000006,ED_MODERATE_SAFE,1,lof
Paramaribo,Suriname,23.6,23.6,1,0.0,ED_VERY_SAFE,1,lof
Havana,Cuba,24.4,26.4,1,0.0,ED_VERY_SAFE,1,lof
Ninga,Cameroon,23.6,23.6,1,0.0,ED_VERY_SAFE,1,lof
Phnom Penh,Cambodia,36.8,36.8,1,34.8,ED_MODERATE_SAFE,1,lof
Bras,Brazil,23.1,23.1,1,0.0,ED_VERY_SAFE,1,lof
Bournemouth Gardens,Jamaica,28.0,32.8,1,16.33333333333333,ED_MODERATE_SAFE,1,lof
Tokyo,Japan,23.2,25.2,2,8.0,ED_VERY_SAFE,1,lof
Monrovia,Liberia,24.9,24.9,1,0.0,ED_VERY_SAFE,1,lof
Bamako,Mali,29.2,32.7,1,16.16666666666667,ED_MODERATE_SAFE,1,lof
Mexico City,Mexico,15.4,15.4,2,8.0,ED_VERY_SAFE,1,lof
Niamey,Niger,30.1,31.9,1,14.699999999999996,ED_VERY_SAFE,1,lof
Port Moresby,Papua New Guinea,27.9,30.1,1,9.300000000000004,ED_VERY_SAFE,1,lof
Doha,Qatar,38.2,38.2,4,72.25833333333334,ED_DANGEROUS,1,iso_forest
Riyadh,Saudi Arabia,35.2,35.2,4,66.45833333333334,ED_DANGEROUS,1,iso_forest
Freetown,Sierra Leone,25.6,25.6,1,0.0,ED_VERY_SAFE,1,lof
Honiara,Solomon Islands,30.0,38.9,1,26.5,ED_MODERATE_SAFE,1,hot_but_safe
Pretoria,South Africa,2.1,2.1,4,32.0,ED_MODERATE_SAFE,1,iso_forest
Paramaribo,Suriname,24.2,24.2,1,0.0,ED_VERY_SAFE,1,lof
Bangkok,Thailand,34.3,44.2,1,34.892307692307696,ED_MODERATE_SAFE,1,hot_but_safe
Funafuti,Tuvalu,31.4,38.1,1,25.16666666666667,ED_MODERATE_SAFE,1,hot_but_safe
Hanoi,Vietnam,36.2,47.2,2,55.45384615384616,ED_DANGEROUS,1,iso_forest
Algiers,Algeria,23.3,25.5,1,0.0,ED_VERY_SAFE,1,lof
Saint John's,Antigua and Barbuda,26.2,28.1,1,3.3000000000000043,ED_VERY_SAFE,1,lof
Nassau,Bahamas,27.1,30.8,1,11.400000000000002,ED_VERY_SAFE,1,lof
Belmopan,Belize,23.5,23.5,1,0.0,ED_VERY_SAFE,1,lof
Thimphu,Bhutan,13.0,13.0,1,12.0,ED_VERY_SAFE,1,lof
Rabat,Morocco,12.1,12.6,1,0.0,ED_VERY_SAFE,1,lof
Monrovia,Liberia,25.8,25.8,1,0.0,ED_VERY_SAFE,1,lof
Nuku`Aloia,Tonga,23.3,25.1,1,0.0,ED_VERY_SAFE,1,lof
Monrovia,Liberia,25.8,25.8,1,0.0,ED_VERY_SAFE,1,lof
Belmopan,Belize,23.4,23.4,1,0.0,ED_VERY_SAFE,1,lof
Porto-Novo,Benin,26.1,26.1,2,8.0,ED_VERY_SAFE,1,lof
Bras,Brazil,22.3,22.3,1,0.0,ED_VERY_SAFE,1,lof
Yamoussoukro,Cote d'Ivoire,23.0,23.0,1,0.0,ED_VERY_SAFE,1,lof
Douala,Cameroon,24.9,24.9,1,0.0,ED_VERY_SAFE,1,lof
Havana,Cuba,26.3,26.3,1,0.0,ED_VERY_SAFE,1,lof
San Salvador,El Salvador,23.3,23.3,1,0.0,ED_VERY_SAFE,1,lof
Libreville,Gabon,25.1,25.1,1,0.0,ED_VERY_SAFE,1,lof
Accra,Ghana,25.5,25.5,1,0.0,ED_VERY_SAFE,1,lof
Georgetown,Guyana,24.6,24.6,1,0.0,ED_VERY_SAFE,1,lof
Majuro,Marshall Islands,26.4,26.4,1,0.0,ED_VERY_SAFE,1,lof
Paramaribo,Suriname,23.9,23.9,1,0.0,ED_VERY_SAFE,1,lof
Pyongyang,North Korea,29.6,29.6,1,11.900000000000004,ED_VERY_SAFE,1,lof
Panama City,Panama,25.4,25.4,1,0.0,ED_VERY_SAFE,1,lof
Riyadh,Saudi Arabia,39.4,39.4,4,73.75833333333333,ED_DANGEROUS,1,iso_forest
Ljubljana,Slovenia,14.8,14.8,1,0.0,ED_VERY_SAFE,1,lof
Pretoria,South Africa,13.9,13.9,5,45.0,ED_CAUTION,1,iso_forest
Paramaribo,Suriname,23.9,23.9,1,0.0,ED_VERY_SAFE,1,lof
Bern,Switzerland,12.0,12.0,1,0.0,ED_VERY_SAFE,1,lof
Port Of Spain,Trinidad and Tobago,23.6,23.6,1,0.0,ED_VERY_SAFE,1,lof
Hanoi,Vietnam,37.8,44.2,2,52.49230769230769,ED_CAUTION,1,iso_forest
Belmopan,Belize,23.3,23.3,1,0.0,ED_VERY_SAFE,1,lof
Nassau,Bahamas,25.6,25.6,1,0.0,ED_VERY_SAFE,1,lof
Castries,Saint Lucia,26.8,26.9,2,8.0,ED_VERY_SAFE,1,lof
New Delhi,India,36.2,42.2,4,81.90961538461539,ED_VERY_DANGEROUS,1,iso_forest
Bras,Brazil,22.6,22.6,1,0.0,ED_VERY_SAFE,1,lof
Tunis,Tunisia,22.1,24.6,2,8.0,ED_VERY_SAFE,1,lof
Ashgabat,Turkmenistan,35.0,35.0,2,33.7,ED_MODERATE_SAFE,1,lof
Doha,Qatar,36.3,36.3,4,69.24166666666666,ED_DANGEROUS,1,iso_forest
Riyadh,Saudi Arabia,33.4,33.4,5,78.89583333333333,ED_VERY_DANGEROUS,1,iso_forest
Tokyo,Japan,29.1,29.1,2,16.100000000000005,ED_MODERATE_SAFE,1,lof
Vaduz,Liechtenstein,11.7,11.7,1,0.0,ED_VERY_SAFE,1,lof
Riyadh,Saudi Arabia,37.4,37.4,4,70.225,ED_DANGEROUS,1,iso_forest
Nuku`Aloia,Tonga,23.4,25.2,1,0.0,ED_VERY_SAFE,1,lof
Nassau,Bahamas,25.0,25.0,1,0.0,ED_VERY_SAFE,1,lof
Belmopan,Belize,24.2,24.2,1,0.0,ED_VERY_SAFE,1,lof
Yamoussoukro,Cote d'Ivoire,23.0,23.0,1,0.0,ED_VERY_SAFE,1,lof
Doha,Qatar,39.0,39.0,2,41.116666666666674,ED_CAUTION,1,lof
Douala,Cameroon,25.1,25.1,1,0.0,ED_VERY_SAFE,1,lof
Beijing,China,37.4,37.4,2,37.6,ED_CAUTION,1,lof
San Salvador,El Salvador,23.4,23.4,2,8.0,ED_VERY_SAFE,1,lof
Malabo,Equatorial Guinea,26.4,26.7,1,0.0,ED_VERY_SAFE,1,lof
Libreville,Gabon,24.7,24.7,1,0.0,ED_VERY_SAFE,1,lof
Accra,Ghana,25.8,25.8,1,0.0,ED_VERY_SAFE,1,lof
Georgetown,Guyana,24.4,24.4,1,0.0,ED_VERY_SAFE,1,lof
Monrovia,Liberia,26.1,26.1,1,0.0,ED_VERY_SAFE,1,lof
Majuro,Marshall Islands,26.1,26.1,1,0.0,ED_VERY_SAFE,1,lof
Panama City,Panama,25.5,25.5,1,0.0,ED_VERY_SAFE,1,lof
Phnum Penh,Cambodia,33.4,37.0,1,34.833333333333336,ED_MODERATE_SAFE,1,lof
Roseau,Dominica,26.1,26.1,1,0.0,ED_VERY_SAFE,1,lof
San Salvador,El Salvador,22.7,22.7,2,8.0,ED_VERY_SAFE,1,lof
Bern,Switzerland,12.3,12.8,1,0.0,ED_VERY_SAFE,1,lof
Dhidhdhoo,Maldives,28.3,32.9,1,17.099999999999998,ED_MODERATE_SAFE,1,lof
Namawbin,Myanmar,37.4,37.4,1,34.1,ED_MODERATE_SAFE,1,lof
Abuja,Nigeria,23.4,23.4,2,8.0,ED_VERY_SAFE,1,lof
Port Moresby,Papua New Guinea,26.1,26.1,1,0.0,ED_VERY_SAFE,1,lof
Bucharest,Romania,18.3,18.3,1,0.6000000000000005,ED_VERY_SAFE,1,lof
Apia,Samoa,27.3,29.2,1,6.599999999999998,ED_VERY_SAFE,1,lof
Freetown,Sierra Leone,26.2,26.2,1,0.0,ED_VERY_SAFE,1,lof
Singapore,Singapore,33.2,43.9,1,43.94615384615385,ED_CAUTION,1,lof
Colombo,Sri Lanka,31.0,39.2,1,33.150000000000006,ED_MODERATE_SAFE,1,hot_but_safe
Paramaribo,Suriname,23.9,23.9,1,0.0,ED_VERY_SAFE,1,lof
Bangkok,Thailand,33.2,41.1,1,41.215384615384615,ED_CAUTION,1,lof
Malabo,Equatorial Guinea,25.6,25.6,1,0.0,ED_VERY_SAFE,1,lof
Abu Dhabi,United Arab Emirates,35.1,45.2,3,61.39615384615385,ED_DANGEROUS,1,iso_forest
Manama,Bahrain,31.6,35.3,2,35.25,ED_CAUTION,1,lof
Belmopan,Belize,23.4,23.4,1,0.0,ED_VERY_SAFE,1,lof
Bras,Brazil,23.3,23.3,1,0.0,ED_VERY_SAFE,1,lof
Yamoussoukro,Cote d'Ivoire,22.8,22.8,1,0.0,ED_VERY_SAFE,1,lof
Ninga,Cameroon,23.0,23.0,1,0.0,ED_VERY_SAFE,1,lof
Djibouti,Djibouti,35.7,35.7,1,25.66666666666667,ED_MODERATE_SAFE,1,lof
Malabo,Equatorial Guinea,24.6,24.6,1,0.0,ED_VERY_SAFE,1,lof
Addis Ababa,Ethiopia,22.2,23.5,1,4.5,ED_VERY_SAFE,1,lof
Conakry,Guinea,25.8,25.8,1,0.0,ED_VERY_SAFE,1,lof
Nan,Thailand,31.3,38.4,1,29.066666666666663,ED_MODERATE_SAFE,1,hot_but_safe
Kuwait City,Kuwait,35.7,35.7,4,67.69166666666666,ED_DANGEROUS,1,iso_forest
New Delhi,India,37.5,37.5,4,70.59166666666667,ED_DANGEROUS,1,iso_forest
Malabo,Equatorial Guinea,25.1,25.1,1,0.0,ED_VERY_SAFE,1,lof
Libreville,Gabon,23.9,23.9,1,0.0,ED_VERY_SAFE,1,lof
Grenada,United States of America,22.2,24.6,1,0.0,ED_VERY_SAFE,1,lof
Guatemala City,Guatemala,18.1,18.1,2,8.0,ED_VERY_SAFE,1,lof
New Delhi,India,39.2,42.8,4,80.65192307692307,ED_VERY_DANGEROUS,1,iso_forest
Seoul,South Korea,28.4,30.0,2,20.9,ED_MODERATE_SAFE,1,lof
Vientiane,Lao People's Democratic Republic,32.1,33.5,1,26.9,ED_MODERATE_SAFE,1,lof
Pyongyang,North Korea,24.6,24.6,2,11.2,ED_VERY_SAFE,1,lof
Doha,Qatar,41.3,42.1,3,56.019230769230774,ED_DANGEROUS,1,iso_forest
Riyadh,Saudi Arabia,36.0,36.0,4,67.79166666666667,ED_DANGEROUS,1,iso_forest
Seoul,South Korea,28.3,30.4,2,22.099999999999994,ED_MODERATE_SAFE,1,lof
Paramaribo,Suriname,24.3,24.3,1,0.0,ED_VERY_SAFE,1,lof
Bangkok,Thailand,33.0,40.6,1,40.53333333333333,ED_CAUTION,1,lof
Abu Dhabi,United Arab Emirates,39.3,41.3,2,46.14615384615384,ED_CAUTION,1,iso_forest
Hanoi,Vietnam,35.0,48.1,2,57.19230769230769,ED_DANGEROUS,1,lof
Nassau,Bahamas,25.3,27.2,1,0.5999999999999979,ED_VERY_SAFE,1,lof
Belmopan,Belize,23.3,23.3,1,0.0,ED_VERY_SAFE,1,lof
Bras,Brazil,23.0,23.0,1,0.0,ED_VERY_SAFE,1,lof
Yamoussoukro,Cote d'Ivoire,21.2,21.2,1,0.0,ED_VERY_SAFE,1,lof
Phnom Penh,Cambodia,36.4,36.4,1,26.633333333333333,ED_MODERATE_SAFE,1,lof
Djibouti,Djibouti,33.5,38.6,1,30.6,ED_MODERATE_SAFE,1,hot_but_safe
Roseau,Dominica,26.3,26.3,1,0.0,ED_VERY_SAFE,1,lof
Doha,Qatar,37.3,37.3,3,48.28333333333333,ED_CAUTION,1,iso_forest
Oslo,Norway,3.2,3.2,1,0.0,ED_VERY_SAFE,1,iso_forest
Wellington,New Zealand,13.2,13.2,1,0.0,ED_VERY_SAFE,1,lof
Monrovia,Liberia,24.1,26.5,1,0.0,ED_VERY_SAFE,1,lof
Garrapata,Paraguay,22.1,24.7,1,0.0,ED_VERY_SAFE,1,lof
Doha,Qatar,28.2,28.2,3,26.599999999999998,ED_MODERATE_SAFE,1,lof
Honiara,Solomon Islands,31.0,38.6,1,26.000000000000004,ED_MODERATE_SAFE,1,hot_but_safe
Bangkok,Thailand,38.3,43.9,2,53.34615384615385,ED_CAUTION,1,iso_forest
Bujumbura,Burundi,22.2,24.6,1,0.0,ED_VERY_SAFE,1,lof
Brazzaville,Congo,23.9,26.2,2,8.0,ED_VERY_SAFE,1,lof
Kinshasa,Democratic Republic of Congo,23.7,26.1,2,8.0,ED_VERY_SAFE,1,lof
Quito,Ecuador,11.7,11.7,1,0.0,ED_VERY_SAFE,1,lof
Cairo,Egypt,23.2,23.6,2,8.0,ED_VERY_SAFE,1,lof
Banjul,Gambia,21.1,21.1,2,8.0,ED_VERY_SAFE,1,lof
Ulaanbaatar,Mongolia,14.2,14.2,2,12.2,ED_VERY_SAFE,1,lof
Ulaanbaatar,Mongolia,7.5,7.5,2,11.3,ED_VERY_SAFE,1,iso_forest
Victoria,Seychelles Islands,31.3,38.7,1,34.71666666666667,ED_MODERATE_SAFE,1,hot_but_safe
Honiara,Solomon Islands,31.2,40.7,1,29.500000000000007,ED_MODERATE_SAFE,1,hot_but_safe
Montevideo,Uruguay,19.4,19.4,1,0.0,ED_VERY_SAFE,1,lof
Bridgetown,Barbados,26.2,28.6,1,4.800000000000004,ED_VERY_SAFE,1,lof
Gaborone,Botswana,18.9,18.9,1,0.0,ED_VERY_SAFE,1,lof
Phnom Penh,Cambodia,39.3,41.5,4,82.70192307692308,ED_VERY_DANGEROUS,1,iso_forest
Nicosia,Cyprus,17.2,17.2,2,8.0,ED_VERY_SAFE,1,lof
Cairo,Egypt,20.0,20.0,3,18.0,ED_MODERATE_SAFE,1,lof
Malabo,Equatorial Guinea,25.0,27.3,1,0.9000000000000021,ED_VERY_SAFE,1,lof
Conakry,Guinea,24.1,25.8,2,8.0,ED_VERY_SAFE,1,lof
Wellington,New Zealand,16.1,16.1,1,0.0,ED_VERY_SAFE,1,lof
New Delhi,India,37.0,37.0,4,74.75833333333334,ED_DANGEROUS,1,iso_forest
Juba,Sudan,25.4,25.4,4,32.0,ED_MODERATE_SAFE,1,iso_forest
Palikir,Micronesia,32.2,42.3,1,31.499999999999996,ED_MODERATE_SAFE,1,hot_but_safe
Phnom Penh,Cambodia,39.1,40.6,3,59.333333333333336,ED_DANGEROUS,1,iso_forest
Valletta,Malta,20.3,20.3,4,32.0,ED_MODERATE_SAFE,1,lof
Palikir,Micronesia,32.3,42.9,1,32.19230769230769,ED_MODERATE_SAFE,1,hot_but_safe
Chi Chi Khvar,Iran,3.1,3.1,1,1.1999999999999997,ED_VERY_SAFE,1,lof
Koror,Palau,31.2,38.9,1,32.3,ED_MODERATE_SAFE,1,hot_but_safe
Honiara,Solomon Islands,32.2,46.2,1,36.0,ED_CAUTION,1,lof
Thimphu,Bhutan,9.7,9.7,2,17.0,ED_MODERATE_SAFE,1,lof
Ottawa,Canada,8.2,8.2,1,0.0,ED_VERY_SAFE,1,lof
Bangui,Central African Republic,24.3,25.7,2,11.0,ED_VERY_SAFE,1,lof
Tehran,Iran,11.2,11.2,2,14.3,ED_VERY_SAFE,1,lof
Ulaanbaatar,Mongolia,9.2,9.2,2,8.0,ED_VERY_SAFE,1,lof
Beijing,China,16.4,16.4,4,32.0,ED_MODERATE_SAFE,1,lof
Wellington,New Zealand,16.2,16.2,1,0.0,ED_VERY_SAFE,1,iso_forest
Abu Dhabi,United Arab Emirates,24.5,26.0,3,28.0,ED_MODERATE_SAFE,1,lof
Thimphu,Bhutan,9.7,9.7,1,6.449999999999999,ED_VERY_SAFE,1,lof
Yamoussoukro,Cote d'Ivoire,22.0,24.5,1,0.0,ED_VERY_SAFE,1,lof
Moroni,Comoros,31.3,38.3,1,29.999999999999996,ED_MODERATE_SAFE,1,hot_but_safe
Ulaanbaatar,Mongolia,2.1,2.1,1,8.0689596680367,ED_VERY_SAFE,1,iso_forest
Honiara,Solomon Islands,32.0,40.8,1,29.666666666666664,ED_MODERATE_SAFE,1,hot_but_safe
Khartoum,Sudan,29.4,29.4,1,10.199999999999996,ED_VERY_SAFE,1,lof
Bujumbura,Burundi,21.3,21.3,1,0.0,ED_VERY_SAFE,1,lof
Phnom Penh,Cambodia,38.5,41.2,3,60.23076923076923,ED_DANGEROUS,1,iso_forest
Bissau,Guinea-Bissau,22.6,24.7,2,8.0,ED_VERY_SAFE,1,lof
Tehran,Iran,15.8,15.8,4,38.45,ED_CAUTION,1,lof
Jerusalem,Israel,19.3,19.3,3,18.0,ED_MODERATE_SAFE,1,lof
Tokyo,Japan,25.3,25.3,2,11.3,ED_VERY_SAFE,1,lof
Monrovia,Liberia,25.4,28.2,2,11.599999999999998,ED_VERY_SAFE,1,lof
Kuala Lumpur,Malaysia,33.1,47.5,2,53.9,ED_CAUTION,1,lof
Nouakchott,Mauritania,19.5,19.5,2,8.0,ED_VERY_SAFE,1,lof
Wellington,New Zealand,11.2,11.2,1,0.0,ED_VERY_SAFE,1,iso_forest
Singapore,Singapore,32.3,43.5,1,32.88461538461539,ED_MODERATE_SAFE,1,hot_but_safe
Honiara,Solomon Islands,30.3,38.4,1,25.666666666666664,ED_MODERATE_SAFE,1,hot_but_safe
Khartoum,Sudan,31.3,31.3,4,46.400000000000006,ED_CAUTION,1,iso_forest
Thimphu,Bhutan,18.0,18.0,1,12.0,ED_VERY_SAFE,1,iso_forest
Conakry,Guinea,24.6,26.4,2,8.0,ED_VERY_SAFE,1,lof
Tehran,Iran,17.0,17.0,2,16.1,ED_MODERATE_SAFE,1,lof
Valletta,Malta,18.2,18.2,2,8.0,ED_VERY_SAFE,1,lof
Monrovia,Liberia,24.1,26.4,2,8.0,ED_VERY_SAFE,1,lof
Ljubljana,Slovenia,8.6,8.7,1,0.0,ED_VERY_SAFE,1,lof
Khartoum,Sudan,30.1,30.1,3,29.400000000000006,ED_MODERATE_SAFE,1,iso_forest
Tegucigalpa,Honduras,19.0,19.0,1,0.0,ED_VERY_SAFE,1,lof
New Delhi,India,38.2,38.2,4,76.35833333333335,ED_VERY_DANGEROUS,1,iso_forest
Port Louis,Mauritius,29.1,33.7,1,23.433333333333337,ED_MODERATE_SAFE,1,lof
Ulaanbaatar,Mongolia,12.7,12.7,2,12.6,ED_VERY_SAFE,1,lof
National,Bolivia,22.7,25.3,1,0.0,ED_VERY_SAFE,1,lof
Juba,Sudan,26.9,26.9,4,32.0,ED_MODERATE_SAFE,1,iso_forest
Tunis,Tunisia,16.0,16.0,3,18.0,ED_MODERATE_SAFE,1,lof
Minsk,Belarus,7.4,7.4,1,0.0,ED_VERY_SAFE,1,lof
Bissau,Guinea-Bissau,22.4,24.7,2,8.0,ED_VERY_SAFE,1,lof
Beijing,China,23.4,23.4,4,36.7,ED_CAUTION,1,lof
Bangui,Central African Republic,22.2,24.6,1,0.0,ED_VERY_SAFE,1,lof
Douala,Cameroon,24.1,26.4,2,8.0,ED_VERY_SAFE,1,lof
Mexico City,Mexico,20.1,20.1,2,8.0,ED_VERY_SAFE,1,lof
Palikir,Micronesia,31.4,38.5,1,25.833333333333336,ED_MODERATE_SAFE,1,hot_but_safe
National,Bolivia,21.9,21.9,1,0.0,ED_VERY_SAFE,1,lof
Dakar,Senegal,20.2,20.2,2,8.0,ED_VERY_SAFE,1,lof
Freetown,Sierra Leone,26.2,28.3,2,11.900000000000002,ED_VERY_SAFE,1,lof
Honiara,Solomon Islands,31.2,39.0,1,26.666666666666668,ED_MODERATE_SAFE,1,hot_but_safe
Paramaribo,Suriname,24.7,27.0,1,0.0,ED_VERY_SAFE,1,lof
Bangkok,Thailand,38.0,44.6,2,54.15384615384615,ED_CAUTION,1,iso_forest
Yamoussoukro,Cote d'Ivoire,24.1,26.8,1,0.0,ED_VERY_SAFE,1,lof
Phnom Penh,Cambodia,38.1,40.7,4,80.72500000000001,ED_VERY_DANGEROUS,1,iso_forest
Malabo,Equatorial Guinea,27.3,31.2,2,20.599999999999998,ED_MODERATE_SAFE,1,lof
Banjul,Gambia,20.1,20.1,2,8.0,ED_VERY_SAFE,1,lof
Baghdad,Iraq,26.3,26.7,3,21.2,ED_MODERATE_SAFE,1,lof
Monrovia,Liberia,24.2,26.6,2,8.0,ED_VERY_SAFE,1,lof
Mexico City,Mexico,21.3,21.3,2,8.0,ED_VERY_SAFE,1,lof
Palikir,Micronesia,32.3,42.0,1,31.153846153846153,ED_MODERATE_SAFE,1,hot_but_safe
National,Bolivia,22.4,25.0,1,0.0,ED_VERY_SAFE,1,lof
Riyadh,Saudi Arabia,31.2,31.2,5,61.599999999999994,ED_DANGEROUS,1,iso_forest
Victoria,Seychelles Islands,31.0,38.2,1,34.03333333333334,ED_MODERATE_SAFE,1,hot_but_safe
Khartoum,Sudan,33.5,33.5,4,60.825,ED_DANGEROUS,1,iso_forest
Canberra,Australia,21.1,21.1,2,8.0,ED_VERY_SAFE,1,lof
Bangkok,Thailand,38.2,41.6,2,50.69230769230769,ED_CAUTION,1,iso_forest
Wellington,New Zealand,17.1,17.1,1,0.0,ED_VERY_SAFE,1,lof
Chi Chi Khvar,Iran,19.9,19.9,2,16.4,ED_MODERATE_SAFE,1,lof
Dakar,Senegal,22.3,24.6,2,8.0,ED_VERY_SAFE,1,lof
Praia,Cape Verde,22.3,24.7,1,0.0,ED_VERY_SAFE,1,lof
Phnom Penh,Cambodia,39.2,39.2,3,57.00000000000001,ED_DANGEROUS,1,iso_forest
Suva,Fiji Islands,29.0,36.6,1,22.66666666666667,ED_MODERATE_SAFE,1,lof
Reykjavik,Iceland,7.0,7.0,1,0.0,ED_VERY_SAFE,1,iso_forest
Tehran,Iran,12.4,12.4,3,25.35,ED_MODERATE_SAFE,1,lof
Tokyo,Japan,19.2,19.2,2,8.0,ED_VERY_SAFE,1,lof
Bishkek,Kyrghyzstan,20.5,20.5,2,13.6,ED_VERY_SAFE,1,lof
Ulaanbaatar,Mongolia,9.7,9.7,2,12.6,ED_VERY_SAFE,1,lof
Maputo,Mozambique,22.2,24.6,1,0.0,ED_VERY_SAFE,1,lof
Koror,Palau,31.2,41.7,1,30.80769230769231,ED_MODERATE_SAFE,1,hot_but_safe
Honiara,Solomon Islands,30.0,34.1,1,18.500000000000004,ED_MODERATE_SAFE,1,lof
Port Vila,Vanuatu,29.4,36.2,1,22.000000000000007,ED_MODERATE_SAFE,1,lof
Kabul,Afghanistan,5.8,5.8,1,7.800000000000001,ED_VERY_SAFE,1,lof
Gaborone,Botswana,18.1,18.1,1,0.0,ED_VERY_SAFE,1,lof
Phnom Penh,Cambodia,39.9,40.0,3,58.333333333333336,ED_DANGEROUS,1,iso_forest
Ottawa,Canada,-6.8,-6.8,1,15.069892930692324,ED_MODERATE_SAFE,1,iso_forest
Bangui,Central African Republic,26.0,27.0,1,0.0,ED_VERY_SAFE,1,lof
Beijing,China,19.3,19.3,4,36.3,ED_CAUTION,1,lof
Moroni,Comoros,32.1,43.2,1,36.83846153846154,ED_CAUTION,1,lof
Reykjavik,Iceland,6.0,6.0,1,0.0,ED_VERY_SAFE,1,iso_forest
Majuro,Marshall Islands,28.4,33.6,1,17.666666666666668,ED_MODERATE_SAFE,1,lof
Chi Chi Khvar,Iran,8.5,8.5,1,5.6,ED_VERY_SAFE,1,lof
Luanda,Angola,25.2,27.4,1,1.1999999999999957,ED_VERY_SAFE,1,lof
Stockholm,Sweden,4.3,4.3,1,1.5530691653556143,ED_VERY_SAFE,1,iso_forest
Kuala Lumpur,Malaysia,30.2,33.5,3,46.9,ED_CAUTION,1,lof
Kabul,Afghanistan,14.1,14.1,1,8.7,ED_VERY_SAFE,1,lof
Phnom Penh,Cambodia,38.9,39.6,3,57.66666666666667,ED_DANGEROUS,1,iso_forest
Reykjavik,Iceland,-4.0,-4.0,1,11.469915508885267,ED_VERY_SAFE,1,iso_forest
Majuro,Marshall Islands,29.1,34.4,1,18.999999999999996,ED_MODERATE_SAFE,1,lof
Rangoon,Myanmar,33.1,33.1,2,34.93333333333334,ED_MODERATE_SAFE,1,lof
Pyongyang,North Korea,15.6,15.6,2,8.0,ED_VERY_SAFE,1,lof
Oslo,Norway,2.1,2.1,1,2.3891868619938297,ED_VERY_SAFE,1,iso_forest
Port Moresby,Papua New Guinea,26.4,29.1,1,6.300000000000004,ED_VERY_SAFE,1,lof
Victoria,Seychelles Islands,31.3,38.2,1,34.18333333333334,ED_MODERATE_SAFE,1,hot_but_safe
Khartoum,Sudan,29.6,29.6,4,41.6,ED_CAUTION,1,iso_forest
Kampala,Uganda,21.1,21.1,1,0.0,ED_VERY_SAFE,1,lof
Phnom Penh,Cambodia,38.9,38.9,3,56.5,ED_DANGEROUS,1,iso_forest
Khartoum,Sudan,28.6,28.6,4,38.00000000000001,ED_CAUTION,1,iso_forest
Beijing,China,18.0,18.0,3,21.9,ED_MODERATE_SAFE,1,lof
Tallinn,Estonia,3.1,3.1,1,3.369347521260142,ED_VERY_SAFE,1,iso_forest
Helsinki,Finland,3.1,3.1,1,3.6702001004449905,ED_VERY_SAFE,1,iso_forest
Jakarta,Indonesia,25.1,26.1,4,43.6,ED_CAUTION,1,lof
Bamako,Mali,27.3,27.3,2,8.900000000000002,ED_VERY_SAFE,1,lof
Ulaanbaatar,Mongolia,3.4,3.4,2,11.7,ED_VERY_SAFE,1,lof
Pyongyang,North Korea,10.0,10.0,2,11.2,ED_VERY_SAFE,1,iso_forest
Honiara,Solomon Islands,31.1,38.3,1,25.499999999999996,ED_MODERATE_SAFE,1,hot_but_safe
Juba,Sudan,26.9,26.9,4,32.0,ED_MODERATE_SAFE,1,iso_forest
Colombo,Sri Lanka,33.3,43.8,2,51.93076923076923,ED_CAUTION,1,lof
Ulaanbaatar,Mongolia,4.6,4.6,1,3.2,ED_VERY_SAFE,1,lof
Maputo,Mozambique,22.2,24.6,1,0.0,ED_VERY_SAFE,1,lof
Dushanbe,Tajikistan,12.3,12.8,1,0.0,ED_VERY_SAFE,1,lof
Port Louis,Mauritius,28.2,30.6,1,17.250000000000004,ED_MODERATE_SAFE,1,lof
Ulaanbaatar,Mongolia,4.4,4.4,1,4.9,ED_VERY_SAFE,1,lof
Managua,Nicaragua,26.6,28.9,1,5.699999999999996,ED_VERY_SAFE,1,lof
Juba,Sudan,25.8,25.8,4,32.0,ED_MODERATE_SAFE,1,iso_forest
Bangkok,Thailand,37.2,41.2,1,42.23076923076923,ED_CAUTION,1,iso_forest
Kabul,Afghanistan,13.9,13.9,2,17.6,ED_MODERATE_SAFE,1,lof
Phnom Penh,Cambodia,39.1,40.2,3,58.66666666666667,ED_DANGEROUS,1,iso_forest
Beijing,China,21.1,21.1,4,37.1,ED_CAUTION,1,lof
Djibouti,Djibouti,29.1,33.9,1,23.066666666666663,ED_MODERATE_SAFE,1,lof
Tegucigalpa,Honduras,22.3,24.7,1,0.0,ED_VERY_SAFE,1,lof
Tokyo,Japan,28.2,28.2,2,13.999999999999996,ED_VERY_SAFE,1,lof
Palikir,Micronesia,28.2,33.3,1,17.16666666666666,ED_MODERATE_SAFE,1,lof
Bangkok,Thailand,38.1,40.1,2,36.5,ED_CAUTION,1,lof
Managua,Nicaragua,29.4,34.1,1,18.500000000000004,ED_MODERATE_SAFE,1,lof
Port Moresby,Papua New Guinea,26.3,28.5,1,4.5,ED_VERY_SAFE,1,lof
Riyadh,Saudi Arabia,24.1,24.9,5,49.4,ED_CAUTION,1,iso_forest
Honiara,Solomon Islands,31.4,39.9,1,28.166666666666664,ED_MODERATE_SAFE,1,hot_but_safe
Juba,Sudan,24.6,24.6,4,32.0,ED_MODERATE_SAFE,1,iso_forest
Thimphu,Bhutan,6.1,6.1,1,6.6000000000000005,ED_VERY_SAFE,1,lof
Yamoussoukro,Cote d'Ivoire,23.0,25.5,1,0.0,ED_VERY_SAFE,1,lof
Phnom Penh,Cambodia,39.7,41.3,3,60.34615384615384,ED_DANGEROUS,1,iso_forest
Reykjavik,Iceland,2.1,2.1,1,5.840719622338195,ED_VERY_SAFE,1,iso_forest
Tehran,Iran,19.2,19.2,3,21.9,ED_MODERATE_SAFE,1,lof
Port Louis,Mauritius,28.3,29.9,1,15.299999999999997,ED_MODERATE_SAFE,1,lof
Tokyo,Japan,17.1,17.1,1,0.0,ED_VERY_SAFE,1,iso_forest
Tehran,Iran,16.2,16.2,3,24.75,ED_MODERATE_SAFE,1,lof
Phnom Penh,Cambodia,39.5,39.5,3,57.5,ED_DANGEROUS,1,iso_forest
Moroni,Comoros,30.1,33.7,1,22.63333333333334,ED_MODERATE_SAFE,1,lof
Tallinn,Estonia,0.1,0.1,1,9.14231769946118,ED_VERY_SAFE,1,iso_forest
Paris,France,11.2,11.6,1,0.0,ED_VERY_SAFE,1,lof
Reykjavik,Iceland,4.2,4.2,1,1.1713636673148606,ED_VERY_SAFE,1,iso_forest
Jakarta,Indonesia,30.0,32.0,4,59.0,ED_DANGEROUS,1,lof
Tehran,Iran,14.4,14.4,4,38.9,ED_CAUTION,1,lof
Bishkek,Kyrghyzstan,9.8,9.8,1,0.0,ED_VERY_SAFE,1,lof
Ulaanbaatar,Mongolia,7.3,7.3,2,10.7,ED_VERY_SAFE,1,iso_forest
Podgorica,Montenegro,13.1,13.1,1,0.0,ED_VERY_SAFE,1,lof
Maputo,Mozambique,24.1,25.9,1,0.0,ED_VERY_SAFE,1,lof
San Marino,San Marino,11.0,11.4,1,0.0,ED_VERY_SAFE,1,lof
Riyadh,Saudi Arabia,27.2,27.2,6,54.699999999999996,ED_CAUTION,1,iso_forest
Victoria,Seychelles Islands,31.3,38.3,1,33.599999999999994,ED_MODERATE_SAFE,1,hot_but_safe
Honiara,Solomon Islands,27.3,31.5,1,13.5,ED_VERY_SAFE,1,lof
Seoul,South Korea,9.3,9.3,2,8.0,ED_VERY_SAFE,1,lof
Juba,Sudan,27.1,27.1,4,32.300000000000004,ED_MODERATE_SAFE,1,iso_forest
Khartoum,Sudan,27.4,27.4,3,20.699999999999996,ED_MODERATE_SAFE,1,iso_forest
Ankara,Turkey,2.2,2.2,2,8.0,ED_VERY_SAFE,1,lof
Hanoi,Vietnam,32.4,32.4,2,30.416666666666664,ED_MODERATE_SAFE,1,lof
Kabul,Afghanistan,14.1,14.1,1,9.6,ED_VERY_SAFE,1,lof
Bras,Brazil,23.5,26.2,1,0.0,ED_VERY_SAFE,1,lof
New Delhi,India,38.4,38.4,4,77.19166666666666,ED_VERY_DANGEROUS,1,iso_forest
Tokyo,Japan,15.3,15.3,2,8.0,ED_VERY_SAFE,1,lof
Victoria,Seychelles Islands,31.1,38.4,1,33.916666666666664,ED_MODERATE_SAFE,1,hot_but_safe
Dublin,Ireland,9.0,9.1,1,0.0,ED_VERY_SAFE,1,lof
Nuku`Aloia,Tonga,23.1,25.1,1,0.0,ED_VERY_SAFE,1,lof
Funafuti,Tuvalu,30.2,35.2,1,20.33333333333334,ED_MODERATE_SAFE,1,lof
Buenos Aires,Argentina,18.2,18.2,1,0.0,ED_VERY_SAFE,1,lof
Managua,Nicaragua,31.3,38.8,1,26.33333333333333,ED_MODERATE_SAFE,1,hot_but_safe
Ljubljana,Slovenia,12.0,12.0,1,0.0,ED_VERY_SAFE,1,lof
Honiara,Solomon Islands,32.1,44.1,1,33.57692307692308,ED_MODERATE_SAFE,1,hot_but_safe
Juba,Sudan,29.0,29.0,4,38.0,ED_CAUTION,1,iso_forest
Bangkok,Thailand,29.3,29.4,1,19.199999999999996,ED_MODERATE_SAFE,1,lof
Nuku`Aloia,Tonga,24.3,25.9,1,0.0,ED_VERY_SAFE,1,lof
Ouagadougou,Burkina Faso,31.1,32.0,1,15.0,ED_MODERATE_SAFE,1,lof
Tokyo,Japan,26.2,27.0,2,11.3,ED_VERY_SAFE,1,lof
Juba,Sudan,30.3,30.3,4,41.900000000000006,ED_CAUTION,1,iso_forest
Wellington,New Zealand,17.2,17.2,1,0.0,ED_VERY_SAFE,1,iso_forest
Moscow,Russia,14.2,14.2,2,8.0,ED_VERY_SAFE,1,lof
Honiara,Solomon Islands,31.2,39.2,1,27.000000000000007,ED_MODERATE_SAFE,1,hot_but_safe
Colombo,Sri Lanka,34.3,47.3,2,57.26923076923077,ED_DANGEROUS,1,lof
Khartoum,Sudan,31.7,31.7,3,34.8,ED_MODERATE_SAFE,1,iso_forest
Bern,Switzerland,10.1,10.4,1,0.0,ED_VERY_SAFE,1,lof
Nuku`Aloia,Tonga,24.2,25.7,1,0.0,ED_VERY_SAFE,1,lof
Montevideo,Uruguay,12.1,12.1,1,0.0,ED_VERY_SAFE,1,iso_forest
Phnom Penh,Cambodia,36.7,39.9,4,78.79166666666666,ED_VERY_DANGEROUS,1,iso_forest
Beijing,China,20.4,20.4,3,21.7,ED_MODERATE_SAFE,1,lof
Khartoum,Sudan,32.1,32.1,4,58.491666666666674,ED_DANGEROUS,1,iso_forest
Mogadishu,Somalia,28.3,32.0,1,20.0,ED_MODERATE_SAFE,1,lof
Juba,Sudan,27.1,27.1,4,32.300000000000004,ED_MODERATE_SAFE,1,iso_forest
Riyadh,Saudi Arabia,35.2,35.2,5,82.19583333333334,ED_VERY_DANGEROUS,1,iso_forest
Phnom Penh,Cambodia,37.8,41.8,4,83.54807692307692,ED_VERY_DANGEROUS,1,iso_forest
Jakarta,Indonesia,26.2,27.4,4,43.39999999999999,ED_CAUTION,1,lof
Ulaanbaatar,Mongolia,17.1,17.1,2,15.350000000000001,ED_MODERATE_SAFE,1,lof
Muscat,Oman,39.1,48.9,2,55.815384615384616,ED_DANGEROUS,1,iso_forest
Riyadh,Saudi Arabia,34.3,34.3,2,32.83333333333333,ED_MODERATE_SAFE,1,lof
Victoria,Seychelles Islands,31.2,38.7,1,33.81666666666667,ED_MODERATE_SAFE,1,hot_but_safe
Bern,Switzerland,11.0,11.4,1,0.0,ED_VERY_SAFE,1,lof
Gaborone,Botswana,18.2,18.2,1,0.0,ED_VERY_SAFE,1,lof
Beijing,China,27.3,27.3,3,25.05,ED_MODERATE_SAFE,1,lof
Kuala Lumpur,Malaysia,33.2,44.6,1,44.55384615384615,ED_CAUTION,1,lof
Honiara,Solomon Islands,31.4,42.6,1,31.846153846153847,ED_MODERATE_SAFE,1,hot_but_safe
Honiara,Solomon Islands,31.1,40.2,1,28.66666666666667,ED_MODERATE_SAFE,1,hot_but_safe
Juba,Sudan,31.0,31.0,2,20.0,ED_MODERATE_SAFE,1,lof
Colombo,Sri Lanka,31.1,40.8,1,34.46666666666666,ED_MODERATE_SAFE,1,hot_but_safe
Khartoum,Sudan,32.4,32.4,4,58.99166666666667,ED_DANGEROUS,1,iso_forest
Nuku`Aloia,Tonga,25.3,27.4,1,1.1999999999999957,ED_VERY_SAFE,1,lof
Ouagadougou,Burkina Faso,29.1,29.7,1,8.099999999999998,ED_VERY_SAFE,1,lof
Beijing,China,23.1,23.1,3,23.5,ED_MODERATE_SAFE,1,lof
Conakry,Guinea,25.6,28.0,2,11.0,ED_VERY_SAFE,1,lof
Kuwait City,Kuwait,28.5,28.5,4,41.7,ED_CAUTION,1,lof
Kuala Lumpur,Malaysia,33.4,45.4,2,53.07692307692307,ED_CAUTION,1,lof
Port Louis,Mauritius,28.2,30.3,1,15.000000000000002,ED_MODERATE_SAFE,1,lof
Nan,Thailand,33.1,48.6,1,40.269230769230774,ED_CAUTION,1,lof
Vaduz,Liechtenstein,8.7,8.7,1,0.0,ED_VERY_SAFE,1,lof
Garrapata,Paraguay,15.7,15.7,1,0.0,ED_VERY_SAFE,1,lof
Chi Chi Khvar,Iran,20.9,20.9,2,16.25,ED_MODERATE_SAFE,1,lof
Kingston,Jamaica,27.1,30.4,1,10.199999999999996,ED_VERY_SAFE,1,lof
Majuro,Marshall Islands,30.2,39.0,1,26.666666666666668,ED_MODERATE_SAFE,1,hot_but_safe
Ulaanbaatar,Mongolia,26.5,26.5,1,7.6499999999999995,ED_VERY_SAFE,1,lof
Port Moresby,Papua New Guinea,30.0,35.0,1,20.0,ED_MODERATE_SAFE,1,lof
Riyadh,Saudi Arabia,37.1,37.1,4,69.625,ED_DANGEROUS,1,iso_forest
Ouagadougou,Burkina Faso,30.0,30.0,1,9.0,ED_VERY_SAFE,1,lof
Praia,Cape Verde,22.2,24.6,1,0.0,ED_VERY_SAFE,1,lof
Bangui,Central African Republic,22.1,24.6,1,0.0,ED_VERY_SAFE,1,lof
New Delhi,India,32.4,32.4,4,67.89166666666667,ED_DANGEROUS,1,lof
Kuwait City,Kuwait,32.0,32.0,5,65.2,ED_DANGEROUS,1,iso_forest
Ulaanbaatar,Mongolia,9.7,9.7,1,5.8,ED_VERY_SAFE,1,lof
Doha,Qatar,34.1,34.1,3,42.5,ED_CAUTION,1,lof
Lisbon,Portugal,12.1,12.6,1,0.0,ED_VERY_SAFE,1,lof
Riyadh,Saudi Arabia,32.4,32.4,5,77.22916666666666,ED_VERY_DANGEROUS,1,iso_forest
Singapore,Singapore,26.2,28.2,1,14.399999999999999,ED_VERY_SAFE,1,lof
Mogadishu,Somalia,30.1,37.2,1,25.766666666666673,ED_MODERATE_SAFE,1,lof
Bangkok,Thailand,32.3,33.5,1,29.5,ED_MODERATE_SAFE,1,lof
Bandar Seri Begawan,Brunei Darussalam,26.3,29.1,1,14.700000000000003,ED_VERY_SAFE,1,lof
Praia,Cape Verde,22.3,24.7,1,0.0,ED_VERY_SAFE,1,lof
Phnom Penh,Cambodia,37.9,41.8,3,60.92307692307692,ED_DANGEROUS,1,iso_forest
New Delhi,India,37.0,37.0,4,75.85833333333333,ED_VERY_DANGEROUS,1,iso_forest
Kuwait City,Kuwait,32.7,32.7,3,39.16666666666667,ED_CAUTION,1,lof
Jakarta,Indonesia,34.0,40.8,5,94.92916666666666,ED_VERY_DANGEROUS,1,iso_forest
Beijing,China,32.0,32.0,4,53.45,ED_CAUTION,1,iso_forest
Nassau,Bahamas,27.4,32.1,1,15.16666666666667,ED_MODERATE_SAFE,1,lof
Bangkok,Thailand,35.3,41.2,4,79.40576923076924,ED_VERY_DANGEROUS,1,iso_forest
Kigali,Rwanda,20.3,20.3,2,8.0,ED_VERY_SAFE,1,lof
Honiara,Solomon Islands,32.2,44.3,1,33.80769230769231,ED_MODERATE_SAFE,1,hot_but_safe
Bern,Switzerland,12.4,12.9,1,0.0,ED_VERY_SAFE,1,lof
Porto-Novo,Benin,29.2,37.2,1,23.66666666666667,ED_MODERATE_SAFE,1,lof
Phnom Penh,Cambodia,36.0,39.7,4,80.45833333333334,ED_VERY_DANGEROUS,1,iso_forest
Brazzaville,Congo,23.9,26.5,1,0.0,ED_VERY_SAFE,1,lof
Kinshasa,Democratic Republic of Congo,23.7,26.3,1,0.0,ED_VERY_SAFE,1,lof
Kuala Lumpur,Malaysia,34.1,48.3,3,67.02307692307691,ED_DANGEROUS,1,lof
Ulaanbaatar,Mongolia,18.3,18.3,2,14.899999999999999,ED_VERY_SAFE,1,lof
Lima,Peru,19.9,19.9,1,0.0,ED_VERY_SAFE,1,lof
Victoria,Seychelles Islands,31.0,38.7,1,33.51666666666667,ED_MODERATE_SAFE,1,hot_but_safe
Kampala,Uganda,20.1,20.1,3,18.6,ED_MODERATE_SAFE,1,lof
Abu Dhabi,United Arab Emirates,36.1,50.0,2,55.88461538461539,ED_DANGEROUS,1,lof
Canberra,Australia,18.2,18.2,1,0.0,ED_VERY_SAFE,1,lof
Nassau,Bahamas,27.1,31.2,1,12.599999999999998,ED_VERY_SAFE,1,lof
Havana,Cuba,26.2,28.8,1,5.400000000000002,ED_VERY_SAFE,1,lof
Jakarta,Indonesia,33.3,38.6,5,91.8625,ED_VERY_DANGEROUS,1,iso_forest
Dhidhdhoo,Maldives,29.3,34.4,1,23.999999999999996,ED_MODERATE_SAFE,1,lof
Port Louis,Mauritius,26.1,28.4,1,4.199999999999996,ED_VERY_SAFE,1,lof
Ulaanbaatar,Mongolia,23.7,23.7,1,7.5,ED_VERY_SAFE,1,lof
Honiara,Solomon Islands,31.3,42.6,1,31.846153846153847,ED_MODERATE_SAFE,1,hot_but_safe
Ouagadougou,Burkina Faso,29.2,29.6,1,7.800000000000004,ED_VERY_SAFE,1,lof
Thimphu,Bhutan,9.1,9.1,1,11.3,ED_VERY_SAFE,1,lof
Luanda,Angola,23.6,26.0,1,0.0,ED_VERY_SAFE,1,lof
Baku,Azerbaijan,14.0,14.0,1,2.3999999999999995,ED_VERY_SAFE,1,lof
Phnom Penh,Cambodia,38.5,41.6,4,83.2173076923077,ED_VERY_DANGEROUS,1,iso_forest
New Delhi,India,39.3,39.3,4,78.39166666666667,ED_VERY_DANGEROUS,1,iso_forest
Kuala Lumpur,Malaysia,36.2,42.7,3,61.96153846153847,ED_DANGEROUS,1,iso_forest
Ulaanbaatar,Mongolia,6.5,6.5,1,5.0,ED_VERY_SAFE,1,lof
Rabat,Morocco,16.3,16.3,1,0.0,ED_VERY_SAFE,1,lof
Carreria,Paraguay,21.7,21.7,1,0.0,ED_VERY_SAFE,1,lof
Moscow,Russia,0.1,0.1,1,9.544866476486378,ED_VERY_SAFE,1,iso_forest
Kampala,Uganda,21.1,21.1,2,8.0,ED_VERY_SAFE,1,lof
Abu Dhabi,United Arab Emirates,35.1,48.2,2,53.957692307692305,ED_CAUTION,1,lof
Algiers,Algeria,17.3,17.3,2,8.0,ED_VERY_SAFE,1,lof
Nassau,Bahamas,23.3,25.4,1,0.0,ED_VERY_SAFE,1,lof
Douala,Cameroon,23.2,25.5,1,0.0,ED_VERY_SAFE,1,lof
Belmopan,Belize,21.3,21.3,1,0.0,ED_VERY_SAFE,1,lof
Mbabane,Swaziland,12.9,13.1,1,0.0,ED_VERY_SAFE,1,lof
Tokyo,Japan,23.1,24.8,2,11.1,ED_VERY_SAFE,1,lof
Muscat,Oman,38.0,45.9,2,52.753846153846155,ED_CAUTION,1,lof
Islamabad,Pakistan,33.1,33.1,1,21.233333333333334,ED_MODERATE_SAFE,1,lof
Moscow,Russia,0.1,0.1,1,9.14231769946118,ED_VERY_SAFE,1,iso_forest
Honiara,Solomon Islands,31.3,42.4,1,31.615384615384613,ED_MODERATE_SAFE,1,hot_but_safe
Pretoria,South Africa,15.1,15.1,3,18.0,ED_MODERATE_SAFE,1,lof
Tunis,Tunisia,17.3,17.3,1,0.0,ED_VERY_SAFE,1,lof
Manama,Bahrain,24.6,26.6,3,23.5,ED_MODERATE_SAFE,1,lof
Bandar Seri Begawan,Brunei Darussalam,29.1,32.7,2,34.76666666666667,ED_MODERATE_SAFE,1,lof
Honiara,Solomon Islands,31.2,40.3,1,28.83333333333333,ED_MODERATE_SAFE,1,hot_but_safe
Victoria,Seychelles Islands,31.3,39.2,1,27.000000000000007,ED_MODERATE_SAFE,1,hot_but_safe
Kigali,Rwanda,20.3,20.3,2,8.0,ED_VERY_SAFE,1,lof
Canberra,Australia,21.1,21.1,1,0.0,ED_VERY_SAFE,1,lof
Belmopan,Belize,20.4,20.4,1,0.0,ED_VERY_SAFE,1,lof
New Delhi,India,38.2,38.2,4,76.75833333333334,ED_VERY_DANGEROUS,1,iso_forest
Tehran,Iran,19.3,19.3,3,27.1,ED_MODERATE_SAFE,1,lof
Palikir,Micronesia,31.2,40.5,1,29.166666666666668,ED_MODERATE_SAFE,1,hot_but_safe
Moscow,Russia,2.3,2.3,1,4.397126358774614,ED_VERY_SAFE,1,iso_forest
Honiara,Solomon Islands,30.4,38.3,1,25.499999999999996,ED_MODERATE_SAFE,1,hot_but_safe
Beijing,China,28.2,28.2,4,39.99999999999999,ED_CAUTION,1,lof
Zagreb,Croatia,9.2,9.4,1,0.0,ED_VERY_SAFE,1,lof
New Delhi,India,39.0,39.0,4,77.19166666666668,ED_VERY_DANGEROUS,1,iso_forest
Moscow,Russia,4.2,4.2,2,8.0,ED_VERY_SAFE,1,lof
Singapore,Singapore,35.1,49.6,1,51.92307692307692,ED_CAUTION,1,lof
Honiara,Solomon Islands,31.1,41.7,1,30.80769230769231,ED_MODERATE_SAFE,1,hot_but_safe
Kampala,Uganda,21.3,21.3,2,8.0,ED_VERY_SAFE,1,lof
Minsk,Belarus,2.1,2.1,1,5.840719622338195,ED_VERY_SAFE,1,iso_forest
Tallinn,Estonia,2.3,2.3,1,6.681424430334491,ED_VERY_SAFE,1,iso_forest
Helsinki,Finland,1.4,1.4,1,7.935869126973357,ED_VERY_SAFE,1,iso_forest
New Delhi,India,39.3,39.3,4,78.49166666666666,ED_VERY_DANGEROUS,1,iso_forest
Riga,Latvia,4.2,4.2,1,2.2777172017225773,ED_VERY_SAFE,1,iso_forest
Nan,Thailand,25.1,25.3,3,27.5,ED_MODERATE_SAFE,1,lof
Moscow,Russia,7.1,7.1,2,8.0,ED_VERY_SAFE,1,lof
Phnom Penh,Cambodia,37.0,40.7,4,82.125,ED_VERY_DANGEROUS,1,iso_forest
Mexico City,Mexico,22.3,23.6,2,8.0,ED_VERY_SAFE,1,lof
Bern,Switzerland,10.2,10.5,1,0.0,ED_VERY_SAFE,1,lof
Phnom Penh,Cambodia,37.9,41.6,4,83.3173076923077,ED_VERY_DANGEROUS,1,iso_forest
Mogadishu,Somalia,29.2,34.0,1,23.43333333333333,ED_MODERATE_SAFE,1,lof
Bangkok,Thailand,24.2,24.8,2,20.0,ED_MODERATE_SAFE,1,lof
Thimphu,Bhutan,7.7,7.7,1,9.3,ED_VERY_SAFE,1,lof
Tegucigalpa,Honduras,22.2,24.6,3,18.0,ED_MODERATE_SAFE,1,lof
Kuala Lumpur,Malaysia,35.1,45.9,2,55.65384615384615,ED_DANGEROUS,1,iso_forest
Kigali,Rwanda,20.2,20.2,1,0.0,ED_VERY_SAFE,1,lof
Riyadh,Saudi Arabia,30.3,30.3,5,59.800000000000004,ED_DANGEROUS,1,iso_forest
Honiara,Solomon Islands,30.2,38.5,1,25.833333333333336,ED_MODERATE_SAFE,1,hot_but_safe
Mogadishu,Somalia,30.4,36.0,1,26.866666666666667,ED_MODERATE_SAFE,1,lof
Thimphu,Bhutan,7.9,7.9,1,9.2,ED_VERY_SAFE,1,lof
Suva,Fiji Islands,22.2,24.7,1,0.0,ED_VERY_SAFE,1,lof
Ulaanbaatar,Mongolia,18.1,18.1,1,6.449999999999999,ED_VERY_SAFE,1,lof
Banjul,Gambia,20.1,20.1,2,8.0,ED_VERY_SAFE,1,lof
Tegucigalpa,Honduras,22.3,24.7,3,18.0,ED_MODERATE_SAFE,1,lof
Jerusalem,Israel,25.2,25.9,1,2.3999999999999995,ED_VERY_SAFE,1,lof
Tokyo,Japan,24.2,25.0,2,11.5,ED_VERY_SAFE,1,lof
Palikir,Micronesia,31.2,39.1,1,26.833333333333336,ED_MODERATE_SAFE,1,hot_but_safe
Muscat,Oman,41.1,43.1,2,48.67307692307693,ED_CAUTION,1,iso_forest
Lisbon,Portugal,12.3,12.6,1,0.0,ED_VERY_SAFE,1,lof
Victoria,Seychelles Islands,31.2,39.2,1,34.2,ED_MODERATE_SAFE,1,hot_but_safe
Honiara,Solomon Islands,32.2,44.0,1,33.46153846153846,ED_MODERATE_SAFE,1,hot_but_safe
Seoul,South Korea,16.2,16.2,4,32.0,ED_MODERATE_SAFE,1,lof
Honiara,Solomon Islands,25.3,27.8,1,2.400000000000002,ED_VERY_SAFE,1,lof
Pyongyang,North Korea,22.6,23.1,3,22.5,ED_MODERATE_SAFE,1,lof
Maputo,Mozambique,24.1,25.7,1,0.0,ED_VERY_SAFE,1,lof
Podgorica,Montenegro,14.1,14.1,1,0.0,ED_VERY_SAFE,1,lof
Islamabad,Pakistan,30.6,30.6,2,28.600000000000005,ED_MODERATE_SAFE,1,lof
Koror,Palau,30.0,38.2,1,25.33333333333334,ED_MODERATE_SAFE,1,hot_but_safe
Honiara,Solomon Islands,31.2,40.1,1,28.500000000000004,ED_MODERATE_SAFE,1,hot_but_safe
Mogadishu,Somalia,29.3,34.1,1,23.400000000000006,ED_MODERATE_SAFE,1,lof
Bangkok,Thailand,38.4,41.9,1,43.03846153846153,ED_CAUTION,1,lof
Abu Dhabi,United Arab Emirates,38.2,40.2,3,53.71666666666667,ED_CAUTION,1,iso_forest
Thimphu,Bhutan,8.9,8.9,1,8.850000000000001,ED_VERY_SAFE,1,lof
Phnom Penh,Cambodia,38.6,41.3,4,82.77115384615384,ED_VERY_DANGEROUS,1,iso_forest
New Delhi,India,35.3,35.7,4,71.29166666666667,ED_DANGEROUS,1,iso_forest
Laos,Indonesia,25.6,29.0,1,6.0,ED_VERY_SAFE,1,lof
Rangoon,Myanmar,35.2,36.8,2,41.9,ED_CAUTION,1,lof
Wellington,New Zealand,13.3,13.3,1,0.0,ED_VERY_SAFE,1,lof
Mogadishu,Somalia,30.3,37.0,1,23.333333333333336,ED_MODERATE_SAFE,1,lof
Bangkok,Thailand,31.3,31.4,1,25.199999999999996,ED_MODERATE_SAFE,1,lof
Funafuti,Tuvalu,31.1,38.6,1,26.000000000000004,ED_MODERATE_SAFE,1,hot_but_safe
Montevideo,Uruguay,11.1,11.5,1,0.0,ED_VERY_SAFE,1,lof
Bras,Brazil,23.8,26.4,1,0.0,ED_VERY_SAFE,1,lof
Phnom Penh,Cambodia,37.2,39.8,4,80.425,ED_VERY_DANGEROUS,1,iso_forest
Tokyo,Japan,18.2,18.2,1,0.0,ED_VERY_SAFE,1,lof
Port Louis,Mauritius,28.2,31.7,1,19.199999999999996,ED_MODERATE_SAFE,1,lof
Mexico City,Mexico,22.2,23.2,2,8.0,ED_VERY_SAFE,1,lof
Suva,Fiji Islands,30.1,38.7,1,26.16666666666667,ED_MODERATE_SAFE,1,hot_but_safe
Copenhagen,Denmark,-2.8,-2.8,1,16.153673464883433,ED_MODERATE_SAFE,1,iso_forest
Beijing,China,15.3,15.3,5,45.0,ED_CAUTION,1,iso_forest
Dakar,Senegal,24.1,25.7,2,8.0,ED_VERY_SAFE,1,lof
Honiara,Solomon Islands,32.1,41.8,1,30.92307692307692,ED_MODERATE_SAFE,1,hot_but_safe
Luanda,Angola,25.2,27.6,1,1.8000000000000043,ED_VERY_SAFE,1,lof
Sarajevo,Bosnia and Herzegovina,2.1,2.1,4,32.0,ED_MODERATE_SAFE,1,iso_forest
Yamoussoukro,Cote d'Ivoire,22.2,24.8,1,0.0,ED_VERY_SAFE,1,lof
Praia,Cape Verde,23.1,25.1,1,0.0,ED_VERY_SAFE,1,lof
Banjul,Gambia,21.3,21.3,1,0.0,ED_VERY_SAFE,1,lof
Conakry,Guinea,26.3,28.0,2,11.0,ED_VERY_SAFE,1,lof
Reykjavik,Iceland,1.1,1.1,1,10.506830025711526,ED_VERY_SAFE,1,iso_forest
Ulaanbaatar,Mongolia,-19.8,-19.8,1,23.166666666666668,ED_MODERATE_SAFE,1,iso_forest
Aguaray,Paraguay,25.5,26.6,1,0.0,ED_VERY_SAFE,1,lof
Honiara,Solomon Islands,32.3,42.0,1,31.153846153846153,ED_MODERATE_SAFE,1,hot_but_safe
Ulaanbaatar,Mongolia,-12.0,-12.0,2,24.666666666666664,ED_MODERATE_SAFE,1,iso_forest
Bridgetown,Barbados,26.3,28.6,1,4.800000000000004,ED_VERY_SAFE,1,lof
Ottawa,Canada,-2.7,-2.7,1,15.118157267219857,ED_MODERATE_SAFE,1,iso_forest
Georgetown,Guyana,23.3,25.5,1,0.0,ED_VERY_SAFE,1,lof
Reykjavik,Iceland,6.2,6.2,1,0.0,ED_VERY_SAFE,1,iso_forest
Wellington,New Zealand,17.2,17.2,1,0.0,ED_VERY_SAFE,1,iso_forest
National,Bolivia,22.6,25.1,1,0.0,ED_VERY_SAFE,1,lof
Warsaw,Poland,1.1,1.1,4,33.421931163103785,ED_MODERATE_SAFE,1,iso_forest
Dakar,Senegal,25.2,26.9,2,8.0,ED_VERY_SAFE,1,lof
Bridgetown,Barbados,26.2,28.9,1,5.699999999999996,ED_VERY_SAFE,1,lof
Gaborone,Botswana,22.2,24.6,1,6.0,ED_VERY_SAFE,1,lof
Dakar,Senegal,25.3,26.6,2,8.0,ED_VERY_SAFE,1,lof
Majuro,Marshall Islands,28.4,33.0,1,16.666666666666668,ED_MODERATE_SAFE,1,lof
Singapore,Singapore,32.0,39.3,1,31.066666666666663,ED_MODERATE_SAFE,1,hot_but_safe
Tokyo,Japan,17.2,17.2,2,8.0,ED_VERY_SAFE,1,lof
Mogadishu,Somalia,28.5,31.8,1,19.400000000000002,ED_MODERATE_SAFE,1,lof
Damascus,Syria,6.0,6.0,1,0.0,ED_VERY_SAFE,1,lof
Andorra La Vella,Andorra,-8.0,-8.0,1,18.998532679497277,ED_MODERATE_SAFE,1,iso_forest
Havana,Cuba,23.1,25.6,1,0.0,ED_VERY_SAFE,1,lof
Reykjavik,Iceland,0.1,0.1,1,7.540621316148044,ED_VERY_SAFE,1,iso_forest
Ulaanbaatar,Mongolia,-11.7,-11.7,2,24.416666666666664,ED_MODERATE_SAFE,1,iso_forest
Aguaray,Paraguay,25.8,27.2,1,0.5999999999999979,ED_VERY_SAFE,1,lof
Manila,Philippines,31.3,38.4,1,27.766666666666666,ED_MODERATE_SAFE,1,hot_but_safe
Colombo,Sri Lanka,24.0,26.5,1,0.0,ED_VERY_SAFE,1,lof
Beijing,China,8.4,8.5,5,45.0,ED_CAUTION,1,iso_forest
Kuala Lumpur,Malaysia,24.1,26.9,1,0.0,ED_VERY_SAFE,1,lof
Kuala Lumpur,Malaysia,32.0,39.4,1,33.78333333333333,ED_MODERATE_SAFE,1,hot_but_safe
Palikir,Micronesia,31.1,38.2,1,25.33333333333334,ED_MODERATE_SAFE,1,hot_but_safe
Colombo,Sri Lanka,22.2,24.7,1,0.0,ED_VERY_SAFE,1,lof
Bras,Brazil,24.6,27.3,1,0.9000000000000021,ED_VERY_SAFE,1,lof
Bandar Seri Begawan,Brunei Darussalam,29.4,39.9,1,28.166666666666664,ED_MODERATE_SAFE,1,hot_but_safe
Praia,Cape Verde,23.0,25.0,1,0.0,ED_VERY_SAFE,1,lof
Beijing,China,16.1,16.1,5,45.0,ED_CAUTION,1,iso_forest
Brazzaville,Congo,24.1,26.4,1,0.0,ED_VERY_SAFE,1,lof
Kinshasa,Democratic Republic of Congo,24.1,26.4,1,0.0,ED_VERY_SAFE,1,lof
Banjul,Gambia,22.3,24.6,1,0.0,ED_VERY_SAFE,1,lof
Reykjavik,Iceland,-7.7,-7.7,1,16.0547176591514,ED_MODERATE_SAFE,1,iso_forest
Beijing,China,-0.9,-0.9,2,17.428705872393238,ED_MODERATE_SAFE,1,iso_forest
Malabo,Equatorial Guinea,27.1,30.2,1,9.599999999999998,ED_VERY_SAFE,1,lof
Banjul,Gambia,22.1,24.5,2,8.0,ED_VERY_SAFE,1,lof
Ulaanbaatar,Mongolia,-14.0,-14.0,3,36.33333333333333,ED_CAUTION,1,iso_forest
Manama,Bahrain,23.1,25.1,3,21.4,ED_MODERATE_SAFE,1,lof
Beijing,China,5.3,5.3,4,32.0,ED_MODERATE_SAFE,1,iso_forest
Zagreb,Croatia,3.1,3.1,4,32.0,ED_MODERATE_SAFE,1,iso_forest
Port Louis,Mauritius,28.1,30.3,1,21.900000000000002,ED_MODERATE_SAFE,1,lof
National,Bolivia,21.1,21.1,1,0.0,ED_VERY_SAFE,1,lof
Port Moresby,Papua New Guinea,30.3,38.8,1,26.33333333333333,ED_MODERATE_SAFE,1,hot_but_safe
Moscow,Russia,1.4,1.4,4,33.060108373161135,ED_MODERATE_SAFE,1,iso_forest
Honiara,Solomon Islands,31.3,41.8,1,30.92307692307692,ED_MODERATE_SAFE,1,hot_but_safe
Bandar Seri Begawan,Brunei Darussalam,30.2,38.7,1,29.86666666666667,ED_MODERATE_SAFE,1,hot_but_safe
Beijing,China,7.0,7.0,4,32.0,ED_MODERATE_SAFE,1,iso_forest
National,Bolivia,20.9,21.0,1,0.0,ED_VERY_SAFE,1,lof
Ulaanbaatar,Mongolia,-21.9,-21.9,2,36.69497151628174,ED_CAUTION,1,iso_forest
Aguaray,Paraguay,23.7,25.3,2,8.0,ED_VERY_SAFE,1,lof
Moscow,Russia,2.2,2.2,4,32.0,ED_MODERATE_SAFE,1,iso_forest
Apia,Samoa,26.3,27.2,1,0.5999999999999979,ED_VERY_SAFE,1,lof
Dakar,Senegal,22.1,24.6,1,0.0,ED_VERY_SAFE,1,lof
Bandar Seri Begawan,Brunei Darussalam,30.0,38.4,1,29.966666666666665,ED_MODERATE_SAFE,1,hot_but_safe
Beijing,China,11.2,11.6,5,45.0,ED_CAUTION,1,iso_forest
Nicosia,Cyprus,18.2,18.2,2,8.0,ED_VERY_SAFE,1,lof
Suva,Fiji Islands,24.1,26.5,1,0.0,ED_VERY_SAFE,1,lof
Moscow,Russia,2.1,2.1,4,32.0,ED_MODERATE_SAFE,1,iso_forest
Apia,Samoa,26.2,27.7,1,2.099999999999998,ED_VERY_SAFE,1,lof
Nassau,Bahamas,24.2,27.1,1,0.30000000000000426,ED_VERY_SAFE,1,lof
Montevideo,Uruguay,13.3,13.7,1,0.0,ED_VERY_SAFE,1,lof
Seoul,South Korea,-2.7,-2.7,1,14.029066874097328,ED_VERY_SAFE,1,iso_forest
Dakar,Senegal,22.4,24.7,2,8.0,ED_VERY_SAFE,1,lof
Pyongyang,North Korea,-4.9,-4.9,1,17.337200796534795,ED_MODERATE_SAFE,1,iso_forest
National,Bolivia,22.5,25.0,1,0.0,ED_VERY_SAFE,1,lof
Aguaray,Paraguay,23.0,25.5,1,0.0,ED_VERY_SAFE,1,lof
Warsaw,Poland,1.3,1.3,4,32.17195069799813,ED_MODERATE_SAFE,1,iso_forest
Moscow,Russia,0.1,0.1,4,35.15659902540029,ED_CAUTION,1,iso_forest
Dakar,Senegal,25.1,26.9,2,8.0,ED_VERY_SAFE,1,lof
Belgrade,Serbia,1.2,1.2,4,33.025552447488366,ED_MODERATE_SAFE,1,iso_forest
Seoul,South Korea,2.3,2.3,2,11.899297898936162,ED_VERY_SAFE,1,iso_forest
Damascus,Syria,7.3,7.3,1,0.0,ED_VERY_SAFE,1,lof
Montevideo,Uruguay,14.2,14.4,1,0.0,ED_VERY_SAFE,1,lof
Bras,Brazil,22.9,25.4,2,8.0,ED_VERY_SAFE,1,lof
Ottawa,Canada,-12.9,-12.9,1,17.416666666666664,ED_MODERATE_SAFE,1,iso_forest
Beijing,China,3.1,3.1,4,32.0,ED_MODERATE_SAFE,1,iso_forest
Kinshasa,Democratic Republic of Congo,22.1,24.6,1,0.0,ED_VERY_SAFE,1,lof
Banjul,Gambia,22.0,24.4,2,8.0,ED_VERY_SAFE,1,lof
Tokyo,Japan,13.2,13.5,4,32.0,ED_MODERATE_SAFE,1,lof
Ulaanbaatar,Mongolia,-16.9,-16.9,2,28.75,ED_MODERATE_SAFE,1,iso_forest
Wellington,New Zealand,13.1,13.1,1,0.0,ED_VERY_SAFE,1,iso_forest
Pyongyang,North Korea,-7.8,-7.8,1,20.242629865787666,ED_MODERATE_SAFE,1,iso_forest
National,Bolivia,21.3,21.3,1,0.0,ED_VERY_SAFE,1,lof
Port Moresby,Papua New Guinea,31.3,41.0,1,30.0,ED_MODERATE_SAFE,1,hot_but_safe
Honiara,Solomon Islands,32.1,41.9,1,31.038461538461537,ED_MODERATE_SAFE,1,hot_but_safe
Moscow,Russia,0.1,0.1,4,32.0,ED_MODERATE_SAFE,1,iso_forest
Dushanbe,Tajikistan,7.0,7.0,1,1.1999999999999997,ED_VERY_SAFE,1,lof
Kuwait City,Kuwait,21.7,21.7,3,21.1,ED_MODERATE_SAFE,1,lof
Helsinki,Finland,-10.0,-10.0,1,18.590482882405652,ED_MODERATE_SAFE,1,iso_forest
Tehran,Iran,16.4,16.4,4,33.2,ED_MODERATE_SAFE,1,iso_forest
Ulaanbaatar,Mongolia,-6.0,-6.0,1,12.59422163026346,ED_VERY_SAFE,1,iso_forest
Rabat,Morocco,10.4,10.4,1,0.0,ED_VERY_SAFE,1,lof
Doha,Qatar,30.4,30.7,1,15.499999999999998,ED_MODERATE_SAFE,1,lof
Riyadh,Saudi Arabia,22.4,23.0,5,49.1,ED_CAUTION,1,iso_forest
Stockholm,Sweden,-7.7,-7.7,1,16.20477762400211,ED_MODERATE_SAFE,1,iso_forest
Bangkok,Thailand,29.3,34.0,1,18.333333333333332,ED_MODERATE_SAFE,1,lof
Beijing,China,12.2,12.2,4,32.0,ED_MODERATE_SAFE,1,iso_forest
Tehran,Iran,16.1,16.1,4,33.5,ED_MODERATE_SAFE,1,iso_forest
Ulaanbaatar,Mongolia,-4.9,-4.9,1,7.3500000000000005,ED_VERY_SAFE,1,iso_forest
Bandar Seri Begawan,Brunei Darussalam,31.1,40.8,1,34.766666666666666,ED_MODERATE_SAFE,1,hot_but_safe
National,Bolivia,21.2,21.2,1,0.0,ED_VERY_SAFE,1,lof
Riyadh,Saudi Arabia,22.0,22.7,5,49.2,ED_CAUTION,1,iso_forest
Singapore,Singapore,30.3,38.3,1,28.999999999999996,ED_MODERATE_SAFE,1,hot_but_safe
Honiara,Solomon Islands,31.2,40.8,1,29.666666666666664,ED_MODERATE_SAFE,1,hot_but_safe
Manama,Bahrain,25.1,26.4,2,12.0,ED_VERY_SAFE,1,lof
Bandar Seri Begawan,Brunei Darussalam,31.3,44.5,1,34.03846153846154,ED_MODERATE_SAFE,1,hot_but_safe
Beijing,China,16.3,16.3,4,32.0,ED_MODERATE_SAFE,1,iso_forest
Tehran,Iran,16.2,16.2,4,33.2,ED_MODERATE_SAFE,1,iso_forest
Baghdad,Iraq,20.7,20.7,2,8.600000000000001,ED_VERY_SAFE,1,lof
S-Chanf,Switzerland,-7.0,-7.0,1,17.76475176432344,ED_MODERATE_SAFE,1,iso_forest
Tallinn,Estonia,-5.9,-5.9,1,15.836246949865604,ED_MODERATE_SAFE,1,iso_forest
Stockholm,Sweden,-6.7,-6.7,1,15.47346490382725,ED_MODERATE_SAFE,1,iso_forest
Manila,Philippines,32.2,41.4,1,30.46153846153846,ED_MODERATE_SAFE,1,hot_but_safe
Helsinki,Finland,1.2,1.2,1,1.248464376874134,ED_VERY_SAFE,1,iso_forest
Kuwait City,Kuwait,27.2,27.5,4,33.5,ED_MODERATE_SAFE,1,lof
Ulaanbaatar,Mongolia,-13.7,-13.7,1,21.85632330505301,ED_MODERATE_SAFE,1,iso_forest
National,Bolivia,21.8,21.8,1,0.0,ED_VERY_SAFE,1,lof
Riyadh,Saudi Arabia,26.2,26.2,5,49.3,ED_CAUTION,1,iso_forest
Colombo,Sri Lanka,33.2,46.0,1,47.06923076923077,ED_CAUTION,1,lof
Montevideo,Uruguay,24.1,25.5,1,0.0,ED_VERY_SAFE,1,lof
Hanoi,Vietnam,27.3,29.6,2,15.800000000000004,ED_MODERATE_SAFE,1,lof
Bandar Seri Begawan,Brunei Darussalam,31.2,40.4,1,32.1,ED_MODERATE_SAFE,1,hot_but_safe
Ottawa,Canada,-2.0,-2.0,1,12.680595201952148,ED_VERY_SAFE,1,iso_forest
Suva,Fiji Islands,23.3,25.4,1,0.0,ED_VERY_SAFE,1,lof
Jakarta,Indonesia,32.4,35.2,3,49.033333333333346,ED_CAUTION,1,lof
Ulaanbaatar,Mongolia,-6.7,-6.7,1,10.05,ED_VERY_SAFE,1,iso_forest
Ulaanbaatar,Mongolia,-11.9,-11.9,1,16.583333333333332,ED_MODERATE_SAFE,1,iso_forest
Pyongyang,North Korea,2.0,2.0,1,4.7296273499911745,ED_VERY_SAFE,1,iso_forest
Apia,Samoa,24.0,25.7,1,0.0,ED_VERY_SAFE,1,lof
Singapore,Singapore,25.2,27.2,2,11.799999999999997,ED_VERY_SAFE,1,lof
Colombo,Sri Lanka,30.2,41.1,1,30.115384615384617,ED_MODERATE_SAFE,1,hot_but_safe
Stockholm,Sweden,-3.6,-3.6,1,12.85630203017645,ED_VERY_SAFE,1,iso_forest
Reykjavik,Iceland,-2.7,-2.7,1,10.420138203639741,ED_VERY_SAFE,1,iso_forest
Jakarta,Indonesia,24.0,25.4,4,40.1,ED_CAUTION,1,lof
Tokyo,Japan,13.0,13.6,2,8.0,ED_VERY_SAFE,1,lof
Kuwait City,Kuwait,21.8,21.8,4,35.2,ED_CAUTION,1,lof
Singapore,Singapore,31.2,39.1,1,32.43333333333334,ED_MODERATE_SAFE,1,hot_but_safe
Cairo,Egypt,28.0,28.0,3,21.0,ED_MODERATE_SAFE,1,lof
Malabo,Equatorial Guinea,29.4,35.9,1,21.5,ED_MODERATE_SAFE,1,lof
Beijing,China,6.3,6.3,4,32.0,ED_MODERATE_SAFE,1,iso_forest
Kuala Lumpur,Malaysia,26.0,28.2,1,12.299999999999997,ED_VERY_SAFE,1,lof
Port Louis,Mauritius,30.3,34.3,1,30.83333333333333,ED_MODERATE_SAFE,1,lof
Ulaanbaatar,Mongolia,-13.7,-13.7,1,22.197970166133505,ED_MODERATE_SAFE,1,iso_forest
Warsaw,Poland,-3.6,-3.6,2,20.319896299910514,ED_MODERATE_SAFE,1,iso_forest
Moscow,Russia,3.1,3.1,3,19.95632568766466,ED_MODERATE_SAFE,1,iso_forest
Dakar,Senegal,26.3,27.6,2,9.800000000000004,ED_VERY_SAFE,1,lof
Honiara,Solomon Islands,30.3,39.0,1,26.666666666666668,ED_MODERATE_SAFE,1,hot_but_safe
Stockholm,Sweden,-3.0,-3.0,1,4.5,ED_VERY_SAFE,1,iso_forest
Luanda,Angola,29.4,34.6,1,19.633333333333336,ED_MODERATE_SAFE,1,lof
Buenos Aires,Argentina,15.0,15.0,1,0.0,ED_VERY_SAFE,1,lof
Prague,Czech Republic,-0.7,-0.7,2,9.049999999999999,ED_VERY_SAFE,1,iso_forest
Banjul,Gambia,25.1,26.2,1,0.0,ED_VERY_SAFE,1,lof
Tehran,Iran,15.1,15.1,4,35.4,ED_CAUTION,1,iso_forest
Tokyo,Japan,11.2,11.2,4,32.0,ED_MODERATE_SAFE,1,lof
Kuwait City,Kuwait,24.6,24.6,3,21.1,ED_MODERATE_SAFE,1,lof
S-Chanf,Switzerland,-2.9,-2.9,1,11.79938973980799,ED_VERY_SAFE,1,iso_forest
Colombo,Sri Lanka,28.4,34.4,1,23.999999999999996,ED_MODERATE_SAFE,1,lof
Canberra,Australia,24.3,24.3,1,0.0,ED_VERY_SAFE,1,lof
Beijing,China,6.1,6.1,5,45.0,ED_CAUTION,1,iso_forest
Suva,Fiji Islands,23.4,25.6,1,0.0,ED_VERY_SAFE,1,lof
Ulaanbaatar,Mongolia,-12.8,-12.8,1,21.43826847084659,ED_MODERATE_SAFE,1,iso_forest
Koror,Palau,31.0,38.8,1,31.033333333333328,ED_MODERATE_SAFE,1,hot_but_safe
Vilnius,Lithuania,-3.0,-3.0,1,8.277082894038124,ED_VERY_SAFE,1,iso_forest
Suva,Fiji Islands,25.0,27.7,1,2.099999999999998,ED_VERY_SAFE,1,lof
Malabo,Equatorial Guinea,28.0,32.6,1,16.000000000000004,ED_MODERATE_SAFE,1,lof
Prague,Czech Republic,-2.8,-2.8,1,10.032479916603396,ED_VERY_SAFE,1,iso_forest
Tehran,Iran,16.2,16.2,4,33.5,ED_MODERATE_SAFE,1,iso_forest
Jerusalem,Israel,31.2,31.2,2,20.599999999999998,ED_MODERATE_SAFE,1,lof
Astana,Kazakhstan,-1.6,-1.6,1,7.403970756129455,ED_VERY_SAFE,1,iso_forest
Tarawa,Kiribati,27.4,30.6,1,10.800000000000004,ED_VERY_SAFE,1,lof
Beirut,Lebanon,31.3,31.7,2,22.099999999999998,ED_MODERATE_SAFE,1,lof
Windhoek,Namibia,29.4,29.4,1,11.199999999999996,ED_VERY_SAFE,1,lof
Skopje,Macedonia,12.4,12.9,1,0.0,ED_VERY_SAFE,1,lof
National,Bolivia,21.6,21.6,1,0.0,ED_VERY_SAFE,1,lof
Moscow,Russia,1.1,1.1,4,32.77517269065761,ED_MODERATE_SAFE,1,iso_forest
Dakar,Senegal,27.0,29.1,2,14.300000000000004,ED_VERY_SAFE,1,lof
Honiara,Solomon Islands,25.1,27.5,1,1.5,ED_VERY_SAFE,1,lof
Colombo,Sri Lanka,30.3,37.4,2,43.8,ED_CAUTION,1,lof
Malabo,Equatorial Guinea,23.4,25.4,1,0.0,ED_VERY_SAFE,1,lof
Libreville,Gabon,25.3,28.3,1,3.900000000000002,ED_VERY_SAFE,1,lof
Tehran,Iran,17.1,17.1,4,33.2,ED_MODERATE_SAFE,1,iso_forest
Vilnius,Lithuania,-6.7,-6.7,1,14.439517036548772,ED_VERY_SAFE,1,iso_forest
Apia,Samoa,26.1,28.3,1,3.900000000000002,ED_VERY_SAFE,1,lof
Riyadh,Saudi Arabia,16.3,16.3,4,36.1,ED_CAUTION,1,iso_forest
Nuku`Aloia,Tonga,25.0,27.9,1,2.6999999999999957,ED_VERY_SAFE,1,lof
Port Vila,Vanuatu,28.4,32.3,1,15.499999999999995,ED_MODERATE_SAFE,1,lof
Canberra,Australia,23.0,24.9,1,0.0,ED_VERY_SAFE,1,lof
Dakar,Senegal,23.8,25.5,2,8.0,ED_VERY_SAFE,1,lof
Funafuti,Tuvalu,28.3,31.6,1,13.800000000000004,ED_VERY_SAFE,1,lof
Ulaanbaatar,Mongolia,-17.9,-17.9,1,21.583333333333332,ED_MODERATE_SAFE,1,iso_forest
Victoria,Seychelles Islands,26.2,28.5,1,16.4,ED_MODERATE_SAFE,1,lof
Juba,Sudan,16.0,16.0,4,33.2,ED_MODERATE_SAFE,1,iso_forest
Lom,Bulgaria,-1.0,-1.0,3,19.5,ED_MODERATE_SAFE,1,iso_forest
Ankara,Turkey,-4.9,-4.9,3,25.35,ED_MODERATE_SAFE,1,iso_forest
Ashgabat,Turkmenistan,3.2,3.2,1,0.0,ED_VERY_SAFE,1,lof
Manama,Bahrain,14.3,14.3,3,18.0,ED_MODERATE_SAFE,1,lof
Sofia,Bulgaria,-3.8,-3.8,3,23.7,ED_MODERATE_SAFE,1,iso_forest
Reykjavik,Iceland,-1.7,-1.7,1,7.581726219999412,ED_VERY_SAFE,1,iso_forest
Astana,Kazakhstan,-6.6,-6.6,1,18.901188884253674,ED_MODERATE_SAFE,1,iso_forest
Koror,Palau,26.1,28.9,1,5.699999999999996,ED_VERY_SAFE,1,lof
Bucharest,Romania,1.3,1.3,4,33.074997590644486,ED_MODERATE_SAFE,1,iso_forest
Juba,Sudan,16.8,16.8,4,33.8,ED_MODERATE_SAFE,1,iso_forest
National,Bolivia,19.5,19.5,1,0.0,ED_VERY_SAFE,1,lof
Damascus,Syria,-0.9,-0.9,2,9.350000000000001,ED_VERY_SAFE,1,lof
Dushanbe,Tajikistan,4.1,4.1,2,8.0,ED_VERY_SAFE,1,lof
Ankara,Turkey,-3.7,-3.7,3,23.55,ED_MODERATE_SAFE,1,iso_forest
Port Vila,Vanuatu,29.3,34.2,1,18.66666666666667,ED_MODERATE_SAFE,1,lof
Nassau,Bahamas,22.2,24.6,1,0.0,ED_VERY_SAFE,1,lof
Manama,Bahrain,14.4,14.4,5,46.5,ED_CAUTION,1,iso_forest
Douala,Cameroon,26.1,28.7,2,13.099999999999998,ED_VERY_SAFE,1,lof
Bangui,Central African Republic,20.3,20.3,2,8.0,ED_VERY_SAFE,1,lof
Beijing,China,3.4,3.4,4,34.27809944540362,ED_MODERATE_SAFE,1,iso_forest
Reykjavik,Iceland,8.0,8.0,1,0.0,ED_VERY_SAFE,1,iso_forest
Bucharest,Romania,-0.9,-0.9,3,25.542495133498726,ED_MODERATE_SAFE,1,iso_forest
Skopje,Macedonia,-3.8,-3.8,3,23.7,ED_MODERATE_SAFE,1,iso_forest
Reykjavik,Iceland,0.1,0.1,1,4.071212377372696,ED_VERY_SAFE,1,iso_forest
Jakarta,Indonesia,26.0,28.7,3,24.9,ED_MODERATE_SAFE,1,lof
Ulaanbaatar,Mongolia,-12.8,-12.8,3,39.69915768441563,ED_CAUTION,1,iso_forest
Skopje,Macedonia,-4.0,-4.0,3,24.0,ED_MODERATE_SAFE,1,iso_forest
Aguaray,Paraguay,22.8,25.3,1,0.0,ED_VERY_SAFE,1,lof
Bucharest,Romania,-0.8,-0.8,3,19.200000000000003,ED_MODERATE_SAFE,1,iso_forest
Riyadh,Saudi Arabia,14.2,14.2,2,8.0,ED_VERY_SAFE,1,lof
Lom,Bulgaria,-0.8,-0.8,3,19.200000000000003,ED_MODERATE_SAFE,1,iso_forest
Sofia,Bulgaria,-4.7,-4.7,3,25.05,ED_MODERATE_SAFE,1,iso_forest
Beijing,China,7.3,7.3,5,45.0,ED_CAUTION,1,iso_forest
Zagreb,Croatia,1.0,1.0,4,32.0,ED_MODERATE_SAFE,1,iso_forest
Reykjavik,Iceland,4.1,4.1,1,4.7286514429858855,ED_VERY_SAFE,1,iso_forest
Ulaanbaatar,Mongolia,-9.9,-9.9,3,36.74330856878735,ED_CAUTION,1,iso_forest
Windhoek,Namibia,22.2,24.4,1,4.1,ED_VERY_SAFE,1,lof
Manila,Philippines,31.4,39.4,1,27.333333333333332,ED_MODERATE_SAFE,1,hot_but_safe
Lom,Bulgaria,-1.6,-1.6,3,20.4,ED_MODERATE_SAFE,1,iso_forest
Lusaka,Zambia,17.9,18.0,1,0.0,ED_VERY_SAFE,1,lof
Bras,Brazil,24.0,26.7,1,0.0,ED_VERY_SAFE,1,lof
Praia,Cape Verde,22.3,24.7,2,8.0,ED_VERY_SAFE,1,lof
Georgetown,Guyana,22.2,24.6,1,0.0,ED_VERY_SAFE,1,lof
Jakarta,Indonesia,26.3,27.6,2,18.800000000000004,ED_MODERATE_SAFE,1,lof
Port Louis,Mauritius,26.1,27.8,1,14.400000000000002,ED_VERY_SAFE,1,lof
Ulaanbaatar,Mongolia,-6.7,-6.7,1,17.52596705031717,ED_MODERATE_SAFE,1,iso_forest
Maputo,Mozambique,23.1,25.3,1,2.1000000000000005,ED_VERY_SAFE,1,lof
Astana,Kazakhstan,-5.6,-5.6,1,18.211580894402267,ED_MODERATE_SAFE,1,iso_forest
Ulaanbaatar,Mongolia,-20.6,-20.6,2,37.0653943434287,ED_CAUTION,1,iso_forest
Port Moresby,Papua New Guinea,31.3,41.3,1,30.346153846153843,ED_MODERATE_SAFE,1,hot_but_safe
Chi-Chi-Erh,Russia,-14.0,-14.0,1,18.333333333333332,ED_MODERATE_SAFE,1,iso_forest
Singapore,Singapore,32.0,38.9,1,33.25,ED_MODERATE_SAFE,1,hot_but_safe
Seoul,South Korea,4.3,4.3,2,8.0,ED_VERY_SAFE,1,lof
Ashgabat,Turkmenistan,2.3,2.3,1,2.4975875737052498,ED_VERY_SAFE,1,lof
Montevideo,Uruguay,23.0,25.3,1,0.0,ED_VERY_SAFE,1,lof
Buenos Aires,Argentina,21.3,21.3,1,0.0,ED_VERY_SAFE,1,lof
Nassau,Bahamas,24.3,25.7,1,0.0,ED_VERY_SAFE,1,lof
Beijing,China,6.2,6.2,5,45.0,ED_CAUTION,1,iso_forest
Tallinn,Estonia,-4.7,-4.7,1,13.574644480211745,ED_VERY_SAFE,1,iso_forest
Helsinki,Finland,-6.9,-6.9,1,15.669032233893457,ED_MODERATE_SAFE,1,iso_forest
Riga,Latvia,-5.9,-5.9,1,16.155486009632142,ED_MODERATE_SAFE,1,iso_forest
Oslo,Norway,-1.9,-1.9,1,2.8500000000000014,ED_VERY_SAFE,1,iso_forest
Moscow,Russia,-1.8,-1.8,3,27.771459166756614,ED_MODERATE_SAFE,1,iso_forest
Aguaray,Paraguay,23.8,26.3,1,0.0,ED_VERY_SAFE,1,lof
Ljubljana,Slovenia,2.2,2.2,4,32.0,ED_MODERATE_SAFE,1,iso_forest
Lusaka,Zambia,18.4,18.4,1,0.0,ED_VERY_SAFE,1,lof
Buenos Aires,Argentina,20.3,20.3,1,0.0,ED_VERY_SAFE,1,lof
Minsk,Belarus,-8.9,-8.9,1,17.215038788331725,ED_MODERATE_SAFE,1,iso_forest
Beijing,China,7.0,7.0,5,45.0,ED_CAUTION,1,iso_forest
Tarawa,Kiribati,28.0,30.4,1,10.199999999999996,ED_VERY_SAFE,1,lof
Riga,Latvia,-3.0,-3.0,1,11.754500433525648,ED_VERY_SAFE,1,iso_forest
Vilnius,Lithuania,-10.7,-10.7,1,18.106734496390434,ED_MODERATE_SAFE,1,iso_forest
Palikir,Micronesia,27.3,30.6,1,10.800000000000004,ED_VERY_SAFE,1,lof
Oslo,Norway,-5.8,-5.8,1,8.7,ED_VERY_SAFE,1,iso_forest
Nairobi,Kenya,18.0,18.0,1,8.399999999999999,ED_VERY_SAFE,1,lof
Reykjavik,Iceland,8.1,8.1,1,0.0,ED_VERY_SAFE,1,iso_forest
Guatemala City,Guatemala,16.3,16.3,2,8.0,ED_VERY_SAFE,1,lof
Riyadh,Saudi Arabia,10.1,10.1,6,53.4,ED_CAUTION,1,iso_forest
Victoria,Seychelles Islands,27.1,29.6,1,19.800000000000004,ED_MODERATE_SAFE,1,lof
Singapore,Singapore,31.1,38.8,1,34.133333333333326,ED_MODERATE_SAFE,1,hot_but_safe
Ljubljana,Slovenia,-1.8,-1.8,3,20.700000000000003,ED_MODERATE_SAFE,1,iso_forest
Honiara,Solomon Islands,30.1,40.9,1,29.833333333333332,ED_MODERATE_SAFE,1,hot_but_safe
Montevideo,Uruguay,23.4,25.1,1,0.0,ED_VERY_SAFE,1,lof
Canberra,Australia,27.1,31.5,1,13.5,ED_VERY_SAFE,1,lof
Bangui,Central African Republic,21.3,21.3,2,8.0,ED_VERY_SAFE,1,lof
Beijing,China,4.2,4.2,5,45.0,ED_CAUTION,1,iso_forest
Chi-Chi-Erh,Russia,-16.8,-16.8,1,20.666666666666664,ED_MODERATE_SAFE,1,iso_forest
Ulaanbaatar,Mongolia,-17.8,-17.8,3,43.46116385765827,ED_CAUTION,1,iso_forest
Pyongyang,North Korea,-1.3,-1.3,1,9.663514074677188,ED_VERY_SAFE,1,iso_forest
Koror,Palau,27.0,30.5,1,15.1,ED_MODERATE_SAFE,1,lof
Pretoria,South Africa,17.4,17.4,1,0.8999999999999995,ED_VERY_SAFE,1,lof
Seoul,South Korea,1.2,1.2,1,4.431629051530171,ED_VERY_SAFE,1,iso_forest
Kampala,Uganda,19.2,19.2,2,13.8,ED_VERY_SAFE,1,lof
Montevideo,Uruguay,21.0,21.0,1,0.0,ED_VERY_SAFE,1,lof
Andorra La Vella,Andorra,-4.2,-4.2,1,6.300000000000001,ED_VERY_SAFE,1,iso_forest
Nassau,Bahamas,24.3,26.1,1,0.0,ED_VERY_SAFE,1,lof
Ottawa,Canada,-11.7,-11.7,1,22.142976473130737,ED_MODERATE_SAFE,1,iso_forest
Beijing,China,2.2,2.2,5,45.0,ED_CAUTION,1,iso_forest
Astana,Kazakhstan,-7.7,-7.7,1,21.312045172105357,ED_MODERATE_SAFE,1,iso_forest
Zagreb,Croatia,0.2,0.2,4,32.0,ED_MODERATE_SAFE,1,iso_forest
Port Vila,Vanuatu,27.0,29.8,1,8.400000000000002,ED_VERY_SAFE,1,lof
Palikir,Micronesia,31.4,40.0,1,28.333333333333336,ED_MODERATE_SAFE,1,hot_but_safe
Manila,Philippines,26.2,28.6,1,5.400000000000005,ED_VERY_SAFE,1,lof
S-Chanf,Switzerland,-7.9,-7.9,1,15.96511208241454,ED_MODERATE_SAFE,1,iso_forest
Dakar,Senegal,22.2,24.6,2,8.0,ED_VERY_SAFE,1,lof
Montevideo,Uruguay,21.3,21.3,1,0.0,ED_VERY_SAFE,1,lof
Bandar Seri Begawan,Brunei Darussalam,31.0,38.5,1,31.633333333333336,ED_MODERATE_SAFE,1,hot_but_safe
Praia,Cape Verde,22.1,24.6,1,0.0,ED_VERY_SAFE,1,lof
Ottawa,Canada,-6.9,-6.9,1,17.661367861966593,ED_MODERATE_SAFE,1,iso_forest
Beijing,China,5.3,5.3,5,45.0,ED_CAUTION,1,iso_forest
Jerusalem,Israel,14.1,14.1,2,8.0,ED_VERY_SAFE,1,lof
Bishkek,Kyrghyzstan,-4.0,-4.0,1,11.670101889008466,ED_VERY_SAFE,1,iso_forest
Ashgabat,Turkmenistan,8.4,8.4,2,8.0,ED_VERY_SAFE,1,lof
Ulaanbaatar,Mongolia,-14.8,-14.8,2,27.0,ED_MODERATE_SAFE,1,iso_forest
Gaborone,Botswana,20.2,20.2,1,5.6,ED_VERY_SAFE,1,lof
Bandar Seri Begawan,Brunei Darussalam,31.0,39.3,1,32.86666666666667,ED_MODERATE_SAFE,1,hot_but_safe
Ottawa,Canada,-4.9,-4.9,1,16.502464175288623,ED_MODERATE_SAFE,1,iso_forest
Beijing,China,4.3,4.3,4,32.0,ED_MODERATE_SAFE,1,iso_forest
Malabo,Equatorial Guinea,26.4,28.7,1,5.099999999999998,ED_VERY_SAFE,1,lof
Tokyo,Japan,16.3,16.3,3,18.0,ED_MODERATE_SAFE,1,lof
Ulaanbaatar,Mongolia,-22.7,-22.7,3,43.58333333333333,ED_CAUTION,1,iso_forest
Maputo,Mozambique,22.1,24.6,1,3.5,ED_VERY_SAFE,1,lof
Koror,Palau,31.4,38.9,1,30.7,ED_MODERATE_SAFE,1,hot_but_safe
Aguaray,Paraguay,25.1,26.9,1,0.0,ED_VERY_SAFE,1,lof
National,Bolivia,22.0,24.6,1,0.0,ED_VERY_SAFE,1,lof
Reykjavik,Iceland,5.2,5.2,1,0.5535340803632991,ED_VERY_SAFE,1,iso_forest
Beijing,China,7.3,7.3,4,32.0,ED_MODERATE_SAFE,1,iso_forest
Libreville,Gabon,24.3,26.6,1,0.0,ED_VERY_SAFE,1,lof
Beijing,China,10.3,10.3,4,32.0,ED_MODERATE_SAFE,1,iso_forest
Suva,Fiji Islands,27.1,31.6,1,13.800000000000004,ED_VERY_SAFE,1,lof
Tarawa,Kiribati,27.8,31.6,1,13.800000000000004,ED_VERY_SAFE,1,lof
Palikir,Micronesia,27.2,30.2,1,9.599999999999998,ED_VERY_SAFE,1,lof
Ulaanbaatar,Mongolia,-14.8,-14.8,1,23.09930029048917,ED_MODERATE_SAFE,1,iso_forest
Honiara,Solomon Islands,31.3,42.3,1,31.499999999999996,ED_MODERATE_SAFE,1,hot_but_safe
Dili,Timor-Leste,25.2,27.8,1,2.400000000000002,ED_VERY_SAFE,1,lof
Funafuti,Tuvalu,29.3,34.0,1,18.333333333333332,ED_MODERATE_SAFE,1,lof
Beijing,China,5.0,5.0,5,45.0,ED_CAUTION,1,iso_forest
Suva,Fiji Islands,26.0,28.9,1,5.699999999999996,ED_VERY_SAFE,1,lof
Kuwait City,Kuwait,24.3,25.5,4,32.6,ED_MODERATE_SAFE,1,lof
Beijing,China,6.3,6.3,5,45.0,ED_CAUTION,1,iso_forest
Ulaanbaatar,Mongolia,-15.0,-15.0,2,27.166666666666664,ED_MODERATE_SAFE,1,iso_forest
Koror,Palau,28.1,31.9,1,15.299999999999997,ED_MODERATE_SAFE,1,lof
National,Bolivia,21.7,21.7,1,0.0,ED_VERY_SAFE,1,lof
Moscow,Russia,0.3,0.3,4,36.47326528546823,ED_CAUTION,1,iso_forest
Honiara,Solomon Islands,25.2,27.5,1,1.5,ED_VERY_SAFE,1,lof
Port Vila,Vanuatu,27.0,29.3,1,6.900000000000002,ED_VERY_SAFE,1,lof
Saint John's,Antigua and Barbuda,26.0,27.6,1,1.8000000000000043,ED_VERY_SAFE,1,lof
Buenos Aires,Argentina,21.4,21.4,1,0.0,ED_VERY_SAFE,1,lof
Bridgetown,Barbados,26.0,27.5,1,1.5,ED_VERY_SAFE,1,lof
Ottawa,Canada,-19.9,-19.9,2,31.25,ED_MODERATE_SAFE,1,iso_forest
Dakar,Senegal,23.3,25.0,2,8.0,ED_VERY_SAFE,1,lof
Belgrade,Serbia,2.3,2.3,4,32.0,ED_MODERATE_SAFE,1,iso_forest
Sarajevo,Bosnia and Herzegovina,-0.7,-0.7,4,33.05,ED_MODERATE_SAFE,1,iso_forest
Jakarta,Indonesia,30.0,32.6,3,44.3,ED_CAUTION,1,lof
Bandar Seri Begawan,Brunei Darussalam,31.1,38.3,1,30.199999999999996,ED_MODERATE_SAFE,1,hot_but_safe
Beijing,China,5.1,5.1,4,32.0,ED_MODERATE_SAFE,1,iso_forest
Port Louis,Mauritius,30.2,35.3,1,32.5,ED_MODERATE_SAFE,1,lof
Ulaanbaatar,Mongolia,-16.9,-16.9,3,38.75,ED_CAUTION,1,iso_forest
Skopje,Macedonia,-2.7,-2.7,3,22.05,ED_MODERATE_SAFE,1,iso_forest
Montevideo,Uruguay,23.1,25.1,1,0.0,ED_VERY_SAFE,1,lof
Bridgetown,Barbados,27.0,29.8,1,8.400000000000002,ED_VERY_SAFE,1,lof
Bandar Seri Begawan,Brunei Darussalam,31.1,39.5,1,31.5,ED_MODERATE_SAFE,1,hot_but_safe
Beijing,China,4.3,4.3,6,50.0,ED_CAUTION,1,iso_forest
Port-Au-Prince,Haiti,16.3,16.3,3,18.0,ED_MODERATE_SAFE,1,lof
Port Louis,Mauritius,28.3,31.1,1,24.300000000000004,ED_MODERATE_SAFE,1,lof
Beijing,China,-3.7,-3.7,3,29.646445454674897,ED_MODERATE_SAFE,1,iso_forest
Ulaanbaatar,Mongolia,-13.6,-13.6,3,39.07223344932781,ED_CAUTION,1,iso_forest
Skopje,Macedonia,-1.8,-1.8,3,20.700000000000003,ED_MODERATE_SAFE,1,iso_forest
Manila,Philippines,25.2,26.9,1,0.0,ED_VERY_SAFE,1,lof
Bucharest,Romania,0.1,0.1,4,34.213967837548594,ED_MODERATE_SAFE,1,iso_forest
Moscow,Russia,-8.7,-8.7,3,35.79144927272029,ED_CAUTION,1,iso_forest
Singapore,Singapore,26.2,28.6,1,5.100000000000005,ED_VERY_SAFE,1,lof
Paramaribo,Suriname,23.8,26.2,1,0.0,ED_VERY_SAFE,1,lof
Damascus,Syria,5.1,5.1,2,8.0,ED_VERY_SAFE,1,lof
Ashgabat,Turkmenistan,4.2,4.2,1,0.13396935704754043,ED_VERY_SAFE,1,lof
Sofia,Bulgaria,-5.9,-5.9,2,16.85,ED_MODERATE_SAFE,1,iso_forest
Port Vila,Vanuatu,27.3,30.5,1,10.5,ED_VERY_SAFE,1,lof
Ashgabat,Turkmenistan,6.0,6.0,1,0.0,ED_VERY_SAFE,1,lof
Dili,Timor-Leste,26.9,29.9,1,11.699999999999996,ED_VERY_SAFE,1,lof
Honiara,Solomon Islands,31.1,41.9,1,31.038461538461537,ED_MODERATE_SAFE,1,hot_but_safe
Reykjavik,Iceland,5.3,5.3,1,1.0680001336746177,ED_VERY_SAFE,1,iso_forest
Nan,Thailand,21.1,21.1,1,0.0,ED_VERY_SAFE,1,lof
Ulaanbaatar,Mongolia,-17.9,-17.9,2,29.583333333333332,ED_MODERATE_SAFE,1,iso_forest
Pyongyang,North Korea,0.2,0.2,1,2.5703339562872713,ED_VERY_SAFE,1,iso_forest
Skopje,Macedonia,-1.8,-1.8,3,20.700000000000003,ED_MODERATE_SAFE,1,iso_forest
S-Chanf,Switzerland,-10.8,-10.8,1,18.20127232692518,ED_MODERATE_SAFE,1,iso_forest
Dakar,Senegal,22.4,24.7,2,8.0,ED_VERY_SAFE,1,lof
Honiara,Solomon Islands,30.4,39.6,1,27.66666666666667,ED_MODERATE_SAFE,1,hot_but_safe
Montevideo,Uruguay,20.4,20.4,1,0.0,ED_VERY_SAFE,1,lof
Port Vila,Vanuatu,27.0,29.3,1,6.900000000000002,ED_VERY_SAFE,1,lof
Buenos Aires,Argentina,21.4,21.4,1,0.0,ED_VERY_SAFE,1,lof
Gaborone,Botswana,20.2,20.2,1,0.0,ED_VERY_SAFE,1,lof
Bandar Seri Begawan,Brunei Darussalam,31.3,38.7,1,32.31666666666667,ED_MODERATE_SAFE,1,hot_but_safe
Praia,Cape Verde,22.3,24.7,2,8.0,ED_VERY_SAFE,1,lof
Ottawa,Canada,-13.8,-13.8,1,18.166666666666664,ED_MODERATE_SAFE,1,iso_forest
Beijing,China,2.4,2.4,5,47.31215055654647,ED_CAUTION,1,iso_forest
Kuala Lumpur,Malaysia,25.2,28.0,1,6.9,ED_VERY_SAFE,1,lof
Ulaanbaatar,Mongolia,-18.9,-18.9,2,30.416666666666664,ED_MODERATE_SAFE,1,iso_forest
Maputo,Mozambique,29.1,31.7,1,19.299999999999997,ED_MODERATE_SAFE,1,lof
Aguaray,Paraguay,23.1,25.5,1,0.0,ED_VERY_SAFE,1,lof
Singapore,Singapore,31.3,39.1,1,31.633333333333336,ED_MODERATE_SAFE,1,hot_but_safe
Banjul,Gambia,22.3,24.6,1,0.0,ED_VERY_SAFE,1,lof
Tallinn,Estonia,2.0,2.0,1,6.42636770915923,ED_VERY_SAFE,1,iso_forest
Santo Domingo,Dominican Republic,21.4,21.4,1,0.0,ED_VERY_SAFE,1,lof
Windhoek,Namibia,28.3,28.3,1,9.400000000000002,ED_VERY_SAFE,1,lof
Georgetown,Guyana,22.4,24.7,1,0.0,ED_VERY_SAFE,1,lof
Nan,Thailand,31.1,38.9,1,31.4,ED_MODERATE_SAFE,1,hot_but_safe
Rangoon,Myanmar,27.2,29.1,1,12.200000000000005,ED_VERY_SAFE,1,lof
National,Bolivia,22.0,22.0,1,0.0,ED_VERY_SAFE,1,lof
Nuku`Aloia,Tonga,21.2,21.2,1,0.0,ED_VERY_SAFE,1,lof
Kabul,Afghanistan,24.8,24.8,1,7.050000000000001,ED_VERY_SAFE,1,lof
Bandar Seri Begawan,Brunei Darussalam,31.3,39.2,1,30.300000000000008,ED_MODERATE_SAFE,1,hot_but_safe
Malabo,Equatorial Guinea,30.1,38.4,1,26.866666666666664,ED_MODERATE_SAFE,1,hot_but_safe
Dublin,Ireland,11.3,11.7,2,8.0,ED_VERY_SAFE,1,lof
Chi Chi Khvar,Iran,20.5,20.5,3,23.8,ED_MODERATE_SAFE,1,lof
Niamey,Niger,30.2,30.5,1,10.5,ED_VERY_SAFE,1,lof
Yamoussoukro,Cote d'Ivoire,20.1,20.1,1,0.0,ED_VERY_SAFE,1,lof
Sarajevo,Bosnia and Herzegovina,5.2,5.2,2,8.0,ED_VERY_SAFE,1,lof
Bandar Seri Begawan,Brunei Darussalam,31.4,40.3,1,32.133333333333326,ED_MODERATE_SAFE,1,hot_but_safe
Georgetown,Guyana,23.0,25.1,1,0.0,ED_VERY_SAFE,1,lof
Jakarta,Indonesia,32.3,37.4,5,83.0625,ED_VERY_DANGEROUS,1,iso_forest
Nan,Thailand,25.3,27.9,1,5.099999999999995,ED_VERY_SAFE,1,lof
Dhidhdhoo,Maldives,25.9,29.1,1,13.950000000000003,ED_VERY_SAFE,1,lof
Chi Chi Khvar,Iran,18.8,18.8,2,13.7,ED_VERY_SAFE,1,lof
Rangoon,Myanmar,31.3,43.5,1,32.88461538461539,ED_MODERATE_SAFE,1,hot_but_safe
Yaren,Turkey,12.1,12.1,2,9.2,ED_VERY_SAFE,1,lof
Koror,Palau,26.1,27.8,1,2.7000000000000024,ED_VERY_SAFE,1,lof
N'djamena,Chad,29.1,29.4,1,7.799999999999996,ED_VERY_SAFE,1,lof
Tunis,Tunisia,22.3,24.7,1,0.0,ED_VERY_SAFE,1,lof
Riyadh,Saudi Arabia,33.2,33.2,3,43.55,ED_CAUTION,1,lof
Santo Domingo,Dominican Republic,28.3,35.4,1,20.666666666666664,ED_MODERATE_SAFE,1,lof
Canberra,Australia,20.2,20.2,1,0.0,ED_VERY_SAFE,1,lof
Manama,Bahrain,33.2,39.1,4,74.95833333333334,ED_DANGEROUS,1,lof
Beijing,China,12.1,12.1,4,32.0,ED_MODERATE_SAFE,1,lof
Valletta,Malta,22.2,24.6,1,0.0,ED_VERY_SAFE,1,lof
Rangoon,Myanmar,32.1,39.9,1,34.166666666666664,ED_MODERATE_SAFE,1,hot_but_safe
Niamey,Niger,29.1,30.1,1,9.300000000000004,ED_VERY_SAFE,1,lof
Manila,Philippines,27.2,30.2,1,9.599999999999998,ED_VERY_SAFE,1,lof
Paramaribo,Suriname,22.1,24.6,1,0.0,ED_VERY_SAFE,1,lof
Manama,Bahrain,34.1,42.2,2,47.63461538461539,ED_CAUTION,1,lof
Havana,Cuba,24.1,26.6,1,0.0,ED_VERY_SAFE,1,lof
Kuwait City,Kuwait,30.6,30.6,4,49.25,ED_CAUTION,1,iso_forest
Honiara,Solomon Islands,29.4,39.0,1,26.666666666666668,ED_MODERATE_SAFE,1,hot_but_safe
Rangoon,Myanmar,32.2,38.2,1,30.73333333333334,ED_MODERATE_SAFE,1,hot_but_safe
Amsterdam,Netherlands,14.0,14.7,1,0.0,ED_VERY_SAFE,1,lof
Koror,Palau,31.1,38.2,1,26.233333333333338,ED_MODERATE_SAFE,1,hot_but_safe
Tunis,Tunisia,23.2,25.1,1,0.0,ED_VERY_SAFE,1,lof
Belmopan,Belize,21.7,21.7,1,0.0,ED_VERY_SAFE,1,lof
Jakarta,Indonesia,33.3,36.4,5,87.69583333333333,ED_VERY_DANGEROUS,1,iso_forest
Nan,Thailand,33.0,41.0,1,34.8,ED_MODERATE_SAFE,1,hot_but_safe
Rangoon,Myanmar,33.2,40.7,1,33.900000000000006,ED_MODERATE_SAFE,1,hot_but_safe
Yaren,Turkey,10.1,10.1,1,2.3999999999999995,ED_VERY_SAFE,1,lof
Muscat,Oman,33.3,38.9,1,33.7,ED_MODERATE_SAFE,1,hot_but_safe
Colombo,Sri Lanka,30.3,39.9,2,36.166666666666664,ED_CAUTION,1,lof
Algiers,Algeria,19.2,19.2,2,8.0,ED_VERY_SAFE,1,lof
Bangui,Central African Republic,23.1,25.3,1,5.2,ED_VERY_SAFE,1,lof
Jakarta,Indonesia,32.1,35.2,5,85.39583333333334,ED_VERY_DANGEROUS,1,iso_forest
Kuala Lumpur,Malaysia,33.2,48.2,2,51.207692307692305,ED_CAUTION,1,lof
Palikir,Micronesia,31.4,39.6,1,27.66666666666667,ED_MODERATE_SAFE,1,hot_but_safe
Ulaanbaatar,Mongolia,-9.8,-9.8,1,14.700000000000001,ED_VERY_SAFE,1,iso_forest
Rabat,Morocco,17.2,17.2,1,0.0,ED_VERY_SAFE,1,lof
Port Moresby,Papua New Guinea,26.4,29.6,1,7.800000000000004,ED_VERY_SAFE,1,lof
Aguaray,Paraguay,22.1,24.6,1,0.0,ED_VERY_SAFE,1,lof
Manila,Philippines,32.2,38.2,2,33.33333333333334,ED_MODERATE_SAFE,1,hot_but_safe
Riyadh,Saudi Arabia,31.4,31.4,5,66.44999999999999,ED_DANGEROUS,1,iso_forest
Singapore,Singapore,33.4,45.0,2,46.41538461538461,ED_CAUTION,1,lof
Bandar Seri Begawan,Brunei Darussalam,31.2,40.2,1,33.96666666666667,ED_MODERATE_SAFE,1,hot_but_safe
Antananarivo,Madagascar,26.2,26.2,1,10.1,ED_VERY_SAFE,1,lof
Jakarta,Indonesia,32.0,35.9,5,81.1625,ED_VERY_DANGEROUS,1,iso_forest
Majuro,Marshall Islands,28.4,32.4,1,15.666666666666664,ED_MODERATE_SAFE,1,lof
Ulaanbaatar,Mongolia,-8.9,-8.9,1,13.350000000000001,ED_VERY_SAFE,1,iso_forest
Paramaribo,Suriname,23.8,26.2,1,0.0,ED_VERY_SAFE,1,lof
Beijing,China,12.2,12.7,2,8.0,ED_VERY_SAFE,1,lof
Nicosia,Cyprus,26.4,26.4,1,3.5,ED_VERY_SAFE,1,lof
Saint George's,Grenada,28.2,33.6,1,17.666666666666668,ED_MODERATE_SAFE,1,lof
Jakarta,Indonesia,31.2,35.4,5,79.72916666666666,ED_VERY_DANGEROUS,1,iso_forest
Maseru,Lesotho,14.4,14.7,1,7.949999999999999,ED_VERY_SAFE,1,lof
Ulaanbaatar,Mongolia,-7.9,-7.9,2,19.85,ED_MODERATE_SAFE,1,iso_forest
Koror,Palau,29.1,33.8,1,17.999999999999996,ED_MODERATE_SAFE,1,lof
Monrovia,Liberia,23.1,25.4,1,0.0,ED_VERY_SAFE,1,lof
Baghdad,Iraq,31.3,31.3,1,16.500000000000004,ED_MODERATE_SAFE,1,lof
Honiara,Solomon Islands,25.3,28.1,1,3.3000000000000043,ED_VERY_SAFE,1,lof
Singapore,Singapore,28.3,31.2,2,30.199999999999996,ED_MODERATE_SAFE,1,lof
Astana,Kazakhstan,6.3,6.3,1,0.30000000000000027,ED_VERY_SAFE,1,iso_forest
Monrovia,Liberia,24.2,26.3,1,0.0,ED_VERY_SAFE,1,lof
Nan,Thailand,31.1,40.6,1,34.13333333333333,ED_MODERATE_SAFE,1,hot_but_safe
Dhidhdhoo,Maldives,25.0,27.4,1,2.099999999999995,ED_VERY_SAFE,1,lof
Rangoon,Myanmar,32.0,41.2,1,34.830769230769235,ED_MODERATE_SAFE,1,hot_but_safe
Dili,Timor-Leste,28.8,32.3,1,15.499999999999995,ED_MODERATE_SAFE,1,lof
Hanoi,Vietnam,33.3,40.8,2,41.06666666666666,ED_CAUTION,1,lof
Baku,Azerbaijan,15.0,15.0,1,0.0,ED_VERY_SAFE,1,lof
Belmopan,Belize,21.7,21.7,1,0.0,ED_VERY_SAFE,1,lof
Bandar Seri Begawan,Brunei Darussalam,31.3,41.4,1,33.66153846153846,ED_MODERATE_SAFE,1,hot_but_safe
Phnom Penh,Cambodia,34.0,38.7,1,30.06666666666667,ED_MODERATE_SAFE,1,hot_but_safe
Beijing,China,15.1,15.1,4,32.0,ED_MODERATE_SAFE,1,lof
Port-Au-Prince,Haiti,22.0,22.0,1,0.0,ED_VERY_SAFE,1,lof
Jakarta,Indonesia,32.1,37.4,5,83.3625,ED_VERY_DANGEROUS,1,iso_forest
Tokyo,Japan,24.2,25.4,1,0.0,ED_VERY_SAFE,1,lof
Valletta,Malta,22.0,24.6,1,0.0,ED_VERY_SAFE,1,lof
Ulaanbaatar,Mongolia,-7.9,-7.9,1,11.850000000000001,ED_VERY_SAFE,1,iso_forest
Rabat,Morocco,19.3,19.3,2,8.0,ED_VERY_SAFE,1,lof
Port Moresby,Papua New Guinea,27.0,30.1,1,9.300000000000004,ED_VERY_SAFE,1,lof
Manila,Philippines,32.1,38.8,2,34.33333333333333,ED_MODERATE_SAFE,1,hot_but_safe
Riyadh,Saudi Arabia,28.3,28.3,5,56.400000000000006,ED_DANGEROUS,1,iso_forest
Pretoria,South Africa,22.2,23.7,1,7.6499999999999995,ED_VERY_SAFE,1,lof
Windhoek,Namibia,27.3,27.3,1,5.700000000000002,ED_VERY_SAFE,1,lof
Ottawa,Canada,0.4,0.4,1,2.6361986667113406,ED_VERY_SAFE,1,iso_forest
N'djamena,Chad,30.1,31.8,1,14.400000000000002,ED_VERY_SAFE,1,lof
Kuwait City,Kuwait,37.2,37.2,4,71.79166666666667,ED_DANGEROUS,1,iso_forest
Nan,Thailand,27.1,32.3,1,15.499999999999995,ED_MODERATE_SAFE,1,lof
Nouakchott,Mauritania,27.4,29.4,1,7.199999999999996,ED_VERY_SAFE,1,lof
Port Louis,Mauritius,24.1,25.8,1,11.3,ED_VERY_SAFE,1,lof
Niamey,Niger,28.2,28.7,1,5.099999999999998,ED_VERY_SAFE,1,lof
Doha,Qatar,38.2,40.6,3,57.233333333333334,ED_DANGEROUS,1,iso_forest
Moscow,Russia,8.3,8.3,3,18.0,ED_MODERATE_SAFE,1,lof
Lom,Bulgaria,9.2,9.2,1,1.5,ED_VERY_SAFE,1,lof
Bandar Seri Begawan,Brunei Darussalam,30.3,38.7,1,33.66666666666667,ED_MODERATE_SAFE,1,hot_but_safe
Ouagadougou,Burkina Faso,25.1,26.8,1,0.0,ED_VERY_SAFE,1,lof
Djibouti,Djibouti,33.6,38.3,1,33.15,ED_MODERATE_SAFE,1,hot_but_safe
New Delhi,India,23.1,24.5,2,15.2,ED_MODERATE_SAFE,1,lof
Jakarta,Indonesia,31.0,36.3,5,88.52916666666665,ED_VERY_DANGEROUS,1,iso_forest
Baghdad,Iraq,32.1,32.1,2,28.16666666666667,ED_MODERATE_SAFE,1,lof
Rangoon,Myanmar,26.1,30.3,1,9.900000000000002,ED_VERY_SAFE,1,lof
Doha,Qatar,39.1,40.0,3,53.53333333333333,ED_CAUTION,1,iso_forest
Bandar Seri Begawan,Brunei Darussalam,31.2,38.8,1,32.33333333333333,ED_MODERATE_SAFE,1,hot_but_safe
Valletta,Malta,21.1,21.1,1,0.0,ED_VERY_SAFE,1,lof
Niamey,Niger,27.3,29.1,1,6.300000000000004,ED_VERY_SAFE,1,lof
Abuja,Nigeria,22.1,24.6,1,0.0,ED_VERY_SAFE,1,lof
Honiara,Solomon Islands,31.2,38.6,1,26.000000000000004,ED_MODERATE_SAFE,1,hot_but_safe
Ouagadougou,Burkina Faso,25.3,27.1,1,0.30000000000000426,ED_VERY_SAFE,1,lof
Jakarta,Indonesia,32.2,37.6,5,80.39583333333334,ED_VERY_DANGEROUS,1,lof
Reykjavik,Iceland,10.4,10.4,1,0.0,ED_VERY_SAFE,1,iso_forest
Mexico City,Mexico,13.1,13.1,1,0.0,ED_VERY_SAFE,1,lof
Dushanbe,Tajikistan,30.1,30.1,2,23.600000000000005,ED_MODERATE_SAFE,1,lof
Abu Dhabi,United Arab Emirates,35.2,42.0,4,80.02884615384616,ED_VERY_DANGEROUS,1,iso_forest
Manama,Bahrain,34.3,46.3,4,83.19038461538462,ED_VERY_DANGEROUS,1,lof
Minsk,Belarus,9.0,9.0,1,0.0,ED_VERY_SAFE,1,lof
Ouagadougou,Burkina Faso,24.3,26.2,1,0.0,ED_VERY_SAFE,1,lof
Phnom Penh,Cambodia,30.2,34.9,1,21.03333333333333,ED_MODERATE_SAFE,1,lof
Ottawa,Canada,16.1,16.1,2,8.0,ED_VERY_SAFE,1,lof
Monrovia,Liberia,24.1,26.3,1,0.0,ED_VERY_SAFE,1,lof
Nouakchott,Mauritania,30.2,30.2,4,41.599999999999994,ED_CAUTION,1,lof
Riyadh,Saudi Arabia,35.3,35.3,5,85.9625,ED_VERY_DANGEROUS,1,iso_forest
Seoul,South Korea,21.2,21.2,3,18.0,ED_MODERATE_SAFE,1,lof
Abu Dhabi,United Arab Emirates,37.1,44.3,4,84.33269230769231,ED_VERY_DANGEROUS,1,iso_forest
Douala,Cameroon,25.2,28.6,2,12.800000000000004,ED_VERY_SAFE,1,lof
Manama,Bahrain,34.2,42.6,4,79.97115384615384,ED_VERY_DANGEROUS,1,iso_forest
Sucre,Bolivia,12.7,12.7,2,8.0,ED_VERY_SAFE,1,lof
Reykjavik,Iceland,9.1,9.1,1,0.0,ED_VERY_SAFE,1,iso_forest
Tokyo,Japan,32.3,35.8,2,29.33333333333333,ED_MODERATE_SAFE,1,lof
Astana,Kazakhstan,2.2,2.2,1,6.799944693793039,ED_VERY_SAFE,1,lof
Kuwait City,Kuwait,37.6,37.6,4,70.75833333333333,ED_DANGEROUS,1,iso_forest
Nan,Thailand,31.2,44.8,2,45.38461538461538,ED_CAUTION,1,lof
Maputo,Mozambique,17.2,17.2,1,0.0,ED_VERY_SAFE,1,lof
Muscat,Oman,42.3,44.3,2,50.357692307692304,ED_CAUTION,1,iso_forest
Manama,Bahrain,35.4,46.7,3,62.22692307692308,ED_DANGEROUS,1,iso_forest
Tarawa,Kiribati,27.8,30.6,1,10.800000000000004,ED_VERY_SAFE,1,lof
Port Louis,Mauritius,26.0,27.8,1,10.8,ED_VERY_SAFE,1,lof
Manila,Philippines,25.4,28.4,2,12.199999999999996,ED_VERY_SAFE,1,lof
Valletta,Malta,22.0,24.6,1,0.30000000000000027,ED_VERY_SAFE,1,lof
Maseru,Lesotho,15.3,15.3,1,7.5,ED_VERY_SAFE,1,lof
Niamey,Niger,29.1,30.9,1,11.699999999999996,ED_VERY_SAFE,1,lof
Riyadh,Saudi Arabia,31.2,31.2,5,66.3,ED_DANGEROUS,1,iso_forest
Honiara,Solomon Islands,30.1,38.7,1,26.16666666666667,ED_MODERATE_SAFE,1,hot_but_safe
Bangkok,Thailand,33.1,38.1,1,27.86666666666667,ED_MODERATE_SAFE,1,hot_but_safe
Hanoi,Vietnam,24.3,26.4,2,8.0,ED_VERY_SAFE,1,lof
Harare,Zimbabwe,26.8,26.8,1,10.3,ED_VERY_SAFE,1,lof
Belmopan,Belize,23.4,26.1,1,0.0,ED_VERY_SAFE,1,lof
Bras,Brazil,21.5,21.5,1,0.0,ED_VERY_SAFE,1,lof
Reykjavik,Iceland,9.0,9.0,1,0.0,ED_VERY_SAFE,1,iso_forest
Windhoek,Namibia,22.3,22.3,1,5.7,ED_VERY_SAFE,1,lof
Madrid,Spain,15.3,15.3,1,0.0,ED_VERY_SAFE,1,lof
Yaren,Turkey,15.3,15.3,1,0.0,ED_VERY_SAFE,1,lof
Koror,Palau,28.2,32.1,1,16.06666666666667,ED_MODERATE_SAFE,1,lof
Honiara,Solomon Islands,30.1,38.5,1,25.833333333333336,ED_MODERATE_SAFE,1,hot_but_safe
Port Vila,Vanuatu,24.0,25.6,1,0.0,ED_VERY_SAFE,1,lof
Douala,Cameroon,25.3,28.4,1,4.199999999999996,ED_VERY_SAFE,1,lof
Asmara,Eritrea,21.8,21.8,1,10.9,ED_VERY_SAFE,1,lof
Bissau,Guinea-Bissau,24.2,26.4,1,0.0,ED_VERY_SAFE,1,lof
Tokyo,Japan,22.4,24.6,1,0.0,ED_VERY_SAFE,1,lof
Monrovia,Liberia,23.0,25.2,1,0.0,ED_VERY_SAFE,1,lof
Nan,Thailand,32.1,40.9,1,34.63333333333333,ED_MODERATE_SAFE,1,hot_but_safe
Libreville,Gabon,25.4,28.2,1,3.599999999999998,ED_VERY_SAFE,1,lof
Riyadh,Saudi Arabia,27.3,27.3,5,49.7,ED_CAUTION,1,iso_forest
Wellington,New Zealand,14.3,14.3,1,0.0,ED_VERY_SAFE,1,iso_forest
Yaren,Turkey,13.2,13.2,1,0.0,ED_VERY_SAFE,1,lof
Copenhagen,Denmark,10.3,10.3,1,0.0,ED_VERY_SAFE,1,iso_forest
Jakarta,Indonesia,32.3,34.7,5,87.0625,ED_VERY_DANGEROUS,1,iso_forest
Dublin,Ireland,8.1,8.1,1,0.0,ED_VERY_SAFE,1,iso_forest
Tarawa,Kiribati,27.6,30.0,1,9.0,ED_VERY_SAFE,1,lof
Windhoek,Namibia,25.3,25.3,1,0.0,ED_VERY_SAFE,1,lof
Khartoum,Sudan,27.9,29.6,2,15.800000000000004,ED_MODERATE_SAFE,1,lof
Bangkok,Thailand,26.4,27.3,2,20.900000000000002,ED_MODERATE_SAFE,1,lof
Buenos Aires,Argentina,20.0,20.0,1,0.0,ED_VERY_SAFE,1,lof
Thimphu,Bhutan,7.8,7.8,1,0.8999999999999995,ED_VERY_SAFE,1,lof
Zagreb,Croatia,10.1,10.1,1,0.0,ED_VERY_SAFE,1,lof
Port-Au-Prince,Haiti,20.7,20.7,3,18.0,ED_MODERATE_SAFE,1,lof
Astana,Kazakhstan,4.3,4.3,1,1.1999999999999997,ED_VERY_SAFE,1,iso_forest
Nairobi,Kenya,17.0,17.0,2,10.7,ED_VERY_SAFE,1,lof
Monaco,Monaco,19.3,19.3,1,0.0,ED_VERY_SAFE,1,lof
Oslo,Norway,11.4,11.4,1,0.0,ED_VERY_SAFE,1,lof
Riyadh,Saudi Arabia,28.0,28.0,5,51.9,ED_CAUTION,1,iso_forest
Honiara,Solomon Islands,31.0,39.5,1,27.5,ED_MODERATE_SAFE,1,hot_but_safe
Montevideo,Uruguay,21.3,21.3,1,0.0,ED_VERY_SAFE,1,lof
Baku,Azerbaijan,22.1,24.6,2,9.8,ED_VERY_SAFE,1,lof
Banjul,Gambia,26.3,29.2,2,14.599999999999998,ED_VERY_SAFE,1,lof
Valletta,Malta,21.1,21.1,1,0.0,ED_VERY_SAFE,1,lof
Port Moresby,Papua New Guinea,27.6,31.3,1,12.900000000000002,ED_VERY_SAFE,1,lof
Manila,Philippines,33.3,43.3,1,32.65384615384615,ED_MODERATE_SAFE,1,hot_but_safe
Riyadh,Saudi Arabia,30.4,30.4,5,62.55,ED_DANGEROUS,1,iso_forest
Astana,Kazakhstan,-8.6,-8.6,1,18.753538070498756,ED_MODERATE_SAFE,1,iso_forest
Conakry,Guinea,26.0,28.5,1,4.5,ED_VERY_SAFE,1,lof
Reykjavik,Iceland,2.0,2.0,1,1.9067187567991368,ED_VERY_SAFE,1,iso_forest
Astana,Kazakhstan,-11.0,-11.0,1,22.864330908883716,ED_MODERATE_SAFE,1,iso_forest
Nairobi,Kenya,21.5,21.5,1,12.0,ED_VERY_SAFE,1,lof
Antananarivo,Madagascar,27.3,27.3,1,11.200000000000003,ED_VERY_SAFE,1,lof
Rabat,Morocco,11.0,11.1,1,0.0,ED_VERY_SAFE,1,lof
Riyadh,Saudi Arabia,24.2,24.2,5,51.9,ED_CAUTION,1,iso_forest
Victoria,Seychelles Islands,29.2,34.5,1,31.166666666666668,ED_MODERATE_SAFE,1,lof
Nassau,Bahamas,25.2,26.5,1,0.0,ED_VERY_SAFE,1,lof
Guatemala City,Guatemala,16.3,16.3,1,0.0,ED_VERY_SAFE,1,lof
Koror,Palau,31.2,39.4,1,27.333333333333332,ED_MODERATE_SAFE,1,hot_but_safe
Buenos Aires,Argentina,19.1,19.1,1,0.0,ED_VERY_SAFE,1,lof
Manila,Philippines,31.2,38.4,1,25.666666666666664,ED_MODERATE_SAFE,1,hot_but_safe
Lisbon,Portugal,20.2,20.2,1,0.0,ED_VERY_SAFE,1,lof
Singapore,Singapore,32.3,40.6,1,34.53333333333334,ED_MODERATE_SAFE,1,hot_but_safe
Praia,Cape Verde,27.4,29.9,1,8.699999999999996,ED_VERY_SAFE,1,lof
New Delhi,India,28.7,28.7,4,41.599999999999994,ED_CAUTION,1,lof
Jakarta,Indonesia,29.1,30.5,4,46.0,ED_CAUTION,1,lof
Astana,Kazakhstan,-4.0,-4.0,1,16.40003856609895,ED_MODERATE_SAFE,1,iso_forest
Port Louis,Mauritius,23.4,25.1,1,9.9,ED_VERY_SAFE,1,lof
Port Moresby,Papua New Guinea,31.3,41.4,1,30.46153846153846,ED_MODERATE_SAFE,1,hot_but_safe
Colombo,Sri Lanka,29.1,34.3,1,29.33333333333333,ED_MODERATE_SAFE,1,lof
Nassau,Bahamas,26.1,28.7,1,5.099999999999998,ED_VERY_SAFE,1,lof
Kabul,Afghanistan,13.1,13.1,1,4.0,ED_VERY_SAFE,1,lof
Colombo,Sri Lanka,31.1,44.7,1,34.269230769230774,ED_MODERATE_SAFE,1,hot_but_safe
Kingstown,Saint Vincent and the Grenadines,28.1,31.7,1,14.099999999999998,ED_VERY_SAFE,1,lof
Muscat,Oman,36.1,40.7,2,44.10000000000001,ED_CAUTION,1,lof
Honiara,Solomon Islands,30.2,38.2,1,25.33333333333334,ED_MODERATE_SAFE,1,hot_but_safe
Tunis,Tunisia,19.1,19.1,1,0.0,ED_VERY_SAFE,1,lof
Hanoi,Vietnam,20.4,20.4,3,18.0,ED_MODERATE_SAFE,1,lof
Nassau,Bahamas,25.2,26.8,1,0.0,ED_VERY_SAFE,1,lof
Bridgetown,Barbados,27.2,30.0,1,9.0,ED_VERY_SAFE,1,lof
Libreville,Gabon,25.2,28.6,1,4.800000000000004,ED_VERY_SAFE,1,lof
Maseru,Lesotho,17.0,17.0,1,9.8,ED_VERY_SAFE,1,lof
Vaduz,Liechtenstein,11.0,11.0,1,0.0,ED_VERY_SAFE,1,lof
Muscat,Oman,34.2,37.3,2,38.133333333333326,ED_CAUTION,1,lof
Hanoi,Vietnam,20.3,20.3,2,8.0,ED_VERY_SAFE,1,lof
Sanaa,Yemen,17.9,17.9,1,10.7,ED_VERY_SAFE,1,lof
Kabul,Afghanistan,17.1,17.1,2,12.7,ED_VERY_SAFE,1,lof
Canberra,Australia,24.0,25.9,1,0.0,ED_VERY_SAFE,1,lof
Moroni,Comoros,29.1,34.5,1,31.166666666666668,ED_MODERATE_SAFE,1,lof
Nicosia,Cyprus,27.1,27.1,1,0.30000000000000426,ED_VERY_SAFE,1,lof
Reykjavik,Iceland,3.4,3.4,1,0.5293783686418578,ED_VERY_SAFE,1,iso_forest
Tokyo,Japan,16.4,16.4,3,18.0,ED_MODERATE_SAFE,1,lof
Monrovia,Liberia,24.1,26.2,1,0.0,ED_VERY_SAFE,1,lof
Riyadh,Saudi Arabia,25.3,25.3,5,52.05,ED_CAUTION,1,iso_forest
Victoria,Seychelles Islands,28.3,32.7,1,28.16666666666667,ED_MODERATE_SAFE,1,lof
Lom,Bulgaria,9.2,9.2,2,8.0,ED_VERY_SAFE,1,lof
Douala,Cameroon,24.3,27.1,1,0.30000000000000426,ED_VERY_SAFE,1,lof
Beijing,China,9.1,9.1,5,45.0,ED_CAUTION,1,iso_forest
Port Louis,Mauritius,23.3,25.1,1,11.7,ED_VERY_SAFE,1,lof
Astana,Kazakhstan,-2.8,-2.8,1,12.044035903004831,ED_VERY_SAFE,1,iso_forest
Hanoi,Vietnam,23.0,25.0,2,11.0,ED_VERY_SAFE,1,lof
Ulaanbaatar,Mongolia,-1.9,-1.9,2,13.617329736799366,ED_VERY_SAFE,1,lof
Beijing,China,19.3,19.3,5,45.0,ED_CAUTION,1,iso_forest
Kinshasa,Democratic Republic of Congo,22.0,24.5,1,0.0,ED_VERY_SAFE,1,lof
Port Louis,Mauritius,24.3,25.8,1,11.8,ED_VERY_SAFE,1,lof
Chi Chi Khvar,Iran,14.1,14.1,2,11.3,ED_VERY_SAFE,1,lof
Koror,Palau,25.3,27.3,1,2.7000000000000024,ED_VERY_SAFE,1,lof
Helsinki,Finland,10.2,10.2,1,0.0,ED_VERY_SAFE,1,iso_forest
Jakarta,Indonesia,26.1,27.1,4,37.00000000000001,ED_CAUTION,1,lof
Tehran,Iran,20.0,20.0,4,35.5,ED_CAUTION,1,iso_forest
Ulaanbaatar,Mongolia,-3.7,-3.7,2,13.55,ED_VERY_SAFE,1,lof
Koror,Palau,27.4,30.9,1,11.699999999999996,ED_VERY_SAFE,1,lof
National,Bolivia,21.7,21.7,1,0.0,ED_VERY_SAFE,1,lof
Lisbon,Portugal,16.2,16.2,1,0.0,ED_VERY_SAFE,1,iso_forest
Beijing,China,17.2,17.2,5,45.0,ED_CAUTION,1,iso_forest
Jakarta,Indonesia,26.0,26.7,3,26.55,ED_MODERATE_SAFE,1,lof
Ulaanbaatar,Mongolia,0.2,0.2,1,8.515106785312899,ED_VERY_SAFE,1,iso_forest
Juba,Sudan,24.6,24.6,2,8.899999999999999,ED_VERY_SAFE,1,lof
Malabo,Equatorial Guinea,27.2,31.0,1,12.0,ED_VERY_SAFE,1,lof
Tehran,Iran,16.2,16.2,5,46.2,ED_CAUTION,1,iso_forest
Riyadh,Saudi Arabia,25.2,25.2,5,49.0,ED_CAUTION,1,iso_forest
Buenos Aires,Argentina,18.1,18.1,1,0.0,ED_VERY_SAFE,1,lof
Lom,Bulgaria,11.1,11.5,2,8.0,ED_VERY_SAFE,1,lof
Singapore,Singapore,32.1,40.5,2,47.56666666666667,ED_CAUTION,1,lof
Skopje,Macedonia,12.0,12.5,1,0.0,ED_VERY_SAFE,1,lof
Maputo,Mozambique,22.1,24.6,1,4.7,ED_VERY_SAFE,1,lof
Aguaray,Paraguay,26.3,27.7,1,2.099999999999998,ED_VERY_SAFE,1,lof
Dhaka,Bangladesh,38.7,42.3,2,42.2,ED_CAUTION,1,lof
Singapore,Singapore,32.1,38.5,1,30.833333333333336,ED_MODERATE_SAFE,1,hot_but_safe
Douala,Cameroon,26.3,29.2,1,6.599999999999998,ED_VERY_SAFE,1,lof
Astana,Kazakhstan,-0.6,-0.6,1,11.771868630075708,ED_VERY_SAFE,1,iso_forest
Koror,Palau,27.1,30.3,1,9.900000000000002,ED_VERY_SAFE,1,lof
Pretoria,South Africa,15.2,15.2,1,9.6,ED_VERY_SAFE,1,lof
Jakarta,Indonesia,33.1,36.7,4,73.55833333333334,ED_DANGEROUS,1,iso_forest
Tokyo,Japan,13.2,13.2,2,8.0,ED_VERY_SAFE,1,lof
Amman,Jordan,22.2,22.2,2,8.0,ED_VERY_SAFE,1,lof
Astana,Kazakhstan,0.4,0.4,1,10.018233218515581,ED_VERY_SAFE,1,iso_forest
Nan,Thailand,30.1,38.8,1,32.33333333333333,ED_MODERATE_SAFE,1,hot_but_safe
Port Louis,Mauritius,28.4,31.8,1,23.400000000000002,ED_MODERATE_SAFE,1,lof
Podgorica,Montenegro,13.3,13.9,1,0.0,ED_VERY_SAFE,1,lof
Koror,Palau,31.3,40.1,1,32.7,ED_MODERATE_SAFE,1,hot_but_safe
Riyadh,Saudi Arabia,25.1,25.1,2,12.6,ED_VERY_SAFE,1,lof
Canberra,Australia,20.1,20.1,1,0.0,ED_VERY_SAFE,1,lof
Havana,Cuba,22.3,24.7,1,0.0,ED_VERY_SAFE,1,lof
Amman,Jordan,24.1,24.1,2,8.0,ED_VERY_SAFE,1,lof
Nan,Thailand,30.3,39.1,1,32.833333333333336,ED_MODERATE_SAFE,1,hot_but_safe
Rabat,Morocco,11.0,11.4,1,0.0,ED_VERY_SAFE,1,lof
Abuja,Nigeria,26.2,29.1,4,38.300000000000004,ED_CAUTION,1,lof
Rangoon,Myanmar,28.0,30.8,1,11.400000000000002,ED_VERY_SAFE,1,lof
Tokyo,Japan,21.1,21.1,2,8.0,ED_VERY_SAFE,1,lof
Victoria,Seychelles Islands,28.3,31.8,1,26.400000000000002,ED_MODERATE_SAFE,1,lof
Beijing,China,13.4,14.0,4,32.0,ED_MODERATE_SAFE,1,lof
Tegucigalpa,Honduras,20.0,20.0,1,0.0,ED_VERY_SAFE,1,lof
Vaduz,Liechtenstein,21.0,21.0,1,0.0,ED_VERY_SAFE,1,lof
Port Louis,Mauritius,27.3,31.2,1,12.599999999999998,ED_VERY_SAFE,1,lof
Ulaanbaatar,Mongolia,-3.7,-3.7,2,13.55,ED_VERY_SAFE,1,iso_forest
Amsterdam,Netherlands,14.3,14.3,1,0.0,ED_VERY_SAFE,1,lof
Wellington,New Zealand,16.0,16.0,1,0.0,ED_VERY_SAFE,1,iso_forest
Muscat,Oman,37.3,42.0,2,47.55384615384615,ED_CAUTION,1,lof
Lisbon,Portugal,21.2,21.2,1,0.0,ED_VERY_SAFE,1,lof
'S-Gravenbrakel,Belgium,12.2,12.2,1,0.0,ED_VERY_SAFE,1,iso_forest
Singapore,Singapore,33.1,46.9,1,36.80769230769231,ED_CAUTION,1,lof
Minsk,Belarus,10.1,10.1,1,0.0,ED_VERY_SAFE,1,iso_forest
London,United Kingdom,9.4,9.4,1,0.0,ED_VERY_SAFE,1,iso_forest
Sanaa,Yemen,17.8,17.8,1,11.2,ED_VERY_SAFE,1,lof
Beijing,China,13.3,13.3,5,45.0,ED_CAUTION,1,lof
Copenhagen,Denmark,11.0,11.0,1,0.0,ED_VERY_SAFE,1,iso_forest
Tokyo,Japan,16.1,16.1,2,8.0,ED_VERY_SAFE,1,lof
Valletta,Malta,24.1,25.8,1,0.0,ED_VERY_SAFE,1,lof
Muscat,Oman,36.0,42.3,2,47.75,ED_CAUTION,1,lof
Victoria,Seychelles Islands,30.1,38.4,1,37.666666666666664,ED_CAUTION,1,lof
Singapore,Singapore,34.1,48.1,1,38.49230769230769,ED_CAUTION,1,lof
Colombo,Sri Lanka,28.2,33.8,1,17.999999999999996,ED_MODERATE_SAFE,1,lof
Bandar Seri Begawan,Brunei Darussalam,31.2,41.8,1,30.92307692307692,ED_MODERATE_SAFE,1,hot_but_safe
Brussels,Belgium,13.0,13.0,1,0.0,ED_VERY_SAFE,1,iso_forest
Luanda,Angola,27.2,30.5,1,10.5,ED_VERY_SAFE,1,lof
Pretoria,South Africa,18.2,18.2,1,9.1,ED_VERY_SAFE,1,lof
Bangkok,Thailand,34.0,40.1,1,33.1,ED_MODERATE_SAFE,1,hot_but_safe
Port Vila,Vanuatu,24.0,25.8,1,0.0,ED_VERY_SAFE,1,lof
Gaborone,Botswana,13.3,13.3,1,8.100000000000001,ED_VERY_SAFE,1,lof
Bandar Seri Begawan,Brunei Darussalam,30.2,38.1,1,27.86666666666667,ED_MODERATE_SAFE,1,hot_but_safe
Nicosia,Cyprus,24.2,25.0,1,3.2,ED_VERY_SAFE,1,lof
Accra,Ghana,25.1,26.8,1,0.0,ED_VERY_SAFE,1,lof
Jakarta,Indonesia,33.4,39.9,5,84.82916666666665,ED_VERY_DANGEROUS,1,iso_forest
Maseru,Lesotho,14.2,14.9,1,7.949999999999999,ED_VERY_SAFE,1,lof
Kuala Lumpur,Malaysia,33.4,39.6,1,34.26666666666667,ED_MODERATE_SAFE,1,hot_but_safe
Dhidhdhoo,Maldives,27.3,31.1,1,24.300000000000004,ED_MODERATE_SAFE,1,lof
Ulaanbaatar,Mongolia,-2.9,-2.9,2,15.319010686424757,ED_MODERATE_SAFE,1,iso_forest
Yaren,Turkey,10.3,10.6,2,8.899999999999999,ED_VERY_SAFE,1,lof
Port Moresby,Papua New Guinea,26.3,28.4,1,4.199999999999996,ED_VERY_SAFE,1,lof
Singapore,Singapore,31.4,40.1,1,34.5,ED_MODERATE_SAFE,1,hot_but_safe
Dili,Timor-Leste,28.4,30.8,1,11.400000000000002,ED_VERY_SAFE,1,lof
Luanda,Angola,26.2,28.8,1,5.400000000000002,ED_VERY_SAFE,1,lof
Bandar Seri Begawan,Brunei Darussalam,30.4,38.5,1,28.233333333333334,ED_MODERATE_SAFE,1,hot_but_safe
Ulaanbaatar,Mongolia,-3.9,-3.9,2,18.52655253464443,ED_MODERATE_SAFE,1,iso_forest
Podgorica,Montenegro,13.2,13.8,1,0.0,ED_VERY_SAFE,1,lof
Port Moresby,Papua New Guinea,26.4,28.9,1,5.699999999999996,ED_VERY_SAFE,1,lof
Singapore,Singapore,30.3,39.9,1,28.166666666666664,ED_MODERATE_SAFE,1,hot_but_safe
Caracas,Venezuela,18.4,18.5,1,0.0,ED_VERY_SAFE,1,lof
Copenhagen,Denmark,10.3,10.3,1,0.0,ED_VERY_SAFE,1,iso_forest
Jakarta,Indonesia,33.4,41.0,5,89.2625,ED_VERY_DANGEROUS,1,iso_forest
Paramaribo,Suriname,24.6,27.2,1,0.5999999999999979,ED_VERY_SAFE,1,lof
Yaren,Turkey,10.1,10.1,1,0.0,ED_VERY_SAFE,1,lof
Riyadh,Saudi Arabia,30.3,30.3,3,33.1,ED_MODERATE_SAFE,1,lof
Luanda,Angola,23.2,25.3,1,0.0,ED_VERY_SAFE,1,lof
Baku,Azerbaijan,15.1,15.1,1,0.0,ED_VERY_SAFE,1,lof
Moroni,Comoros,31.3,38.7,1,36.16666666666667,ED_CAUTION,1,lof
Reykjavik,Iceland,-1.9,-1.9,1,11.975546994600977,ED_VERY_SAFE,1,iso_forest
Maputo,Mozambique,22.1,24.6,1,5.7,ED_VERY_SAFE,1,lof
Koror,Palau,26.2,28.4,1,4.799999999999996,ED_VERY_SAFE,1,lof
Port Moresby,Papua New Guinea,30.1,39.2,1,27.000000000000007,ED_MODERATE_SAFE,1,hot_but_safe
Manila,Philippines,29.4,33.1,1,16.833333333333336,ED_MODERATE_SAFE,1,lof
Vienna,Austria,9.4,9.4,1,0.0,ED_VERY_SAFE,1,lof
Ulaanbaatar,Mongolia,-3.7,-3.7,1,5.550000000000001,ED_VERY_SAFE,1,iso_forest
Beijing,China,18.2,18.2,5,45.0,ED_CAUTION,1,iso_forest
Reykjavik,Iceland,3.1,3.1,1,1.7330467144768882,ED_VERY_SAFE,1,iso_forest
Rangoon,Myanmar,29.2,32.5,2,28.233333333333334,ED_MODERATE_SAFE,1,lof
Kathmandu,Nepal,19.1,19.1,3,18.0,ED_MODERATE_SAFE,1,lof
Singapore,Singapore,32.3,40.8,1,34.96666666666666,ED_MODERATE_SAFE,1,hot_but_safe
Bangkok,Thailand,32.4,41.1,1,34.11538461538461,ED_MODERATE_SAFE,1,hot_but_safe
Tunis,Tunisia,21.2,21.2,1,0.0,ED_VERY_SAFE,1,lof
Hanoi,Vietnam,21.2,21.2,3,18.0,ED_MODERATE_SAFE,1,lof
Bridgetown,Barbados,29.1,36.7,1,22.83333333333334,ED_MODERATE_SAFE,1,lof
Reykjavik,Iceland,10.2,10.2,1,0.0,ED_VERY_SAFE,1,iso_forest
Kingston,Jamaica,28.3,36.8,1,22.999999999999996,ED_MODERATE_SAFE,1,lof
Santo Domingo,Dominican Republic,27.1,33.0,1,16.666666666666668,ED_MODERATE_SAFE,1,lof
Bandar Seri Begawan,Brunei Darussalam,31.1,40.2,1,28.66666666666667,ED_MODERATE_SAFE,1,hot_but_safe
Manila,Philippines,32.3,39.2,1,30.60000000000001,ED_MODERATE_SAFE,1,hot_but_safe
Rangoon,Myanmar,33.3,39.8,1,33.4,ED_MODERATE_SAFE,1,hot_but_safe
Koror,Palau,31.3,39.4,1,32.733333333333334,ED_MODERATE_SAFE,1,hot_but_safe
Sofia,Bulgaria,9.2,9.4,1,0.0,ED_VERY_SAFE,1,lof
Copenhagen,Denmark,8.4,8.4,1,0.0,ED_VERY_SAFE,1,iso_forest
New Delhi,India,31.1,31.1,5,62.300000000000004,ED_DANGEROUS,1,iso_forest
Jakarta,Indonesia,26.0,26.6,4,41.6,ED_CAUTION,1,lof
Podgorica,Montenegro,15.4,15.4,1,0.0,ED_VERY_SAFE,1,lof
Wellington,New Zealand,14.3,14.3,1,0.0,ED_VERY_SAFE,1,iso_forest
Bandar Seri Begawan,Brunei Darussalam,32.2,49.3,1,39.57692307692307,ED_CAUTION,1,lof
Suva,Fiji Islands,26.3,30.6,1,10.800000000000004,ED_VERY_SAFE,1,lof
Kingston,Jamaica,25.6,28.7,1,5.099999999999998,ED_VERY_SAFE,1,lof
Valletta,Malta,22.1,24.6,1,0.0,ED_VERY_SAFE,1,lof
Koror,Palau,25.3,27.8,1,2.400000000000002,ED_VERY_SAFE,1,lof
Sarajevo,Bosnia and Herzegovina,8.1,8.1,1,0.0,ED_VERY_SAFE,1,lof
Phnom Penh,Cambodia,29.1,33.0,1,23.116666666666667,ED_MODERATE_SAFE,1,lof
Brazzaville,Congo,26.2,28.1,1,3.3000000000000043,ED_VERY_SAFE,1,lof
Bissau,Guinea-Bissau,26.2,30.0,1,9.0,ED_VERY_SAFE,1,lof
Port-Au-Prince,Haiti,22.2,24.3,1,0.0,ED_VERY_SAFE,1,lof
Kingston,Jamaica,25.1,27.8,1,2.400000000000002,ED_VERY_SAFE,1,lof
Valletta,Malta,21.3,21.3,1,0.0,ED_VERY_SAFE,1,lof
Rangoon,Myanmar,33.1,40.2,1,33.76666666666667,ED_MODERATE_SAFE,1,hot_but_safe
Chi-Chi-Erh,Russia,-14.8,-14.8,1,19.0,ED_MODERATE_SAFE,1,iso_forest
Warsaw,Poland,-7.9,-7.9,1,18.76899474583324,ED_MODERATE_SAFE,1,iso_forest
Minsk,Belarus,-22.8,-22.8,2,40.43119825265582,ED_CAUTION,1,iso_forest
Berlin,Germany,-6.8,-6.8,2,24.5815211925713,ED_MODERATE_SAFE,1,iso_forest
Port Vila,Vanuatu,31.2,41.2,1,30.230769230769234,ED_MODERATE_SAFE,1,hot_but_safe
Yerevan,Armenia,-7.8,-7.8,1,11.7,ED_VERY_SAFE,1,iso_forest
Vienna,Austria,-5.7,-5.7,2,24.011393647817677,ED_MODERATE_SAFE,1,iso_forest
Bras,Brazil,23.1,25.8,1,0.0,ED_VERY_SAFE,1,lof
Beijing,China,-0.7,-0.7,4,33.05,ED_MODERATE_SAFE,1,iso_forest
Prague,Czech Republic,-8.6,-8.6,2,24.504357117929416,ED_MODERATE_SAFE,1,iso_forest
Copenhagen,Denmark,-0.6,-0.6,2,19.149487874478833,ED_MODERATE_SAFE,1,iso_forest
Tallinn,Estonia,-6.6,-6.6,1,18.10832228695822,ED_MODERATE_SAFE,1,iso_forest
Suva,Fiji Islands,30.1,38.4,1,25.666666666666664,ED_MODERATE_SAFE,1,hot_but_safe
Helsinki,Finland,-5.7,-5.7,1,16.83270991258435,ED_MODERATE_SAFE,1,iso_forest
Georgetown,Guyana,23.3,25.6,1,0.0,ED_VERY_SAFE,1,lof
Ashgabat,Turkmenistan,-0.8,-0.8,1,10.892039316273788,ED_VERY_SAFE,1,lof
Reykjavik,Iceland,7.1,7.1,1,0.0,ED_VERY_SAFE,1,iso_forest
Tehran,Iran,0.4,0.4,3,18.0,ED_MODERATE_SAFE,1,iso_forest
Nairobi,Kenya,20.7,20.7,1,9.2,ED_VERY_SAFE,1,lof
Bishkek,Kyrghyzstan,-2.3,-2.3,2,11.45,ED_VERY_SAFE,1,lof
Vaduz,Liechtenstein,-1.8,-1.8,1,8.676836850327863,ED_VERY_SAFE,1,iso_forest
Chi Chi Khvar,Iran,-10.8,-10.8,1,19.61034482307041,ED_MODERATE_SAFE,1,iso_forest
Ulaanbaatar,Mongolia,-22.0,-22.0,4,57.0,ED_DANGEROUS,1,iso_forest
Wellington,New Zealand,19.3,19.3,1,0.0,ED_VERY_SAFE,1,lof
Pyongyang,North Korea,-9.5,-9.5,1,21.44167670178961,ED_MODERATE_SAFE,1,iso_forest
Warsaw,Poland,-10.9,-10.9,3,37.82931678707854,ED_CAUTION,1,iso_forest
Kyiv,Ukraine,-12.3,-12.3,2,28.83297497769594,ED_MODERATE_SAFE,1,iso_forest
Ankara,Turkey,-7.7,-7.7,2,23.463253843999716,ED_MODERATE_SAFE,1,iso_forest
Kyiv,Ukraine,-13.8,-13.8,1,22.827854082369125,ED_MODERATE_SAFE,1,iso_forest
Amman,Jordan,2.0,2.0,1,5.338143061847301,ED_VERY_SAFE,1,iso_forest
Vienna,Austria,-6.0,-6.0,2,25.254409505135396,ED_MODERATE_SAFE,1,iso_forest
Baku,Azerbaijan,2.1,2.1,1,6.266806336455847,ED_VERY_SAFE,1,iso_forest
Nassau,Bahamas,22.4,24.7,1,0.0,ED_VERY_SAFE,1,lof
Beijing,China,0.3,0.3,4,35.531495032717956,ED_CAUTION,1,iso_forest
Malabo,Equatorial Guinea,24.2,26.1,1,0.0,ED_VERY_SAFE,1,lof
Suva,Fiji Islands,30.1,38.8,1,26.33333333333333,ED_MODERATE_SAFE,1,hot_but_safe
Libreville,Gabon,25.0,27.2,1,0.5999999999999979,ED_VERY_SAFE,1,lof
Budapest,Hungary,-11.9,-11.9,2,27.456086783385818,ED_MODERATE_SAFE,1,iso_forest
Tehran,Iran,1.4,1.4,2,12.1665207281343,ED_VERY_SAFE,1,lof
Tokyo,Japan,6.1,6.1,1,0.0,ED_VERY_SAFE,1,lof
Astana,Kazakhstan,-12.8,-12.8,1,21.84032372753602,ED_MODERATE_SAFE,1,iso_forest
Tunis,Tunisia,12.1,12.1,3,18.0,ED_MODERATE_SAFE,1,lof
Vilnius,Lithuania,-15.8,-15.8,3,42.07035982098031,ED_CAUTION,1,iso_forest
Chi Chi Khvar,Iran,-10.6,-10.6,1,15.5,ED_MODERATE_SAFE,1,iso_forest
Ulaanbaatar,Mongolia,-25.7,-25.7,4,60.08333333333333,ED_DANGEROUS,1,iso_forest
Pyongyang,North Korea,-10.3,-10.3,1,22.55235418595779,ED_MODERATE_SAFE,1,iso_forest
Port Moresby,Papua New Guinea,25.9,28.9,1,5.699999999999996,ED_VERY_SAFE,1,lof
Warsaw,Poland,-12.7,-12.7,4,52.889389030736076,ED_CAUTION,1,iso_forest
Bucharest,Romania,-9.8,-9.8,2,26.74677732019918,ED_MODERATE_SAFE,1,iso_forest
Riyadh,Saudi Arabia,8.1,8.1,6,53.6,ED_CAUTION,1,iso_forest
Belgrade,Serbia,-6.6,-6.6,1,17.474816012949713,ED_MODERATE_SAFE,1,iso_forest
Seoul,South Korea,-6.0,-6.0,2,25.628701099603404,ED_MODERATE_SAFE,1,iso_forest
Belgrade,Serbia,-6.0,-6.0,2,23.506212543473524,ED_MODERATE_SAFE,1,iso_forest
Ljubljana,Slovenia,-5.8,-5.8,3,26.7,ED_MODERATE_SAFE,1,iso_forest
Honiara,Solomon Islands,32.3,44.7,1,34.269230769230774,ED_MODERATE_SAFE,1,hot_but_safe
Vienna,Austria,-2.9,-2.9,2,12.350000000000001,ED_VERY_SAFE,1,iso_forest
Singapore,Singapore,32.3,38.9,1,32.1,ED_MODERATE_SAFE,1,hot_but_safe
Ljubljana,Slovenia,-4.6,-4.6,3,24.9,ED_MODERATE_SAFE,1,iso_forest
Honiara,Solomon Islands,30.0,38.1,1,25.16666666666667,ED_MODERATE_SAFE,1,hot_but_safe
Mogadishu,Somalia,27.9,29.2,1,16.5,ED_MODERATE_SAFE,1,lof
Bern,Switzerland,-1.7,-1.7,1,2.549999999999999,ED_VERY_SAFE,1,iso_forest
Damascus,Syria,3.3,3.3,2,8.0,ED_VERY_SAFE,1,lof
Dushanbe,Tajikistan,-3.7,-3.7,1,6.45,ED_VERY_SAFE,1,iso_forest
Funafuti,Tuvalu,29.1,35.2,1,20.33333333333334,ED_MODERATE_SAFE,1,lof
Port Vila,Vanuatu,30.1,38.3,1,25.499999999999996,ED_MODERATE_SAFE,1,hot_but_safe
Andorra La Vella,Andorra,-7.1,-7.1,1,16.328702259240686,ED_MODERATE_SAFE,1,iso_forest
Nassau,Bahamas,24.2,26.5,1,0.0,ED_VERY_SAFE,1,lof
Seoul,South Korea,-4.7,-4.7,1,16.04788008339101,ED_MODERATE_SAFE,1,iso_forest
Beijing,China,3.2,3.2,5,45.0,ED_CAUTION,1,iso_forest
Bogot,Hungary,-4.7,-4.7,3,25.05,ED_MODERATE_SAFE,1,iso_forest
Prague,Czech Republic,-3.7,-3.7,3,23.55,ED_MODERATE_SAFE,1,iso_forest
Tallinn,Estonia,-11.7,-11.7,1,20.886424305462434,ED_MODERATE_SAFE,1,iso_forest
Suva,Fiji Islands,26.3,29.4,1,7.199999999999996,ED_VERY_SAFE,1,lof
Helsinki,Finland,-9.7,-9.7,1,18.297983913454747,ED_MODERATE_SAFE,1,iso_forest
Dublin,Ireland,7.0,7.0,1,0.0,ED_VERY_SAFE,1,iso_forest
Tokyo,Japan,9.4,9.4,3,18.0,ED_MODERATE_SAFE,1,lof
Vilnius,Lithuania,-12.9,-12.9,1,23.5564368971323,ED_MODERATE_SAFE,1,cold_but_safe
Palikir,Micronesia,30.3,35.9,1,21.5,ED_MODERATE_SAFE,1,lof
Riyadh,Saudi Arabia,10.2,10.2,5,49.3,ED_CAUTION,1,iso_forest
Moscow,Russia,-11.7,-11.7,3,39.107114329493456,ED_CAUTION,1,iso_forest
Warsaw,Poland,-7.9,-7.9,2,26.10896703518236,ED_MODERATE_SAFE,1,iso_forest
Pyongyang,North Korea,-4.8,-4.8,2,15.2,ED_MODERATE_SAFE,1,iso_forest
Bern,Switzerland,-3.7,-3.7,1,5.550000000000001,ED_VERY_SAFE,1,iso_forest
Port Vila,Vanuatu,30.2,39.0,1,26.666666666666668,ED_MODERATE_SAFE,1,hot_but_safe
Sanaa,Yemen,14.2,14.2,1,7.800000000000001,ED_VERY_SAFE,1,lof
Andorra La Vella,Andorra,-1.8,-1.8,1,6.8559475093879385,ED_VERY_SAFE,1,iso_forest
Vienna,Austria,-4.8,-4.8,3,25.2,ED_MODERATE_SAFE,1,iso_forest
Sarajevo,Bosnia and Herzegovina,-1.8,-1.8,3,24.010676878102196,ED_MODERATE_SAFE,1,iso_forest
Beijing,China,3.0,3.0,4,32.0,ED_MODERATE_SAFE,1,iso_forest
Bogot,Hungary,-2.6,-2.6,3,25.840202253600857,ED_MODERATE_SAFE,1,iso_forest
Prague,Czech Republic,-6.7,-6.7,3,28.05,ED_MODERATE_SAFE,1,iso_forest
Copenhagen,Denmark,0.1,0.1,1,11.014670355159453,ED_VERY_SAFE,1,iso_forest
Tallinn,Estonia,-8.9,-8.9,1,19.450709987140087,ED_MODERATE_SAFE,1,iso_forest
Suva,Fiji Islands,30.3,39.8,1,27.999999999999996,ED_MODERATE_SAFE,1,hot_but_safe
Berlin,Germany,-8.0,-8.0,3,36.445340725429695,ED_CAUTION,1,iso_forest
Reykjavik,Iceland,8.0,8.0,1,0.0,ED_VERY_SAFE,1,iso_forest
Dublin,Ireland,5.4,5.4,1,0.0,ED_VERY_SAFE,1,iso_forest
Astana,Kazakhstan,-23.9,-23.9,1,35.236631262630326,ED_CAUTION,1,iso_forest
Bishkek,Kyrghyzstan,-3.7,-3.7,1,12.501867961208234,ED_VERY_SAFE,1,iso_forest
Vaduz,Liechtenstein,-1.9,-1.9,1,8.971045531837083,ED_VERY_SAFE,1,iso_forest
Luxembourg,Luxembourg,1.1,1.1,2,10.123410256241257,ED_VERY_SAFE,1,iso_forest
Port Louis,Mauritius,27.1,29.6,1,19.800000000000004,ED_MODERATE_SAFE,1,lof
Ulaanbaatar,Mongolia,-20.9,-20.9,4,56.08333333333333,ED_DANGEROUS,1,iso_forest
Port Vila,Vanuatu,29.0,35.5,1,20.833333333333336,ED_MODERATE_SAFE,1,lof
Lom,Bulgaria,-7.9,-7.9,2,24.24810451401479,ED_MODERATE_SAFE,1,iso_forest
Ulaanbaatar,Mongolia,-18.6,-18.6,4,54.16666666666667,ED_CAUTION,1,iso_forest
Tehran,Iran,3.0,3.0,4,32.0,ED_MODERATE_SAFE,1,iso_forest
Juba,Sudan,16.3,16.3,4,34.4,ED_MODERATE_SAFE,1,iso_forest
Nuku`Aloia,Tonga,28.1,32.9,1,16.499999999999996,ED_MODERATE_SAFE,1,lof
Port Vila,Vanuatu,28.1,33.1,1,16.833333333333336,ED_MODERATE_SAFE,1,lof
Beijing,China,-3.9,-3.9,3,30.13677488141753,ED_MODERATE_SAFE,1,iso_forest
Zagreb,Croatia,2.0,2.0,4,32.0,ED_MODERATE_SAFE,1,iso_forest
Nicosia,Cyprus,11.3,11.7,1,0.0,ED_VERY_SAFE,1,lof
Malabo,Equatorial Guinea,24.2,26.2,2,8.0,ED_VERY_SAFE,1,lof
Tallinn,Estonia,-7.9,-7.9,1,19.24738764783865,ED_MODERATE_SAFE,1,iso_forest
Suva,Fiji Islands,28.4,34.2,1,18.66666666666667,ED_MODERATE_SAFE,1,lof
Helsinki,Finland,-3.6,-3.6,1,15.123287309141565,ED_MODERATE_SAFE,1,iso_forest
Tarawa,Kiribati,28.5,31.2,1,12.599999999999998,ED_VERY_SAFE,1,lof
Riyadh,Saudi Arabia,10.2,10.2,5,48.9,ED_CAUTION,1,iso_forest
Bishkek,Kyrghyzstan,-7.2,-7.2,1,15.455374677869322,ED_MODERATE_SAFE,1,iso_forest
Riga,Latvia,-9.7,-9.7,1,20.556117127958267,ED_MODERATE_SAFE,1,iso_forest
Vilnius,Lithuania,-12.7,-12.7,1,20.889389030736076,ED_MODERATE_SAFE,1,iso_forest
Palikir,Micronesia,29.2,35.1,1,20.16666666666667,ED_MODERATE_SAFE,1,lof
Chi Chi Khvar,Iran,-9.5,-9.5,1,15.149999999999999,ED_MODERATE_SAFE,1,iso_forest
Maputo,Mozambique,24.2,25.9,1,8.55,ED_VERY_SAFE,1,lof
Koror,Palau,31.4,39.5,1,32.2,ED_MODERATE_SAFE,1,hot_but_safe
Port Moresby,Papua New Guinea,27.2,30.4,1,10.199999999999996,ED_VERY_SAFE,1,lof
Warsaw,Poland,-9.6,-9.6,1,20.66139765441176,ED_MODERATE_SAFE,1,iso_forest
Bucharest,Romania,-8.8,-8.8,1,17.8902023082036,ED_MODERATE_SAFE,1,iso_forest
Honiara,Solomon Islands,27.1,31.3,1,12.900000000000002,ED_VERY_SAFE,1,lof
National,Bolivia,21.9,21.9,1,0.0,ED_VERY_SAFE,1,lof
Dili,Timor-Leste,27.7,30.8,1,21.200000000000003,ED_MODERATE_SAFE,1,lof
Riyadh,Saudi Arabia,13.2,13.2,6,50.0,ED_CAUTION,1,iso_forest
Suva,Fiji Islands,28.4,34.0,1,18.333333333333332,ED_MODERATE_SAFE,1,lof
Libreville,Gabon,24.3,26.3,1,0.0,ED_VERY_SAFE,1,lof
Reykjavik,Iceland,1.1,1.1,1,4.722831779610651,ED_VERY_SAFE,1,iso_forest
New Delhi,India,10.1,10.1,5,49.4,ED_CAUTION,1,iso_forest
Palikir,Micronesia,30.1,34.6,1,19.333333333333336,ED_MODERATE_SAFE,1,lof
Ulaanbaatar,Mongolia,-19.7,-19.7,2,31.083333333333332,ED_MODERATE_SAFE,1,iso_forest
Maputo,Mozambique,23.3,25.7,1,0.0,ED_VERY_SAFE,1,lof
Oslo,Norway,-7.7,-7.7,2,19.55,ED_MODERATE_SAFE,1,iso_forest
Koror,Palau,29.2,35.5,1,25.333333333333336,ED_MODERATE_SAFE,1,lof
Moscow,Russia,-10.7,-10.7,4,47.58333333333333,ED_CAUTION,1,iso_forest
Bratislava,Slovakia,-3.7,-3.7,3,27.748336902127015,ED_MODERATE_SAFE,1,iso_forest
Maputo,Mozambique,24.3,26.2,1,7.800000000000001,ED_VERY_SAFE,1,lof
Juba,Sudan,16.6,16.6,4,34.1,ED_MODERATE_SAFE,1,iso_forest
Port Vila,Vanuatu,28.1,32.8,1,16.33333333333333,ED_MODERATE_SAFE,1,lof
Nassau,Bahamas,18.2,18.2,1,0.0,ED_VERY_SAFE,1,lof
Gaborone,Botswana,23.3,25.1,1,6.1499999999999995,ED_VERY_SAFE,1,lof
Beijing,China,4.0,4.0,4,32.0,ED_MODERATE_SAFE,1,iso_forest
Malabo,Equatorial Guinea,23.2,25.2,2,8.0,ED_VERY_SAFE,1,lof
Tallinn,Estonia,-5.9,-5.9,1,17.209568563789333,ED_MODERATE_SAFE,1,iso_forest
Kuwait City,Kuwait,11.4,11.4,3,19.5,ED_MODERATE_SAFE,1,lof
Palikir,Micronesia,28.4,33.3,1,17.16666666666666,ED_MODERATE_SAFE,1,lof
Chi Chi Khvar,Iran,-11.5,-11.5,1,16.85,ED_MODERATE_SAFE,1,iso_forest
Moscow,Russia,-19.0,-19.0,3,40.5,ED_CAUTION,1,iso_forest
Honiara,Solomon Islands,25.3,28.8,1,5.400000000000002,ED_VERY_SAFE,1,lof
Dili,Timor-Leste,26.5,29.4,1,7.199999999999996,ED_VERY_SAFE,1,lof
Lilongwe,Malawi,24.3,26.7,1,0.0,ED_VERY_SAFE,1,lof
Kyiv,Ukraine,-13.5,-13.5,1,22.90040937179512,ED_MODERATE_SAFE,1,iso_forest
Port Vila,Vanuatu,27.2,31.6,1,13.800000000000004,ED_VERY_SAFE,1,lof
Vienna,Austria,-4.8,-4.8,2,24.053828594661447,ED_MODERATE_SAFE,1,iso_forest
Minsk,Belarus,-20.7,-20.7,2,37.803706569809336,ED_CAUTION,1,iso_forest
Sarajevo,Bosnia and Herzegovina,-5.7,-5.7,2,16.55,ED_MODERATE_SAFE,1,iso_forest
Sofia,Bulgaria,-7.7,-7.7,2,23.463253843999716,ED_MODERATE_SAFE,1,iso_forest
Bogot,Bulgaria,-7.2,-7.2,2,22.978249860759608,ED_MODERATE_SAFE,1,iso_forest
Moroni,Comoros,31.3,39.3,1,33.06666666666666,ED_MODERATE_SAFE,1,hot_but_safe
Tallinn,Estonia,-8.7,-8.7,1,17.429138204489327,ED_MODERATE_SAFE,1,iso_forest
Budapest,Hungary,-10.6,-10.6,2,26.01219666585569,ED_MODERATE_SAFE,1,iso_forest
Chi Chi Khvar,Iran,-8.7,-8.7,1,16.732469801626152,ED_MODERATE_SAFE,1,iso_forest
Lom,Bulgaria,-6.7,-6.7,2,23.695984277175512,ED_MODERATE_SAFE,1,iso_forest
Pyongyang,North Korea,-9.1,-9.1,1,21.269384775439526,ED_MODERATE_SAFE,1,iso_forest
Skopje,Macedonia,-7.9,-7.9,2,23.653388745875244,ED_MODERATE_SAFE,1,iso_forest
Oslo,Norway,7.3,7.3,1,0.0,ED_VERY_SAFE,1,lof
Port Moresby,Papua New Guinea,23.9,26.2,1,0.0,ED_VERY_SAFE,1,lof
Warsaw,Poland,-13.8,-13.8,4,54.128240759998036,ED_CAUTION,1,iso_forest
Bucharest,Romania,-6.6,-6.6,3,27.9,ED_MODERATE_SAFE,1,iso_forest
Belgrade,Serbia,-3.8,-3.8,1,15.385700175792973,ED_MODERATE_SAFE,1,iso_forest
Bratislava,Slovakia,-6.7,-6.7,2,23.816388563054087,ED_MODERATE_SAFE,1,iso_forest
Honiara,Solomon Islands,30.2,40.5,1,29.166666666666668,ED_MODERATE_SAFE,1,hot_but_safe
Seoul,South Korea,-4.7,-4.7,1,15.890792881180534,ED_MODERATE_SAFE,1,iso_forest
Ankara,Turkey,-3.9,-3.9,3,23.85,ED_MODERATE_SAFE,1,lof
Nuku`Aloia,Tonga,29.3,34.9,1,19.833333333333332,ED_MODERATE_SAFE,1,lof
Lom,Bulgaria,-7.8,-7.8,1,18.157447636677254,ED_MODERATE_SAFE,1,iso_forest
Honiara,Solomon Islands,26.4,30.6,1,10.800000000000004,ED_VERY_SAFE,1,lof
Funafuti,Tuvalu,30.3,34.7,1,19.500000000000007,ED_MODERATE_SAFE,1,lof
Bandar Seri Begawan,Brunei Darussalam,24.1,26.2,1,1.8000000000000003,ED_VERY_SAFE,1,lof
Beijing,China,-3.0,-3.0,3,22.5,ED_MODERATE_SAFE,1,iso_forest
Bogot,Bulgaria,-5.7,-5.7,1,16.011393647817677,ED_MODERATE_SAFE,1,iso_forest
Brazzaville,Congo,23.2,25.3,1,0.0,ED_VERY_SAFE,1,lof
Kinshasa,Democratic Republic of Congo,23.2,25.3,1,0.0,ED_VERY_SAFE,1,lof
Tallinn,Estonia,-2.8,-2.8,1,12.044035903004831,ED_VERY_SAFE,1,iso_forest
Mbabane,Swaziland,23.1,25.1,1,8.7,ED_VERY_SAFE,1,lof
Helsinki,Finland,0.1,0.1,1,6.867858196307008,ED_VERY_SAFE,1,lof
Budapest,Hungary,-8.8,-8.8,2,26.302070096684496,ED_MODERATE_SAFE,1,iso_forest
Reykjavik,Iceland,7.2,7.2,1,0.0,ED_VERY_SAFE,1,iso_forest
Bishkek,Kyrghyzstan,-6.0,-6.0,1,9.0,ED_VERY_SAFE,1,iso_forest
Riga,Latvia,-11.7,-11.7,1,21.107114329493456,ED_MODERATE_SAFE,1,iso_forest
Palikir,Micronesia,29.1,35.1,1,20.16666666666667,ED_MODERATE_SAFE,1,lof
Chi Chi Khvar,Iran,-6.3,-6.3,1,10.05,ED_VERY_SAFE,1,iso_forest
Maputo,Mozambique,25.4,27.7,1,8.099999999999998,ED_VERY_SAFE,1,lof
National,Bolivia,21.9,21.9,1,0.0,ED_VERY_SAFE,1,lof
Port Moresby,Papua New Guinea,27.4,30.3,1,9.900000000000002,ED_VERY_SAFE,1,lof
Manila,Philippines,29.4,32.9,2,24.499999999999996,ED_MODERATE_SAFE,1,lof
Bucharest,Romania,-8.7,-8.7,1,13.049999999999999,ED_VERY_SAFE,1,iso_forest
San Marino,San Marino,8.3,8.3,2,8.0,ED_VERY_SAFE,1,lof
Chi Chi Khvar,Iran,-3.6,-3.6,2,13.7,ED_VERY_SAFE,1,lof
Wellington,New Zealand,15.4,15.4,1,0.0,ED_VERY_SAFE,1,lof
San Marino,San Marino,11.1,11.1,1,0.0,ED_VERY_SAFE,1,iso_forest
Skopje,Macedonia,2.3,2.3,3,18.0,ED_MODERATE_SAFE,1,iso_forest
Yerevan,Armenia,-1.6,-1.6,2,10.399999999999999,ED_VERY_SAFE,1,lof
Sofia,Bulgaria,2.3,2.3,3,18.0,ED_MODERATE_SAFE,1,iso_forest
Beijing,China,6.3,6.3,4,32.0,ED_MODERATE_SAFE,1,iso_forest
Copenhagen,Denmark,-3.0,-3.0,1,16.356321064851286,ED_MODERATE_SAFE,1,iso_forest
Tallinn,Estonia,-12.9,-12.9,1,23.019003914637327,ED_MODERATE_SAFE,1,iso_forest
Suva,Fiji Islands,30.3,39.6,1,27.66666666666667,ED_MODERATE_SAFE,1,hot_but_safe
Berlin,Germany,-3.8,-3.8,2,23.058611992002618,ED_MODERATE_SAFE,1,iso_forest
Astana,Kazakhstan,-13.9,-13.9,2,26.25,ED_MODERATE_SAFE,1,iso_forest
Ulaanbaatar,Mongolia,-14.9,-14.9,3,40.07732337884968,ED_CAUTION,1,iso_forest
Pyongyang,North Korea,-3.0,-3.0,2,20.20381630341771,ED_MODERATE_SAFE,1,iso_forest
Warsaw,Poland,-12.8,-12.8,1,24.046693716462404,ED_MODERATE_SAFE,1,cold_but_safe
Algiers,Algeria,14.1,14.1,1,0.0,ED_VERY_SAFE,1,iso_forest
Moscow,Russia,-18.7,-18.7,2,37.296489769329305,ED_CAUTION,1,iso_forest
Riyadh,Saudi Arabia,17.3,17.3,5,48.9,ED_CAUTION,1,iso_forest
Ljubljana,Slovenia,2.1,2.1,3,18.0,ED_MODERATE_SAFE,1,iso_forest
Bern,Switzerland,-1.6,-1.6,1,2.3999999999999986,ED_VERY_SAFE,1,iso_forest
Nuku`Aloia,Tonga,27.3,31.4,1,13.199999999999996,ED_VERY_SAFE,1,lof
Ashgabat,Turkmenistan,2.1,2.1,1,1.5453342093252362,ED_VERY_SAFE,1,lof
Nassau,Bahamas,17.1,17.1,1,0.0,ED_VERY_SAFE,1,lof
Beijing,China,7.0,7.0,4,32.0,ED_MODERATE_SAFE,1,iso_forest
Havana,Cuba,17.0,17.0,1,0.0,ED_VERY_SAFE,1,lof
Copenhagen,Denmark,-3.7,-3.7,1,17.02853758968413,ED_MODERATE_SAFE,1,iso_forest
Andorra La Vella,Andorra,-4.7,-4.7,1,15.194278677587723,ED_MODERATE_SAFE,1,iso_forest
Kyiv,Ukraine,-9.7,-9.7,1,21.135472204083847,ED_MODERATE_SAFE,1,iso_forest
Aguaray,Paraguay,22.8,25.3,1,0.0,ED_VERY_SAFE,1,lof
Prague,Czech Republic,-1.0,-1.0,2,12.634539709376226,ED_VERY_SAFE,1,iso_forest
Moscow,Russia,-10.8,-10.8,2,29.908546385597624,ED_MODERATE_SAFE,1,iso_forest
Riyadh,Saudi Arabia,14.1,14.1,6,54.1,ED_CAUTION,1,iso_forest
Belgrade,Serbia,9.0,9.0,2,8.0,ED_VERY_SAFE,1,lof
Singapore,Singapore,31.2,38.2,1,33.733333333333334,ED_MODERATE_SAFE,1,hot_but_safe
Seoul,South Korea,0.2,0.2,2,15.528363381346706,ED_MODERATE_SAFE,1,iso_forest
Juba,Sudan,22.5,22.5,3,19.5,ED_MODERATE_SAFE,1,iso_forest
Ashgabat,Turkmenistan,2.3,2.3,1,3.8992978989361617,ED_VERY_SAFE,1,lof
Port Vila,Vanuatu,30.3,36.1,1,21.833333333333336,ED_MODERATE_SAFE,1,lof
Canberra,Australia,38.3,38.3,1,25.499999999999996,ED_MODERATE_SAFE,1,hot_but_safe
Brussels,Belgium,0.3,0.3,2,13.783659480508318,ED_VERY_SAFE,1,iso_forest
Copenhagen,Denmark,-1.0,-1.0,1,12.718021441024144,ED_VERY_SAFE,1,iso_forest
Funafuti,Tuvalu,27.5,31.5,1,13.5,ED_VERY_SAFE,1,lof
Suva,Fiji Islands,30.2,40.1,1,28.500000000000004,ED_MODERATE_SAFE,1,hot_but_safe
Luxembourg,Luxembourg,0.0,0.0,2,11.912931051275784,ED_VERY_SAFE,1,iso_forest
Antananarivo,Madagascar,21.1,21.1,1,11.0,ED_VERY_SAFE,1,lof
Chi Chi Khvar,Iran,-0.4,-0.4,1,3.000000000000001,ED_VERY_SAFE,1,lof
Ulaanbaatar,Mongolia,-17.7,-17.7,4,53.416666666666664,ED_CAUTION,1,iso_forest
Pyongyang,North Korea,-5.9,-5.9,1,16.29450526916309,ED_MODERATE_SAFE,1,iso_forest
Moscow,Russia,-18.0,-18.0,2,36.68741432669927,ED_CAUTION,1,iso_forest
San Marino,San Marino,5.2,5.2,2,8.0,ED_VERY_SAFE,1,lof
Seoul,South Korea,-2.0,-2.0,2,17.038367975912823,ED_MODERATE_SAFE,1,iso_forest
Bern,Switzerland,-2.0,-2.0,1,3.0,ED_VERY_SAFE,1,iso_forest
Astana,Kazakhstan,-11.0,-11.0,2,27.822942866070072,ED_MODERATE_SAFE,1,iso_forest
Antananarivo,Madagascar,23.3,25.3,1,12.0,ED_VERY_SAFE,1,lof
Valletta,Malta,12.3,12.3,1,0.0,ED_VERY_SAFE,1,iso_forest
Amsterdam,Netherlands,-2.6,-2.6,2,21.836428063790873,ED_MODERATE_SAFE,1,iso_forest
Suva,Fiji Islands,30.4,39.9,1,28.166666666666664,ED_MODERATE_SAFE,1,hot_but_safe
Berlin,Germany,-7.9,-7.9,1,20.025713894462747,ED_MODERATE_SAFE,1,iso_forest
Bissau,Guinea-Bissau,19.3,19.3,2,8.0,ED_VERY_SAFE,1,lof
New Delhi,India,15.3,15.3,5,49.5,ED_CAUTION,1,iso_forest
Dublin,Ireland,6.1,6.1,1,0.0,ED_VERY_SAFE,1,iso_forest
Riga,Latvia,-11.9,-11.9,1,20.951546408186225,ED_MODERATE_SAFE,1,iso_forest
Vaduz,Liechtenstein,0.4,0.4,1,6.020890899722133,ED_VERY_SAFE,1,iso_forest
Luxembourg,Luxembourg,1.0,1.0,1,3.8515513115632807,ED_VERY_SAFE,1,iso_forest
Chi-Chi-Erh,Russia,-16.1,-16.1,1,20.083333333333336,ED_MODERATE_SAFE,1,iso_forest
Ulaanbaatar,Mongolia,-11.0,-11.0,4,50.60047972494594,ED_CAUTION,1,iso_forest
Warsaw,Poland,-17.7,-17.7,3,44.52137894596916,ED_CAUTION,1,iso_forest
Ulaanbaatar,Mongolia,-11.7,-11.7,3,34.416666666666664,ED_MODERATE_SAFE,1,iso_forest
Moscow,Russia,-21.9,-21.9,3,47.99382295697623,ED_CAUTION,1,iso_forest
Singapore,Singapore,31.4,37.0,1,33.833333333333336,ED_MODERATE_SAFE,1,lof
Juba,Sudan,26.4,26.4,3,21.4,ED_MODERATE_SAFE,1,iso_forest
Stockholm,Sweden,-13.9,-13.9,1,22.39296947876744,ED_MODERATE_SAFE,1,iso_forest
Dili,Timor-Leste,27.3,30.3,1,9.900000000000002,ED_VERY_SAFE,1,lof
Nuku`Aloia,Tonga,29.3,35.8,1,21.33333333333333,ED_MODERATE_SAFE,1,lof
Ashgabat,Turkmenistan,4.1,4.1,1,1.1999999999999997,ED_VERY_SAFE,1,lof
Montevideo,Uruguay,23.3,24.9,1,0.0,ED_VERY_SAFE,1,lof
Kabul,Afghanistan,1.5,1.5,1,4.0,ED_VERY_SAFE,1,iso_forest
Andorra La Vella,Andorra,-4.8,-4.8,1,12.887058083709162,ED_VERY_SAFE,1,iso_forest
Tallinn,Estonia,-8.8,-8.8,1,20.14186888767541,ED_MODERATE_SAFE,1,iso_forest
Malabo,Equatorial Guinea,26.3,29.3,2,14.900000000000002,ED_VERY_SAFE,1,lof
Copenhagen,Denmark,-3.8,-3.8,1,17.3323600216027,ED_MODERATE_SAFE,1,iso_forest
Beijing,China,8.3,8.3,5,45.0,ED_CAUTION,1,iso_forest
Oslo,Norway,-9.7,-9.7,1,17.364602862755,ED_MODERATE_SAFE,1,iso_forest
Canberra,Australia,22.2,22.4,1,0.0,ED_VERY_SAFE,1,lof
Minsk,Belarus,-26.9,-26.9,1,36.693885061800295,ED_CAUTION,1,iso_forest
Ottawa,Canada,-14.5,-14.5,1,23.89668439529605,ED_MODERATE_SAFE,1,cold_but_safe
Beijing,China,7.2,7.2,4,32.0,ED_MODERATE_SAFE,1,iso_forest
Nicosia,Cyprus,18.1,18.1,2,8.0,ED_VERY_SAFE,1,lof
Copenhagen,Denmark,-5.6,-5.6,1,19.036112006468834,ED_MODERATE_SAFE,1,iso_forest
Tallinn,Estonia,-10.8,-10.8,1,22.540588307625523,ED_MODERATE_SAFE,1,iso_forest
Ulaanbaatar,Mongolia,-10.0,-10.0,3,33.0,ED_MODERATE_SAFE,1,iso_forest
Pyongyang,North Korea,-2.5,-2.5,2,19.98897435815421,ED_MODERATE_SAFE,1,iso_forest
Oslo,Norway,-15.6,-15.6,1,22.973582468083098,ED_MODERATE_SAFE,1,iso_forest
Warsaw,Poland,-17.6,-17.6,2,35.98173367293393,ED_CAUTION,1,iso_forest
Lisbon,Portugal,11.0,11.0,1,0.0,ED_VERY_SAFE,1,iso_forest
Moscow,Russia,-19.8,-19.8,2,38.33608063319339,ED_CAUTION,1,iso_forest
Bern,Switzerland,-1.8,-1.8,1,2.700000000000001,ED_VERY_SAFE,1,iso_forest
Nuku`Aloia,Tonga,28.0,32.5,1,15.833333333333334,ED_MODERATE_SAFE,1,lof
Port Vila,Vanuatu,28.2,32.4,1,15.666666666666664,ED_MODERATE_SAFE,1,lof
Andorra La Vella,Andorra,-3.0,-3.0,1,8.534069398519458,ED_VERY_SAFE,1,iso_forest
Buenos Aires,Argentina,22.3,24.4,1,0.0,ED_VERY_SAFE,1,lof
Brussels,Belgium,2.2,2.2,2,11.879005410008102,ED_VERY_SAFE,1,iso_forest
Ottawa,Canada,-12.9,-12.9,2,25.416666666666664,ED_MODERATE_SAFE,1,iso_forest
Bucharest,Romania,3.0,3.0,3,18.0,ED_MODERATE_SAFE,1,iso_forest
Pyongyang,North Korea,-5.8,-5.8,2,25.457278928775047,ED_MODERATE_SAFE,1,iso_forest
Niamey,Niger,19.2,19.2,1,0.0,ED_VERY_SAFE,1,lof
Seoul,South Korea,-0.9,-0.9,4,37.063216268833244,ED_CAUTION,1,iso_forest
Vilnius,Lithuania,-9.8,-9.8,1,20.86925577627607,ED_MODERATE_SAFE,1,iso_forest
Palikir,Micronesia,31.1,38.3,1,25.499999999999996,ED_MODERATE_SAFE,1,hot_but_safe
Ulaanbaatar,Mongolia,-16.7,-16.7,3,41.77900432847506,ED_CAUTION,1,iso_forest
Niamey,Niger,17.6,17.6,4,32.0,ED_MODERATE_SAFE,1,iso_forest
Pyongyang,North Korea,-3.2,-3.2,2,19.20755472942259,ED_MODERATE_SAFE,1,iso_forest
Koror,Palau,31.1,38.5,1,30.833333333333336,ED_MODERATE_SAFE,1,hot_but_safe
Warsaw,Poland,-2.9,-2.9,1,13.472382552805357,ED_VERY_SAFE,1,iso_forest
Moscow,Russia,-17.6,-17.6,3,45.08905097820469,ED_CAUTION,1,iso_forest
Apia,Samoa,28.4,33.4,1,17.333333333333332,ED_MODERATE_SAFE,1,lof
Riyadh,Saudi Arabia,10.2,10.2,5,49.2,ED_CAUTION,1,iso_forest
Damascus,Syria,3.4,3.4,2,8.0,ED_VERY_SAFE,1,lof
Copenhagen,Denmark,-1.9,-1.9,1,13.878580617221886,ED_VERY_SAFE,1,iso_forest
Lom,Bulgaria,2.2,2.2,3,18.0,ED_MODERATE_SAFE,1,iso_forest
Kyiv,Ukraine,-6.2,-6.2,1,17.840647071227906,ED_MODERATE_SAFE,1,iso_forest
Yerevan,Armenia,-4.9,-4.9,1,7.3500000000000005,ED_VERY_SAFE,1,iso_forest
Belmopan,Belize,20.9,20.9,1,0.0,ED_VERY_SAFE,1,lof
Sarajevo,Bosnia and Herzegovina,2.2,2.2,3,18.0,ED_MODERATE_SAFE,1,iso_forest
Beijing,China,4.2,4.2,5,45.0,ED_CAUTION,1,iso_forest
Moroni,Comoros,26.5,29.7,1,8.099999999999998,ED_VERY_SAFE,1,lof
Suva,Fiji Islands,28.0,31.6,1,13.800000000000004,ED_VERY_SAFE,1,lof
Tegucigalpa,Honduras,20.4,20.4,1,0.0,ED_VERY_SAFE,1,lof
Budapest,Hungary,-5.0,-5.0,2,19.515225553006083,ED_MODERATE_SAFE,1,iso_forest
Berlin,Germany,0.2,0.2,2,14.577999430335016,ED_VERY_SAFE,1,iso_forest
Prague,Czech Republic,0.2,0.2,2,13.167177268355113,ED_VERY_SAFE,1,iso_forest
Ulaanbaatar,Mongolia,-15.8,-15.8,4,51.833333333333336,ED_CAUTION,1,iso_forest
Beijing,China,0.2,0.2,3,20.315265395849398,ED_MODERATE_SAFE,1,iso_forest
Pyongyang,North Korea,-6.7,-6.7,1,18.613213920373724,ED_MODERATE_SAFE,1,iso_forest
Moscow,Russia,-19.0,-19.0,4,54.5,ED_CAUTION,1,iso_forest
Riyadh,Saudi Arabia,15.3,15.3,5,48.9,ED_CAUTION,1,iso_forest
Seoul,South Korea,-1.7,-1.7,2,18.866864905775053,ED_MODERATE_SAFE,1,iso_forest
Colombo,Sri Lanka,30.4,36.3,2,41.266666666666666,ED_CAUTION,1,lof
Bern,Switzerland,0.2,0.2,1,0.0,ED_VERY_SAFE,1,iso_forest
Nuku`Aloia,Tonga,28.0,31.8,1,14.400000000000002,ED_VERY_SAFE,1,lof
Kyiv,Ukraine,-11.3,-11.3,1,20.585364110839997,ED_MODERATE_SAFE,1,iso_forest
Andorra La Vella,Andorra,-10.1,-10.1,1,18.535320497180834,ED_MODERATE_SAFE,1,iso_forest
Yerevan,Armenia,-3.9,-3.9,1,5.850000000000001,ED_VERY_SAFE,1,iso_forest
Prague,Czech Republic,-1.8,-1.8,3,25.07191991594558,ED_MODERATE_SAFE,1,iso_forest
Beijing,China,6.1,6.1,5,45.0,ED_CAUTION,1,iso_forest
Tokyo,Japan,7.4,7.4,2,8.0,ED_VERY_SAFE,1,iso_forest
Riga,Latvia,-14.8,-14.8,1,25.052673166498987,ED_MODERATE_SAFE,1,cold_but_safe
Vilnius,Lithuania,-12.8,-12.8,1,23.361536054039092,ED_MODERATE_SAFE,1,cold_but_safe
Niamey,Niger,20.3,20.3,1,0.0,ED_VERY_SAFE,1,lof
Pyongyang,North Korea,-5.6,-5.6,1,15.705569475659937,ED_MODERATE_SAFE,1,iso_forest
Koror,Palau,31.1,39.2,1,32.10000000000001,ED_MODERATE_SAFE,1,hot_but_safe
Seoul,South Korea,-2.7,-2.7,2,17.97997048322621,ED_MODERATE_SAFE,1,iso_forest
Yerevan,Armenia,-4.8,-4.8,1,7.199999999999999,ED_VERY_SAFE,1,iso_forest
Manama,Bahrain,16.2,16.2,2,11.9,ED_VERY_SAFE,1,lof
Brussels,Belgium,-2.6,-2.6,3,21.9,ED_MODERATE_SAFE,1,iso_forest
Kingston,Jamaica,25.4,29.2,1,6.599999999999998,ED_VERY_SAFE,1,lof
Majuro,Marshall Islands,30.3,36.7,1,22.83333333333334,ED_MODERATE_SAFE,1,lof
Chi Chi Khvar,Iran,-1.9,-1.9,1,5.850000000000001,ED_VERY_SAFE,1,lof
Yerevan,Armenia,-3.9,-3.9,2,13.850000000000001,ED_VERY_SAFE,1,lof
Lisbon,Portugal,13.2,13.2,1,0.0,ED_VERY_SAFE,1,iso_forest
Moscow,Russia,-9.9,-9.9,3,36.976485698520015,ED_CAUTION,1,iso_forest
Basseterre,Saint Kitts and Nevis,25.3,27.1,1,0.30000000000000426,ED_VERY_SAFE,1,lof
'S-Gravenbrakel,Belgium,3.1,3.1,1,0.0,ED_VERY_SAFE,1,iso_forest
Riyadh,Saudi Arabia,16.2,16.2,5,48.8,ED_CAUTION,1,iso_forest
Seoul,South Korea,-0.7,-0.7,2,16.541080216609913,ED_MODERATE_SAFE,1,iso_forest
Juba,Sudan,25.4,25.4,3,20.4,ED_MODERATE_SAFE,1,iso_forest
Bern,Switzerland,1.1,1.1,1,0.0,ED_VERY_SAFE,1,iso_forest
Port Vila,Vanuatu,26.2,28.9,1,5.699999999999996,ED_VERY_SAFE,1,lof
Sanaa,Yemen,16.8,16.8,3,25.65,ED_MODERATE_SAFE,1,lof
Canberra,Australia,30.4,30.4,1,10.199999999999996,ED_VERY_SAFE,1,lof
Ulaanbaatar,Mongolia,-19.7,-19.7,4,55.08333333333333,ED_DANGEROUS,1,iso_forest
Minsk,Belarus,-6.7,-6.7,1,17.76488137861967,ED_MODERATE_SAFE,1,iso_forest
Sarajevo,Bosnia and Herzegovina,2.2,2.2,2,8.0,ED_VERY_SAFE,1,iso_forest
Ottawa,Canada,-16.8,-16.8,1,20.666666666666664,ED_MODERATE_SAFE,1,iso_forest
Beijing,China,2.1,2.1,4,32.0,ED_MODERATE_SAFE,1,iso_forest
Prague,Czech Republic,0.1,0.1,2,14.1515544500271,ED_VERY_SAFE,1,iso_forest
Suva,Fiji Islands,30.2,38.8,1,26.33333333333333,ED_MODERATE_SAFE,1,hot_but_safe
Paris,France,0.1,0.1,2,8.0,ED_VERY_SAFE,1,iso_forest
Bissau,Guinea-Bissau,17.3,17.3,3,18.0,ED_MODERATE_SAFE,1,lof
Reykjavik,Iceland,5.3,5.3,1,0.0,ED_VERY_SAFE,1,lof
Valletta,Malta,14.4,14.4,1,0.0,ED_VERY_SAFE,1,iso_forest
Koror,Palau,31.3,39.3,1,32.36666666666667,ED_MODERATE_SAFE,1,hot_but_safe
Pyongyang,North Korea,-5.7,-5.7,1,16.295860525782174,ED_MODERATE_SAFE,1,iso_forest
Niamey,Niger,18.2,18.2,2,8.0,ED_VERY_SAFE,1,lof
Ulaanbaatar,Mongolia,-18.7,-18.7,4,54.25,ED_CAUTION,1,iso_forest
Pyongyang,North Korea,-5.3,-5.3,2,25.11998720290819,ED_MODERATE_SAFE,1,iso_forest
Apia,Samoa,29.1,35.7,1,21.16666666666667,ED_MODERATE_SAFE,1,lof
Ljubljana,Slovenia,-0.8,-0.8,3,19.200000000000003,ED_MODERATE_SAFE,1,iso_forest
Seoul,South Korea,0.2,0.2,2,14.757592624766058,ED_VERY_SAFE,1,iso_forest
Madrid,Spain,8.0,8.0,1,0.0,ED_VERY_SAFE,1,iso_forest
Colombo,Sri Lanka,31.3,36.0,2,41.46666666666667,ED_CAUTION,1,lof
Bern,Switzerland,-4.9,-4.9,1,11.042457391936164,ED_VERY_SAFE,1,iso_forest
London,United Kingdom,6.4,6.4,1,0.0,ED_VERY_SAFE,1,iso_forest
Port Vila,Vanuatu,29.0,33.0,1,16.666666666666668,ED_MODERATE_SAFE,1,lof
Andorra La Vella,Andorra,-3.5,-3.5,1,8.646757628304503,ED_VERY_SAFE,1,iso_forest
Vienna,Austria,0.0,0.0,2,8.0,ED_VERY_SAFE,1,iso_forest
Minsk,Belarus,-2.8,-2.8,1,8.987823541565154,ED_VERY_SAFE,1,iso_forest
Beijing,China,2.1,2.1,4,32.0,ED_MODERATE_SAFE,1,iso_forest
Prague,Czech Republic,-0.6,-0.6,2,8.899999999999999,ED_VERY_SAFE,1,iso_forest
Suva,Fiji Islands,29.3,37.3,1,23.83333333333333,ED_MODERATE_SAFE,1,lof
Paris,France,3.1,3.1,1,0.0,ED_VERY_SAFE,1,iso_forest
Baghdad,Iraq,15.2,15.2,2,8.0,ED_VERY_SAFE,1,lof
Riga,Latvia,-8.6,-8.6,1,19.932346210178686,ED_MODERATE_SAFE,1,iso_forest
Vilnius,Lithuania,-5.0,-5.0,1,14.461334859687245,ED_VERY_SAFE,1,iso_forest
Valletta,Malta,16.0,16.0,2,8.0,ED_VERY_SAFE,1,lof
Mexico City,Mexico,17.4,17.4,3,18.0,ED_MODERATE_SAFE,1,lof
Tallinn,Estonia,-11.0,-11.0,1,23.24322661212416,ED_MODERATE_SAFE,1,iso_forest
Beijing,China,6.4,6.4,5,45.0,ED_CAUTION,1,iso_forest
Bangui,Central African Republic,22.0,22.2,2,8.0,ED_VERY_SAFE,1,lof
Skopje,Macedonia,-10.9,-10.9,2,23.75,ED_MODERATE_SAFE,1,iso_forest
Copenhagen,Denmark,4.2,4.2,1,2.2320145327144196,ED_VERY_SAFE,1,iso_forest
Mbabane,Swaziland,22.0,24.6,2,14.899999999999999,ED_VERY_SAFE,1,lof
Tehran,Iran,4.2,4.2,3,18.0,ED_MODERATE_SAFE,1,lof
Tokyo,Japan,10.3,10.3,2,8.0,ED_VERY_SAFE,1,lof
Astana,Kazakhstan,-9.8,-9.8,1,19.703547351134596,ED_MODERATE_SAFE,1,iso_forest
Riga,Latvia,-8.8,-8.8,1,19.954362379286813,ED_MODERATE_SAFE,1,iso_forest
Palikir,Micronesia,30.1,35.3,1,20.499999999999996,ED_MODERATE_SAFE,1,lof
Ulaanbaatar,Mongolia,-16.9,-16.9,3,38.75,ED_CAUTION,1,iso_forest
Maputo,Mozambique,24.4,25.7,1,7.3500000000000005,ED_VERY_SAFE,1,lof
Pyongyang,North Korea,-7.1,-7.1,1,18.635973003704326,ED_MODERATE_SAFE,1,iso_forest
Honiara,Solomon Islands,31.2,41.7,1,30.80769230769231,ED_MODERATE_SAFE,1,hot_but_safe
Ottawa,Canada,-10.9,-10.9,1,22.069312851855692,ED_MODERATE_SAFE,1,iso_forest
Seoul,South Korea,-2.9,-2.9,1,12.950390815242066,ED_VERY_SAFE,1,iso_forest
Stockholm,Sweden,-0.9,-0.9,1,11.50308860183351,ED_VERY_SAFE,1,iso_forest
Funafuti,Tuvalu,30.3,35.4,1,20.666666666666664,ED_MODERATE_SAFE,1,lof
Kyiv,Ukraine,-12.9,-12.9,1,22.174471569950008,ED_MODERATE_SAFE,1,iso_forest
Andorra La Vella,Andorra,-5.7,-5.7,1,14.481343480386048,ED_VERY_SAFE,1,iso_forest
Baku,Azerbaijan,3.2,3.2,1,6.493369101870368,ED_VERY_SAFE,1,iso_forest
Minsk,Belarus,-0.7,-0.7,1,10.37978377058469,ED_VERY_SAFE,1,iso_forest
Porto-Novo,Benin,27.1,30.9,1,11.699999999999996,ED_VERY_SAFE,1,lof
Bandar Seri Begawan,Brunei Darussalam,29.4,38.3,1,29.299999999999997,ED_MODERATE_SAFE,1,hot_but_safe
Ottawa,Canada,-19.0,-19.0,2,30.5,ED_MODERATE_SAFE,1,iso_forest
Beijing,China,2.3,2.3,4,32.47150766520106,ED_MODERATE_SAFE,1,iso_forest
Baku,Azerbaijan,5.3,5.3,1,1.041352931855581,ED_VERY_SAFE,1,iso_forest
Port Vila,Vanuatu,30.3,33.8,1,17.999999999999996,ED_MODERATE_SAFE,1,lof
Luxembourg,Luxembourg,-5.8,-5.8,1,8.7,ED_VERY_SAFE,1,iso_forest
Minsk,Belarus,-4.8,-4.8,1,16.88258498670772,ED_MODERATE_SAFE,1,iso_forest
Beijing,China,0.4,0.4,5,45.0,ED_CAUTION,1,iso_forest
Tallinn,Estonia,-5.6,-5.6,1,18.170406994980567,ED_MODERATE_SAFE,1,iso_forest
Suva,Fiji Islands,30.2,38.8,1,26.33333333333333,ED_MODERATE_SAFE,1,hot_but_safe
Reykjavik,Iceland,6.1,6.1,1,0.0,ED_VERY_SAFE,1,iso_forest
Tehran,Iran,3.1,3.1,3,18.0,ED_MODERATE_SAFE,1,lof
Tokyo,Japan,12.3,12.5,3,18.0,ED_MODERATE_SAFE,1,lof
Astana,Kazakhstan,-6.6,-6.6,1,17.883771023883792,ED_MODERATE_SAFE,1,iso_forest
Riga,Latvia,-4.0,-4.0,1,15.851873004489573,ED_MODERATE_SAFE,1,iso_forest
Vilnius,Lithuania,-5.8,-5.8,1,17.36199509848612,ED_MODERATE_SAFE,1,iso_forest
Port Louis,Mauritius,25.4,27.2,1,12.599999999999998,ED_VERY_SAFE,1,lof
Andorra La Vella,Andorra,-8.2,-8.2,1,16.122096793283315,ED_MODERATE_SAFE,1,iso_forest
Chi Chi Khvar,Iran,-7.1,-7.1,1,16.222141905707428,ED_MODERATE_SAFE,1,iso_forest
Ulaanbaatar,Mongolia,-17.9,-17.9,2,29.583333333333332,ED_MODERATE_SAFE,1,iso_forest
Pyongyang,North Korea,-7.7,-7.7,1,19.625751683437343,ED_MODERATE_SAFE,1,iso_forest
Skopje,Macedonia,-4.8,-4.8,2,15.2,ED_MODERATE_SAFE,1,lof
Koror,Palau,29.4,34.5,1,21.26666666666667,ED_MODERATE_SAFE,1,lof
Singapore,Singapore,31.1,38.8,1,31.733333333333327,ED_MODERATE_SAFE,1,hot_but_safe
Honiara,Solomon Islands,34.3,36.3,1,22.166666666666664,ED_MODERATE_SAFE,1,lof
Seoul,South Korea,-2.9,-2.9,1,13.400645489646662,ED_VERY_SAFE,1,iso_forest
Lom,Bulgaria,-4.7,-4.7,1,17.231388707846502,ED_MODERATE_SAFE,1,iso_forest
Kyiv,Ukraine,-6.0,-6.0,1,16.969751674712068,ED_MODERATE_SAFE,1,iso_forest
Beijing,China,3.4,3.4,5,45.0,ED_CAUTION,1,iso_forest
Prague,Czech Republic,0.3,0.3,1,9.738413064018081,ED_VERY_SAFE,1,iso_forest
Copenhagen,Denmark,2.3,2.3,1,5.728809314007378,ED_VERY_SAFE,1,iso_forest
Yerevan,Armenia,-10.0,-10.0,1,15.0,ED_MODERATE_SAFE,1,iso_forest
Vaduz,Liechtenstein,-5.7,-5.7,1,8.55,ED_VERY_SAFE,1,iso_forest
Vilnius,Lithuania,-0.8,-0.8,1,6.282323538775023,ED_VERY_SAFE,1,iso_forest
Kuala Lumpur,Malaysia,32.1,48.0,2,54.02692307692308,ED_CAUTION,1,lof
Chi Chi Khvar,Iran,-5.7,-5.7,1,8.55,ED_VERY_SAFE,1,iso_forest
Ulaanbaatar,Mongolia,-10.8,-10.8,2,27.0522139095339,ED_MODERATE_SAFE,1,iso_forest
Oslo,Norway,-7.8,-7.8,1,19.37468400714888,ED_MODERATE_SAFE,1,iso_forest
Manila,Philippines,30.0,36.1,1,21.833333333333336,ED_MODERATE_SAFE,1,lof
Warsaw,Poland,0.3,0.3,1,8.19502390748363,ED_VERY_SAFE,1,iso_forest
Stockholm,Sweden,-2.9,-2.9,1,10.211809420833564,ED_VERY_SAFE,1,iso_forest
Bern,Switzerland,-6.9,-6.9,1,10.350000000000001,ED_VERY_SAFE,1,iso_forest
Baku,Azerbaijan,5.0,5.0,1,1.2463418218276896,ED_VERY_SAFE,1,iso_forest
Suva,Fiji Islands,24.3,26.5,1,0.0,ED_VERY_SAFE,1,lof
Manama,Bahrain,20.3,20.3,2,8.600000000000001,ED_VERY_SAFE,1,lof
Bandar Seri Begawan,Brunei Darussalam,30.3,38.2,1,34.73333333333334,ED_MODERATE_SAFE,1,hot_but_safe
Ottawa,Canada,-14.7,-14.7,1,18.916666666666664,ED_MODERATE_SAFE,1,iso_forest
Beijing,China,7.3,7.3,5,45.0,ED_CAUTION,1,iso_forest
Copenhagen,Denmark,-3.0,-3.0,1,14.687703301844646,ED_VERY_SAFE,1,iso_forest
Malabo,Equatorial Guinea,26.3,29.3,1,6.900000000000002,ED_VERY_SAFE,1,lof
Tallinn,Estonia,-3.0,-3.0,1,10.215364500072292,ED_VERY_SAFE,1,iso_forest
Riga,Latvia,-4.8,-4.8,1,15.720879549697303,ED_MODERATE_SAFE,1,iso_forest
Vilnius,Lithuania,-2.9,-2.9,1,12.346821181846993,ED_VERY_SAFE,1,iso_forest
Port Louis,Mauritius,26.3,28.0,1,15.0,ED_MODERATE_SAFE,1,lof
Riga,Latvia,-2.9,-2.9,1,11.191113785640137,ED_VERY_SAFE,1,iso_forest
Berlin,Germany,0.0,0.0,1,7.9723688682689415,ED_VERY_SAFE,1,iso_forest
Tallinn,Estonia,-4.9,-4.9,1,15.399892096949827,ED_MODERATE_SAFE,1,iso_forest
Copenhagen,Denmark,-1.7,-1.7,1,12.952946653519623,ED_VERY_SAFE,1,iso_forest
Berlin,Germany,2.1,2.1,1,6.355611466591382,ED_VERY_SAFE,1,iso_forest
Tehran,Iran,5.2,5.2,4,32.0,ED_MODERATE_SAFE,1,iso_forest
Astana,Kazakhstan,-13.0,-13.0,2,30.49585642650095,ED_MODERATE_SAFE,1,iso_forest
Riga,Latvia,1.0,1.0,1,5.089271236396442,ED_VERY_SAFE,1,iso_forest
Vilnius,Lithuania,0.2,0.2,1,7.965325029957995,ED_VERY_SAFE,1,iso_forest
Chi-Chi-Erh,Russia,-19.8,-19.8,1,23.166666666666668,ED_MODERATE_SAFE,1,iso_forest
Ulaanbaatar,Mongolia,-15.9,-15.9,4,51.916666666666664,ED_CAUTION,1,iso_forest
Amsterdam,Netherlands,1.1,1.1,1,7.434624379647517,ED_VERY_SAFE,1,iso_forest
Pyongyang,North Korea,-6.3,-6.3,1,16.48046944545014,ED_MODERATE_SAFE,1,iso_forest
Warsaw,Poland,1.3,1.3,1,6.696142811948061,ED_VERY_SAFE,1,iso_forest
Lisbon,Portugal,13.4,13.4,1,0.0,ED_VERY_SAFE,1,iso_forest
Bratislava,Slovakia,3.1,3.1,2,8.12779499296322,ED_VERY_SAFE,1,lof
Honiara,Solomon Islands,30.1,38.5,1,25.833333333333336,ED_MODERATE_SAFE,1,hot_but_safe
Seoul,South Korea,-3.7,-3.7,2,21.039935629618252,ED_MODERATE_SAFE,1,iso_forest
Ankara,Turkey,-11.7,-11.7,3,34.416666666666664,ED_MODERATE_SAFE,1,iso_forest
Yerevan,Armenia,-13.0,-13.0,1,17.5,ED_MODERATE_SAFE,1,iso_forest
Minsk,Belarus,-1.8,-1.8,1,10.677658626888704,ED_VERY_SAFE,1,iso_forest
Gaborone,Botswana,23.2,24.5,1,6.300000000000001,ED_VERY_SAFE,1,lof
Ottawa,Canada,-13.0,-13.0,1,22.037829798502642,ED_MODERATE_SAFE,1,iso_forest
Beijing,China,8.4,8.5,4,32.0,ED_MODERATE_SAFE,1,iso_forest
Prague,Czech Republic,-1.6,-1.6,1,12.119767551597278,ED_VERY_SAFE,1,iso_forest
Buenos Aires,Argentina,25.0,25.4,1,0.0,ED_VERY_SAFE,1,lof
Tashkent,Uzbekistan,15.2,15.2,2,8.0,ED_VERY_SAFE,1,lof
Ottawa,Canada,-7.6,-7.6,1,18.932706888464452,ED_MODERATE_SAFE,1,iso_forest
Seoul,South Korea,-4.0,-4.0,1,14.393822448512536,ED_VERY_SAFE,1,iso_forest
Chi-Chi-Erh,Russia,-18.8,-18.8,1,22.333333333333336,ED_MODERATE_SAFE,1,iso_forest
Ulaanbaatar,Mongolia,-14.7,-14.7,3,40.6831574374381,ED_CAUTION,1,iso_forest
Amsterdam,Netherlands,-3.6,-3.6,1,14.049613364428566,ED_VERY_SAFE,1,iso_forest
Wellington,New Zealand,17.3,17.3,1,0.0,ED_VERY_SAFE,1,iso_forest
Pyongyang,North Korea,-9.6,-9.6,1,19.320305971189644,ED_MODERATE_SAFE,1,iso_forest
National,Bolivia,21.4,21.4,1,0.0,ED_VERY_SAFE,1,lof
Warsaw,Poland,-4.8,-4.8,2,23.490305912472838,ED_MODERATE_SAFE,1,iso_forest
Bucharest,Romania,-4.7,-4.7,2,23.741353347464077,ED_MODERATE_SAFE,1,iso_forest
Moscow,Russia,0.1,0.1,2,16.9554533252662,ED_MODERATE_SAFE,1,iso_forest
Honiara,Solomon Islands,31.2,40.5,1,29.166666666666668,ED_MODERATE_SAFE,1,hot_but_safe
Montevideo,Uruguay,19.3,19.3,1,0.0,ED_VERY_SAFE,1,lof
Berlin,Germany,-8.8,-8.8,2,24.50899580431512,ED_MODERATE_SAFE,1,iso_forest
Buenos Aires,Argentina,20.2,20.2,2,8.0,ED_VERY_SAFE,1,lof
Sarajevo,Bosnia and Herzegovina,0.4,0.4,4,32.0,ED_MODERATE_SAFE,1,iso_forest
Beijing,China,6.4,6.4,5,45.0,ED_CAUTION,1,iso_forest
Prague,Czech Republic,-5.9,-5.9,2,16.85,ED_MODERATE_SAFE,1,iso_forest
Budapest,Hungary,-6.7,-6.7,2,18.05,ED_MODERATE_SAFE,1,iso_forest
Reykjavik,Iceland,1.2,1.2,1,4.1281321176737915,ED_VERY_SAFE,1,lof
Ulaanbaatar,Mongolia,-13.8,-13.8,2,31.068344515699383,ED_MODERATE_SAFE,1,iso_forest
National,Bolivia,20.9,20.9,1,0.0,ED_VERY_SAFE,1,lof
Port Moresby,Papua New Guinea,31.1,39.3,1,27.166666666666664,ED_MODERATE_SAFE,1,hot_but_safe
Riyadh,Saudi Arabia,17.2,17.2,5,48.6,ED_CAUTION,1,iso_forest
Jakarta,Indonesia,31.3,37.9,3,51.93333333333333,ED_CAUTION,1,lof
Prague,Czech Republic,-6.8,-6.8,2,18.2,ED_MODERATE_SAFE,1,iso_forest
Kyiv,Ukraine,-5.2,-5.2,1,16.672459570562673,ED_MODERATE_SAFE,1,iso_forest
Ulaanbaatar,Mongolia,-17.7,-17.7,3,43.72406040232075,ED_CAUTION,1,iso_forest
Stockholm,Sweden,-2.7,-2.7,1,11.069429763394774,ED_VERY_SAFE,1,iso_forest
Kyiv,Ukraine,-6.4,-6.4,1,16.665579341414922,ED_MODERATE_SAFE,1,iso_forest
Montevideo,Uruguay,22.2,24.6,1,0.0,ED_VERY_SAFE,1,lof
Baku,Azerbaijan,7.4,7.4,1,0.0,ED_VERY_SAFE,1,iso_forest
Minsk,Belarus,-2.9,-2.9,1,13.027931574596165,ED_VERY_SAFE,1,iso_forest
Brussels,Belgium,-4.0,-4.0,1,16.28885237719583,ED_MODERATE_SAFE,1,iso_forest
Sarajevo,Bosnia and Herzegovina,3.0,3.0,5,45.0,ED_CAUTION,1,iso_forest
Beijing,China,1.1,1.1,4,33.02217964147055,ED_MODERATE_SAFE,1,iso_forest
Prague,Czech Republic,-5.8,-5.8,1,16.398881090870386,ED_MODERATE_SAFE,1,iso_forest
Berlin,Germany,-9.8,-9.8,1,20.924513403925488,ED_MODERATE_SAFE,1,iso_forest
Wellington,New Zealand,18.2,18.2,1,0.0,ED_VERY_SAFE,1,iso_forest
Beijing,China,1.0,1.0,5,45.0,ED_CAUTION,1,iso_forest
Oslo,Norway,10.1,10.4,2,8.0,ED_VERY_SAFE,1,lof
Warsaw,Poland,-10.9,-10.9,2,27.31216812157374,ED_MODERATE_SAFE,1,iso_forest
'S-Gravenbrakel,Belgium,-2.8,-2.8,1,15.057091241237863,ED_MODERATE_SAFE,1,iso_forest
Seoul,South Korea,-0.9,-0.9,2,18.711307083784305,ED_MODERATE_SAFE,1,iso_forest
Kyiv,Ukraine,-7.1,-7.1,1,16.60458515366355,ED_MODERATE_SAFE,1,iso_forest
Montevideo,Uruguay,23.1,25.1,1,0.0,ED_VERY_SAFE,1,lof
Port Vila,Vanuatu,31.2,38.5,1,25.833333333333336,ED_MODERATE_SAFE,1,hot_but_safe
Canberra,Australia,20.3,20.3,1,0.0,ED_VERY_SAFE,1,lof
Bras,Brazil,21.9,21.9,1,0.0,ED_VERY_SAFE,1,lof
Bandar Seri Begawan,Brunei Darussalam,31.1,39.3,1,32.96666666666666,ED_MODERATE_SAFE,1,hot_but_safe
Bratislava,Slovakia,-0.8,-0.8,2,13.981927045169783,ED_VERY_SAFE,1,lof
Ljubljana,Slovenia,-2.7,-2.7,3,22.05,ED_MODERATE_SAFE,1,iso_forest
Honiara,Solomon Islands,32.4,42.3,1,31.499999999999996,ED_MODERATE_SAFE,1,hot_but_safe
Beijing,China,4.1,4.1,3,18.0,ED_MODERATE_SAFE,1,iso_forest
Rabat,Morocco,9.3,9.3,1,0.0,ED_VERY_SAFE,1,lof
Ljubljana,Slovenia,-1.9,-1.9,3,20.85,ED_MODERATE_SAFE,1,iso_forest
Honiara,Solomon Islands,31.1,38.3,1,25.499999999999996,ED_MODERATE_SAFE,1,hot_but_safe
Kampala,Uganda,22.3,24.7,2,8.0,ED_VERY_SAFE,1,lof
Kyiv,Ukraine,-3.9,-3.9,1,15.947687188137369,ED_MODERATE_SAFE,1,iso_forest
Port Vila,Vanuatu,29.1,36.9,1,23.166666666666664,ED_MODERATE_SAFE,1,lof
Yerevan,Armenia,-5.8,-5.8,1,8.7,ED_VERY_SAFE,1,iso_forest
Baku,Azerbaijan,8.2,8.2,1,0.0,ED_VERY_SAFE,1,iso_forest
Minsk,Belarus,-4.9,-4.9,1,17.068966999197098,ED_MODERATE_SAFE,1,iso_forest
Gaborone,Botswana,22.4,24.6,1,5.1,ED_VERY_SAFE,1,lof
Copenhagen,Denmark,1.1,1.1,1,8.209082237571206,ED_VERY_SAFE,1,iso_forest
Baku,Azerbaijan,6.3,6.3,1,0.0,ED_VERY_SAFE,1,iso_forest
Tallinn,Estonia,-3.6,-3.6,1,16.425329458237183,ED_MODERATE_SAFE,1,iso_forest
Helsinki,Finland,-4.6,-4.6,1,17.011470860063802,ED_MODERATE_SAFE,1,iso_forest
Jakarta,Indonesia,27.0,28.1,3,25.100000000000005,ED_MODERATE_SAFE,1,lof
Baghdad,Iraq,5.0,5.0,1,0.0,ED_VERY_SAFE,1,lof
Riga,Latvia,-1.8,-1.8,1,12.37297960814524,ED_VERY_SAFE,1,iso_forest
Vilnius,Lithuania,-3.6,-3.6,1,15.342311227748855,ED_MODERATE_SAFE,1,iso_forest
Ulaanbaatar,Mongolia,-17.7,-17.7,2,29.416666666666664,ED_MODERATE_SAFE,1,iso_forest
Wellington,New Zealand,14.3,14.3,1,0.0,ED_VERY_SAFE,1,iso_forest
Pyongyang,North Korea,-2.6,-2.6,2,19.78854810912003,ED_MODERATE_SAFE,1,iso_forest
Honiara,Solomon Islands,31.3,41.7,1,30.80769230769231,ED_MODERATE_SAFE,1,hot_but_safe
Ulaanbaatar,Mongolia,-19.7,-19.7,2,31.083333333333332,ED_MODERATE_SAFE,1,iso_forest
Kuala Lumpur,Malaysia,33.4,47.7,2,48.73076923076923,ED_CAUTION,1,lof
Astana,Kazakhstan,-6.8,-6.8,1,18.155173993075785,ED_MODERATE_SAFE,1,iso_forest
Reykjavik,Iceland,3.1,3.1,1,0.0,ED_VERY_SAFE,1,lof
Minsk,Belarus,-0.9,-0.9,1,11.951536204097271,ED_VERY_SAFE,1,iso_forest
Phnom Penh,Cambodia,30.8,31.9,1,19.499999999999996,ED_MODERATE_SAFE,1,lof
Ottawa,Canada,-18.9,-18.9,1,22.416666666666664,ED_MODERATE_SAFE,1,iso_forest
Beijing,China,4.2,4.2,6,50.0,ED_CAUTION,1,iso_forest
Malabo,Equatorial Guinea,27.2,30.9,1,11.699999999999996,ED_VERY_SAFE,1,lof
Tallinn,Estonia,0.2,0.2,1,11.025344007461971,ED_VERY_SAFE,1,iso_forest
Helsinki,Finland,-1.8,-1.8,1,14.256074239400075,ED_VERY_SAFE,1,iso_forest
Riga,Latvia,3.2,3.2,1,4.901252102762026,ED_VERY_SAFE,1,iso_forest
Chi-Chi-Erh,Russia,-19.5,-19.5,1,22.916666666666664,ED_MODERATE_SAFE,1,iso_forest
Ulaanbaatar,Mongolia,-14.6,-14.6,1,18.833333333333332,ED_MODERATE_SAFE,1,iso_forest
Pyongyang,North Korea,-9.1,-9.1,2,21.65,ED_MODERATE_SAFE,1,iso_forest
Riyadh,Saudi Arabia,22.4,23.2,5,48.5,ED_CAUTION,1,iso_forest
Singapore,Singapore,28.3,33.5,1,17.5,ED_MODERATE_SAFE,1,lof
Honiara,Solomon Islands,31.0,41.2,1,30.230769230769234,ED_MODERATE_SAFE,1,hot_but_safe
Kyiv,Ukraine,-0.8,-0.8,1,10.311923434838764,ED_VERY_SAFE,1,iso_forest
Minsk,Belarus,-2.6,-2.6,1,12.282324679170888,ED_VERY_SAFE,1,iso_forest
Sarajevo,Bosnia and Herzegovina,-7.7,-7.7,2,19.55,ED_MODERATE_SAFE,1,iso_forest
Ottawa,Canada,-5.9,-5.9,1,17.369611283513667,ED_MODERATE_SAFE,1,iso_forest
Beijing,China,7.1,7.1,4,32.0,ED_MODERATE_SAFE,1,iso_forest
Tallinn,Estonia,2.1,2.1,1,6.99535598343736,ED_VERY_SAFE,1,iso_forest
Helsinki,Finland,-1.0,-1.0,1,11.468555047336714,ED_VERY_SAFE,1,iso_forest
Chi Chi Khvar,Iran,-10.4,-10.4,1,15.633333333333333,ED_MODERATE_SAFE,1,iso_forest
Ulaanbaatar,Mongolia,-14.7,-14.7,2,26.916666666666664,ED_MODERATE_SAFE,1,iso_forest
Rabat,Morocco,15.2,15.2,1,0.0,ED_VERY_SAFE,1,iso_forest
Kuwait City,Kuwait,12.5,12.5,4,35.0,ED_CAUTION,1,lof
Bratislava,Slovakia,-4.8,-4.8,2,15.2,ED_MODERATE_SAFE,1,iso_forest
Honiara,Solomon Islands,28.3,34.4,1,18.999999999999996,ED_MODERATE_SAFE,1,lof
Funafuti,Tuvalu,31.3,39.0,1,26.666666666666668,ED_MODERATE_SAFE,1,hot_but_safe
Kabul,Afghanistan,-3.0,-3.0,2,15.489178781387295,ED_MODERATE_SAFE,1,iso_forest
Andorra La Vella,Andorra,-7.2,-7.2,1,17.48172867226737,ED_MODERATE_SAFE,1,iso_forest
Sarajevo,Bosnia and Herzegovina,-2.8,-2.8,3,25.931771920392897,ED_MODERATE_SAFE,1,lof
Tallinn,Estonia,-4.6,-4.6,1,17.230183183056667,ED_MODERATE_SAFE,1,iso_forest
Helsinki,Finland,-6.9,-6.9,1,19.092410392471763,ED_MODERATE_SAFE,1,iso_forest
Reykjavik,Iceland,-5.6,-5.6,1,15.987243061124998,ED_MODERATE_SAFE,1,iso_forest
Jakarta,Indonesia,23.2,24.9,2,14.0,ED_VERY_SAFE,1,lof
Chi Chi Khvar,Iran,-4.5,-4.5,1,10.94170020582538,ED_VERY_SAFE,1,iso_forest
Riyadh,Saudi Arabia,16.1,16.1,5,45.6,ED_CAUTION,1,iso_forest
Pyongyang,North Korea,-9.1,-9.1,1,21.5069318176468,ED_MODERATE_SAFE,1,iso_forest
National,Bolivia,21.6,21.6,1,0.0,ED_VERY_SAFE,1,lof
Port Moresby,Papua New Guinea,29.8,33.5,1,17.5,ED_MODERATE_SAFE,1,lof
Moscow,Russia,-7.7,-7.7,2,23.463253843999716,ED_MODERATE_SAFE,1,iso_forest
Belgrade,Serbia,-5.7,-5.7,3,32.09213085629318,ED_MODERATE_SAFE,1,iso_forest
Victoria,Seychelles Islands,28.2,32.9,1,17.099999999999998,ED_MODERATE_SAFE,1,lof
Honiara,Solomon Islands,30.2,39.7,1,27.83333333333334,ED_MODERATE_SAFE,1,hot_but_safe
Seoul,South Korea,-2.9,-2.9,1,14.574209015457429,ED_VERY_SAFE,1,iso_forest
Dili,Timor-Leste,24.2,26.3,1,0.0,ED_VERY_SAFE,1,lof
Lom,Bulgaria,-0.8,-0.8,1,10.960537637424038,ED_VERY_SAFE,1,iso_forest
Belgrade,Serbia,0.3,0.3,2,8.0,ED_VERY_SAFE,1,iso_forest
Moscow,Russia,-4.6,-4.6,2,19.50299853578403,ED_MODERATE_SAFE,1,iso_forest
Pyongyang,North Korea,-2.8,-2.8,3,22.2,ED_MODERATE_SAFE,1,iso_forest
London,United Kingdom,2.3,2.3,1,5.293809062343012,ED_VERY_SAFE,1,iso_forest
Luxembourg,Luxembourg,4.3,4.3,1,3.262821846584636,ED_VERY_SAFE,1,iso_forest
Chi Chi Khvar,Iran,2.3,2.3,2,8.484528907154901,ED_VERY_SAFE,1,lof
Ulaanbaatar,Mongolia,-15.7,-15.7,1,23.06864991902086,ED_MODERATE_SAFE,1,iso_forest
Amsterdam,Netherlands,3.1,3.1,1,2.225895278000923,ED_VERY_SAFE,1,iso_forest
Port Moresby,Papua New Guinea,27.2,30.0,1,9.0,ED_VERY_SAFE,1,lof
Manila,Philippines,29.1,33.1,1,16.833333333333336,ED_MODERATE_SAFE,1,lof
Warsaw,Poland,-10.8,-10.8,2,28.414020993925554,ED_MODERATE_SAFE,1,iso_forest
'S-Gravenbrakel,Belgium,4.4,4.4,1,3.7501022969482722,ED_VERY_SAFE,1,iso_forest
Belgrade,Serbia,-8.8,-8.8,2,25.11834536090003,ED_MODERATE_SAFE,1,iso_forest
Honiara,Solomon Islands,31.3,41.7,1,30.80769230769231,ED_MODERATE_SAFE,1,hot_but_safe
Kabul,Afghanistan,4.1,4.1,2,11.3,ED_VERY_SAFE,1,lof
Oslo,Norway,-13.7,-13.7,1,21.528455546698748,ED_MODERATE_SAFE,1,iso_forest
Vienna,Austria,-4.8,-4.8,2,15.2,ED_MODERATE_SAFE,1,iso_forest
Minsk,Belarus,-12.0,-12.0,1,21.73051347508939,ED_MODERATE_SAFE,1,iso_forest
Sarajevo,Bosnia and Herzegovina,-0.9,-0.9,2,9.350000000000001,ED_VERY_SAFE,1,iso_forest
Beijing,China,0.1,0.1,2,16.235847121252547,ED_MODERATE_SAFE,1,iso_forest
Prague,Czech Republic,-3.8,-3.8,1,5.699999999999999,ED_VERY_SAFE,1,iso_forest
Budapest,Hungary,-5.8,-5.8,2,16.7,ED_MODERATE_SAFE,1,iso_forest
Riga,Latvia,-5.9,-5.9,1,18.146744578642142,ED_MODERATE_SAFE,1,iso_forest
Vilnius,Lithuania,-9.9,-9.9,1,19.88006164537051,ED_MODERATE_SAFE,1,iso_forest
Monaco,Monaco,10.3,10.3,1,0.0,ED_VERY_SAFE,1,lof
Maputo,Mozambique,24.4,26.3,1,3.2,ED_VERY_SAFE,1,lof
Minsk,Belarus,-13.9,-13.9,1,22.669251467997242,ED_MODERATE_SAFE,1,iso_forest
Sarajevo,Bosnia and Herzegovina,-12.7,-12.7,2,25.25,ED_MODERATE_SAFE,1,iso_forest
Zagreb,Croatia,-12.9,-12.9,2,28.1865667681548,ED_MODERATE_SAFE,1,iso_forest
Reykjavik,Iceland,-3.6,-3.6,1,13.089891013567954,ED_VERY_SAFE,1,iso_forest
Bucharest,Romania,-8.7,-8.7,2,21.049999999999997,ED_MODERATE_SAFE,1,iso_forest
Moscow,Russia,-9.9,-9.9,3,35.74670317302925,ED_CAUTION,1,iso_forest
Riyadh,Saudi Arabia,19.2,19.2,5,49.0,ED_CAUTION,1,iso_forest
Honiara,Solomon Islands,30.1,38.6,1,26.000000000000004,ED_MODERATE_SAFE,1,hot_but_safe
Seoul,South Korea,-2.7,-2.7,2,21.347161596117598,ED_MODERATE_SAFE,1,iso_forest
Canberra,Australia,26.1,28.6,1,4.800000000000004,ED_VERY_SAFE,1,lof
Bras,Brazil,22.1,24.6,1,0.0,ED_VERY_SAFE,1,lof
Moroni,Comoros,24.2,26.1,1,8.7,ED_VERY_SAFE,1,lof
Tallinn,Estonia,-9.7,-9.7,1,20.690578775652703,ED_MODERATE_SAFE,1,iso_forest
Bissau,Guinea-Bissau,20.4,20.4,3,18.0,ED_MODERATE_SAFE,1,lof
Tehran,Iran,9.3,9.3,4,32.0,ED_MODERATE_SAFE,1,lof
Accra,Ghana,26.3,29.4,2,15.199999999999996,ED_MODERATE_SAFE,1,lof
Riga,Latvia,-9.7,-9.7,2,28.334614161640324,ED_MODERATE_SAFE,1,iso_forest
Chi-Chi-Erh,Russia,-16.8,-16.8,1,20.666666666666664,ED_MODERATE_SAFE,1,iso_forest
Ulaanbaatar,Mongolia,-11.9,-11.9,2,27.98478520719909,ED_MODERATE_SAFE,1,iso_forest
Oslo,Norway,-1.9,-1.9,1,5.9088150412968865,ED_VERY_SAFE,1,iso_forest
Juba,Sudan,16.9,16.9,4,33.8,ED_MODERATE_SAFE,1,iso_forest
Kyiv,Ukraine,-13.8,-13.8,2,29.037407242967497,ED_MODERATE_SAFE,1,iso_forest
Port Vila,Vanuatu,26.2,28.7,1,5.099999999999998,ED_VERY_SAFE,1,lof
Buenos Aires,Argentina,26.3,27.1,1,0.30000000000000426,ED_VERY_SAFE,1,lof
Minsk,Belarus,-20.6,-20.6,2,38.0846126423593,ED_CAUTION,1,iso_forest
Bras,Brazil,22.1,24.8,1,0.0,ED_VERY_SAFE,1,lof
Warsaw,Poland,-5.9,-5.9,3,33.139731290661096,ED_MODERATE_SAFE,1,iso_forest
Koror,Palau,26.0,28.8,1,9.200000000000003,ED_VERY_SAFE,1,lof
Pyongyang,North Korea,-9.8,-9.8,1,21.65567456046886,ED_MODERATE_SAFE,1,iso_forest
Ulaanbaatar,Mongolia,-15.9,-15.9,2,27.916666666666664,ED_MODERATE_SAFE,1,iso_forest
Reykjavik,Iceland,-1.7,-1.7,1,14.95559996293547,ED_VERY_SAFE,1,iso_forest
Astana,Kazakhstan,-7.8,-7.8,1,20.242629865787666,ED_MODERATE_SAFE,1,iso_forest
Riga,Latvia,-14.7,-14.7,2,30.823257579369944,ED_MODERATE_SAFE,1,iso_forest
Vilnius,Lithuania,-12.0,-12.0,1,19.335726293342105,ED_MODERATE_SAFE,1,iso_forest
Port Louis,Mauritius,26.1,27.8,1,14.400000000000002,ED_VERY_SAFE,1,lof
Chi-Chi-Erh,Russia,-14.2,-14.2,1,18.5,ED_MODERATE_SAFE,1,iso_forest
Koror,Palau,25.3,27.5,1,4.199999999999999,ED_VERY_SAFE,1,lof
National,Bolivia,22.0,22.0,1,0.0,ED_VERY_SAFE,1,lof
Ljubljana,Slovenia,-13.9,-13.9,2,26.25,ED_MODERATE_SAFE,1,iso_forest
Colombo,Sri Lanka,30.0,35.7,3,50.96666666666667,ED_CAUTION,1,lof
Lom,Bulgaria,-5.7,-5.7,1,18.173915512418095,ED_MODERATE_SAFE,1,iso_forest
Kyiv,Ukraine,-12.2,-12.2,2,28.73547532137897,ED_MODERATE_SAFE,1,iso_forest
Canberra,Australia,27.3,27.6,1,1.8000000000000043,ED_VERY_SAFE,1,lof
Beijing,China,4.1,4.1,4,32.0,ED_MODERATE_SAFE,1,iso_forest
Suva,Fiji Islands,25.3,28.8,1,5.400000000000002,ED_VERY_SAFE,1,lof
Bissau,Guinea-Bissau,20.3,20.3,3,18.0,ED_MODERATE_SAFE,1,lof
Reykjavik,Iceland,-2.9,-2.9,1,15.400562449804964,ED_MODERATE_SAFE,1,iso_forest
Tokyo,Japan,14.1,14.1,2,8.0,ED_VERY_SAFE,1,lof
Astana,Kazakhstan,-16.0,-16.0,1,20.0,ED_MODERATE_SAFE,1,iso_forest
Vilnius,Lithuania,-11.7,-11.7,2,28.089015745966652,ED_MODERATE_SAFE,1,iso_forest
Chi Chi Khvar,Iran,-2.1,-2.1,2,11.149999999999999,ED_VERY_SAFE,1,lof
Riga,Latvia,-10.7,-10.7,1,23.26749393410838,ED_MODERATE_SAFE,1,iso_forest
Astana,Kazakhstan,-9.0,-9.0,1,19.0663337081508,ED_MODERATE_SAFE,1,iso_forest
Budapest,Hungary,-11.0,-11.0,2,23.833333333333332,ED_MODERATE_SAFE,1,iso_forest
Astana,Kazakhstan,-5.7,-5.7,1,19.348837182889795,ED_MODERATE_SAFE,1,iso_forest
Singapore,Singapore,31.3,38.2,1,34.33333333333334,ED_MODERATE_SAFE,1,hot_but_safe
Sanaa,Yemen,13.1,13.1,1,7.199999999999999,ED_VERY_SAFE,1,lof
Kabul,Afghanistan,1.7,1.7,1,2.3999999999999995,ED_VERY_SAFE,1,iso_forest
Yerevan,Armenia,-7.9,-7.9,1,11.850000000000001,ED_VERY_SAFE,1,iso_forest
Minsk,Belarus,-6.6,-6.6,2,26.10832228695822,ED_MODERATE_SAFE,1,iso_forest
Ottawa,Canada,-12.6,-12.6,2,29.24270114078038,ED_MODERATE_SAFE,1,iso_forest
Beijing,China,6.0,6.0,4,32.0,ED_MODERATE_SAFE,1,iso_forest
Tallinn,Estonia,-10.8,-10.8,1,22.761805337032964,ED_MODERATE_SAFE,1,iso_forest
Berlin,Germany,-9.6,-9.6,2,26.549951962584746,ED_MODERATE_SAFE,1,iso_forest
Tehran,Iran,8.2,8.3,4,32.0,ED_MODERATE_SAFE,1,iso_forest
Vaduz,Liechtenstein,-9.7,-9.7,1,18.40697485482037,ED_MODERATE_SAFE,1,iso_forest
Yerevan,Armenia,-8.7,-8.7,1,13.049999999999999,ED_VERY_SAFE,1,iso_forest
Ulaanbaatar,Mongolia,-16.9,-16.9,2,28.75,ED_MODERATE_SAFE,1,iso_forest
Maputo,Mozambique,24.3,26.0,1,7.800000000000001,ED_VERY_SAFE,1,lof
Aguaray,Paraguay,19.4,19.5,1,0.0,ED_VERY_SAFE,1,lof
Warsaw,Poland,-10.8,-10.8,3,33.666666666666664,ED_MODERATE_SAFE,1,iso_forest
Basseterre,Saint Kitts and Nevis,22.1,24.6,1,0.0,ED_VERY_SAFE,1,lof
Riyadh,Saudi Arabia,13.1,13.7,3,21.8,ED_MODERATE_SAFE,1,lof
Victoria,Seychelles Islands,25.2,27.1,1,12.200000000000005,ED_VERY_SAFE,1,lof
Honiara,Solomon Islands,31.2,42.0,1,31.153846153846153,ED_MODERATE_SAFE,1,hot_but_safe
Bern,Switzerland,-15.8,-15.8,1,19.833333333333336,ED_MODERATE_SAFE,1,iso_forest
Nuku`Aloia,Tonga,27.3,31.5,1,13.5,ED_VERY_SAFE,1,lof
Riyadh,Saudi Arabia,12.1,12.1,5,48.8,ED_CAUTION,1,iso_forest
Moscow,Russia,-5.0,-5.0,3,32.748681267384946,ED_MODERATE_SAFE,1,iso_forest
Port Moresby,Papua New Guinea,24.6,27.6,1,1.8000000000000043,ED_VERY_SAFE,1,lof
Maputo,Mozambique,21.2,21.2,1,0.6000000000000005,ED_VERY_SAFE,1,lof
Oslo,Norway,-7.7,-7.7,1,18.13807851739161,ED_MODERATE_SAFE,1,iso_forest
Warsaw,Poland,-1.8,-1.8,1,12.29531758133924,ED_VERY_SAFE,1,iso_forest
Doha,Qatar,22.3,24.6,2,11.9,ED_VERY_SAFE,1,lof
Moscow,Russia,-1.9,-1.9,2,18.968636078770604,ED_MODERATE_SAFE,1,iso_forest
San Marino,San Marino,5.2,5.2,3,18.0,ED_MODERATE_SAFE,1,iso_forest
Riyadh,Saudi Arabia,12.2,12.2,6,53.8,ED_CAUTION,1,iso_forest
Dakar,Senegal,20.1,20.1,1,0.0,ED_VERY_SAFE,1,lof
Honiara,Solomon Islands,31.1,42.1,1,31.26923076923077,ED_MODERATE_SAFE,1,hot_but_safe
Stockholm,Sweden,-3.6,-3.6,1,15.085349440109434,ED_MODERATE_SAFE,1,iso_forest
Bern,Switzerland,-9.9,-9.9,1,14.850000000000001,ED_VERY_SAFE,1,iso_forest
Nuku`Aloia,Tonga,29.1,35.9,1,21.5,ED_MODERATE_SAFE,1,lof
Ashgabat,Turkmenistan,3.3,3.3,1,0.0,ED_VERY_SAFE,1,lof
Port Vila,Vanuatu,29.3,33.6,1,17.666666666666668,ED_MODERATE_SAFE,1,lof
Sanaa,Yemen,14.9,15.0,1,7.3500000000000005,ED_VERY_SAFE,1,lof
Yerevan,Armenia,-8.8,-8.8,1,13.200000000000001,ED_VERY_SAFE,1,iso_forest
Beijing,China,6.1,6.1,4,32.0,ED_MODERATE_SAFE,1,iso_forest
Tehran,Iran,7.3,7.3,4,32.0,ED_MODERATE_SAFE,1,iso_forest
Kuwait City,Kuwait,10.1,10.1,3,19.8,ED_MODERATE_SAFE,1,lof
Vilnius,Lithuania,-6.7,-6.7,1,17.76488137861967,ED_MODERATE_SAFE,1,iso_forest
Chi Chi Khvar,Iran,-7.3,-7.3,1,11.55,ED_VERY_SAFE,1,iso_forest
Ulaanbaatar,Mongolia,-18.8,-18.8,2,35.60391841284853,ED_CAUTION,1,iso_forest
Kabul,Afghanistan,1.9,1.9,1,3.1,ED_VERY_SAFE,1,iso_forest
Beijing,China,5.4,5.4,4,32.0,ED_MODERATE_SAFE,1,iso_forest
Paris,France,7.3,7.3,1,0.0,ED_VERY_SAFE,1,iso_forest
Ljubljana,Slovenia,-11.8,-11.8,2,24.5,ED_MODERATE_SAFE,1,iso_forest
Tokyo,Japan,9.3,9.3,3,18.0,ED_MODERATE_SAFE,1,iso_forest
Chi-Chi-Erh,Russia,-18.4,-18.4,1,22.0,ED_MODERATE_SAFE,1,iso_forest
Ulaanbaatar,Mongolia,-11.8,-11.8,2,24.5,ED_MODERATE_SAFE,1,iso_forest
Pyongyang,North Korea,-5.1,-5.1,1,13.969630872219685,ED_VERY_SAFE,1,iso_forest
Oslo,Norway,2.1,2.1,1,0.0,ED_VERY_SAFE,1,lof
Koror,Palau,31.2,39.6,1,31.16666666666667,ED_MODERATE_SAFE,1,hot_but_safe
National,Bolivia,21.9,21.9,1,0.0,ED_VERY_SAFE,1,lof
Warsaw,Poland,-8.8,-8.8,3,35.27294310754236,ED_CAUTION,1,iso_forest
Moscow,Russia,-7.0,-7.0,3,34.78278406365501,ED_MODERATE_SAFE,1,iso_forest
Bratislava,Slovakia,-4.8,-4.8,2,23.490305912472838,ED_MODERATE_SAFE,1,iso_forest
Tashkent,Uzbekistan,-1.0,-1.0,2,9.5,ED_VERY_SAFE,1,lof
Moroni,Comoros,24.2,26.1,1,4.8,ED_VERY_SAFE,1,lof
Port Vila,Vanuatu,31.1,40.4,1,29.0,ED_MODERATE_SAFE,1,hot_but_safe
Brussels,Belgium,5.2,5.2,1,1.705189014794275,ED_VERY_SAFE,1,iso_forest
Sarajevo,Bosnia and Herzegovina,-10.0,-10.0,2,27.202048766641354,ED_MODERATE_SAFE,1,iso_forest
Moroni,Comoros,30.3,38.5,1,27.333333333333336,ED_MODERATE_SAFE,1,hot_but_safe
Zagreb,Croatia,-6.9,-6.9,2,18.35,ED_MODERATE_SAFE,1,iso_forest
Prague,Czech Republic,-3.9,-3.9,1,14.086959013940199,ED_VERY_SAFE,1,iso_forest
Copenhagen,Denmark,-0.7,-0.7,1,12.025467788074216,ED_VERY_SAFE,1,iso_forest
San Salvador,El Salvador,22.2,24.6,2,8.0,ED_VERY_SAFE,1,lof
Tallinn,Estonia,-5.9,-5.9,1,18.78803322478097,ED_MODERATE_SAFE,1,iso_forest
Suva,Fiji Islands,26.4,30.1,1,9.300000000000004,ED_VERY_SAFE,1,lof
Tehran,Iran,5.1,5.1,4,32.3,ED_MODERATE_SAFE,1,iso_forest
Reykjavik,Iceland,2.2,2.2,1,7.033946520483657,ED_VERY_SAFE,1,iso_forest
Berlin,Germany,-10.7,-10.7,2,28.68882458447149,ED_MODERATE_SAFE,1,iso_forest
Prague,Czech Republic,-10.0,-10.0,2,25.842268254190778,ED_MODERATE_SAFE,1,iso_forest
Reykjavik,Iceland,-1.6,-1.6,1,12.322141776651202,ED_VERY_SAFE,1,iso_forest
Tehran,Iran,7.0,7.0,4,32.0,ED_MODERATE_SAFE,1,iso_forest
Baghdad,Iraq,6.2,6.2,2,8.0,ED_VERY_SAFE,1,lof
Astana,Kazakhstan,-10.0,-10.0,1,21.32974740318739,ED_MODERATE_SAFE,1,iso_forest
Tarawa,Kiribati,26.0,28.4,1,4.199999999999996,ED_VERY_SAFE,1,lof
Nouakchott,Mauritania,17.4,17.4,4,32.0,ED_MODERATE_SAFE,1,lof
Palikir,Micronesia,30.0,35.4,1,20.666666666666664,ED_MODERATE_SAFE,1,lof
Chi Chi Khvar,Iran,-4.4,-4.4,1,7.800000000000001,ED_VERY_SAFE,1,iso_forest
Pyongyang,North Korea,-4.5,-4.5,2,24.35133536845285,ED_MODERATE_SAFE,1,iso_forest
National,Bolivia,21.8,21.8,1,0.0,ED_VERY_SAFE,1,lof
Warsaw,Poland,-10.8,-10.8,4,47.666666666666664,ED_CAUTION,1,iso_forest
Bern,Switzerland,-14.0,-14.0,1,21.226482904036978,ED_MODERATE_SAFE,1,iso_forest
Ashgabat,Turkmenistan,1.1,1.1,1,5.1737786424080845,ED_VERY_SAFE,1,lof
Kabul,Afghanistan,2.0,2.0,1,3.2,ED_VERY_SAFE,1,iso_forest
Yerevan,Armenia,-8.8,-8.8,1,13.200000000000001,ED_VERY_SAFE,1,iso_forest
Minsk,Belarus,-7.7,-7.7,1,19.372463952285244,ED_MODERATE_SAFE,1,iso_forest
Sarajevo,Bosnia and Herzegovina,-5.7,-5.7,3,30.719345575641306,ED_MODERATE_SAFE,1,iso_forest
Beijing,China,5.4,5.4,5,45.0,ED_CAUTION,1,iso_forest
Bogot,Hungary,-14.6,-14.6,2,26.833333333333332,ED_MODERATE_SAFE,1,iso_forest
Moroni,Comoros,30.0,37.9,1,24.833333333333332,ED_MODERATE_SAFE,1,lof
Zagreb,Croatia,-11.7,-11.7,2,27.052112801737874,ED_MODERATE_SAFE,1,iso_forest
Bandar Seri Begawan,Brunei Darussalam,31.4,40.8,1,29.666666666666664,ED_MODERATE_SAFE,1,hot_but_safe
Abu Dhabi,United Arab Emirates,33.1,40.5,4,81.29166666666667,ED_VERY_DANGEROUS,1,iso_forest
Manama,Bahrain,33.1,42.8,4,84.00192307692306,ED_VERY_DANGEROUS,1,iso_forest
Montevideo,Uruguay,8.3,8.3,3,23.0,ED_MODERATE_SAFE,1,lof
Tokyo,Japan,25.4,27.3,1,0.9000000000000021,ED_VERY_SAFE,1,lof
Kuwait City,Kuwait,40.6,41.5,2,49.57692307692308,ED_CAUTION,1,iso_forest
Riga,Latvia,29.2,29.2,1,14.099999999999998,ED_VERY_SAFE,1,lof
Nan,Thailand,31.1,44.7,1,34.269230769230774,ED_MODERATE_SAFE,1,hot_but_safe
Kuala Lumpur,Malaysia,33.0,49.8,3,58.153846153846146,ED_DANGEROUS,1,lof
Pyongyang,North Korea,23.7,26.0,2,8.0,ED_VERY_SAFE,1,lof
Doha,Qatar,38.1,45.9,3,63.65384615384615,ED_DANGEROUS,1,iso_forest
Dakar,Senegal,30.3,38.6,1,33.5,ED_MODERATE_SAFE,1,hot_but_safe
Ban Lom,Vietnam,26.4,30.3,1,9.900000000000002,ED_VERY_SAFE,1,lof
Abu Dhabi,United Arab Emirates,42.1,44.1,3,61.57692307692308,ED_DANGEROUS,1,iso_forest
Kabul,Afghanistan,29.2,29.2,1,14.099999999999998,ED_VERY_SAFE,1,lof
Guatemala City,Guatemala,18.0,18.0,2,12.0,ED_VERY_SAFE,1,lof
Buenos Aires,Argentina,2.2,2.2,1,4.0,ED_VERY_SAFE,1,lof
Baku,Azerbaijan,27.0,28.2,2,19.099999999999998,ED_MODERATE_SAFE,1,lof
Manama,Bahrain,40.4,42.4,4,81.24038461538461,ED_VERY_DANGEROUS,1,iso_forest
Santiago,Chile,4.2,4.2,3,22.0,ED_MODERATE_SAFE,1,lof
Tallinn,Estonia,26.1,27.5,2,15.5,ED_MODERATE_SAFE,1,lof
Helsinki,Finland,27.2,28.8,2,19.400000000000002,ED_MODERATE_SAFE,1,lof
Tehran,Iran,36.1,36.1,1,30.833333333333336,ED_MODERATE_SAFE,1,lof
Baghdad,Iraq,42.4,43.6,2,52.0,ED_CAUTION,1,iso_forest
Kuwait City,Kuwait,41.2,41.8,4,82.54807692307692,ED_VERY_DANGEROUS,1,iso_forest
Luxembourg,Luxembourg,23.1,25.0,1,6.0,ED_VERY_SAFE,1,lof
Baghdad,Iraq,41.2,41.7,1,41.80769230769231,ED_CAUTION,1,iso_forest
Helsinki,Finland,26.0,27.8,2,16.400000000000002,ED_MODERATE_SAFE,1,lof
Pyongyang,North Korea,20.7,20.7,1,0.0,ED_VERY_SAFE,1,lof
Oslo,Norway,13.2,13.8,1,4.0,ED_VERY_SAFE,1,iso_forest
Bandar Seri Begawan,Brunei Darussalam,30.1,38.8,1,26.33333333333333,ED_MODERATE_SAFE,1,hot_but_safe
Santiago,Chile,10.3,10.6,6,54.0,ED_CAUTION,1,iso_forest
Djibouti,Djibouti,41.3,43.3,1,42.65384615384615,ED_CAUTION,1,iso_forest
Baghdad,Iraq,41.0,41.4,2,49.46153846153846,ED_CAUTION,1,iso_forest
Tokyo,Japan,25.2,26.6,1,0.0,ED_VERY_SAFE,1,lof
Kuwait City,Kuwait,41.5,42.2,3,60.38461538461539,ED_DANGEROUS,1,iso_forest
Maseru,Lesotho,25.2,25.2,2,17.0,ED_MODERATE_SAFE,1,lof
Chi Chi Khvar,Iran,34.1,34.1,1,27.500000000000004,ED_MODERATE_SAFE,1,lof
Niamey,Niger,33.4,39.3,1,34.666666666666664,ED_MODERATE_SAFE,1,hot_but_safe
Pyongyang,North Korea,22.5,24.7,1,0.0,ED_VERY_SAFE,1,lof
Port Moresby,Papua New Guinea,26.4,29.3,1,6.900000000000002,ED_VERY_SAFE,1,lof
Tallinn,Estonia,27.2,28.9,1,11.699999999999996,ED_VERY_SAFE,1,lof
Aurora,Paraguay,25.6,25.6,3,27.0,ED_MODERATE_SAFE,1,lof
Doha,Qatar,37.1,43.7,3,61.11538461538462,ED_DANGEROUS,1,iso_forest
Riyadh,Saudi Arabia,40.4,40.5,1,40.16666666666667,ED_CAUTION,1,iso_forest
Abu Dhabi,United Arab Emirates,38.2,40.2,3,55.66666666666667,ED_DANGEROUS,1,iso_forest
Buenos Aires,Argentina,7.3,7.3,1,5.0,ED_VERY_SAFE,1,lof
Nassau,Bahamas,29.3,36.2,1,29.500000000000007,ED_MODERATE_SAFE,1,lof
Manama,Bahrain,36.4,46.9,4,86.4326923076923,ED_VERY_DANGEROUS,1,iso_forest
Phnom Penh,Cambodia,28.4,34.0,1,18.333333333333332,ED_MODERATE_SAFE,1,lof
Bangui,Central African Republic,29.4,40.1,1,33.5,ED_MODERATE_SAFE,1,hot_but_safe
Santiago,Chile,2.0,2.0,6,54.0,ED_CAUTION,1,iso_forest
Amsterdam,Netherlands,24.4,25.5,1,7.5,ED_VERY_SAFE,1,lof
Oslo,Norway,11.2,11.2,1,6.0,ED_VERY_SAFE,1,lof
Abu Dhabi,United Arab Emirates,38.2,40.2,3,55.66666666666667,ED_DANGEROUS,1,iso_forest
Kuwait City,Kuwait,41.5,43.9,4,84.97115384615384,ED_VERY_DANGEROUS,1,iso_forest
Algiers,Algeria,38.2,45.8,3,62.53846153846153,ED_DANGEROUS,1,lof
Buenos Aires,Argentina,6.2,6.2,1,4.0,ED_VERY_SAFE,1,lof
Manama,Bahrain,37.2,49.7,3,67.03846153846155,ED_DANGEROUS,1,iso_forest
Bandar Seri Begawan,Brunei Darussalam,31.4,44.0,3,51.46153846153846,ED_CAUTION,1,lof
Phnom Penh,Cambodia,32.3,40.1,1,28.500000000000004,ED_MODERATE_SAFE,1,hot_but_safe
Santiago,Chile,6.1,6.1,4,37.0,ED_CAUTION,1,iso_forest
San Ignacio,Costa Rica,21.2,21.2,2,13.0,ED_VERY_SAFE,1,lof
San Salvador,El Salvador,21.6,21.6,1,5.0,ED_VERY_SAFE,1,lof
New Delhi,India,26.2,28.5,2,18.5,ED_MODERATE_SAFE,1,lof
Baghdad,Iraq,43.3,45.1,2,53.73076923076923,ED_CAUTION,1,iso_forest
Nan,Thailand,32.0,47.8,2,45.84615384615384,ED_CAUTION,1,lof
Abu Dhabi,United Arab Emirates,37.1,39.1,4,76.45833333333334,ED_VERY_DANGEROUS,1,iso_forest
Lilongwe,Malawi,25.4,25.4,2,17.0,ED_MODERATE_SAFE,1,lof
Monaco,Monaco,27.3,29.3,1,14.400000000000002,ED_VERY_SAFE,1,lof
Niamey,Niger,28.2,29.1,1,15.300000000000004,ED_MODERATE_SAFE,1,lof
Oslo,Norway,18.4,18.4,2,14.0,ED_VERY_SAFE,1,lof
Aurora,Paraguay,27.0,27.0,5,54.0,ED_CAUTION,1,iso_forest
Doha,Qatar,36.1,39.7,4,78.45833333333334,ED_VERY_DANGEROUS,1,iso_forest
Moscow,Russia,24.1,24.1,4,38.0,ED_CAUTION,1,lof
Riyadh,Saudi Arabia,41.8,42.6,3,60.84615384615385,ED_DANGEROUS,1,iso_forest
Bangkok,Thailand,31.1,38.1,1,25.16666666666667,ED_MODERATE_SAFE,1,hot_but_safe
Ban Lom,Vietnam,23.6,26.3,1,0.0,ED_VERY_SAFE,1,lof
Hanoi,Vietnam,28.2,30.8,3,29.400000000000002,ED_MODERATE_SAFE,1,lof
Ban Lom,Vietnam,26.8,30.3,2,17.900000000000002,ED_MODERATE_SAFE,1,lof
Doha,Qatar,38.0,43.7,4,83.74038461538461,ED_VERY_DANGEROUS,1,iso_forest
San Salvador,El Salvador,21.6,21.6,1,5.0,ED_VERY_SAFE,1,lof
Riyadh,Saudi Arabia,40.1,40.1,3,57.5,ED_DANGEROUS,1,iso_forest
Stockholm,Sweden,27.1,27.5,1,9.0,ED_VERY_SAFE,1,lof
Bangkok,Thailand,32.4,41.5,1,30.576923076923077,ED_MODERATE_SAFE,1,hot_but_safe
Abu Dhabi,United Arab Emirates,42.0,44.0,2,50.46153846153846,ED_CAUTION,1,iso_forest
Kabul,Afghanistan,29.2,29.2,2,22.099999999999998,ED_MODERATE_SAFE,1,lof
Baku,Azerbaijan,25.1,25.9,4,39.5,ED_CAUTION,1,lof
Manama,Bahrain,39.3,41.3,4,79.97115384615384,ED_VERY_DANGEROUS,1,iso_forest
Bandar Seri Begawan,Brunei Darussalam,30.2,39.2,2,35.00000000000001,ED_CAUTION,1,lof
Phnom Penh,Cambodia,29.3,33.1,1,16.833333333333336,ED_MODERATE_SAFE,1,lof
Roseau,Dominica,28.1,31.9,1,22.199999999999996,ED_MODERATE_SAFE,1,lof
Saint George's,Grenada,31.1,38.8,1,32.33333333333333,ED_MODERATE_SAFE,1,hot_but_safe
Honiara,Solomon Islands,26.1,29.3,1,6.900000000000002,ED_VERY_SAFE,1,lof
Baghdad,Iraq,42.1,43.1,2,51.42307692307693,ED_CAUTION,1,iso_forest
Kuwait City,Kuwait,41.6,42.4,4,83.24038461538461,ED_VERY_DANGEROUS,1,iso_forest
Maseru,Lesotho,26.3,26.3,1,9.0,ED_VERY_SAFE,1,lof
Nan,Thailand,30.4,42.8,2,40.07692307692307,ED_CAUTION,1,lof
Niamey,Niger,33.2,38.2,1,32.83333333333334,ED_MODERATE_SAFE,1,hot_but_safe
Aurora,Paraguay,18.9,18.9,1,6.0,ED_VERY_SAFE,1,lof
Doha,Qatar,38.3,43.3,4,83.27884615384616,ED_VERY_DANGEROUS,1,iso_forest
Moscow,Russia,23.4,23.9,2,14.0,ED_VERY_SAFE,1,lof
Riyadh,Saudi Arabia,41.0,41.4,2,49.46153846153846,ED_CAUTION,1,iso_forest
Victoria,Seychelles Islands,23.1,25.3,2,15.5,ED_MODERATE_SAFE,1,lof
Montevideo,Uruguay,9.1,9.1,2,13.0,ED_VERY_SAFE,1,lof
Riyadh,Saudi Arabia,41.0,41.4,1,41.46153846153846,ED_CAUTION,1,iso_forest
Vestmannaeyjar,Iceland,10.2,10.2,1,0.0,ED_VERY_SAFE,1,iso_forest
Pyongyang,North Korea,23.5,25.4,1,0.0,ED_VERY_SAFE,1,lof
Manama,Bahrain,38.2,40.2,2,45.66666666666667,ED_CAUTION,1,iso_forest
Santiago,Chile,8.3,8.4,4,35.0,ED_CAUTION,1,lof
Djibouti,Djibouti,42.0,44.0,1,42.46153846153846,ED_CAUTION,1,iso_forest
Roseau,Dominica,27.3,30.7,1,17.099999999999998,ED_MODERATE_SAFE,1,lof
Baghdad,Iraq,41.2,41.7,2,49.80769230769231,ED_CAUTION,1,iso_forest
Kuwait City,Kuwait,42.3,43.4,4,84.39423076923077,ED_VERY_DANGEROUS,1,iso_forest
Maseru,Lesotho,14.0,14.2,1,6.0,ED_VERY_SAFE,1,lof
Nan,Thailand,32.2,49.6,1,39.92307692307692,ED_CAUTION,1,lof
Kuala Lumpur,Malaysia,32.1,47.4,3,55.38461538461538,ED_DANGEROUS,1,lof
Valletta,Malta,31.2,36.8,4,71.125,ED_DANGEROUS,1,lof
Islamabad,Pakistan,26.6,29.4,2,21.199999999999996,ED_MODERATE_SAFE,1,lof
Abu Dhabi,United Arab Emirates,40.4,42.4,3,58.61538461538461,ED_DANGEROUS,1,iso_forest
Doha,Qatar,39.3,41.3,3,58.34615384615384,ED_DANGEROUS,1,iso_forest
Riyadh,Saudi Arabia,42.9,44.5,2,53.03846153846154,ED_CAUTION,1,iso_forest
Colombo,Sri Lanka,31.4,41.8,1,36.92307692307692,ED_CAUTION,1,lof
Abu Dhabi,United Arab Emirates,40.2,42.2,3,58.38461538461539,ED_DANGEROUS,1,iso_forest
Montevideo,Uruguay,7.2,7.2,2,13.0,ED_VERY_SAFE,1,lof
Manama,Bahrain,37.1,39.1,3,53.833333333333336,ED_CAUTION,1,iso_forest
Nicosia,Cyprus,37.0,42.8,1,41.07692307692307,ED_CAUTION,1,lof
Mbabane,Swaziland,12.3,12.3,1,3.0,ED_VERY_SAFE,1,lof
New Delhi,India,30.2,31.7,5,68.1,ED_DANGEROUS,1,iso_forest
Baghdad,Iraq,41.1,41.6,2,49.69230769230769,ED_CAUTION,1,iso_forest
Nassau,Bahamas,28.3,32.2,1,21.333333333333336,ED_MODERATE_SAFE,1,lof
Freetown,Sierra Leone,23.1,25.3,1,5.0,ED_VERY_SAFE,1,lof
Beirut,Lebanon,32.1,38.1,1,32.66666666666667,ED_MODERATE_SAFE,1,hot_but_safe
Phnom Penh,Cambodia,27.2,29.8,1,8.400000000000002,ED_VERY_SAFE,1,lof
Amman,Jordan,33.0,33.0,2,33.66666666666667,ED_MODERATE_SAFE,1,lof
Kuwait City,Kuwait,45.2,48.3,2,58.42307692307692,ED_DANGEROUS,1,iso_forest
Beirut,Lebanon,32.1,38.3,1,33.0,ED_MODERATE_SAFE,1,hot_but_safe
Yangon,Myanmar,27.1,32.5,1,15.833333333333334,ED_MODERATE_SAFE,1,lof
Port Moresby,Papua New Guinea,24.4,26.4,1,0.0,ED_VERY_SAFE,1,lof
Doha,Qatar,39.0,41.0,3,58.0,ED_DANGEROUS,1,iso_forest
Riyadh,Saudi Arabia,45.1,48.1,2,57.19230769230769,ED_DANGEROUS,1,iso_forest
Colombo,Sri Lanka,31.3,40.5,1,29.166666666666668,ED_MODERATE_SAFE,1,hot_but_safe
Montevideo,Uruguay,7.3,7.3,2,12.0,ED_VERY_SAFE,1,lof
Praia,Cape Verde,31.3,39.6,1,33.66666666666667,ED_MODERATE_SAFE,1,hot_but_safe
Santiago,Chile,5.0,5.0,6,53.0,ED_CAUTION,1,iso_forest
Dakar,Senegal,32.3,45.4,1,41.07692307692307,ED_CAUTION,1,lof
Vestmannaeyjar,Iceland,9.2,9.2,1,0.0,ED_VERY_SAFE,1,lof
Baghdad,Iraq,44.2,46.6,1,47.46153846153846,ED_CAUTION,1,iso_forest
Kuwait City,Kuwait,44.3,46.8,4,88.31730769230768,ED_VERY_DANGEROUS,1,iso_forest
Riga,Latvia,24.4,25.3,1,6.0,ED_VERY_SAFE,1,lof
Maseru,Lesotho,17.4,17.4,2,14.0,ED_VERY_SAFE,1,lof
Oslo,Norway,14.4,14.4,1,6.0,ED_VERY_SAFE,1,iso_forest
Port Moresby,Papua New Guinea,26.3,28.9,1,5.699999999999996,ED_VERY_SAFE,1,lof
Warsaw,Poland,28.3,28.3,1,12.900000000000002,ED_VERY_SAFE,1,lof
Doha,Qatar,38.4,46.1,4,86.50961538461539,ED_VERY_DANGEROUS,1,iso_forest
Riyadh,Saudi Arabia,43.7,45.7,2,54.42307692307693,ED_CAUTION,1,iso_forest
Kuwait City,Kuwait,41.5,42.5,2,50.730769230769226,ED_CAUTION,1,iso_forest
Maputo,Mozambique,17.2,17.2,1,5.0,ED_VERY_SAFE,1,lof
Luxembourg,Luxembourg,20.0,20.0,1,7.5,ED_VERY_SAFE,1,lof
Riyadh,Saudi Arabia,40.5,40.7,2,48.50000000000001,ED_CAUTION,1,iso_forest
Ngaoundere,Cameroon,28.2,33.1,1,21.833333333333336,ED_MODERATE_SAFE,1,lof
Santiago,Chile,6.2,6.2,6,54.0,ED_CAUTION,1,iso_forest
Suva,Fiji Islands,21.1,21.1,1,0.0,ED_VERY_SAFE,1,lof
Baghdad,Iraq,41.0,41.4,2,49.46153846153846,ED_CAUTION,1,iso_forest
Tokyo,Japan,27.0,30.3,1,9.900000000000002,ED_VERY_SAFE,1,lof
Kuwait City,Kuwait,40.3,41.5,2,49.57692307692308,ED_CAUTION,1,iso_forest
Nan,Thailand,30.0,40.0,1,28.333333333333336,ED_MODERATE_SAFE,1,hot_but_safe
Kathmandu,Nepal,21.2,21.2,2,13.0,ED_VERY_SAFE,1,lof
Doha,Qatar,37.1,46.4,3,64.23076923076923,ED_DANGEROUS,1,iso_forest
Moscow,Russia,30.3,30.3,1,17.400000000000002,ED_MODERATE_SAFE,1,lof
Dakar,Senegal,30.4,38.4,1,33.166666666666664,ED_MODERATE_SAFE,1,hot_but_safe
Abu Dhabi,United Arab Emirates,39.4,41.4,4,80.08653846153845,ED_VERY_DANGEROUS,1,iso_forest
Singapore,Singapore,31.0,38.8,2,34.33333333333333,ED_MODERATE_SAFE,1,hot_but_safe
Seoul,South Korea,25.3,26.1,2,8.0,ED_VERY_SAFE,1,lof
Abu Dhabi,United Arab Emirates,41.3,43.3,3,60.65384615384615,ED_DANGEROUS,1,iso_forest
Port Vila,Vanuatu,22.1,24.6,1,0.0,ED_VERY_SAFE,1,lof
Manama,Bahrain,39.0,41.0,3,57.0,ED_DANGEROUS,1,iso_forest
Vestmannaeyjar,Iceland,9.3,9.3,1,0.0,ED_VERY_SAFE,1,iso_forest
Tehran,Iran,34.3,34.3,2,35.83333333333333,ED_CAUTION,1,lof
Baghdad,Iraq,42.4,43.6,1,44.0,ED_CAUTION,1,iso_forest
Kuwait City,Kuwait,41.6,43.4,2,51.76923076923077,ED_CAUTION,1,iso_forest
Nan,Thailand,30.2,40.7,1,29.500000000000007,ED_MODERATE_SAFE,1,hot_but_safe
Phnom Penh,Cambodia,25.2,27.5,2,9.5,ED_VERY_SAFE,1,lof
Funafuti,Tuvalu,30.3,36.9,1,23.166666666666664,ED_MODERATE_SAFE,1,lof
Yangon,Myanmar,25.4,28.7,1,5.099999999999998,ED_VERY_SAFE,1,lof
Vestmannaeyjar,Iceland,12.0,12.0,1,3.0,ED_VERY_SAFE,1,iso_forest
Doha,Qatar,43.2,47.8,2,56.84615384615384,ED_DANGEROUS,1,iso_forest
Riyadh,Saudi Arabia,41.5,42.2,1,42.38461538461539,ED_CAUTION,1,iso_forest
Abu Dhabi,United Arab Emirates,38.3,40.3,3,55.83333333333333,ED_DANGEROUS,1,iso_forest
Montevideo,Uruguay,12.1,12.1,1,5.0,ED_VERY_SAFE,1,lof
Nassau,Bahamas,23.3,25.3,1,7.5,ED_VERY_SAFE,1,lof
Manama,Bahrain,38.2,40.2,3,55.66666666666667,ED_DANGEROUS,1,iso_forest
Bujumbura,Burundi,29.2,29.2,1,15.599999999999998,ED_MODERATE_SAFE,1,lof
Santiago,Chile,3.4,3.4,6,54.0,ED_CAUTION,1,iso_forest
San Ignacio,Costa Rica,19.4,19.4,1,5.0,ED_VERY_SAFE,1,lof
Nicosia,Cyprus,36.4,43.2,1,41.53846153846154,ED_CAUTION,1,lof
Baghdad,Iraq,40.2,40.2,2,47.66666666666667,ED_CAUTION,1,iso_forest
Nuku`Aloia,Tonga,21.2,21.2,1,0.0,ED_VERY_SAFE,1,lof
Tokyo,Japan,28.1,32.8,1,16.33333333333333,ED_MODERATE_SAFE,1,lof
Kuwait City,Kuwait,40.8,41.2,2,49.23076923076923,ED_CAUTION,1,iso_forest
Valletta,Malta,33.3,41.6,3,56.19230769230769,ED_DANGEROUS,1,lof
Maputo,Mozambique,21.0,21.0,1,7.5,ED_VERY_SAFE,1,lof
Wellington,New Zealand,16.3,16.3,1,0.0,ED_VERY_SAFE,1,iso_forest
Abuja,Nigeria,26.1,29.4,1,12.199999999999996,ED_VERY_SAFE,1,lof
Muscat,Oman,31.8,36.7,2,39.83333333333334,ED_CAUTION,1,lof
Doha,Qatar,37.4,41.0,3,58.0,ED_DANGEROUS,1,iso_forest
Riyadh,Saudi Arabia,40.2,40.2,2,47.66666666666667,ED_CAUTION,1,iso_forest
Dakar,Senegal,31.1,40.0,1,34.333333333333336,ED_MODERATE_SAFE,1,hot_but_safe
Abu Dhabi,United Arab Emirates,38.4,40.4,4,78.625,ED_VERY_DANGEROUS,1,iso_forest
London,United Kingdom,19.3,19.3,2,14.0,ED_VERY_SAFE,1,lof
Sucre,Bolivia,13.5,14.0,4,37.0,ED_CAUTION,1,lof
Abu Dhabi,United Arab Emirates,36.1,48.7,4,88.50961538461539,ED_VERY_DANGEROUS,1,iso_forest
Nan,Thailand,27.0,31.9,2,22.699999999999996,ED_MODERATE_SAFE,1,lof
Valletta,Malta,25.3,26.2,1,6.0,ED_VERY_SAFE,1,lof
Chi Chi Khvar,Iran,25.5,25.5,2,15.5,ED_MODERATE_SAFE,1,lof
Pyongyang,North Korea,21.7,21.7,2,8.0,ED_VERY_SAFE,1,lof
Doha,Qatar,37.0,43.5,4,83.50961538461539,ED_VERY_DANGEROUS,1,iso_forest
Apia,Samoa,23.0,25.1,1,0.0,ED_VERY_SAFE,1,lof
Riyadh,Saudi Arabia,40.4,40.5,3,57.16666666666667,ED_DANGEROUS,1,iso_forest
Bratislava,Slovakia,10.1,10.1,1,0.0,ED_VERY_SAFE,1,iso_forest
Ban Lom,Vietnam,25.0,28.1,2,11.300000000000004,ED_VERY_SAFE,1,lof
Tunis,Tunisia,26.1,26.1,1,7.5,ED_VERY_SAFE,1,lof
Manama,Bahrain,41.2,43.2,4,82.16346153846155,ED_VERY_DANGEROUS,1,iso_forest
Laos,Indonesia,22.1,24.6,1,0.0,ED_VERY_SAFE,1,lof
Dhaka,Bangladesh,26.3,29.5,1,13.5,ED_VERY_SAFE,1,lof
Belmopan,Belize,28.2,36.4,1,27.333333333333332,ED_MODERATE_SAFE,1,lof
Port-Au-Prince,Haiti,27.3,29.9,1,17.699999999999996,ED_MODERATE_SAFE,1,lof
Baghdad,Iraq,39.3,39.3,3,55.166666666666664,ED_DANGEROUS,1,iso_forest
Port Royal,Jamaica,29.4,38.9,1,32.5,ED_MODERATE_SAFE,1,hot_but_safe
Kuwait City,Kuwait,40.9,41.4,4,81.08653846153845,ED_VERY_DANGEROUS,1,iso_forest
Nan,Thailand,31.2,45.1,2,42.73076923076923,ED_CAUTION,1,lof
Chi Chi Khvar,Iran,25.5,25.5,2,15.5,ED_MODERATE_SAFE,1,lof
Windhoek,Namibia,25.2,25.2,1,9.0,ED_VERY_SAFE,1,lof
Airai,Palau,29.1,33.9,2,26.166666666666664,ED_MODERATE_SAFE,1,lof
Maseru,Lesotho,24.0,24.0,1,9.0,ED_VERY_SAFE,1,lof
Kuwait City,Kuwait,44.1,46.4,4,86.85576923076923,ED_VERY_DANGEROUS,1,iso_forest
Doha,Qatar,40.3,45.5,4,85.8173076923077,ED_VERY_DANGEROUS,1,iso_forest
Bratislava,Slovakia,9.1,9.1,1,0.0,ED_VERY_SAFE,1,iso_forest
Ottawa,Canada,15.3,15.3,3,23.0,ED_MODERATE_SAFE,1,lof
N'djamena,Chad,23.2,25.5,2,13.0,ED_VERY_SAFE,1,lof
Roseau,Dominica,31.3,40.0,1,34.333333333333336,ED_MODERATE_SAFE,1,hot_but_safe
Baghdad,Iraq,40.3,40.4,3,57.0,ED_DANGEROUS,1,iso_forest
Kuwait City,Kuwait,43.8,45.9,4,87.27884615384616,ED_VERY_DANGEROUS,1,iso_forest
Airai,Palau,29.3,35.1,2,28.16666666666667,ED_MODERATE_SAFE,1,lof
Manila,Philippines,28.3,35.4,2,28.666666666666664,ED_MODERATE_SAFE,1,lof
Doha,Qatar,39.2,42.5,3,59.730769230769226,ED_DANGEROUS,1,iso_forest
Apia,Samoa,24.3,26.4,1,0.0,ED_VERY_SAFE,1,lof
Riyadh,Saudi Arabia,41.2,41.7,3,59.80769230769231,ED_DANGEROUS,1,iso_forest
Abu Dhabi,United Arab Emirates,42.1,44.1,4,83.20192307692308,ED_VERY_DANGEROUS,1,iso_forest
Baghdad,Iraq,39.1,39.1,4,77.45833333333334,ED_VERY_DANGEROUS,1,iso_forest
Kabul,Afghanistan,24.5,24.5,3,24.0,ED_MODERATE_SAFE,1,lof
Manama,Bahrain,38.3,40.3,4,78.45833333333333,ED_VERY_DANGEROUS,1,iso_forest
Dhaka,Bangladesh,24.9,27.8,1,7.400000000000002,ED_VERY_SAFE,1,lof
Bridgetown,Barbados,31.4,39.1,1,34.333333333333336,ED_MODERATE_SAFE,1,hot_but_safe
Porto-Novo,Benin,28.1,35.3,1,25.499999999999996,ED_MODERATE_SAFE,1,lof
Gaborone,Botswana,37.4,37.4,1,35.0,ED_CAUTION,1,lof
Ottawa,Canada,18.1,18.1,2,13.0,ED_VERY_SAFE,1,lof
Santiago,Chile,8.2,8.3,3,24.0,ED_MODERATE_SAFE,1,lof
Nicosia,Cyprus,34.3,38.1,1,34.16666666666667,ED_MODERATE_SAFE,1,hot_but_safe
Vestmannaeyjar,Iceland,5.4,5.4,1,0.0,ED_VERY_SAFE,1,lof
Manila,Philippines,29.1,35.8,1,21.33333333333333,ED_MODERATE_SAFE,1,lof
Riyadh,Saudi Arabia,41.0,41.4,3,59.46153846153846,ED_DANGEROUS,1,iso_forest
Djibouti,Djibouti,42.0,44.0,3,60.46153846153846,ED_DANGEROUS,1,iso_forest
Moscow,Russia,25.2,25.2,3,25.5,ED_MODERATE_SAFE,1,lof
San Salvador,El Salvador,27.1,33.0,2,24.666666666666668,ED_MODERATE_SAFE,1,lof
Kuwait City,Kuwait,44.1,48.1,4,88.8173076923077,ED_VERY_DANGEROUS,1,iso_forest
Laos,Indonesia,23.3,25.2,1,0.0,ED_VERY_SAFE,1,lof
Riga,Latvia,25.2,25.3,2,14.0,ED_VERY_SAFE,1,lof
Maseru,Lesotho,16.3,16.3,2,15.5,ED_MODERATE_SAFE,1,lof
Maputo,Mozambique,24.2,25.8,2,15.5,ED_MODERATE_SAFE,1,lof
Yangon,Myanmar,32.2,46.1,2,49.88461538461539,ED_CAUTION,1,lof
Amsterdam,Netherlands,18.1,18.1,1,6.0,ED_VERY_SAFE,1,lof
Manila,Philippines,29.2,35.4,2,28.666666666666664,ED_MODERATE_SAFE,1,lof
Doha,Qatar,39.1,43.5,4,83.50961538461539,ED_VERY_DANGEROUS,1,iso_forest
'S Gravenjansdijk,Belgium,18.2,18.2,1,4.0,ED_VERY_SAFE,1,lof
Phnom Penh,Cambodia,27.0,31.2,2,20.599999999999998,ED_MODERATE_SAFE,1,lof
Riyadh,Saudi Arabia,40.1,40.1,4,79.125,ED_VERY_DANGEROUS,1,iso_forest
Victoria,Seychelles Islands,27.1,30.8,2,26.900000000000002,ED_MODERATE_SAFE,1,lof
Bangkok,Thailand,27.1,28.4,2,21.199999999999996,ED_MODERATE_SAFE,1,lof
Ban Lom,Vietnam,25.0,28.3,1,9.900000000000002,ED_VERY_SAFE,1,lof
Abu Dhabi,United Arab Emirates,38.1,40.1,3,55.5,ED_DANGEROUS,1,iso_forest
Hanoi,Vietnam,31.3,42.1,2,39.269230769230774,ED_CAUTION,1,lof
Nassau,Bahamas,27.3,31.2,1,12.599999999999998,ED_VERY_SAFE,1,lof
Manama,Bahrain,38.1,49.4,4,89.3173076923077,ED_VERY_DANGEROUS,1,iso_forest
Brussels,Belgium,16.1,16.1,2,14.0,ED_VERY_SAFE,1,lof
Santiago,Chile,8.2,8.3,4,32.0,ED_MODERATE_SAFE,1,lof
Santiago,Chile,8.4,8.5,4,37.0,ED_CAUTION,1,lof
Bandar Seri Begawan,Brunei Darussalam,25.0,27.5,2,9.5,ED_VERY_SAFE,1,lof
Freetown,Sierra Leone,26.3,31.0,1,17.0,ED_MODERATE_SAFE,1,lof
Nan,Thailand,30.3,41.5,2,44.57692307692308,ED_CAUTION,1,lof
Dili,Timor-Leste,24.7,26.3,1,0.0,ED_VERY_SAFE,1,lof
Ban Lom,Vietnam,25.4,28.7,3,23.099999999999998,ED_MODERATE_SAFE,1,lof
Nuku`Aloia,Tonga,22.1,24.6,1,0.0,ED_VERY_SAFE,1,lof
Abu Dhabi,United Arab Emirates,41.2,43.2,4,82.16346153846155,ED_VERY_DANGEROUS,1,iso_forest
Manama,Bahrain,38.3,48.8,4,88.625,ED_VERY_DANGEROUS,1,iso_forest
Ottawa,Canada,15.2,15.2,2,11.0,ED_VERY_SAFE,1,lof
Santiago,Chile,6.2,6.2,3,23.0,ED_MODERATE_SAFE,1,lof
Vestmannaeyjar,Iceland,8.1,8.1,1,0.0,ED_VERY_SAFE,1,iso_forest
Port Royal,Jamaica,29.4,40.3,1,34.83333333333333,ED_MODERATE_SAFE,1,hot_but_safe
Kuwait City,Kuwait,41.6,43.7,4,83.74038461538461,ED_VERY_DANGEROUS,1,iso_forest
Bamako,Mali,27.3,32.0,1,20.0,ED_MODERATE_SAFE,1,lof
Manama,Bahrain,36.2,44.6,4,83.77884615384616,ED_VERY_DANGEROUS,1,iso_forest
Maputo,Mozambique,23.3,25.1,2,15.5,ED_MODERATE_SAFE,1,lof
Yangon,Myanmar,33.2,35.2,2,34.33333333333334,ED_MODERATE_SAFE,1,lof
Airai,Palau,29.1,35.0,2,28.0,ED_MODERATE_SAFE,1,lof
Manila,Philippines,30.2,39.2,2,35.00000000000001,ED_CAUTION,1,lof
Doha,Qatar,39.3,43.8,4,83.85576923076923,ED_VERY_DANGEROUS,1,iso_forest
Apia,Samoa,23.1,25.1,1,0.0,ED_VERY_SAFE,1,lof
Riyadh,Saudi Arabia,41.2,41.7,3,59.80769230769231,ED_DANGEROUS,1,iso_forest
Nuku`Aloia,Tonga,21.2,21.2,1,0.0,ED_VERY_SAFE,1,lof
Abu Dhabi,United Arab Emirates,39.0,41.0,4,79.625,ED_VERY_DANGEROUS,1,iso_forest
Port Vila,Vanuatu,23.0,25.0,2,8.0,ED_VERY_SAFE,1,lof
Ouagadougou,Burkina Faso,31.1,44.5,2,47.03846153846154,ED_CAUTION,1,lof
Gaborone,Botswana,34.3,34.3,1,29.83333333333333,ED_MODERATE_SAFE,1,lof
Belmopan,Belize,28.1,35.7,1,26.16666666666667,ED_MODERATE_SAFE,1,lof
Ouagadougou,Burkina Faso,34.3,40.6,1,38.333333333333336,ED_CAUTION,1,lof
Valletta,Malta,30.0,36.0,2,37.16666666666667,ED_CAUTION,1,lof
Doha,Qatar,39.4,43.9,3,61.34615384615385,ED_DANGEROUS,1,iso_forest
San Marino,San Marino,26.4,27.0,1,7.5,ED_VERY_SAFE,1,lof
Riyadh,Saudi Arabia,41.5,42.1,2,50.269230769230774,ED_CAUTION,1,iso_forest
Bangkok,Thailand,31.4,38.7,1,26.16666666666667,ED_MODERATE_SAFE,1,hot_but_safe
Abu Dhabi,United Arab Emirates,39.0,41.0,4,79.625,ED_VERY_DANGEROUS,1,iso_forest
Kabul,Afghanistan,26.1,26.1,1,7.5,ED_VERY_SAFE,1,lof
Buenos Aires,Argentina,15.2,15.2,3,24.0,ED_MODERATE_SAFE,1,lof
Manama,Bahrain,40.0,42.0,4,81.77884615384616,ED_VERY_DANGEROUS,1,iso_forest
Sucre,Bolivia,15.4,15.4,4,37.0,ED_CAUTION,1,lof
Ngaoundere,Cameroon,28.1,31.2,1,17.599999999999998,ED_MODERATE_SAFE,1,lof
Rome,Italy,23.3,24.8,1,7.5,ED_VERY_SAFE,1,lof
Djibouti,Djibouti,44.3,46.3,3,63.11538461538461,ED_DANGEROUS,1,iso_forest
Addis Ababa,Ethiopia,14.0,14.0,2,12.0,ED_VERY_SAFE,1,lof
Athens,Greece,29.1,30.6,2,24.800000000000004,ED_MODERATE_SAFE,1,lof
Baghdad,Iraq,47.2,49.2,4,92.08653846153847,ED_VERY_DANGEROUS,1,iso_forest
Tokyo,Japan,29.2,34.0,2,26.333333333333332,ED_MODERATE_SAFE,1,lof
Kuwait City,Kuwait,43.6,45.6,3,64.3076923076923,ED_DANGEROUS,1,iso_forest
Riga,Latvia,21.1,21.1,2,14.0,ED_VERY_SAFE,1,lof
Maseru,Lesotho,15.2,15.2,1,7.5,ED_VERY_SAFE,1,lof
Chi Chi Khvar,Iran,30.2,30.2,2,26.599999999999998,ED_MODERATE_SAFE,1,lof
Managua,Nicaragua,24.1,26.3,1,6.0,ED_VERY_SAFE,1,lof
Kuwait City,Kuwait,43.1,44.7,3,63.269230769230774,ED_DANGEROUS,1,iso_forest
Baghdad,Iraq,46.4,48.4,3,68.53846153846153,ED_DANGEROUS,1,iso_forest
Dhaka,Bangladesh,26.1,29.5,2,21.5,ED_MODERATE_SAFE,1,lof
Tunis,Tunisia,39.2,42.5,3,59.730769230769226,ED_DANGEROUS,1,iso_forest
San Salvador,El Salvador,21.6,21.6,1,5.0,ED_VERY_SAFE,1,lof
Bissau,Guinea-Bissau,30.4,39.9,1,34.166666666666664,ED_MODERATE_SAFE,1,hot_but_safe
Tegucigalpa,Honduras,20.1,20.1,1,5.0,ED_VERY_SAFE,1,lof
New Delhi,India,27.2,28.5,3,31.5,ED_MODERATE_SAFE,1,lof
Baghdad,Iraq,44.2,46.6,2,55.46153846153846,ED_DANGEROUS,1,iso_forest
Kuwait City,Kuwait,41.8,43.5,4,84.50961538461539,ED_VERY_DANGEROUS,1,iso_forest
Doha,Qatar,39.3,48.4,4,89.16346153846153,ED_VERY_DANGEROUS,1,iso_forest
Basseterre,Saint Kitts and Nevis,29.2,34.6,1,25.333333333333336,ED_MODERATE_SAFE,1,lof
Riyadh,Saudi Arabia,40.5,40.7,2,48.50000000000001,ED_CAUTION,1,iso_forest
Honiara,Solomon Islands,23.6,25.6,2,8.0,ED_VERY_SAFE,1,lof
Ashgabat,Turkmenistan,30.4,30.4,1,17.699999999999996,ED_MODERATE_SAFE,1,lof
Vestmannaeyjar,Iceland,6.3,6.3,1,0.0,ED_VERY_SAFE,1,iso_forest
Abu Dhabi,United Arab Emirates,38.1,40.1,4,78.125,ED_VERY_DANGEROUS,1,iso_forest
Washington Harbor,United States of America,11.8,12.2,2,8.0,ED_VERY_SAFE,1,lof
Hanoi,Vietnam,28.1,35.2,2,28.33333333333334,ED_MODERATE_SAFE,1,lof
Manama,Bahrain,39.1,41.1,4,80.74038461538461,ED_VERY_DANGEROUS,1,iso_forest
Sucre,Bolivia,13.6,13.7,4,37.0,ED_CAUTION,1,lof
Copenhagen,Denmark,19.4,19.4,2,12.0,ED_VERY_SAFE,1,lof
Santo Domingo,Dominican Republic,26.1,29.5,1,13.5,ED_VERY_SAFE,1,lof
Berlin,Germany,18.0,18.0,1,4.0,ED_VERY_SAFE,1,lof
Conakry,Guinea,23.2,25.5,2,13.0,ED_VERY_SAFE,1,lof
Vatican City,Vatican City,23.3,24.8,1,7.5,ED_VERY_SAFE,1,lof
Islamabad,Pakistan,32.7,36.1,4,71.45833333333334,ED_DANGEROUS,1,iso_forest
Aurora,Paraguay,28.6,28.6,5,58.800000000000004,ED_DANGEROUS,1,iso_forest
Doha,Qatar,42.1,45.3,4,86.58653846153845,ED_VERY_DANGEROUS,1,iso_forest
Kuwait City,Kuwait,42.9,44.3,4,85.4326923076923,ED_VERY_DANGEROUS,1,iso_forest
Bridgetown,Barbados,31.0,38.3,1,31.499999999999996,ED_MODERATE_SAFE,1,hot_but_safe
Sucre,Bolivia,12.9,12.9,4,37.0,ED_CAUTION,1,lof
Santiago,Chile,8.1,8.1,4,36.0,ED_CAUTION,1,lof
Beijing,China,19.3,19.3,3,18.0,ED_MODERATE_SAFE,1,lof
Roseau,Dominica,28.3,32.7,1,22.16666666666667,ED_MODERATE_SAFE,1,lof
San Salvador,El Salvador,22.0,24.6,2,13.0,ED_VERY_SAFE,1,lof
Addis Ababa,Ethiopia,29.4,33.5,2,29.5,ED_MODERATE_SAFE,1,lof
Banjul,Gambia,30.4,38.6,1,32.0,ED_MODERATE_SAFE,1,hot_but_safe
Baghdad,Iraq,43.2,44.9,2,53.5,ED_CAUTION,1,iso_forest
Tokyo,Japan,29.2,33.8,2,25.999999999999996,ED_MODERATE_SAFE,1,lof
Monaco,Monaco,23.1,25.0,1,5.0,ED_VERY_SAFE,1,lof
Riyadh,Saudi Arabia,42.7,44.0,2,52.46153846153846,ED_CAUTION,1,iso_forest
Niamey,Niger,34.3,38.3,1,34.5,ED_MODERATE_SAFE,1,hot_but_safe
Oslo,Norway,9.2,9.2,1,4.0,ED_VERY_SAFE,1,iso_forest
Doha,Qatar,39.2,41.2,4,70.85576923076923,ED_DANGEROUS,1,iso_forest
Riyadh,Saudi Arabia,42.4,43.6,3,62.0,ED_DANGEROUS,1,iso_forest
Dakar,Senegal,30.4,38.5,3,51.333333333333336,ED_CAUTION,1,lof
Bangkok,Thailand,24.2,26.0,2,8.0,ED_VERY_SAFE,1,lof
Funafuti,Tuvalu,29.1,35.1,2,28.16666666666667,ED_MODERATE_SAFE,1,lof
Abu Dhabi,United Arab Emirates,39.1,41.1,3,57.11538461538461,ED_DANGEROUS,1,iso_forest
Kabul,Afghanistan,26.9,26.9,2,15.5,ED_MODERATE_SAFE,1,lof
Manama,Bahrain,38.1,40.1,4,78.125,ED_VERY_DANGEROUS,1,iso_forest
Manama,Bahrain,37.3,39.3,4,76.79166666666666,ED_VERY_DANGEROUS,1,iso_forest
Kabul,Afghanistan,29.6,29.6,1,15.300000000000004,ED_MODERATE_SAFE,1,lof
Abu Dhabi,United Arab Emirates,37.1,39.1,4,76.45833333333334,ED_VERY_DANGEROUS,1,iso_forest
Nuku`Aloia,Tonga,22.4,24.8,1,0.0,ED_VERY_SAFE,1,lof
Colombo,Sri Lanka,31.2,42.5,1,31.73076923076923,ED_MODERATE_SAFE,1,hot_but_safe
Damascus,Syria,37.3,37.3,3,50.83333333333333,ED_CAUTION,1,iso_forest
Abu Dhabi,United Arab Emirates,38.4,40.4,4,78.625,ED_VERY_DANGEROUS,1,iso_forest
Montevideo,Uruguay,15.0,15.2,3,24.0,ED_MODERATE_SAFE,1,lof
Manama,Bahrain,37.1,39.1,4,76.45833333333334,ED_VERY_DANGEROUS,1,iso_forest
Bujumbura,Burundi,32.1,33.4,2,34.33333333333333,ED_MODERATE_SAFE,1,lof
Phnom Penh,Cambodia,27.1,29.7,2,16.099999999999998,ED_MODERATE_SAFE,1,lof
Ngaoundere,Cameroon,28.1,31.7,1,19.099999999999998,ED_MODERATE_SAFE,1,lof
New Delhi,India,30.1,33.0,4,64.79166666666667,ED_DANGEROUS,1,lof
Baghdad,Iraq,45.0,47.9,3,67.96153846153845,ED_DANGEROUS,1,iso_forest
Tokyo,Japan,29.3,33.9,2,26.166666666666664,ED_MODERATE_SAFE,1,lof
Kuwait City,Kuwait,43.9,46.1,4,87.50961538461539,ED_VERY_DANGEROUS,1,iso_forest
Antananarivo,Madagascar,32.1,32.1,1,24.16666666666667,ED_MODERATE_SAFE,1,lof
Bamako,Mali,31.2,38.2,1,31.33333333333334,ED_MODERATE_SAFE,1,hot_but_safe
Muscat,Oman,32.6,37.9,4,74.45833333333333,ED_DANGEROUS,1,iso_forest
National,Bolivia,28.7,28.7,5,59.099999999999994,ED_DANGEROUS,1,iso_forest
Aurora,Paraguay,32.5,32.5,5,81.89583333333334,ED_VERY_DANGEROUS,1,iso_forest
Doha,Qatar,37.4,47.7,4,88.35576923076923,ED_VERY_DANGEROUS,1,iso_forest
Riyadh,Saudi Arabia,43.1,44.8,2,53.38461538461538,ED_CAUTION,1,iso_forest
Seoul,South Korea,27.1,31.0,3,30.0,ED_MODERATE_SAFE,1,lof
Colombo,Sri Lanka,30.1,38.3,1,31.499999999999996,ED_MODERATE_SAFE,1,hot_but_safe
Baghdad,Iraq,45.4,48.6,2,58.769230769230774,ED_DANGEROUS,1,iso_forest
Banjul,Gambia,31.1,40.0,1,34.333333333333336,ED_MODERATE_SAFE,1,hot_but_safe
Copenhagen,Denmark,15.3,15.3,2,13.0,ED_VERY_SAFE,1,lof
Doha,Qatar,37.4,45.6,4,85.9326923076923,ED_VERY_DANGEROUS,1,iso_forest
Port Vila,Vanuatu,23.1,25.2,1,0.0,ED_VERY_SAFE,1,lof
Manama,Bahrain,35.3,44.1,4,84.20192307692308,ED_VERY_DANGEROUS,1,iso_forest
Santiago,Chile,8.7,8.7,6,54.0,ED_CAUTION,1,iso_forest
Vestmannaeyjar,Iceland,10.5,11.0,1,4.0,ED_VERY_SAFE,1,lof
New Delhi,India,33.2,39.0,4,74.79166666666667,ED_DANGEROUS,1,iso_forest
Baghdad,Iraq,44.8,47.7,2,56.73076923076923,ED_DANGEROUS,1,iso_forest
Tokyo,Japan,29.8,34.5,1,19.166666666666668,ED_MODERATE_SAFE,1,lof
Kuwait City,Kuwait,42.0,45.2,2,53.84615384615385,ED_CAUTION,1,iso_forest
Chi Chi Khvar,Iran,35.0,35.0,1,30.0,ED_MODERATE_SAFE,1,iso_forest
Kathmandu,Nepal,21.3,21.3,1,0.0,ED_VERY_SAFE,1,lof
Apia,Samoa,25.4,27.6,1,1.8000000000000043,ED_VERY_SAFE,1,lof
Montevideo,Uruguay,10.7,10.7,1,5.0,ED_VERY_SAFE,1,lof
Riyadh,Saudi Arabia,43.7,45.7,2,54.42307692307693,ED_CAUTION,1,iso_forest
Damascus,Syria,35.5,35.5,1,30.833333333333336,ED_MODERATE_SAFE,1,iso_forest
Abu Dhabi,United Arab Emirates,34.8,49.3,2,56.57692307692307,ED_DANGEROUS,1,iso_forest
Luanda,Angola,24.1,25.8,5,52.5,ED_CAUTION,1,lof
Saint John's,Antigua and Barbuda,26.9,31.0,1,18.0,ED_MODERATE_SAFE,1,lof
Manama,Bahrain,35.2,46.0,4,86.39423076923077,ED_VERY_DANGEROUS,1,iso_forest
Bridgetown,Barbados,27.6,31.4,1,19.199999999999996,ED_MODERATE_SAFE,1,lof
Santiago,Chile,9.3,9.3,6,54.0,ED_CAUTION,1,iso_forest
Bogot,Bulgaria,40.7,40.9,1,40.83333333333333,ED_CAUTION,1,iso_forest
Djibouti,Djibouti,35.8,42.4,1,41.61538461538461,ED_CAUTION,1,lof
Tashkent,Uzbekistan,36.4,36.4,1,32.33333333333333,ED_MODERATE_SAFE,1,iso_forest
Abu Dhabi,United Arab Emirates,35.1,49.2,3,67.46153846153847,ED_DANGEROUS,1,iso_forest
Dhidhdhoo,Maldives,25.5,28.7,1,11.099999999999998,ED_VERY_SAFE,1,lof
Santiago,Chile,6.4,6.4,6,54.0,ED_CAUTION,1,iso_forest
Baghdad,Iraq,45.6,48.9,1,51.11538461538461,ED_CAUTION,1,iso_forest
Tokyo,Japan,30.1,33.9,1,18.166666666666664,ED_MODERATE_SAFE,1,lof
Kuwait City,Kuwait,40.3,42.9,2,51.19230769230769,ED_CAUTION,1,iso_forest
Chi Chi Khvar,Iran,36.1,36.1,1,31.833333333333336,ED_MODERATE_SAFE,1,iso_forest
Doha,Qatar,35.8,47.8,2,55.84615384615384,ED_DANGEROUS,1,iso_forest
Apia,Samoa,25.4,27.6,1,1.8000000000000043,ED_VERY_SAFE,1,lof
Riyadh,Saudi Arabia,42.7,44.0,2,52.46153846153846,ED_CAUTION,1,iso_forest
Abu Dhabi,United Arab Emirates,36.2,48.9,3,67.11538461538461,ED_DANGEROUS,1,iso_forest
Manama,Bahrain,34.8,44.8,3,61.38461538461538,ED_DANGEROUS,1,iso_forest
Gaborone,Botswana,31.2,31.2,1,22.599999999999998,ED_MODERATE_SAFE,1,lof
Beijing,China,26.8,27.9,2,10.699999999999996,ED_VERY_SAFE,1,lof
Ashgabat,Turkmenistan,39.6,39.6,1,37.66666666666667,ED_CAUTION,1,iso_forest
Cairo,Egypt,40.3,40.4,1,40.0,ED_CAUTION,1,iso_forest
Baghdad,Iraq,44.3,46.7,1,47.57692307692308,ED_CAUTION,1,iso_forest
Tokyo,Japan,32.3,37.8,1,24.666666666666664,ED_MODERATE_SAFE,1,lof
Kuwait City,Kuwait,42.0,44.0,2,52.46153846153846,ED_CAUTION,1,iso_forest
Chi Chi Khvar,Iran,36.8,36.8,1,33.0,ED_MODERATE_SAFE,1,iso_forest
Kathmandu,Nepal,21.3,21.3,1,0.0,ED_VERY_SAFE,1,lof
Islamabad,Pakistan,29.3,34.1,2,32.5,ED_MODERATE_SAFE,1,lof
Doha,Qatar,36.0,45.0,3,62.61538461538461,ED_DANGEROUS,1,iso_forest
Riyadh,Saudi Arabia,43.6,45.6,2,54.30769230769231,ED_CAUTION,1,iso_forest
Seoul,South Korea,28.8,32.7,2,24.16666666666667,ED_MODERATE_SAFE,1,lof
Baghdad,Iraq,44.8,47.6,1,48.61538461538461,ED_CAUTION,1,iso_forest
Kathmandu,Nepal,21.2,21.2,1,0.0,ED_VERY_SAFE,1,lof
Zagreb,Croatia,34.6,34.6,1,28.333333333333336,ED_MODERATE_SAFE,1,lof
Valletta,Malta,35.0,46.6,2,51.96153846153846,ED_CAUTION,1,lof
Ouagadougou,Burkina Faso,29.4,36.2,1,27.000000000000007,ED_MODERATE_SAFE,1,lof
Santiago,Chile,8.4,8.5,6,54.0,ED_CAUTION,1,iso_forest
Nicosia,Cyprus,38.4,43.9,1,42.34615384615385,ED_CAUTION,1,lof
Djibouti,Djibouti,41.1,43.1,1,41.42307692307693,ED_CAUTION,1,iso_forest
Saint George's,Grenada,30.2,38.1,1,31.16666666666667,ED_MODERATE_SAFE,1,hot_but_safe
Conakry,Guinea,29.0,35.4,1,25.666666666666664,ED_MODERATE_SAFE,1,lof
New Delhi,India,31.1,38.2,4,65.95833333333334,ED_DANGEROUS,1,lof
Baghdad,Iraq,46.1,49.9,1,52.26923076923077,ED_CAUTION,1,iso_forest
Port Royal,Jamaica,31.1,39.2,1,34.50000000000001,ED_MODERATE_SAFE,1,hot_but_safe
Kuwait City,Kuwait,42.8,45.7,2,54.42307692307693,ED_CAUTION,1,iso_forest
Monaco,Monaco,30.1,38.9,1,31.5,ED_MODERATE_SAFE,1,hot_but_safe
Luanda,Angola,27.3,29.5,6,65.0,ED_DANGEROUS,1,lof
Kathmandu,Nepal,24.0,26.3,1,0.0,ED_VERY_SAFE,1,lof
Niamey,Niger,32.1,38.5,1,31.833333333333336,ED_MODERATE_SAFE,1,hot_but_safe
Doha,Qatar,38.2,46.0,2,53.76923076923077,ED_CAUTION,1,iso_forest
Apia,Samoa,25.1,27.4,1,1.1999999999999957,ED_VERY_SAFE,1,lof
Riyadh,Saudi Arabia,44.5,47.1,2,56.03846153846154,ED_DANGEROUS,1,iso_forest
Abu Dhabi,United Arab Emirates,40.1,42.1,3,59.269230769230774,ED_DANGEROUS,1,iso_forest
Manama,Bahrain,43.2,45.2,2,52.84615384615385,ED_CAUTION,1,iso_forest
Ottawa,Canada,19.3,19.3,1,5.0,ED_VERY_SAFE,1,lof
Santiago,Chile,9.3,9.5,6,54.0,ED_CAUTION,1,iso_forest
Beijing,China,24.2,26.4,6,50.0,ED_CAUTION,1,lof
Sofia,Bulgaria,36.4,37.3,1,31.33333333333333,ED_MODERATE_SAFE,1,lof
Kabul,Afghanistan,34.3,34.3,1,27.83333333333333,ED_MODERATE_SAFE,1,iso_forest
Niamey,Niger,29.7,33.1,1,22.833333333333336,ED_MODERATE_SAFE,1,lof
Djibouti,Djibouti,39.3,41.3,1,39.34615384615384,ED_CAUTION,1,iso_forest
Doha,Qatar,38.1,47.2,3,65.15384615384616,ED_DANGEROUS,1,iso_forest
Basseterre,Saint Kitts and Nevis,27.1,31.3,1,18.900000000000002,ED_MODERATE_SAFE,1,lof
Riyadh,Saudi Arabia,44.7,47.5,2,56.5,ED_DANGEROUS,1,iso_forest
Belgrade,Serbia,40.7,41.0,1,41.0,ED_CAUTION,1,iso_forest
Funafuti,Tuvalu,27.8,31.7,1,14.099999999999998,ED_VERY_SAFE,1,lof
Abu Dhabi,United Arab Emirates,35.9,37.9,3,52.83333333333333,ED_CAUTION,1,iso_forest
Tashkent,Uzbekistan,39.7,39.7,1,37.83333333333334,ED_CAUTION,1,iso_forest
Dhaka,Bangladesh,31.7,38.7,1,33.66666666666667,ED_MODERATE_SAFE,1,hot_but_safe
Santiago,Chile,9.4,9.6,6,55.0,ED_DANGEROUS,1,iso_forest
Bogot,Bulgaria,40.9,41.2,1,41.23076923076923,ED_CAUTION,1,iso_forest
Baghdad,Iraq,45.1,48.1,1,50.19230769230769,ED_CAUTION,1,iso_forest
Abu Dhabi,United Arab Emirates,41.3,43.3,4,82.27884615384616,ED_VERY_DANGEROUS,1,iso_forest
Kuwait City,Kuwait,43.7,46.6,2,55.46153846153846,ED_DANGEROUS,1,iso_forest
Dhidhdhoo,Maldives,27.6,31.2,1,18.599999999999998,ED_MODERATE_SAFE,1,lof
Islamabad,Pakistan,32.9,39.5,4,75.625,ED_VERY_DANGEROUS,1,iso_forest
Port Moresby,Papua New Guinea,26.2,30.4,1,10.199999999999996,ED_VERY_SAFE,1,lof
Manila,Philippines,30.2,38.3,1,25.499999999999996,ED_MODERATE_SAFE,1,hot_but_safe
Doha,Qatar,38.3,49.2,3,67.46153846153847,ED_DANGEROUS,1,iso_forest
Riyadh,Saudi Arabia,44.0,46.3,2,55.11538461538461,ED_DANGEROUS,1,iso_forest
Ljubljana,Slovenia,31.2,33.9,1,24.166666666666664,ED_MODERATE_SAFE,1,lof
Pretoria,South Africa,21.3,21.3,2,15.5,ED_MODERATE_SAFE,1,lof
Colombo,Sri Lanka,30.1,38.6,1,26.000000000000004,ED_MODERATE_SAFE,1,hot_but_safe
Vestmannaeyjar,Iceland,10.9,11.2,1,4.0,ED_VERY_SAFE,1,lof
Beijing,China,28.3,31.8,4,46.400000000000006,ED_CAUTION,1,lof
Santiago,Chile,3.1,3.1,6,53.0,ED_CAUTION,1,iso_forest
Manama,Bahrain,35.1,43.7,2,51.11538461538462,ED_CAUTION,1,iso_forest
Chi Chi Khvar,Iran,35.9,35.9,1,31.5,ED_MODERATE_SAFE,1,iso_forest
Doha,Qatar,40.4,44.3,2,52.80769230769231,ED_CAUTION,1,iso_forest
Apia,Samoa,25.8,27.9,1,2.6999999999999957,ED_VERY_SAFE,1,lof
Riyadh,Saudi Arabia,41.6,42.4,2,50.61538461538461,ED_CAUTION,1,iso_forest
Damascus,Syria,36.2,36.2,1,32.00000000000001,ED_MODERATE_SAFE,1,iso_forest
Ashgabat,Turkmenistan,40.7,41.0,1,41.0,ED_CAUTION,1,iso_forest
Abu Dhabi,United Arab Emirates,34.2,45.8,3,62.53846153846153,ED_DANGEROUS,1,iso_forest
Tashkent,Uzbekistan,39.3,39.3,1,37.166666666666664,ED_CAUTION,1,iso_forest
Hanoi,Vietnam,29.2,34.8,5,75.72916666666666,ED_VERY_DANGEROUS,1,iso_forest
Buenos Aires,Argentina,15.3,15.3,1,5.0,ED_VERY_SAFE,1,lof
Bridgetown,Barbados,27.8,31.7,1,14.099999999999998,ED_VERY_SAFE,1,lof
Baghdad,Iraq,43.7,45.7,2,54.42307692307693,ED_CAUTION,1,iso_forest
Tehran,Iran,38.7,38.7,2,44.16666666666667,ED_CAUTION,1,iso_forest
Baghdad,Iraq,44.4,47.0,2,55.92307692307692,ED_DANGEROUS,1,iso_forest
Kuwait City,Kuwait,42.4,43.5,2,51.88461538461539,ED_CAUTION,1,iso_forest
Islamabad,Pakistan,32.4,38.6,4,74.125,ED_DANGEROUS,1,iso_forest
Doha,Qatar,39.2,41.5,4,80.20192307692308,ED_VERY_DANGEROUS,1,iso_forest
Apia,Samoa,25.3,27.6,1,1.8000000000000043,ED_VERY_SAFE,1,lof
Riyadh,Saudi Arabia,42.0,43.0,1,43.30769230769231,ED_CAUTION,1,iso_forest
Damascus,Syria,36.5,36.5,1,32.5,ED_MODERATE_SAFE,1,iso_forest
Ashgabat,Turkmenistan,39.9,39.9,1,38.166666666666664,ED_CAUTION,1,iso_forest
Tashkent,Uzbekistan,38.6,38.6,1,36.0,ED_CAUTION,1,iso_forest
Kuwait City,Kuwait,42.1,43.1,2,51.42307692307693,ED_CAUTION,1,iso_forest
Vestmannaeyjar,Iceland,10.0,10.0,1,3.0,ED_VERY_SAFE,1,lof
Manama,Bahrain,35.7,41.2,4,80.85576923076923,ED_VERY_DANGEROUS,1,iso_forest
Belmopan,Belize,22.8,25.4,1,5.0,ED_VERY_SAFE,1,lof
Aurora,Paraguay,28.5,28.5,4,45.5,ED_CAUTION,1,lof
Bucharest,Romania,37.0,37.0,1,33.333333333333336,ED_MODERATE_SAFE,1,iso_forest
Apia,Samoa,26.4,28.3,1,3.900000000000002,ED_VERY_SAFE,1,lof
Riyadh,Saudi Arabia,41.6,42.4,2,50.61538461538461,ED_CAUTION,1,iso_forest
Ashgabat,Turkmenistan,38.4,38.4,1,35.666666666666664,ED_CAUTION,1,iso_forest
Funafuti,Tuvalu,28.9,32.3,1,15.499999999999995,ED_MODERATE_SAFE,1,lof
Abu Dhabi,United Arab Emirates,34.1,46.9,3,63.80769230769231,ED_DANGEROUS,1,iso_forest
Tashkent,Uzbekistan,38.8,38.8,1,36.33333333333333,ED_CAUTION,1,iso_forest
Baku,Azerbaijan,31.2,32.6,1,25.000000000000004,ED_MODERATE_SAFE,1,lof
Manama,Bahrain,35.0,43.2,2,50.53846153846154,ED_CAUTION,1,iso_forest
Santiago,Chile,6.1,6.1,6,53.0,ED_CAUTION,1,iso_forest
Santiago,Chile,8.5,8.5,6,53.0,ED_CAUTION,1,iso_forest
Suva,Fiji Islands,22.3,24.8,1,0.0,ED_VERY_SAFE,1,lof
Baghdad,Iraq,42.5,43.8,1,44.230769230769226,ED_CAUTION,1,iso_forest
Kuwait City,Kuwait,42.1,43.1,2,51.42307692307693,ED_CAUTION,1,iso_forest
Muscat,Oman,33.1,42.3,3,58.5,ED_DANGEROUS,1,iso_forest
Apia,Samoa,26.4,28.6,1,4.800000000000004,ED_VERY_SAFE,1,lof
Riyadh,Saudi Arabia,42.0,43.0,2,51.30769230769231,ED_CAUTION,1,iso_forest
Ashgabat,Turkmenistan,39.5,39.5,1,37.5,ED_CAUTION,1,iso_forest
Abu Dhabi,United Arab Emirates,33.7,47.3,3,64.26923076923077,ED_DANGEROUS,1,iso_forest
Tashkent,Uzbekistan,38.5,38.5,1,35.833333333333336,ED_CAUTION,1,iso_forest
Manama,Bahrain,34.6,43.5,2,49.88461538461539,ED_CAUTION,1,iso_forest
Hanoi,Vietnam,29.4,34.8,5,75.72916666666666,ED_VERY_DANGEROUS,1,iso_forest
Santiago,Chile,2.0,2.0,6,53.0,ED_CAUTION,1,iso_forest
Santiago,Chile,5.2,5.2,6,54.0,ED_CAUTION,1,iso_forest
Tokyo,Japan,29.3,32.6,1,16.000000000000004,ED_MODERATE_SAFE,1,lof
Riyadh,Saudi Arabia,43.9,46.1,2,54.88461538461539,ED_CAUTION,1,iso_forest
Seoul,South Korea,26.0,28.0,2,11.0,ED_VERY_SAFE,1,lof
Abu Dhabi,United Arab Emirates,34.7,45.6,3,62.30769230769231,ED_DANGEROUS,1,iso_forest
Harare,Zimbabwe,26.8,26.8,5,54.0,ED_CAUTION,1,iso_forest
Kabul,Afghanistan,32.3,32.3,1,24.499999999999993,ED_MODERATE_SAFE,1,iso_forest
N'djamena,Chad,24.5,26.8,1,5.0,ED_VERY_SAFE,1,lof
Santiago,Chile,2.0,2.0,6,53.71453119854824,ED_CAUTION,1,iso_forest
Beijing,China,23.9,26.7,4,32.0,ED_MODERATE_SAFE,1,lof
Copenhagen,Denmark,18.6,18.6,1,4.0,ED_VERY_SAFE,1,lof
Baghdad,Iraq,45.2,48.3,1,50.42307692307692,ED_CAUTION,1,iso_forest
Astana,Kazakhstan,20.8,20.8,1,5.0,ED_VERY_SAFE,1,lof
Doha,Qatar,39.5,45.1,4,85.35576923076923,ED_VERY_DANGEROUS,1,iso_forest
Kuwait City,Kuwait,42.7,46.0,2,54.76923076923077,ED_CAUTION,1,iso_forest
Bishkek,Kyrghyzstan,37.4,37.4,1,34.0,ED_MODERATE_SAFE,1,iso_forest
Windhoek,Namibia,25.6,25.6,1,9.0,ED_VERY_SAFE,1,lof
Kathmandu,Nepal,21.1,21.1,2,13.0,ED_VERY_SAFE,1,lof
Doha,Qatar,35.6,48.0,2,56.07692307692308,ED_DANGEROUS,1,iso_forest
Apia,Samoa,25.0,27.1,1,0.30000000000000426,ED_VERY_SAFE,1,lof
Riyadh,Saudi Arabia,44.4,47.0,2,55.92307692307692,ED_DANGEROUS,1,iso_forest
Abu Dhabi,United Arab Emirates,36.2,38.2,3,53.33333333333334,ED_CAUTION,1,iso_forest
Tashkent,Uzbekistan,41.6,42.4,1,42.61538461538461,ED_CAUTION,1,iso_forest
Kabul,Afghanistan,32.2,32.2,1,24.333333333333336,ED_MODERATE_SAFE,1,iso_forest
Apia,Samoa,24.8,26.9,1,0.0,ED_VERY_SAFE,1,lof
Pyongyang,North Korea,23.8,26.0,1,0.0,ED_VERY_SAFE,1,lof
Beijing,China,26.6,28.9,5,50.699999999999996,ED_CAUTION,1,lof
Damascus,Syria,37.6,37.6,1,34.333333333333336,ED_MODERATE_SAFE,1,iso_forest
Cairo,Egypt,40.2,40.2,1,39.66666666666667,ED_CAUTION,1,iso_forest
Vestmannaeyjar,Iceland,10.6,10.6,1,4.0,ED_VERY_SAFE,1,lof
Tehran,Iran,39.9,39.9,2,46.166666666666664,ED_CAUTION,1,iso_forest
Baghdad,Iraq,46.0,49.6,2,59.92307692307692,ED_DANGEROUS,1,iso_forest
Kuwait City,Kuwait,43.2,45.0,2,53.61538461538461,ED_CAUTION,1,iso_forest
Kathmandu,Nepal,23.6,25.6,2,13.0,ED_VERY_SAFE,1,lof
Pyongyang,North Korea,24.9,27.5,1,1.5,ED_VERY_SAFE,1,lof
Doha,Qatar,37.8,42.6,4,82.47115384615384,ED_VERY_DANGEROUS,1,iso_forest
Apia,Samoa,25.1,27.2,1,0.5999999999999979,ED_VERY_SAFE,1,lof
Riyadh,Saudi Arabia,40.9,41.2,2,49.23076923076923,ED_CAUTION,1,iso_forest
Ashgabat,Turkmenistan,40.3,40.4,1,40.0,ED_CAUTION,1,iso_forest
Monrovia,Liberia,24.9,26.7,1,5.0,ED_VERY_SAFE,1,lof
Abu Dhabi,United Arab Emirates,34.8,43.9,3,60.34615384615385,ED_DANGEROUS,1,iso_forest
Tashkent,Uzbekistan,39.9,39.9,1,38.166666666666664,ED_CAUTION,1,iso_forest
Buenos Aires,Argentina,5.1,5.1,1,3.0,ED_VERY_SAFE,1,lof
Manama,Bahrain,34.6,45.1,4,84.35576923076923,ED_VERY_DANGEROUS,1,iso_forest
Santiago,Chile,-0.3,-0.3,6,56.850466170318896,ED_DANGEROUS,1,iso_forest
San Salvador,El Salvador,21.1,21.1,1,5.0,ED_VERY_SAFE,1,lof
New Delhi,India,32.1,38.7,4,74.29166666666667,ED_DANGEROUS,1,iso_forest
Tehran,Iran,39.0,39.0,2,44.66666666666667,ED_CAUTION,1,iso_forest
Baghdad,Iraq,45.7,49.2,2,59.46153846153847,ED_DANGEROUS,1,iso_forest
Kuwait City,Kuwait,43.8,45.9,2,54.65384615384615,ED_CAUTION,1,iso_forest
Nicosia,Cyprus,38.3,40.1,1,38.5,ED_CAUTION,1,iso_forest
Djibouti,Djibouti,41.0,43.0,1,42.30769230769231,ED_CAUTION,1,iso_forest
Baghdad,Iraq,47.2,49.2,2,59.46153846153847,ED_DANGEROUS,1,iso_forest
Bissau,Guinea-Bissau,31.3,38.9,1,32.5,ED_MODERATE_SAFE,1,hot_but_safe
Yerevan,Armenia,39.3,39.3,1,37.166666666666664,ED_CAUTION,1,iso_forest
Praia,Cape Verde,31.1,38.1,1,32.66666666666667,ED_MODERATE_SAFE,1,hot_but_safe
Phnom Penh,Cambodia,32.4,39.0,2,34.66666666666667,ED_MODERATE_SAFE,1,hot_but_safe
Santiago,Chile,4.4,4.4,6,54.0,ED_CAUTION,1,iso_forest
Copenhagen,Denmark,20.3,20.3,1,6.0,ED_VERY_SAFE,1,lof
San Salvador,El Salvador,20.5,20.5,2,12.0,ED_VERY_SAFE,1,lof
Suva,Fiji Islands,25.2,28.0,1,3.0,ED_VERY_SAFE,1,lof
Banjul,Gambia,30.4,38.3,1,33.0,ED_MODERATE_SAFE,1,hot_but_safe
Saint George's,Grenada,31.4,39.0,1,34.16666666666667,ED_MODERATE_SAFE,1,hot_but_safe
Conakry,Guinea,30.2,38.9,1,32.5,ED_MODERATE_SAFE,1,hot_but_safe
Vatican City,Vatican City,35.2,38.1,1,34.16666666666667,ED_MODERATE_SAFE,1,hot_but_safe
Ashgabat,Turkmenistan,37.1,37.1,1,33.5,ED_MODERATE_SAFE,1,iso_forest
Baghdad,Iraq,47.1,49.1,2,59.34615384615385,ED_DANGEROUS,1,iso_forest
Rome,Italy,35.2,38.1,1,34.16666666666667,ED_MODERATE_SAFE,1,hot_but_safe
Kuwait City,Kuwait,38.2,44.8,4,85.00961538461539,ED_VERY_DANGEROUS,1,iso_forest
Maseru,Lesotho,20.3,20.3,2,15.5,ED_MODERATE_SAFE,1,lof
Bamako,Mali,32.0,38.2,1,34.33333333333334,ED_MODERATE_SAFE,1,hot_but_safe
Amsterdam,Netherlands,22.3,24.7,1,5.0,ED_VERY_SAFE,1,lof
Pyongyang,North Korea,23.5,25.8,2,8.0,ED_VERY_SAFE,1,lof
Islamabad,Pakistan,32.9,36.6,5,87.72916666666667,ED_VERY_DANGEROUS,1,iso_forest
Doha,Qatar,38.3,47.1,2,55.03846153846154,ED_DANGEROUS,1,iso_forest
Riyadh,Saudi Arabia,43.3,45.1,2,53.73076923076923,ED_CAUTION,1,iso_forest
Hanoi,Vietnam,26.4,30.0,4,41.0,ED_CAUTION,1,lof
Nuku`Aloia,Tonga,22.4,24.7,1,0.0,ED_VERY_SAFE,1,lof
Bangkok,Thailand,32.2,39.2,1,27.000000000000007,ED_MODERATE_SAFE,1,hot_but_safe
Port Vila,Vanuatu,23.1,25.2,1,0.0,ED_VERY_SAFE,1,lof
Yangon,Myanmar,27.4,33.8,1,17.999999999999996,ED_MODERATE_SAFE,1,lof
Kathmandu,Nepal,21.3,21.3,1,0.0,ED_VERY_SAFE,1,lof
Doha,Qatar,38.0,40.0,3,56.333333333333336,ED_DANGEROUS,1,iso_forest
Riyadh,Saudi Arabia,43.0,44.6,2,53.15384615384615,ED_CAUTION,1,iso_forest
Ljubljana,Slovenia,30.3,34.8,1,25.666666666666664,ED_MODERATE_SAFE,1,lof
Pretoria,South Africa,26.2,26.2,2,17.0,ED_MODERATE_SAFE,1,lof
Seoul,South Korea,29.1,37.6,1,24.333333333333336,ED_MODERATE_SAFE,1,lof
Bangkok,Thailand,31.2,38.2,2,33.33333333333334,ED_MODERATE_SAFE,1,hot_but_safe
Nuku`Aloia,Tonga,22.1,24.6,1,0.0,ED_VERY_SAFE,1,lof
Abu Dhabi,United Arab Emirates,40.1,42.1,2,48.269230769230774,ED_CAUTION,1,iso_forest
Luanda,Angola,27.2,29.9,5,61.199999999999996,ED_DANGEROUS,1,lof
Pretoria,South Africa,27.1,27.1,2,17.300000000000004,ED_MODERATE_SAFE,1,lof
Santiago,Chile,3.2,3.2,6,53.0,ED_CAUTION,1,iso_forest
Suva,Fiji Islands,24.2,26.6,1,0.0,ED_VERY_SAFE,1,lof
Vestmannaeyjar,Iceland,8.2,8.2,1,3.0,ED_VERY_SAFE,1,lof
Baghdad,Iraq,46.3,48.3,1,50.42307692307692,ED_CAUTION,1,iso_forest
Kuwait City,Kuwait,36.8,47.6,4,88.24038461538461,ED_VERY_DANGEROUS,1,iso_forest
Nan,Thailand,30.2,42.4,1,31.615384615384613,ED_MODERATE_SAFE,1,hot_but_safe
Ulaanbaatar,Mongolia,17.0,17.0,2,8.0,ED_VERY_SAFE,1,lof
Pyongyang,North Korea,23.6,26.0,3,18.0,ED_MODERATE_SAFE,1,lof
Oslo,Norway,14.2,14.2,1,3.0,ED_VERY_SAFE,1,iso_forest
Riyadh,Saudi Arabia,42.7,44.1,2,52.57692307692308,ED_CAUTION,1,iso_forest
Damascus,Syria,38.4,38.4,1,35.666666666666664,ED_CAUTION,1,iso_forest
Algiers,Algeria,37.0,44.0,1,42.46153846153846,ED_CAUTION,1,lof
Port Royal,Jamaica,31.1,41.1,3,55.61538461538461,ED_DANGEROUS,1,lof
Bissau,Guinea-Bissau,30.4,38.2,1,31.33333333333334,ED_MODERATE_SAFE,1,hot_but_safe
Doha,Qatar,39.4,41.4,2,48.46153846153846,ED_CAUTION,1,iso_forest
Riyadh,Saudi Arabia,43.0,44.6,2,53.15384615384615,ED_CAUTION,1,iso_forest
Madrid,Spain,29.1,29.1,1,6.300000000000004,ED_VERY_SAFE,1,lof
Abu Dhabi,United Arab Emirates,40.4,42.4,3,58.61538461538461,ED_DANGEROUS,1,iso_forest
Port Vila,Vanuatu,17.1,17.1,1,0.0,ED_VERY_SAFE,1,lof
Manama,Bahrain,38.1,40.1,4,79.125,ED_VERY_DANGEROUS,1,iso_forest
Dhaka,Bangladesh,26.2,29.7,1,14.099999999999998,ED_VERY_SAFE,1,lof
Santiago,Chile,4.3,4.3,6,54.0,ED_CAUTION,1,iso_forest
Beijing,China,22.2,24.6,2,8.0,ED_VERY_SAFE,1,lof
Banjul,Gambia,30.2,38.5,1,31.833333333333336,ED_MODERATE_SAFE,1,hot_but_safe
Vestmannaeyjar,Iceland,10.2,10.2,1,3.0,ED_VERY_SAFE,1,lof
Chi Chi Khvar,Iran,34.1,34.1,2,35.5,ED_CAUTION,1,iso_forest
Baghdad,Iraq,43.2,44.9,2,54.5,ED_CAUTION,1,iso_forest
Kuwait City,Kuwait,42.1,48.1,3,67.1923076923077,ED_DANGEROUS,1,iso_forest
Pyongyang,North Korea,22.1,24.6,2,8.0,ED_VERY_SAFE,1,lof
Doha,Qatar,39.1,49.9,3,68.26923076923077,ED_DANGEROUS,1,iso_forest
Riyadh,Saudi Arabia,43.5,45.4,2,54.07692307692307,ED_CAUTION,1,iso_forest
Montevideo,Uruguay,10.2,10.3,2,13.0,ED_VERY_SAFE,1,lof
Hanoi,Vietnam,28.0,33.1,6,78.83333333333334,ED_VERY_DANGEROUS,1,iso_forest
Nassau,Bahamas,26.1,28.4,1,10.199999999999996,ED_VERY_SAFE,1,lof
Manama,Bahrain,38.2,40.2,4,79.29166666666667,ED_VERY_DANGEROUS,1,iso_forest
Phnom Penh,Cambodia,28.1,31.5,1,13.5,ED_VERY_SAFE,1,lof
Oslo,Norway,12.1,12.1,1,4.0,ED_VERY_SAFE,1,iso_forest
Valletta,Malta,32.3,40.7,2,45.00000000000001,ED_CAUTION,1,lof
Buenos Aires,Argentina,2.2,2.2,1,4.0,ED_VERY_SAFE,1,lof
Nuku`Aloia,Tonga,20.1,20.1,1,0.0,ED_VERY_SAFE,1,lof
Santiago,Chile,-0.8,-0.8,6,57.47866218394063,ED_DANGEROUS,1,iso_forest
Conakry,Guinea,25.3,27.7,1,9.599999999999998,ED_VERY_SAFE,1,lof
Baghdad,Iraq,47.3,49.3,2,59.57692307692307,ED_DANGEROUS,1,iso_forest
Kuwait City,Kuwait,35.2,39.5,4,68.125,ED_DANGEROUS,1,iso_forest
Amsterdam,Netherlands,23.1,24.9,1,6.0,ED_VERY_SAFE,1,lof
Abuja,Nigeria,27.0,31.8,1,19.400000000000002,ED_MODERATE_SAFE,1,lof
Oslo,Norway,15.3,15.3,1,4.0,ED_VERY_SAFE,1,iso_forest
Doha,Qatar,39.1,41.1,3,58.11538461538461,ED_DANGEROUS,1,iso_forest
'S Gravenjansdijk,Belgium,26.7,27.6,1,9.300000000000004,ED_VERY_SAFE,1,lof
Riyadh,Saudi Arabia,43.6,45.6,3,64.3076923076923,ED_DANGEROUS,1,iso_forest
Abu Dhabi,United Arab Emirates,41.3,43.3,3,59.65384615384615,ED_DANGEROUS,1,iso_forest
Kuwait City,Kuwait,37.5,46.0,3,63.76923076923077,ED_DANGEROUS,1,iso_forest
Montevideo,Uruguay,2.1,2.1,1,4.0,ED_VERY_SAFE,1,lof
Buenos Aires,Argentina,4.4,4.4,1,4.0,ED_VERY_SAFE,1,lof
Dhaka,Bangladesh,26.5,30.0,1,15.0,ED_MODERATE_SAFE,1,lof
Santiago,Chile,4.3,4.3,6,54.0,ED_CAUTION,1,iso_forest
Nicosia,Cyprus,35.1,38.4,1,34.666666666666664,ED_MODERATE_SAFE,1,hot_but_safe
Djibouti,Djibouti,35.1,46.5,1,45.34615384615385,ED_CAUTION,1,lof
Suva,Fiji Islands,20.3,20.3,1,0.0,ED_VERY_SAFE,1,lof
Conakry,Guinea,27.2,31.2,1,17.599999999999998,ED_MODERATE_SAFE,1,lof
Baghdad,Iraq,45.1,48.1,2,58.19230769230769,ED_DANGEROUS,1,iso_forest
Tokyo,Japan,28.3,32.0,1,15.0,ED_MODERATE_SAFE,1,lof
Maseru,Lesotho,24.2,24.2,2,15.5,ED_MODERATE_SAFE,1,lof
Kuwait City,Kuwait,40.6,43.1,3,61.42307692307693,ED_DANGEROUS,1,iso_forest
Baghdad,Iraq,45.0,47.9,1,48.96153846153846,ED_CAUTION,1,iso_forest
Djibouti,Djibouti,40.4,42.4,1,41.61538461538461,ED_CAUTION,1,iso_forest
Dakar,Senegal,30.3,38.6,1,32.0,ED_MODERATE_SAFE,1,hot_but_safe
Damascus,Syria,38.1,38.1,1,35.16666666666667,ED_CAUTION,1,iso_forest
Abu Dhabi,United Arab Emirates,39.4,41.4,4,80.08653846153845,ED_VERY_DANGEROUS,1,iso_forest
Sanaa,Yemen,23.2,24.1,2,14.0,ED_VERY_SAFE,1,lof
Vienna,Austria,27.2,27.2,1,9.599999999999998,ED_VERY_SAFE,1,lof
Manama,Bahrain,37.3,39.3,3,54.166666666666664,ED_CAUTION,1,iso_forest
Bandar Seri Begawan,Brunei Darussalam,30.2,38.2,1,25.33333333333334,ED_MODERATE_SAFE,1,hot_but_safe
Phnom Penh,Cambodia,32.0,38.2,1,25.33333333333334,ED_MODERATE_SAFE,1,hot_but_safe
Santiago,Chile,6.2,6.2,6,54.0,ED_CAUTION,1,iso_forest
Nicosia,Cyprus,36.2,47.9,2,45.96153846153846,ED_CAUTION,1,lof
Mbabane,Swaziland,30.1,30.1,3,36.300000000000004,ED_CAUTION,1,lof
Panama City,Panama,27.3,32.8,1,22.33333333333333,ED_MODERATE_SAFE,1,lof
Bissau,Guinea-Bissau,28.4,36.2,1,27.000000000000007,ED_MODERATE_SAFE,1,lof
New Delhi,India,33.1,38.4,1,33.166666666666664,ED_MODERATE_SAFE,1,hot_but_safe
Baghdad,Iraq,46.0,49.7,2,60.03846153846154,ED_DANGEROUS,1,iso_forest
Kuwait City,Kuwait,38.8,40.8,3,57.666666666666664,ED_DANGEROUS,1,iso_forest
Nan,Thailand,31.2,46.6,1,36.46153846153846,ED_CAUTION,1,lof
Valletta,Malta,34.3,45.1,1,42.23076923076923,ED_CAUTION,1,lof
Podgorica,Montenegro,29.1,29.1,1,16.300000000000004,ED_MODERATE_SAFE,1,lof
Wellington,New Zealand,7.3,7.3,1,0.0,ED_VERY_SAFE,1,iso_forest
Oslo,Norway,13.0,13.0,1,4.0,ED_VERY_SAFE,1,iso_forest
Doha,Qatar,36.0,49.8,2,58.153846153846146,ED_DANGEROUS,1,iso_forest
Riyadh,Saudi Arabia,45.0,47.9,2,56.96153846153846,ED_DANGEROUS,1,iso_forest
Oslo,Norway,13.2,13.2,1,6.0,ED_VERY_SAFE,1,iso_forest
Vestmannaeyjar,Iceland,8.2,8.2,1,0.0,ED_VERY_SAFE,1,iso_forest
Abu Dhabi,United Arab Emirates,38.1,40.1,3,55.5,ED_DANGEROUS,1,iso_forest
Kuwait City,Kuwait,44.7,47.5,2,56.5,ED_DANGEROUS,1,iso_forest
Nan,Thailand,30.0,41.6,1,30.692307692307693,ED_MODERATE_SAFE,1,hot_but_safe
Lilongwe,Malawi,26.2,26.2,1,9.0,ED_VERY_SAFE,1,lof
Niamey,Niger,27.2,29.2,1,12.599999999999998,ED_VERY_SAFE,1,lof
Oslo,Norway,13.3,13.3,1,6.0,ED_VERY_SAFE,1,iso_forest
Doha,Qatar,39.2,43.4,2,51.76923076923077,ED_CAUTION,1,iso_forest
Riyadh,Saudi Arabia,45.1,48.2,2,58.30769230769231,ED_DANGEROUS,1,iso_forest
Dakar,Senegal,32.1,43.7,1,39.11538461538462,ED_CAUTION,1,lof
Damascus,Syria,38.2,38.2,1,35.33333333333334,ED_CAUTION,1,iso_forest
Tunis,Tunisia,38.4,42.0,1,41.15384615384615,ED_CAUTION,1,lof
Manama,Bahrain,39.1,41.1,3,58.11538461538461,ED_DANGEROUS,1,iso_forest
Skopje,Macedonia,40.4,40.5,1,39.16666666666667,ED_CAUTION,1,iso_forest
Santiago,Chile,6.1,6.1,6,53.0,ED_CAUTION,1,iso_forest
Nicosia,Cyprus,38.4,38.6,1,36.0,ED_CAUTION,1,iso_forest
Budapest,Hungary,24.0,24.1,1,9.0,ED_VERY_SAFE,1,lof
Vestmannaeyjar,Iceland,9.2,9.2,1,4.0,ED_VERY_SAFE,1,lof
New Delhi,India,30.1,32.3,1,22.999999999999993,ED_MODERATE_SAFE,1,lof
Baghdad,Iraq,46.4,48.4,1,50.53846153846153,ED_CAUTION,1,iso_forest
Kuwait City,Kuwait,45.1,48.1,2,58.19230769230769,ED_DANGEROUS,1,iso_forest
Valletta,Malta,36.0,49.6,2,56.92307692307692,ED_DANGEROUS,1,lof
Rabat,Morocco,34.3,38.3,1,34.5,ED_MODERATE_SAFE,1,hot_but_safe
Yangon,Myanmar,28.3,35.9,1,21.5,ED_MODERATE_SAFE,1,lof
Riyadh,Saudi Arabia,45.6,49.0,2,59.230769230769226,ED_DANGEROUS,1,iso_forest
Victoria,Seychelles Islands,30.1,38.3,1,33.0,ED_MODERATE_SAFE,1,hot_but_safe
Pretoria,South Africa,25.6,25.6,2,17.0,ED_MODERATE_SAFE,1,lof
Seoul,South Korea,32.4,46.8,1,36.692307692307686,ED_CAUTION,1,lof
Vestmannaeyjar,Iceland,9.1,9.1,1,4.0,ED_VERY_SAFE,1,lof
New Delhi,India,32.4,34.9,2,36.83333333333333,ED_CAUTION,1,lof
Baghdad,Iraq,46.0,49.7,1,52.03846153846154,ED_CAUTION,1,iso_forest
Kuwait City,Kuwait,42.4,46.4,2,55.230769230769226,ED_DANGEROUS,1,iso_forest
Oslo,Norway,14.2,14.2,1,4.0,ED_VERY_SAFE,1,iso_forest
Muscat,Oman,30.9,36.5,2,39.5,ED_CAUTION,1,lof
Islamabad,Pakistan,30.6,35.3,5,85.5625,ED_VERY_DANGEROUS,1,iso_forest
Doha,Qatar,37.1,49.5,3,67.8076923076923,ED_DANGEROUS,1,iso_forest
Riyadh,Saudi Arabia,44.3,46.7,2,56.57692307692308,ED_DANGEROUS,1,iso_forest
Pretoria,South Africa,24.1,24.1,3,25.5,ED_MODERATE_SAFE,1,lof
Abu Dhabi,United Arab Emirates,41.2,43.2,2,50.53846153846154,ED_CAUTION,1,iso_forest
Colombo,Sri Lanka,30.1,39.1,1,32.833333333333336,ED_MODERATE_SAFE,1,hot_but_safe
Montevideo,Uruguay,10.2,10.2,1,4.0,ED_VERY_SAFE,1,lof
Port Vila,Vanuatu,22.4,24.7,1,0.0,ED_VERY_SAFE,1,lof
Saint John's,Antigua and Barbuda,29.4,35.5,1,20.833333333333336,ED_MODERATE_SAFE,1,lof
Buenos Aires,Argentina,11.0,11.0,1,4.0,ED_VERY_SAFE,1,lof
Vienna,Austria,22.0,23.9,1,7.5,ED_VERY_SAFE,1,lof
Manama,Bahrain,37.1,39.1,3,54.833333333333336,ED_CAUTION,1,iso_forest
Bangui,Central African Republic,29.2,38.7,1,31.16666666666667,ED_MODERATE_SAFE,1,hot_but_safe
Santiago,Chile,2.2,2.2,6,50.0,ED_CAUTION,1,iso_forest
Beijing,China,28.0,31.4,5,58.199999999999996,ED_DANGEROUS,1,lof
Mbabane,Swaziland,30.3,30.3,3,36.900000000000006,ED_CAUTION,1,lof
Accra,Ghana,27.3,31.0,1,17.0,ED_MODERATE_SAFE,1,lof
Suva,Fiji Islands,21.4,21.4,1,0.0,ED_VERY_SAFE,1,lof
Nicosia,Cyprus,36.3,38.4,1,34.666666666666664,ED_MODERATE_SAFE,1,hot_but_safe
Porto-Novo,Benin,28.4,34.3,1,23.83333333333333,ED_MODERATE_SAFE,1,lof
Bangkok,Thailand,32.1,39.8,1,27.999999999999996,ED_MODERATE_SAFE,1,hot_but_safe
Nuku`Aloia,Tonga,23.4,25.3,1,0.0,ED_VERY_SAFE,1,lof
Abu Dhabi,United Arab Emirates,44.1,46.1,3,63.88461538461539,ED_DANGEROUS,1,iso_forest
Algiers,Algeria,32.0,38.2,1,32.83333333333334,ED_MODERATE_SAFE,1,hot_but_safe
Manama,Bahrain,37.2,39.2,3,55.00000000000001,ED_DANGEROUS,1,iso_forest
Gaborone,Botswana,29.4,29.4,2,24.199999999999996,ED_MODERATE_SAFE,1,lof
Phnom Penh,Cambodia,32.2,38.4,1,25.666666666666664,ED_MODERATE_SAFE,1,hot_but_safe
Nicosia,Cyprus,37.0,38.4,1,34.666666666666664,ED_MODERATE_SAFE,1,hot_but_safe
Djibouti,Djibouti,40.0,42.0,1,38.65384615384615,ED_CAUTION,1,iso_forest
Suva,Fiji Islands,21.3,21.3,1,0.0,ED_VERY_SAFE,1,lof
Vestmannaeyjar,Iceland,10.0,10.0,1,3.0,ED_VERY_SAFE,1,lof
Baghdad,Iraq,46.4,48.4,2,58.53846153846153,ED_DANGEROUS,1,iso_forest
Kuwait City,Kuwait,39.3,49.6,2,57.92307692307692,ED_DANGEROUS,1,iso_forest
Podgorica,Montenegro,22.0,24.6,1,5.0,ED_VERY_SAFE,1,lof
Oslo,Norway,13.2,13.2,1,6.0,ED_VERY_SAFE,1,iso_forest
Muscat,Oman,31.8,36.8,1,30.499999999999996,ED_MODERATE_SAFE,1,lof
Warsaw,Poland,21.4,21.4,1,6.0,ED_VERY_SAFE,1,lof
Riyadh,Saudi Arabia,45.1,48.0,2,58.07692307692308,ED_DANGEROUS,1,iso_forest
Nuku`Aloia,Tonga,22.0,24.5,1,0.0,ED_VERY_SAFE,1,lof
Abu Dhabi,United Arab Emirates,41.1,43.1,4,82.04807692307693,ED_VERY_DANGEROUS,1,iso_forest
Port Vila,Vanuatu,24.3,26.7,1,0.0,ED_VERY_SAFE,1,lof
San Ignacio,Costa Rica,22.1,24.6,1,0.0,ED_VERY_SAFE,1,lof
Tallinn,Estonia,17.2,17.2,1,5.0,ED_VERY_SAFE,1,lof
Islamabad,Pakistan,30.0,35.2,1,26.33333333333334,ED_MODERATE_SAFE,1,lof
Basseterre,Saint Kitts and Nevis,28.3,31.3,1,12.900000000000002,ED_VERY_SAFE,1,lof
Tunis,Tunisia,25.0,26.5,2,8.0,ED_VERY_SAFE,1,lof
Vestmannaeyjar,Iceland,7.1,7.1,1,0.0,ED_VERY_SAFE,1,iso_forest
New Delhi,India,34.3,34.3,5,78.29583333333333,ED_VERY_DANGEROUS,1,iso_forest
Maseru,Lesotho,14.8,14.8,1,9.0,ED_VERY_SAFE,1,lof
Maputo,Mozambique,24.1,25.9,1,0.0,ED_VERY_SAFE,1,lof
Tunis,Tunisia,24.3,25.8,2,8.0,ED_VERY_SAFE,1,lof
Nassau,Bahamas,25.3,27.4,2,9.199999999999996,ED_VERY_SAFE,1,lof
Maseru,Lesotho,17.4,17.4,1,12.0,ED_VERY_SAFE,1,lof
Managua,Nicaragua,22.1,24.5,1,0.0,ED_VERY_SAFE,1,lof
Lisbon,Portugal,15.7,15.7,2,8.0,ED_VERY_SAFE,1,lof
Tunis,Tunisia,24.4,26.2,2,8.0,ED_VERY_SAFE,1,lof
Belgrade,Serbia,17.4,17.4,4,32.0,ED_MODERATE_SAFE,1,lof
Nassau,Bahamas,26.3,28.8,2,13.400000000000002,ED_VERY_SAFE,1,lof
New Delhi,India,36.9,36.9,4,66.79166666666666,ED_DANGEROUS,1,iso_forest
National,Bolivia,25.3,27.0,2,8.0,ED_VERY_SAFE,1,lof
Aurora,Paraguay,24.0,26.0,1,0.0,ED_VERY_SAFE,1,lof
Freetown,Sierra Leone,24.3,26.5,1,0.0,ED_VERY_SAFE,1,lof
Buenos Aires,Argentina,22.1,24.6,1,7.5,ED_VERY_SAFE,1,lof
Minsk,Belarus,10.2,10.2,1,3.0,ED_VERY_SAFE,1,iso_forest
Brussels,Belgium,10.3,10.3,3,22.0,ED_MODERATE_SAFE,1,lof
Tallinn,Estonia,10.5,10.5,1,3.0,ED_VERY_SAFE,1,iso_forest
New Delhi,India,35.9,35.9,4,72.125,ED_DANGEROUS,1,iso_forest
Port Of Spain,Trinidad and Tobago,26.2,30.0,1,9.0,ED_VERY_SAFE,1,lof
Dakar,Senegal,29.2,32.9,4,57.125,ED_DANGEROUS,1,lof
Jerusalem,Israel,20.1,20.1,4,38.0,ED_CAUTION,1,lof
London,United Kingdom,11.2,11.2,2,12.0,ED_VERY_SAFE,1,lof
Dublin,Ireland,6.2,6.2,1,0.0,ED_VERY_SAFE,1,lof
Maseru,Lesotho,26.2,26.2,1,9.0,ED_VERY_SAFE,1,lof
Windhoek,Namibia,32.2,32.2,1,25.333333333333336,ED_MODERATE_SAFE,1,lof
Managua,Nicaragua,22.9,25.1,1,0.0,ED_VERY_SAFE,1,lof
Airai,Palau,29.1,34.6,2,27.333333333333336,ED_MODERATE_SAFE,1,lof
Lima,Peru,16.7,16.7,2,8.0,ED_VERY_SAFE,1,lof
Basseterre,Saint Kitts and Nevis,29.0,33.1,2,24.833333333333336,ED_MODERATE_SAFE,1,lof
Kingstown,Saint Vincent and the Grenadines,28.8,33.4,2,25.333333333333332,ED_MODERATE_SAFE,1,lof
Apia,Samoa,27.3,30.8,2,19.400000000000002,ED_MODERATE_SAFE,1,lof
Khartoum,Sudan,30.9,30.9,4,52.699999999999996,ED_CAUTION,1,iso_forest
Nassau,Bahamas,25.3,26.9,2,8.0,ED_VERY_SAFE,1,lof
Doha,Qatar,32.0,32.0,3,39.45,ED_CAUTION,1,lof
Mbabane,Swaziland,24.4,25.6,2,19.6,ED_MODERATE_SAFE,1,lof
Airai,Palau,28.6,32.7,2,24.16666666666667,ED_MODERATE_SAFE,1,lof
Seoul,South Korea,16.3,16.3,2,8.0,ED_VERY_SAFE,1,lof
Khartoum,Sudan,32.0,32.0,4,56.8,ED_DANGEROUS,1,iso_forest
Phnom Penh,Cambodia,25.3,28.2,2,11.599999999999998,ED_VERY_SAFE,1,lof
Libreville,Gabon,24.4,27.1,1,0.30000000000000426,ED_VERY_SAFE,1,lof
Tegucigalpa,Honduras,16.8,16.8,1,0.0,ED_VERY_SAFE,1,lof
Astana,Kazakhstan,2.0,2.0,1,6.955555098515571,ED_VERY_SAFE,1,iso_forest
Maseru,Lesotho,13.7,13.7,1,11.7,ED_VERY_SAFE,1,lof
National,Bolivia,20.9,20.9,3,18.0,ED_MODERATE_SAFE,1,lof
Jakarta,Indonesia,33.1,37.4,5,90.0625,ED_VERY_DANGEROUS,1,iso_forest
Riga,Latvia,13.2,13.2,1,3.0,ED_VERY_SAFE,1,iso_forest
Vestmannaeyjar,Iceland,4.4,4.4,1,3.156112651467069,ED_VERY_SAFE,1,iso_forest
Baku,Azerbaijan,12.1,12.1,1,0.6000000000000005,ED_VERY_SAFE,1,lof
Praia,Cape Verde,24.3,26.2,1,0.0,ED_VERY_SAFE,1,lof
Beijing,China,12.1,12.6,2,8.0,ED_VERY_SAFE,1,lof
Georgetown,Guyana,24.3,26.7,2,8.0,ED_VERY_SAFE,1,lof
New Delhi,India,32.6,32.6,5,75.0625,ED_VERY_DANGEROUS,1,iso_forest
Ulaanbaatar,Mongolia,-8.9,-8.9,1,13.350000000000001,ED_VERY_SAFE,1,iso_forest
National,Bolivia,22.2,24.6,2,8.0,ED_VERY_SAFE,1,lof
Panama City,Panama,24.1,26.5,1,0.0,ED_VERY_SAFE,1,lof
Aurora,Paraguay,22.6,24.8,2,8.0,ED_VERY_SAFE,1,lof
Lisbon,Portugal,16.2,16.2,3,18.0,ED_MODERATE_SAFE,1,lof
Dakar,Senegal,26.4,28.5,2,12.5,ED_VERY_SAFE,1,lof
Nassau,Bahamas,25.2,27.9,2,10.699999999999996,ED_VERY_SAFE,1,lof
Tunis,Tunisia,24.1,25.6,3,18.0,ED_MODERATE_SAFE,1,lof
Beijing,China,14.1,14.1,5,45.0,ED_CAUTION,1,iso_forest
Vestmannaeyjar,Iceland,9.3,9.3,1,0.0,ED_VERY_SAFE,1,iso_forest
Maseru,Lesotho,19.4,19.4,1,6.0,ED_VERY_SAFE,1,lof
Ulaanbaatar,Mongolia,-5.2,-5.2,2,20.35033869557177,ED_MODERATE_SAFE,1,iso_forest
Belgrade,Serbia,9.0,9.0,4,32.0,ED_MODERATE_SAFE,1,lof
Nassau,Bahamas,27.2,31.5,1,13.5,ED_VERY_SAFE,1,lof
Gaborone,Botswana,32.2,32.2,1,27.333333333333336,ED_MODERATE_SAFE,1,lof
Phnom Penh,Cambodia,30.2,35.4,1,20.666666666666664,ED_MODERATE_SAFE,1,lof
Beijing,China,14.3,14.7,5,45.0,ED_CAUTION,1,iso_forest
Libreville,Gabon,27.2,31.2,1,12.599999999999998,ED_VERY_SAFE,1,lof
Gaborone,Botswana,33.3,33.3,1,28.066666666666663,ED_MODERATE_SAFE,1,lof
Seoul,South Korea,19.1,19.1,2,8.0,ED_VERY_SAFE,1,lof
Luxembourg,Luxembourg,9.3,9.5,3,22.0,ED_MODERATE_SAFE,1,lof
Ulaanbaatar,Mongolia,-11.0,-11.0,1,22.635750196260624,ED_MODERATE_SAFE,1,iso_forest
Ulaanbaatar,Mongolia,-6.7,-6.7,1,10.05,ED_VERY_SAFE,1,iso_forest
Aurora,Paraguay,21.9,21.9,2,8.0,ED_VERY_SAFE,1,lof
Moscow,Russia,2.4,2.4,1,5.15396519809997,ED_VERY_SAFE,1,iso_forest
Nuku`Aloia,Tonga,25.3,28.4,1,4.199999999999996,ED_VERY_SAFE,1,lof
Buenos Aires,Argentina,20.0,20.0,1,0.0,ED_VERY_SAFE,1,lof
Minsk,Belarus,4.2,4.2,1,2.5863285033060563,ED_VERY_SAFE,1,iso_forest
Beijing,China,19.7,19.7,6,50.0,ED_CAUTION,1,iso_forest
San Salvador,El Salvador,20.7,20.7,1,0.0,ED_VERY_SAFE,1,lof
Suva,Fiji Islands,26.3,30.1,1,9.300000000000004,ED_VERY_SAFE,1,lof
Paris,France,11.2,11.2,3,18.0,ED_MODERATE_SAFE,1,lof
National,Bolivia,21.4,21.4,2,8.0,ED_VERY_SAFE,1,lof
Pretoria,South Africa,30.0,30.0,2,29.0,ED_MODERATE_SAFE,1,lof
Aurora,Paraguay,22.5,24.8,1,0.0,ED_VERY_SAFE,1,lof
Moscow,Russia,0.2,0.2,2,16.180566136006938,ED_MODERATE_SAFE,1,iso_forest
Baku,Azerbaijan,17.1,17.1,2,9.5,ED_VERY_SAFE,1,lof
Mbabane,Swaziland,33.3,33.3,2,37.16666666666666,ED_CAUTION,1,lof
Vestmannaeyjar,Iceland,7.3,7.3,1,0.0,ED_VERY_SAFE,1,iso_forest
Baghdad,Iraq,27.1,27.8,4,37.7,ED_CAUTION,1,lof
Tokyo,Japan,19.7,19.7,3,18.0,ED_MODERATE_SAFE,1,lof
Ulaanbaatar,Mongolia,-12.1,-12.1,1,16.75,ED_MODERATE_SAFE,1,iso_forest
National,Bolivia,22.3,24.9,2,8.0,ED_VERY_SAFE,1,lof
Dakar,Senegal,28.2,32.3,2,23.499999999999993,ED_MODERATE_SAFE,1,lof
Jakarta,Indonesia,34.1,39.2,4,77.625,ED_VERY_DANGEROUS,1,iso_forest
Saint George's,Grenada,28.2,32.7,2,24.16666666666667,ED_MODERATE_SAFE,1,lof
Pyongyang,North Korea,14.6,14.6,3,18.0,ED_MODERATE_SAFE,1,lof
New Delhi,India,34.7,34.7,5,78.6625,ED_VERY_DANGEROUS,1,iso_forest
Tokyo,Japan,17.3,17.3,1,0.0,ED_VERY_SAFE,1,lof
Ulaanbaatar,Mongolia,-6.7,-6.7,1,18.74145515908639,ED_MODERATE_SAFE,1,iso_forest
Windhoek,Namibia,25.2,25.2,1,11.4,ED_VERY_SAFE,1,lof
Skopje,Macedonia,16.2,16.2,1,0.8999999999999995,ED_VERY_SAFE,1,lof
National,Bolivia,21.9,21.9,4,32.0,ED_MODERATE_SAFE,1,lof
Aurora,Paraguay,20.0,20.0,2,8.0,ED_VERY_SAFE,1,lof
Khartoum,Sudan,35.1,35.1,4,71.29166666666667,ED_DANGEROUS,1,iso_forest
Nuku`Aloia,Tonga,23.4,25.4,1,0.0,ED_VERY_SAFE,1,lof
Washington Harbor,United States of America,9.5,9.5,1,0.0,ED_VERY_SAFE,1,lof
Gaborone,Botswana,21.1,21.1,1,10.4,ED_VERY_SAFE,1,lof
Tokyo,Japan,19.1,19.1,2,8.0,ED_VERY_SAFE,1,lof
Phnom Penh,Cambodia,32.2,38.5,2,33.833333333333336,ED_MODERATE_SAFE,1,hot_but_safe
Kuwait City,Kuwait,28.1,28.1,5,54.60000000000001,ED_CAUTION,1,iso_forest
Chi Chi Khvar,Iran,13.4,13.4,1,4.7,ED_VERY_SAFE,1,lof
Ulaanbaatar,Mongolia,-10.4,-10.4,1,18.98048150767353,ED_MODERATE_SAFE,1,iso_forest
Windhoek,Namibia,26.0,26.0,1,11.6,ED_VERY_SAFE,1,lof
Airai,Palau,28.2,33.0,2,24.666666666666668,ED_MODERATE_SAFE,1,lof
National,Bolivia,23.2,25.2,4,32.0,ED_MODERATE_SAFE,1,lof
Aurora,Paraguay,23.4,25.2,2,8.0,ED_VERY_SAFE,1,lof
Pretoria,South Africa,19.2,19.2,2,18.8,ED_MODERATE_SAFE,1,lof
Khartoum,Sudan,35.7,35.7,4,72.19166666666666,ED_DANGEROUS,1,iso_forest
Paramaribo,Suriname,25.1,28.5,1,4.5,ED_VERY_SAFE,1,lof
Beijing,China,10.3,10.3,4,32.0,ED_MODERATE_SAFE,1,iso_forest
Belmopan,Belize,22.5,25.1,1,0.0,ED_VERY_SAFE,1,lof
Sofia,Bulgaria,16.6,16.6,3,19.8,ED_MODERATE_SAFE,1,lof
Vatican City,Vatican City,17.4,17.4,1,0.0,ED_VERY_SAFE,1,lof
Lima,Peru,15.2,15.2,2,8.0,ED_VERY_SAFE,1,lof
Moscow,Russia,6.1,6.1,4,32.0,ED_MODERATE_SAFE,1,iso_forest
Khartoum,Sudan,35.5,35.5,4,70.85833333333333,ED_DANGEROUS,1,iso_forest
Nuku`Aloia,Tonga,20.3,20.3,2,8.0,ED_VERY_SAFE,1,lof
Hanoi,Vietnam,32.3,38.2,2,33.33333333333334,ED_MODERATE_SAFE,1,hot_but_safe
Nassau,Bahamas,27.2,31.0,2,20.0,ED_MODERATE_SAFE,1,lof
Gaborone,Botswana,32.4,32.4,1,27.566666666666663,ED_MODERATE_SAFE,1,lof
Santiago,Chile,12.2,12.7,4,32.0,ED_MODERATE_SAFE,1,lof
Beijing,China,11.2,11.2,2,8.0,ED_VERY_SAFE,1,lof
Suva,Fiji Islands,22.2,24.6,1,0.0,ED_VERY_SAFE,1,lof
Vestmannaeyjar,Iceland,5.3,5.3,1,1.2591099951958196,ED_VERY_SAFE,1,iso_forest
Nassau,Bahamas,26.3,28.4,2,12.199999999999996,ED_VERY_SAFE,1,lof
New Delhi,India,35.2,35.2,5,76.39583333333334,ED_VERY_DANGEROUS,1,iso_forest
Rome,Italy,17.4,17.4,1,0.0,ED_VERY_SAFE,1,lof
Nairobi,Kenya,20.3,20.3,2,20.0,ED_MODERATE_SAFE,1,lof
Chi Chi Khvar,Iran,18.4,18.5,2,12.6,ED_VERY_SAFE,1,lof
Windhoek,Namibia,26.1,26.1,1,11.2,ED_VERY_SAFE,1,lof
Kathmandu,Nepal,19.6,19.6,3,18.0,ED_MODERATE_SAFE,1,lof
Managua,Nicaragua,23.3,25.8,1,0.0,ED_VERY_SAFE,1,lof
Lisbon,Portugal,18.0,18.0,2,8.0,ED_VERY_SAFE,1,lof
Khartoum,Sudan,35.0,35.0,4,70.925,ED_DANGEROUS,1,iso_forest
Nuku`Aloia,Tonga,23.2,25.2,1,0.0,ED_VERY_SAFE,1,lof
Tirana,Albania,22.8,24.2,2,9.2,ED_VERY_SAFE,1,lof
Addis Ababa,Ethiopia,19.2,19.2,2,20.0,ED_MODERATE_SAFE,1,lof
Copenhagen,Denmark,11.1,11.1,3,22.0,ED_MODERATE_SAFE,1,lof
Saint George's,Grenada,28.4,33.4,2,25.333333333333332,ED_MODERATE_SAFE,1,lof
Windhoek,Namibia,30.1,30.1,1,20.700000000000003,ED_MODERATE_SAFE,1,iso_forest
Aurora,Paraguay,25.5,26.4,1,0.0,ED_VERY_SAFE,1,lof
Castries,Saint Lucia,29.1,35.7,2,29.16666666666667,ED_MODERATE_SAFE,1,lof
Freetown,Sierra Leone,23.0,25.3,1,0.0,ED_VERY_SAFE,1,lof
Juba,Sudan,31.1,31.1,4,53.300000000000004,ED_CAUTION,1,iso_forest
Tunis,Tunisia,24.3,25.8,2,8.600000000000001,ED_VERY_SAFE,1,lof
Montevideo,Uruguay,20.3,20.3,1,0.0,ED_VERY_SAFE,1,lof
Nassau,Bahamas,25.1,26.7,1,0.0,ED_VERY_SAFE,1,lof
Dhaka,Bangladesh,25.2,27.7,2,10.099999999999998,ED_VERY_SAFE,1,lof
Beijing,China,19.6,19.6,5,45.0,ED_CAUTION,1,iso_forest
Vestmannaeyjar,Iceland,6.4,6.4,1,0.0,ED_VERY_SAFE,1,iso_forest
Cairo,Egypt,26.2,26.2,2,12.7,ED_VERY_SAFE,1,lof
Tokyo,Japan,21.1,21.1,2,8.0,ED_VERY_SAFE,1,lof
Rabat,Morocco,22.3,24.7,2,8.0,ED_VERY_SAFE,1,lof
Windhoek,Namibia,31.1,31.1,1,24.000000000000004,ED_MODERATE_SAFE,1,iso_forest
Khartoum,Sudan,31.4,31.4,4,54.89999999999999,ED_CAUTION,1,iso_forest
Tunis,Tunisia,26.0,27.1,2,8.300000000000004,ED_VERY_SAFE,1,lof
Funafuti,Tuvalu,30.4,37.4,2,32.0,ED_MODERATE_SAFE,1,lof
Saint John's,Antigua and Barbuda,27.3,29.8,2,16.400000000000002,ED_MODERATE_SAFE,1,lof
Nassau,Bahamas,26.0,28.1,2,11.300000000000004,ED_VERY_SAFE,1,lof
Bridgetown,Barbados,28.4,33.0,2,24.666666666666668,ED_MODERATE_SAFE,1,lof
Havana,Cuba,24.6,26.6,1,0.0,ED_VERY_SAFE,1,lof
Port Louis,Mauritius,25.1,26.5,2,20.0,ED_MODERATE_SAFE,1,lof
Dhaka,Bangladesh,25.2,27.3,2,8.900000000000002,ED_VERY_SAFE,1,lof
Port Royal,Jamaica,28.1,35.7,1,21.16666666666667,ED_MODERATE_SAFE,1,lof
Paris,France,13.2,13.2,4,32.0,ED_MODERATE_SAFE,1,lof
Tokyo,Japan,22.1,24.6,2,8.0,ED_VERY_SAFE,1,lof
Valletta,Malta,24.2,26.0,1,0.0,ED_VERY_SAFE,1,lof
Ulaanbaatar,Mongolia,-0.8,-0.8,2,9.200000000000001,ED_VERY_SAFE,1,lof
Yangon,Myanmar,25.1,28.4,1,4.199999999999996,ED_VERY_SAFE,1,lof
Airai,Palau,29.2,34.8,2,27.666666666666664,ED_MODERATE_SAFE,1,lof
Manila,Philippines,30.1,36.8,2,30.999999999999996,ED_MODERATE_SAFE,1,lof
San Marino,San Marino,18.1,18.1,1,0.0,ED_VERY_SAFE,1,lof
Seoul,South Korea,16.4,16.4,2,8.0,ED_VERY_SAFE,1,lof
Khartoum,Sudan,36.9,37.3,4,74.55833333333332,ED_DANGEROUS,1,iso_forest
Zagreb,Croatia,17.7,17.7,3,18.0,ED_MODERATE_SAFE,1,lof
Vatican City,Vatican City,20.3,20.3,1,0.0,ED_VERY_SAFE,1,lof
Vienna,Austria,12.4,12.4,2,8.0,ED_VERY_SAFE,1,lof
Vestmannaeyjar,Iceland,6.0,6.0,1,0.0,ED_VERY_SAFE,1,iso_forest
New Delhi,India,35.2,35.2,5,79.69583333333334,ED_VERY_DANGEROUS,1,iso_forest
Rome,Italy,20.3,20.3,1,0.0,ED_VERY_SAFE,1,lof
Port Louis,Mauritius,23.9,25.6,1,12.0,ED_VERY_SAFE,1,lof
Chi Chi Khvar,Iran,0.5,0.5,1,3.854282518015031,ED_VERY_SAFE,1,lof
Windhoek,Namibia,30.1,30.1,1,20.600000000000005,ED_MODERATE_SAFE,1,lof
Aurora,Paraguay,25.6,26.7,2,8.0,ED_VERY_SAFE,1,lof
San Marino,San Marino,19.3,19.3,1,0.0,ED_VERY_SAFE,1,lof
Riyadh,Saudi Arabia,34.5,34.5,4,66.84166666666667,ED_DANGEROUS,1,iso_forest
Freetown,Sierra Leone,26.1,28.5,1,4.5,ED_VERY_SAFE,1,lof
New Delhi,India,32.9,32.9,5,74.9625,ED_DANGEROUS,1,iso_forest
Astana,Kazakhstan,4.6,4.6,1,2.6514485573982114,ED_VERY_SAFE,1,iso_forest
Nairobi,Kenya,22.1,24.4,1,12.0,ED_VERY_SAFE,1,lof
Manila,Philippines,28.1,33.5,3,35.5,ED_CAUTION,1,lof
Bras,Brazil,23.0,25.5,5,45.0,ED_CAUTION,1,lof
Beijing,China,10.0,10.0,4,32.0,ED_MODERATE_SAFE,1,iso_forest
San Salvador,El Salvador,19.6,19.6,1,0.0,ED_VERY_SAFE,1,lof
Tallinn,Estonia,6.1,6.1,1,0.0,ED_VERY_SAFE,1,iso_forest
Helsinki,Finland,5.0,5.0,1,0.48398594778597825,ED_VERY_SAFE,1,iso_forest
Jakarta,Indonesia,33.0,38.3,5,82.1625,ED_VERY_DANGEROUS,1,iso_forest
Chi Chi Khvar,Iran,9.8,9.8,3,21.5,ED_MODERATE_SAFE,1,lof
Ulaanbaatar,Mongolia,-9.6,-9.6,1,19.100886540459058,ED_MODERATE_SAFE,1,iso_forest
National,Bolivia,22.2,24.8,2,8.0,ED_VERY_SAFE,1,lof
Panama City,Panama,23.6,25.9,1,0.0,ED_VERY_SAFE,1,lof
Lisbon,Portugal,14.3,14.3,2,8.0,ED_VERY_SAFE,1,lof
Kampala,Uganda,20.8,20.8,3,18.3,ED_MODERATE_SAFE,1,lof
Stockholm,Sweden,6.4,6.4,1,0.0,ED_VERY_SAFE,1,lof
Dhaka,Bangladesh,29.7,29.7,6,61.89999999999999,ED_DANGEROUS,1,iso_forest
Bras,Brazil,26.3,27.8,5,47.400000000000006,ED_CAUTION,1,lof
Bandar Seri Begawan,Brunei Darussalam,32.3,39.4,1,28.23333333333333,ED_MODERATE_SAFE,1,hot_but_safe
Ivory,Madagascar,35.5,35.6,1,33.0,ED_MODERATE_SAFE,1,lof
Beijing,China,7.2,7.2,6,50.0,ED_CAUTION,1,iso_forest
Copenhagen,Denmark,5.2,5.2,1,0.08782716369442412,ED_VERY_SAFE,1,iso_forest
San Salvador,El Salvador,19.5,19.5,1,0.0,ED_VERY_SAFE,1,lof
Tallinn,Estonia,2.1,2.1,1,3.3030555456292916,ED_VERY_SAFE,1,iso_forest
Helsinki,Finland,1.3,1.3,1,3.8582556575282325,ED_VERY_SAFE,1,iso_forest
Nassau,Bahamas,24.2,25.8,1,0.0,ED_VERY_SAFE,1,lof
Nuku`Aloia,Tonga,23.2,25.2,1,0.0,ED_VERY_SAFE,1,lof
Ulaanbaatar,Mongolia,-9.9,-9.9,1,14.850000000000001,ED_VERY_SAFE,1,iso_forest
Helsinki,Finland,9.4,9.4,1,0.0,ED_VERY_SAFE,1,iso_forest
Ulaanbaatar,Mongolia,-12.9,-12.9,1,17.416666666666664,ED_MODERATE_SAFE,1,iso_forest
Riyadh,Saudi Arabia,25.1,25.1,5,50.8,ED_CAUTION,1,iso_forest
Ljubljana,Slovenia,4.0,4.0,4,32.0,ED_MODERATE_SAFE,1,iso_forest
Tunis,Tunisia,17.3,17.3,3,18.0,ED_MODERATE_SAFE,1,lof
Buenos Aires,Argentina,22.1,24.6,1,0.0,ED_VERY_SAFE,1,lof
Nassau,Bahamas,23.2,25.2,1,0.0,ED_VERY_SAFE,1,lof
Belmopan,Belize,21.8,21.8,1,0.0,ED_VERY_SAFE,1,lof
Bras,Brazil,23.1,25.6,4,32.0,ED_MODERATE_SAFE,1,lof
Beijing,China,12.4,12.4,4,32.0,ED_MODERATE_SAFE,1,iso_forest
Tallinn,Estonia,9.2,9.2,1,0.0,ED_VERY_SAFE,1,iso_forest
Vestmannaeyjar,Iceland,1.9,1.9,1,7.714470542923081,ED_VERY_SAFE,1,iso_forest
Seoul,South Korea,16.4,16.4,3,18.0,ED_MODERATE_SAFE,1,lof
Jakarta,Indonesia,30.1,32.9,6,81.5,ED_VERY_DANGEROUS,1,iso_forest
Port Royal,Jamaica,24.2,27.0,2,8.0,ED_VERY_SAFE,1,lof
Ulaanbaatar,Mongolia,-12.2,-12.2,1,16.833333333333332,ED_MODERATE_SAFE,1,iso_forest
Managua,Nicaragua,23.2,25.6,1,0.0,ED_VERY_SAFE,1,lof
Oslo,Norway,6.0,6.0,1,0.0,ED_VERY_SAFE,1,lof
Panama City,Panama,23.9,26.3,1,0.0,ED_VERY_SAFE,1,lof
Port Moresby,Papua New Guinea,30.1,38.1,1,25.16666666666667,ED_MODERATE_SAFE,1,hot_but_safe
Riyadh,Saudi Arabia,27.1,27.1,5,50.800000000000004,ED_CAUTION,1,iso_forest
Belgrade,Serbia,4.2,4.2,4,32.0,ED_MODERATE_SAFE,1,iso_forest
Singapore,Singapore,26.1,27.9,2,11.299999999999997,ED_VERY_SAFE,1,lof
Georgetown,Guyana,25.4,28.5,1,4.5,ED_VERY_SAFE,1,lof
Pyongyang,North Korea,2.7,2.7,1,1.1763069057715523,ED_VERY_SAFE,1,iso_forest
National,Bolivia,21.6,21.6,2,8.0,ED_VERY_SAFE,1,lof
Belgrade,Serbia,16.1,16.1,1,0.0,ED_VERY_SAFE,1,lof
Vestmannaeyjar,Iceland,-4.8,-4.8,1,17.938757002743273,ED_MODERATE_SAFE,1,iso_forest
Jakarta,Indonesia,32.3,36.6,5,82.52916666666667,ED_VERY_DANGEROUS,1,iso_forest
Riga,Latvia,6.4,6.4,1,0.0,ED_VERY_SAFE,1,iso_forest
Vilnius,Lithuania,7.2,7.2,1,0.0,ED_VERY_SAFE,1,iso_forest
Ulaanbaatar,Mongolia,-7.6,-7.6,1,11.399999999999999,ED_VERY_SAFE,1,iso_forest
Rabat,Morocco,16.2,16.2,2,8.0,ED_VERY_SAFE,1,lof
Yangon,Myanmar,33.3,38.3,2,33.8,ED_MODERATE_SAFE,1,hot_but_safe
National,Bolivia,22.0,24.6,2,8.0,ED_VERY_SAFE,1,lof
Bucharest,Romania,7.2,7.2,4,32.0,ED_MODERATE_SAFE,1,lof
Riyadh,Saudi Arabia,28.2,28.2,5,53.8,ED_CAUTION,1,iso_forest
Ljubljana,Slovenia,10.2,10.2,2,8.0,ED_VERY_SAFE,1,lof
Beijing,China,14.3,14.5,5,45.0,ED_CAUTION,1,iso_forest
Juba,Sudan,22.8,22.8,3,23.1,ED_MODERATE_SAFE,1,iso_forest
Stockholm,Sweden,1.2,1.2,1,6.655260055527526,ED_VERY_SAFE,1,iso_forest
Kampala,Uganda,22.2,24.6,4,42.3,ED_CAUTION,1,lof
Nassau,Bahamas,25.1,27.2,1,0.5999999999999979,ED_VERY_SAFE,1,lof
Minsk,Belarus,1.3,1.3,2,13.274919848653816,ED_VERY_SAFE,1,iso_forest
Beijing,China,13.1,13.1,5,45.0,ED_CAUTION,1,iso_forest
Bogot,Bulgaria,5.2,5.2,1,0.5535340803632991,ED_VERY_SAFE,1,iso_forest
Copenhagen,Denmark,0.3,0.3,1,7.163004404899007,ED_VERY_SAFE,1,iso_forest
Tallinn,Estonia,1.2,1.2,1,7.709763077416067,ED_VERY_SAFE,1,iso_forest
Helsinki,Finland,1.2,1.2,1,9.096705000910125,ED_VERY_SAFE,1,iso_forest
Tallinn,Estonia,0.1,0.1,1,11.432060625907251,ED_VERY_SAFE,1,iso_forest
Minsk,Belarus,7.3,7.3,1,0.0,ED_VERY_SAFE,1,iso_forest
Aurora,Paraguay,23.0,25.5,1,0.0,ED_VERY_SAFE,1,lof
Vestmannaeyjar,Iceland,-3.6,-3.6,1,15.925704405160502,ED_MODERATE_SAFE,1,iso_forest
Bucharest,Romania,6.3,6.3,4,32.0,ED_MODERATE_SAFE,1,lof
Seoul,South Korea,5.2,5.2,1,0.0,ED_VERY_SAFE,1,lof
Juba,Sudan,26.1,26.1,4,37.0,ED_CAUTION,1,iso_forest
Nuku`Aloia,Tonga,25.3,28.0,2,11.0,ED_VERY_SAFE,1,lof
Ankara,Turkey,11.4,11.8,4,32.0,ED_MODERATE_SAFE,1,lof
Brussels,Belgium,11.3,11.3,1,0.0,ED_VERY_SAFE,1,iso_forest
Phnom Penh,Cambodia,33.4,39.0,1,29.76666666666667,ED_MODERATE_SAFE,1,hot_but_safe
Beijing,China,9.1,9.1,6,50.0,ED_CAUTION,1,iso_forest
Helsinki,Finland,-1.8,-1.8,1,5.447161641836832,ED_VERY_SAFE,1,iso_forest
Budapest,Hungary,3.0,3.0,4,32.0,ED_MODERATE_SAFE,1,iso_forest
Jakarta,Indonesia,31.3,34.8,5,75.72916666666666,ED_VERY_DANGEROUS,1,iso_forest
London,United Kingdom,1.1,1.1,1,4.017191304935833,ED_VERY_SAFE,1,iso_forest
Luxembourg,Luxembourg,9.2,9.2,1,0.0,ED_VERY_SAFE,1,iso_forest
Kuala Lumpur,Malaysia,25.4,27.4,3,22.899999999999995,ED_MODERATE_SAFE,1,lof
Dhidhdhoo,Maldives,24.6,26.9,1,0.0,ED_VERY_SAFE,1,lof
Ulaanbaatar,Mongolia,-8.6,-8.6,1,12.899999999999999,ED_VERY_SAFE,1,iso_forest
Pyongyang,North Korea,4.0,4.0,3,18.0,ED_MODERATE_SAFE,1,iso_forest
'S Gravenjansdijk,Belgium,10.0,10.0,1,0.0,ED_VERY_SAFE,1,iso_forest
Riyadh,Saudi Arabia,30.2,30.2,6,65.1,ED_DANGEROUS,1,iso_forest
Singapore,Singapore,26.3,29.1,1,7.200000000000004,ED_VERY_SAFE,1,lof
Stockholm,Sweden,-1.0,-1.0,1,1.5,ED_VERY_SAFE,1,iso_forest
Nuku`Aloia,Tonga,25.2,28.0,2,11.0,ED_VERY_SAFE,1,lof
Valletta,Malta,20.3,20.3,1,0.0,ED_VERY_SAFE,1,lof
Maseru,Lesotho,23.5,24.8,3,30.0,ED_MODERATE_SAFE,1,lof
Nairobi,Kenya,19.2,19.2,1,12.0,ED_VERY_SAFE,1,lof
Astana,Kazakhstan,-2.9,-2.9,1,15.499058691278146,ED_MODERATE_SAFE,1,iso_forest
Amsterdam,Netherlands,4.1,4.1,4,32.0,ED_MODERATE_SAFE,1,iso_forest
Warsaw,Poland,4.3,4.3,4,32.0,ED_MODERATE_SAFE,1,iso_forest
Bucharest,Romania,11.1,11.5,4,32.0,ED_MODERATE_SAFE,1,iso_forest
Belgrade,Serbia,11.5,11.5,4,32.0,ED_MODERATE_SAFE,1,iso_forest
Bridgetown,Barbados,26.1,28.6,1,4.800000000000004,ED_VERY_SAFE,1,lof
Bras,Brazil,26.2,27.6,2,9.800000000000004,ED_VERY_SAFE,1,lof
Beijing,China,16.3,16.3,6,50.0,ED_CAUTION,1,iso_forest
Bogot,Bulgaria,10.4,10.4,3,18.0,ED_MODERATE_SAFE,1,lof
Vestmannaeyjar,Iceland,8.4,8.4,1,0.0,ED_VERY_SAFE,1,iso_forest
Tokyo,Japan,16.8,16.8,3,18.0,ED_MODERATE_SAFE,1,lof
Ulaanbaatar,Mongolia,-5.5,-5.5,1,8.25,ED_VERY_SAFE,1,iso_forest
Budapest,Hungary,9.4,9.4,4,32.0,ED_MODERATE_SAFE,1,iso_forest
Rabat,Morocco,22.4,24.7,3,18.0,ED_MODERATE_SAFE,1,lof
Managua,Nicaragua,22.9,25.4,2,8.0,ED_VERY_SAFE,1,lof
Belgrade,Serbia,10.2,10.6,4,32.0,ED_MODERATE_SAFE,1,iso_forest
Vienna,Austria,5.5,5.5,4,32.0,ED_MODERATE_SAFE,1,iso_forest
Bangui,Central African Republic,22.1,24.6,2,11.1,ED_VERY_SAFE,1,lof
Beijing,China,17.0,17.0,6,50.0,ED_CAUTION,1,iso_forest
Helsinki,Finland,2.2,2.2,2,8.0,ED_VERY_SAFE,1,lof
Maseru,Lesotho,23.2,24.7,1,10.2,ED_VERY_SAFE,1,lof
Majuro,Marshall Islands,29.0,32.7,1,16.16666666666667,ED_MODERATE_SAFE,1,lof
Bratislava,Slovakia,7.4,7.4,4,32.0,ED_MODERATE_SAFE,1,iso_forest
Jakarta,Indonesia,33.0,37.4,5,80.0625,ED_VERY_DANGEROUS,1,iso_forest
Georgetown,Guyana,26.3,30.1,2,17.300000000000004,ED_MODERATE_SAFE,1,lof
Astana,Kazakhstan,-1.7,-1.7,1,12.04393213903842,ED_VERY_SAFE,1,iso_forest
Kuwait City,Kuwait,27.1,27.1,4,37.300000000000004,ED_CAUTION,1,lof
Seoul,South Korea,10.4,10.4,3,18.0,ED_MODERATE_SAFE,1,lof
Gaborone,Botswana,28.4,28.4,1,15.899999999999995,ED_MODERATE_SAFE,1,lof
Beijing,China,14.2,14.9,6,50.0,ED_CAUTION,1,iso_forest
Bogot,Bulgaria,11.0,11.0,2,8.0,ED_VERY_SAFE,1,lof
Zagreb,Croatia,9.0,9.0,4,32.0,ED_MODERATE_SAFE,1,iso_forest
Prague,Czech Republic,5.0,5.0,4,32.0,ED_MODERATE_SAFE,1,iso_forest
Budapest,Hungary,9.5,9.5,4,32.0,ED_MODERATE_SAFE,1,iso_forest
Vestmannaeyjar,Iceland,10.4,10.4,1,0.0,ED_VERY_SAFE,1,iso_forest
New Delhi,India,31.1,31.1,5,59.400000000000006,ED_DANGEROUS,1,lof
Astana,Kazakhstan,-2.7,-2.7,1,16.340013851566752,ED_MODERATE_SAFE,1,iso_forest
Amsterdam,Netherlands,8.1,8.1,4,32.0,ED_MODERATE_SAFE,1,lof
Libreville,Gabon,26.2,29.1,1,10.200000000000005,ED_VERY_SAFE,1,lof
Warsaw,Poland,7.0,7.0,4,32.0,ED_MODERATE_SAFE,1,iso_forest
Lisbon,Portugal,15.1,15.1,3,18.0,ED_MODERATE_SAFE,1,lof
Bucharest,Romania,10.0,10.3,4,32.0,ED_MODERATE_SAFE,1,iso_forest
'S Gravenjansdijk,Belgium,8.1,8.1,4,32.0,ED_MODERATE_SAFE,1,lof
Victoria,Seychelles Islands,27.1,29.4,1,19.199999999999996,ED_MODERATE_SAFE,1,lof
Ljubljana,Slovenia,8.2,8.2,4,32.0,ED_MODERATE_SAFE,1,iso_forest
Tunis,Tunisia,22.2,24.6,2,8.0,ED_VERY_SAFE,1,lof
Hanoi,Vietnam,29.0,29.0,4,38.0,ED_CAUTION,1,lof
Vienna,Austria,6.4,6.4,4,32.0,ED_MODERATE_SAFE,1,lof
Beijing,China,14.1,14.8,6,50.0,ED_CAUTION,1,iso_forest
Tunis,Tunisia,20.1,20.1,3,18.0,ED_MODERATE_SAFE,1,lof
Vienna,Austria,4.2,4.2,4,32.0,ED_MODERATE_SAFE,1,iso_forest
Brussels,Belgium,10.0,10.0,3,18.0,ED_MODERATE_SAFE,1,lof
Astana,Kazakhstan,-2.9,-2.9,1,15.056978750947595,ED_MODERATE_SAFE,1,iso_forest
Panama City,Panama,24.3,26.8,1,0.0,ED_VERY_SAFE,1,lof
Warsaw,Poland,1.0,1.0,4,33.194196787561296,ED_MODERATE_SAFE,1,iso_forest
Moscow,Russia,0.2,0.2,4,36.49457764727626,ED_CAUTION,1,iso_forest
Riyadh,Saudi Arabia,31.4,31.4,4,51.8,ED_CAUTION,1,lof
Funafuti,Tuvalu,29.4,34.7,1,19.500000000000007,ED_MODERATE_SAFE,1,lof
Nassau,Bahamas,25.2,26.9,1,0.0,ED_VERY_SAFE,1,lof
Beijing,China,13.1,13.7,6,50.0,ED_CAUTION,1,lof
Budapest,Hungary,3.1,3.1,4,32.0,ED_MODERATE_SAFE,1,iso_forest
Jakarta,Indonesia,32.4,36.0,5,77.72916666666667,ED_VERY_DANGEROUS,1,iso_forest
Dublin,Ireland,12.3,12.3,1,0.0,ED_VERY_SAFE,1,lof
Ulaanbaatar,Mongolia,-3.8,-3.8,2,13.7,ED_VERY_SAFE,1,lof
Ivory,Madagascar,37.4,37.6,1,36.333333333333336,ED_CAUTION,1,iso_forest
Windhoek,Namibia,30.0,30.0,1,21.0,ED_MODERATE_SAFE,1,iso_forest
Managua,Nicaragua,22.0,22.0,1,0.0,ED_VERY_SAFE,1,lof
National,Bolivia,18.2,18.2,2,8.0,ED_VERY_SAFE,1,lof
Manila,Philippines,30.4,38.1,2,33.16666666666667,ED_MODERATE_SAFE,1,hot_but_safe
Warsaw,Poland,2.2,2.2,4,34.00553203234222,ED_MODERATE_SAFE,1,iso_forest
Bras,Brazil,23.2,25.7,2,8.0,ED_VERY_SAFE,1,lof
Bandar Seri Begawan,Brunei Darussalam,31.1,41.2,1,30.230769230769234,ED_MODERATE_SAFE,1,hot_but_safe
Beijing,China,13.1,13.7,6,50.0,ED_CAUTION,1,lof
Port-Au-Prince,Haiti,24.3,27.3,2,8.900000000000002,ED_VERY_SAFE,1,lof
Jakarta,Indonesia,32.1,37.1,6,85.5,ED_VERY_DANGEROUS,1,iso_forest
Windhoek,Namibia,27.1,27.1,1,12.300000000000004,ED_VERY_SAFE,1,iso_forest
Maseru,Lesotho,20.3,20.3,1,12.0,ED_VERY_SAFE,1,lof
Astana,Kazakhstan,-6.8,-6.8,1,19.069369476860302,ED_MODERATE_SAFE,1,iso_forest
New Delhi,India,30.9,30.9,6,63.199999999999996,ED_DANGEROUS,1,iso_forest
Prague,Czech Republic,4.3,4.3,4,32.0,ED_MODERATE_SAFE,1,iso_forest
Budapest,Hungary,6.8,6.8,4,32.0,ED_MODERATE_SAFE,1,iso_forest
Moscow,Russia,2.4,2.4,4,32.0,ED_MODERATE_SAFE,1,iso_forest
Bratislava,Slovakia,5.0,5.0,4,32.0,ED_MODERATE_SAFE,1,iso_forest
Juba,Sudan,28.3,28.3,4,44.45,ED_CAUTION,1,iso_forest
Belmopan,Belize,21.3,21.3,1,0.0,ED_VERY_SAFE,1,lof
Ivory,Madagascar,36.5,37.8,3,54.666666666666664,ED_CAUTION,1,lof
Prague,Czech Republic,0.0,0.0,3,18.0,ED_MODERATE_SAFE,1,iso_forest
Vestmannaeyjar,Iceland,11.0,11.0,1,0.0,ED_VERY_SAFE,1,iso_forest
Astana,Kazakhstan,-10.9,-10.9,1,21.796723956240413,ED_MODERATE_SAFE,1,iso_forest
Maseru,Lesotho,21.4,21.5,1,12.0,ED_VERY_SAFE,1,lof
Nan,Thailand,32.3,38.1,2,33.16666666666667,ED_MODERATE_SAFE,1,hot_but_safe
National,Bolivia,21.8,21.8,2,8.0,ED_VERY_SAFE,1,lof
Dakar,Senegal,26.1,27.5,2,9.5,ED_VERY_SAFE,1,lof
Victoria,Seychelles Islands,27.3,30.4,1,22.199999999999996,ED_MODERATE_SAFE,1,lof
Ljubljana,Slovenia,3.2,3.2,4,32.0,ED_MODERATE_SAFE,1,iso_forest
Juba,Sudan,28.6,28.6,3,31.500000000000004,ED_MODERATE_SAFE,1,iso_forest
London,United Kingdom,8.3,8.3,2,8.0,ED_VERY_SAFE,1,lof
Beijing,China,10.3,10.6,5,45.0,ED_CAUTION,1,iso_forest
Georgetown,Guyana,24.3,26.7,2,8.0,ED_VERY_SAFE,1,lof
Budapest,Hungary,2.2,2.2,4,32.0,ED_MODERATE_SAFE,1,iso_forest
Airai,Palau,28.3,31.4,1,13.199999999999996,ED_VERY_SAFE,1,lof
Yangon,Myanmar,31.3,38.2,2,33.33333333333334,ED_MODERATE_SAFE,1,hot_but_safe
Helsinki,Finland,12.2,12.2,1,5.0,ED_VERY_SAFE,1,lof
Pretoria,South Africa,29.2,29.2,2,23.599999999999998,ED_MODERATE_SAFE,1,lof
Kuwait City,Kuwait,39.7,39.7,5,93.89583333333334,ED_VERY_DANGEROUS,1,iso_forest
Riga,Latvia,17.2,17.2,2,14.0,ED_VERY_SAFE,1,lof
Valletta,Malta,27.1,29.7,1,15.599999999999998,ED_MODERATE_SAFE,1,lof
Palikir,Micronesia,27.3,29.7,1,8.099999999999998,ED_VERY_SAFE,1,lof
Amsterdam,Netherlands,16.1,16.1,2,11.0,ED_VERY_SAFE,1,lof
Wellington,New Zealand,15.2,15.2,1,0.0,ED_VERY_SAFE,1,iso_forest
Lisbon,Portugal,20.0,20.0,1,5.0,ED_VERY_SAFE,1,lof
Doha,Qatar,39.2,42.2,3,59.38461538461539,ED_DANGEROUS,1,iso_forest
Apia,Samoa,25.2,27.2,1,0.5999999999999979,ED_VERY_SAFE,1,lof
Riyadh,Saudi Arabia,37.3,37.3,4,74.45833333333333,ED_DANGEROUS,1,iso_forest
Khartoum,Sudan,37.4,37.4,4,74.625,ED_DANGEROUS,1,iso_forest
Baghdad,Iraq,38.3,38.3,2,43.5,ED_CAUTION,1,iso_forest
Stockholm,Sweden,15.1,15.1,1,5.0,ED_VERY_SAFE,1,lof
Bern,Switzerland,15.2,15.2,1,3.0,ED_VERY_SAFE,1,lof
Abu Dhabi,United Arab Emirates,38.4,40.4,4,78.625,ED_VERY_DANGEROUS,1,iso_forest
London,United Kingdom,17.3,17.3,1,4.0,ED_VERY_SAFE,1,lof
Kabul,Afghanistan,28.0,28.0,2,18.5,ED_MODERATE_SAFE,1,lof
Nassau,Bahamas,28.1,34.1,1,18.500000000000004,ED_MODERATE_SAFE,1,lof
Manama,Bahrain,35.4,46.5,4,85.97115384615384,ED_VERY_DANGEROUS,1,iso_forest
Gaborone,Botswana,31.1,31.1,1,22.300000000000004,ED_MODERATE_SAFE,1,lof
Havana,Cuba,26.4,30.8,1,11.400000000000002,ED_VERY_SAFE,1,lof
Tokyo,Japan,24.0,26.1,2,8.0,ED_VERY_SAFE,1,lof
Port Royal,Jamaica,29.0,38.6,1,26.000000000000004,ED_MODERATE_SAFE,1,hot_but_safe
Jakarta,Indonesia,30.2,32.4,5,81.72916666666666,ED_VERY_DANGEROUS,1,iso_forest
Nan,Thailand,33.2,49.9,2,54.26923076923077,ED_CAUTION,1,lof
Jakarta,Indonesia,31.4,35.1,5,85.22916666666667,ED_VERY_DANGEROUS,1,iso_forest
Vestmannaeyjar,Iceland,6.3,6.3,1,3.0,ED_VERY_SAFE,1,lof
Kuwait City,Kuwait,41.5,45.2,4,85.47115384615384,ED_VERY_DANGEROUS,1,iso_forest
Lilongwe,Malawi,16.2,16.2,1,9.0,ED_VERY_SAFE,1,lof
Managua,Nicaragua,24.1,26.7,1,0.0,ED_VERY_SAFE,1,lof
Oslo,Norway,9.0,9.1,2,11.0,ED_VERY_SAFE,1,lof
Apia,Samoa,25.3,27.5,1,1.5,ED_VERY_SAFE,1,lof
Abu Dhabi,United Arab Emirates,40.1,42.1,4,80.89423076923077,ED_VERY_DANGEROUS,1,iso_forest
Manama,Bahrain,36.2,38.2,4,74.95833333333334,ED_DANGEROUS,1,iso_forest
Dhaka,Bangladesh,24.8,28.1,1,8.300000000000004,ED_VERY_SAFE,1,lof
Belmopan,Belize,23.2,25.6,1,0.0,ED_VERY_SAFE,1,lof
Kuwait City,Kuwait,40.7,41.5,5,96.63942307692308,ED_VERY_DANGEROUS,1,iso_forest
Georgetown,Guyana,24.3,26.3,2,8.0,ED_VERY_SAFE,1,lof
Oslo,Norway,9.1,9.1,1,3.0,ED_VERY_SAFE,1,lof
Lisbon,Portugal,21.0,21.0,2,13.0,ED_VERY_SAFE,1,lof
Doha,Qatar,41.1,42.7,4,82.58653846153847,ED_VERY_DANGEROUS,1,iso_forest
Riyadh,Saudi Arabia,39.2,39.2,3,55.00000000000001,ED_DANGEROUS,1,iso_forest
Abu Dhabi,United Arab Emirates,39.1,41.1,3,57.11538461538461,ED_DANGEROUS,1,iso_forest
Nassau,Bahamas,29.2,36.2,1,22.000000000000007,ED_MODERATE_SAFE,1,lof
Manama,Bahrain,35.1,44.8,4,84.00961538461539,ED_VERY_DANGEROUS,1,iso_forest
Gaborone,Botswana,34.3,34.3,1,28.83333333333333,ED_MODERATE_SAFE,1,lof
Havana,Cuba,27.1,31.5,1,13.5,ED_VERY_SAFE,1,lof
Bissau,Guinea-Bissau,25.3,28.6,1,9.800000000000004,ED_VERY_SAFE,1,lof
Kuwait City,Kuwait,41.1,41.6,4,81.3173076923077,ED_VERY_DANGEROUS,1,iso_forest
Amsterdam,Netherlands,12.2,12.2,1,3.0,ED_VERY_SAFE,1,iso_forest
Copenhagen,Denmark,16.0,16.0,3,22.0,ED_MODERATE_SAFE,1,lof
Nassau,Bahamas,29.4,35.7,1,21.16666666666667,ED_MODERATE_SAFE,1,lof
Vestmannaeyjar,Iceland,7.1,7.1,1,0.0,ED_VERY_SAFE,1,lof
Tokyo,Japan,23.2,25.1,2,8.0,ED_VERY_SAFE,1,lof
Astana,Kazakhstan,19.1,19.1,2,13.0,ED_VERY_SAFE,1,lof
Kuwait City,Kuwait,43.2,46.1,4,86.50961538461539,ED_VERY_DANGEROUS,1,iso_forest
Luxembourg,Luxembourg,7.4,7.4,2,12.0,ED_VERY_SAFE,1,lof
Managua,Nicaragua,22.3,24.7,1,0.0,ED_VERY_SAFE,1,lof
Lima,Peru,15.5,15.6,2,8.0,ED_VERY_SAFE,1,lof
Riyadh,Saudi Arabia,38.3,38.3,4,76.125,ED_VERY_DANGEROUS,1,iso_forest
Colombo,Sri Lanka,33.2,47.7,3,61.73076923076923,ED_DANGEROUS,1,lof
Abu Dhabi,United Arab Emirates,39.2,41.2,4,79.85576923076923,ED_VERY_DANGEROUS,1,iso_forest
Bras,Brazil,22.0,24.6,2,8.0,ED_VERY_SAFE,1,lof
Havana,Cuba,25.3,28.6,1,4.800000000000004,ED_VERY_SAFE,1,lof
Vestmannaeyjar,Iceland,2.3,2.3,1,5.636705099771845,ED_VERY_SAFE,1,lof
Jakarta,Indonesia,33.1,41.0,5,95.0625,ED_VERY_DANGEROUS,1,iso_forest
Kuwait City,Kuwait,37.6,38.5,4,75.45833333333334,ED_VERY_DANGEROUS,1,iso_forest
Maputo,Mozambique,19.3,19.3,1,6.0,ED_VERY_SAFE,1,lof
Port Moresby,Papua New Guinea,26.0,29.2,1,6.599999999999998,ED_VERY_SAFE,1,lof
Lima,Peru,15.8,15.8,2,8.0,ED_VERY_SAFE,1,lof
Manila,Philippines,28.3,32.9,1,22.499999999999996,ED_MODERATE_SAFE,1,lof
Riyadh,Saudi Arabia,38.3,38.3,4,76.125,ED_VERY_DANGEROUS,1,iso_forest
Dili,Timor-Leste,27.6,30.1,1,18.300000000000004,ED_MODERATE_SAFE,1,lof
Manama,Bahrain,38.3,42.7,4,81.58653846153847,ED_VERY_DANGEROUS,1,iso_forest
Paris,France,9.1,9.1,2,12.0,ED_VERY_SAFE,1,lof
Sarajevo,Bosnia and Herzegovina,11.0,11.0,1,0.0,ED_VERY_SAFE,1,lof
Lima,Peru,15.5,15.5,2,8.0,ED_VERY_SAFE,1,lof
Havana,Cuba,27.1,32.9,1,16.499999999999996,ED_MODERATE_SAFE,1,lof
Doha,Qatar,37.1,40.8,4,80.29166666666666,ED_VERY_DANGEROUS,1,iso_forest
Moscow,Russia,19.1,19.1,3,24.0,ED_MODERATE_SAFE,1,lof
Apia,Samoa,24.2,26.2,1,0.0,ED_VERY_SAFE,1,lof
'S Gravenjansdijk,Belgium,13.3,13.3,1,3.0,ED_VERY_SAFE,1,iso_forest
Riyadh,Saudi Arabia,37.3,37.3,4,74.45833333333333,ED_DANGEROUS,1,iso_forest
Khartoum,Sudan,37.1,38.1,4,75.79166666666667,ED_VERY_DANGEROUS,1,iso_forest
Stockholm,Sweden,12.4,12.9,1,3.0,ED_VERY_SAFE,1,lof
Abu Dhabi,United Arab Emirates,37.1,39.1,4,76.45833333333334,ED_VERY_DANGEROUS,1,iso_forest
London,United Kingdom,8.3,8.3,1,3.0,ED_VERY_SAFE,1,lof
Manama,Bahrain,36.1,42.3,4,81.125,ED_VERY_DANGEROUS,1,iso_forest
Port-Au-Prince,Haiti,22.4,23.6,2,8.0,ED_VERY_SAFE,1,lof
Sanaa,Yemen,25.3,25.3,3,25.5,ED_MODERATE_SAFE,1,lof
Port Royal,Jamaica,29.4,39.6,1,27.66666666666667,ED_MODERATE_SAFE,1,hot_but_safe
Kuwait City,Kuwait,41.1,41.7,4,81.4326923076923,ED_VERY_DANGEROUS,1,iso_forest
Maseru,Lesotho,17.2,17.2,1,9.0,ED_VERY_SAFE,1,lof
Monrovia,Liberia,25.4,28.3,1,8.900000000000002,ED_VERY_SAFE,1,lof
Windhoek,Namibia,28.3,28.3,2,20.900000000000002,ED_MODERATE_SAFE,1,lof
Managua,Nicaragua,23.0,25.3,1,0.0,ED_VERY_SAFE,1,lof
Doha,Qatar,37.2,37.6,4,74.95833333333334,ED_DANGEROUS,1,iso_forest
Apia,Samoa,25.3,27.6,1,1.8000000000000043,ED_VERY_SAFE,1,lof
Riyadh,Saudi Arabia,37.2,37.2,4,74.29166666666667,ED_DANGEROUS,1,iso_forest
Tunis,Tunisia,29.2,31.2,1,18.599999999999998,ED_MODERATE_SAFE,1,lof
Guatemala City,Guatemala,18.3,18.3,2,8.0,ED_VERY_SAFE,1,lof
Manama,Bahrain,37.4,49.3,4,89.20192307692307,ED_VERY_DANGEROUS,1,iso_forest
Valletta,Malta,26.1,28.2,1,3.599999999999998,ED_VERY_SAFE,1,lof
Ottawa,Canada,15.3,15.3,1,0.0,ED_VERY_SAFE,1,lof
Doha,Qatar,38.1,40.0,4,78.95833333333334,ED_VERY_DANGEROUS,1,iso_forest
Moscow,Russia,22.2,24.4,3,24.0,ED_MODERATE_SAFE,1,lof
San Marino,San Marino,15.2,15.2,1,0.0,ED_VERY_SAFE,1,lof
Riyadh,Saudi Arabia,38.1,38.1,4,75.79166666666667,ED_VERY_DANGEROUS,1,iso_forest
Abu Dhabi,United Arab Emirates,39.4,41.4,4,80.08653846153845,ED_VERY_DANGEROUS,1,iso_forest
Montevideo,Uruguay,14.2,14.2,1,6.0,ED_VERY_SAFE,1,lof
Hanoi,Vietnam,31.3,44.4,3,57.92307692307692,ED_DANGEROUS,1,lof
Buenos Aires,Argentina,9.4,9.4,1,5.0,ED_VERY_SAFE,1,lof
Manama,Bahrain,36.3,45.4,4,84.70192307692307,ED_VERY_DANGEROUS,1,iso_forest
Dhaka,Bangladesh,36.8,44.3,4,83.4326923076923,ED_VERY_DANGEROUS,1,iso_forest
Santo Domingo,Dominican Republic,24.2,27.0,2,8.0,ED_VERY_SAFE,1,lof
Wellington,New Zealand,14.1,14.1,1,0.0,ED_VERY_SAFE,1,iso_forest
Cairo,Egypt,38.3,38.3,4,76.125,ED_VERY_DANGEROUS,1,iso_forest
Vestmannaeyjar,Iceland,7.3,7.3,1,0.0,ED_VERY_SAFE,1,lof
Kuwait City,Kuwait,40.2,42.2,4,82.00961538461539,ED_VERY_DANGEROUS,1,iso_forest
Nan,Thailand,27.3,33.6,2,30.666666666666668,ED_MODERATE_SAFE,1,lof
Yangon,Myanmar,29.4,37.4,2,39.5,ED_CAUTION,1,lof
Oslo,Norway,11.2,11.2,2,13.0,ED_VERY_SAFE,1,lof
Aurora,Paraguay,26.6,26.6,4,41.0,ED_CAUTION,1,lof
Doha,Qatar,36.1,37.2,4,74.29166666666667,ED_DANGEROUS,1,iso_forest
Riyadh,Saudi Arabia,38.1,38.1,4,75.79166666666667,ED_VERY_DANGEROUS,1,iso_forest
Bangkok,Thailand,24.1,26.0,3,24.0,ED_MODERATE_SAFE,1,lof
Oslo,Norway,13.1,13.3,3,23.0,ED_MODERATE_SAFE,1,lof
Windhoek,Namibia,28.0,28.0,1,12.0,ED_VERY_SAFE,1,lof
Montevideo,Uruguay,11.2,11.2,2,14.0,ED_VERY_SAFE,1,lof
Stockholm,Sweden,17.2,17.2,1,5.0,ED_VERY_SAFE,1,lof
Vestmannaeyjar,Iceland,10.2,10.2,1,0.0,ED_VERY_SAFE,1,lof
New Delhi,India,24.3,25.9,4,38.0,ED_CAUTION,1,lof
Kuwait City,Kuwait,37.9,38.7,4,76.79166666666667,ED_VERY_DANGEROUS,1,iso_forest
Laos,Indonesia,25.1,26.8,1,9.0,ED_VERY_SAFE,1,lof
Nan,Thailand,26.2,29.5,2,23.0,ED_MODERATE_SAFE,1,lof
Yangon,Myanmar,29.4,37.9,2,38.83333333333333,ED_CAUTION,1,lof
Oslo,Norway,14.4,15.1,2,13.0,ED_VERY_SAFE,1,lof
Doha,Qatar,39.2,42.7,4,82.58653846153847,ED_VERY_DANGEROUS,1,iso_forest
'S Gravenjansdijk,Belgium,17.1,17.1,2,14.0,ED_VERY_SAFE,1,lof
Riyadh,Saudi Arabia,39.1,39.1,3,54.833333333333336,ED_CAUTION,1,iso_forest
Ban Lom,Vietnam,26.9,31.9,1,20.699999999999996,ED_MODERATE_SAFE,1,lof
Yangon,Myanmar,28.2,33.8,2,31.999999999999996,ED_MODERATE_SAFE,1,lof
Abu Dhabi,United Arab Emirates,38.4,48.5,4,88.27884615384616,ED_VERY_DANGEROUS,1,iso_forest
Manama,Bahrain,36.1,44.7,4,83.89423076923077,ED_VERY_DANGEROUS,1,iso_forest
Dhaka,Bangladesh,33.8,41.9,4,79.16346153846153,ED_VERY_DANGEROUS,1,iso_forest
Bangui,Central African Republic,31.2,45.1,1,39.73076923076923,ED_CAUTION,1,lof
Beijing,China,27.3,28.7,5,57.599999999999994,ED_DANGEROUS,1,lof
Port-Au-Prince,Haiti,22.9,24.0,2,8.0,ED_VERY_SAFE,1,lof
Kuwait City,Kuwait,38.7,39.4,4,77.95833333333333,ED_VERY_DANGEROUS,1,iso_forest
Nan,Thailand,33.0,46.3,2,51.61538461538461,ED_CAUTION,1,lof
Kuala Lumpur,Malaysia,33.2,49.8,3,58.153846153846146,ED_DANGEROUS,1,lof
Chi Chi Khvar,Iran,22.4,23.1,2,14.0,ED_VERY_SAFE,1,lof
Abu Dhabi,United Arab Emirates,37.4,46.2,3,63.0,ED_DANGEROUS,1,iso_forest
Hanoi,Vietnam,28.1,33.4,3,41.33333333333333,ED_CAUTION,1,lof
Kabul,Afghanistan,32.1,32.1,1,24.16666666666667,ED_MODERATE_SAFE,1,lof
Jakarta,Indonesia,31.3,35.3,5,86.5625,ED_VERY_DANGEROUS,1,iso_forest
Manila,Philippines,26.2,29.0,2,14.0,ED_VERY_SAFE,1,lof
Riyadh,Saudi Arabia,39.3,39.3,4,77.79166666666666,ED_VERY_DANGEROUS,1,iso_forest
Montevideo,Uruguay,17.2,17.2,2,14.0,ED_VERY_SAFE,1,lof
Kabul,Afghanistan,32.3,32.3,2,32.49999999999999,ED_MODERATE_SAFE,1,lof
Manama,Bahrain,36.0,43.8,4,82.85576923076923,ED_VERY_DANGEROUS,1,iso_forest
Belmopan,Belize,22.6,25.0,1,0.0,ED_VERY_SAFE,1,lof
Phnom Penh,Cambodia,29.4,31.5,1,21.0,ED_MODERATE_SAFE,1,lof
Ottawa,Canada,15.4,15.4,1,0.0,ED_VERY_SAFE,1,lof
Bangui,Central African Republic,28.3,36.8,1,27.999999999999996,ED_MODERATE_SAFE,1,lof
Vestmannaeyjar,Iceland,5.4,5.4,1,0.0,ED_VERY_SAFE,1,lof
Kuwait City,Kuwait,42.7,48.8,4,89.625,ED_VERY_DANGEROUS,1,iso_forest
Kuala Lumpur,Malaysia,33.1,45.7,4,82.04807692307693,ED_VERY_DANGEROUS,1,iso_forest
Maseru,Lesotho,13.0,13.0,2,14.0,ED_VERY_SAFE,1,lof
Kuala Lumpur,Malaysia,33.1,47.2,4,83.77884615384616,ED_VERY_DANGEROUS,1,iso_forest
Valletta,Malta,25.4,27.8,1,7.400000000000002,ED_VERY_SAFE,1,lof
Chi Chi Khvar,Iran,26.2,26.2,2,15.5,ED_MODERATE_SAFE,1,lof
Yangon,Myanmar,25.0,28.2,1,8.599999999999998,ED_VERY_SAFE,1,lof
Abuja,Nigeria,27.3,33.1,2,29.833333333333336,ED_MODERATE_SAFE,1,lof
Oslo,Norway,8.2,8.2,2,11.0,ED_VERY_SAFE,1,lof
Aurora,Paraguay,26.7,26.7,4,32.0,ED_MODERATE_SAFE,1,lof
Doha,Qatar,40.2,42.7,3,59.96153846153847,ED_DANGEROUS,1,iso_forest
Abu Dhabi,United Arab Emirates,42.3,44.3,2,50.80769230769231,ED_CAUTION,1,iso_forest
Maputo,Mozambique,21.3,21.3,1,6.0,ED_VERY_SAFE,1,lof
Tokyo,Japan,27.3,29.2,1,6.599999999999998,ED_VERY_SAFE,1,lof
Ivory,Madagascar,35.2,35.2,2,39.33333333333334,ED_CAUTION,1,lof
Aurora,Paraguay,22.8,24.9,4,39.5,ED_CAUTION,1,lof
Phnom Penh,Cambodia,27.2,30.8,1,17.400000000000002,ED_MODERATE_SAFE,1,lof
Mbabane,Swaziland,10.1,10.1,1,3.0,ED_VERY_SAFE,1,lof
Baghdad,Iraq,38.0,38.0,4,75.625,ED_VERY_DANGEROUS,1,iso_forest
Port Royal,Jamaica,29.2,38.4,1,25.666666666666664,ED_MODERATE_SAFE,1,hot_but_safe
Tarawa,Kiribati,28.7,32.3,2,23.499999999999993,ED_MODERATE_SAFE,1,lof
Kuwait City,Kuwait,40.1,43.6,4,83.625,ED_VERY_DANGEROUS,1,iso_forest
Nan,Thailand,27.1,32.2,2,29.333333333333336,ED_MODERATE_SAFE,1,lof
Yangon,Myanmar,29.1,37.2,2,37.66666666666667,ED_CAUTION,1,lof
Kathmandu,Nepal,31.2,39.0,1,32.66666666666667,ED_MODERATE_SAFE,1,hot_but_safe
Oslo,Norway,11.1,11.1,2,13.0,ED_VERY_SAFE,1,lof
Manila,Philippines,26.1,30.2,2,17.599999999999998,ED_MODERATE_SAFE,1,lof
Baghdad,Iraq,41.3,41.9,4,82.66346153846153,ED_VERY_DANGEROUS,1,iso_forest
Riyadh,Saudi Arabia,38.0,38.0,4,75.625,ED_VERY_DANGEROUS,1,iso_forest
Bangkok,Thailand,26.2,29.6,1,13.800000000000004,ED_VERY_SAFE,1,lof
Hanoi,Vietnam,32.3,45.4,3,53.07692307692307,ED_CAUTION,1,lof
Buenos Aires,Argentina,19.4,19.4,3,23.0,ED_MODERATE_SAFE,1,lof
Dhaka,Bangladesh,36.8,45.1,4,85.35576923076923,ED_VERY_DANGEROUS,1,iso_forest
Belmopan,Belize,23.8,26.1,1,0.0,ED_VERY_SAFE,1,lof
Bras,Brazil,26.8,27.4,1,10.199999999999996,ED_VERY_SAFE,1,lof
Phnom Penh,Cambodia,28.1,33.2,1,24.500000000000004,ED_MODERATE_SAFE,1,lof
Malabo,Equatorial Guinea,30.1,38.1,1,31.16666666666667,ED_MODERATE_SAFE,1,hot_but_safe
Vestmannaeyjar,Iceland,6.3,6.3,1,3.0,ED_VERY_SAFE,1,lof
Phnom Penh,Cambodia,28.4,29.7,2,25.099999999999998,ED_MODERATE_SAFE,1,lof
Vestmannaeyjar,Iceland,6.2,6.2,1,0.0,ED_VERY_SAFE,1,lof
Jakarta,Indonesia,32.2,35.7,5,87.22916666666667,ED_VERY_DANGEROUS,1,iso_forest
Port Louis,Mauritius,23.8,25.4,2,20.0,ED_MODERATE_SAFE,1,lof
Podgorica,Montenegro,23.2,25.2,1,0.6000000000000005,ED_VERY_SAFE,1,lof
Lisbon,Portugal,18.4,18.4,2,8.0,ED_VERY_SAFE,1,lof
Kingstown,Saint Vincent and the Grenadines,29.8,33.9,2,26.166666666666664,ED_MODERATE_SAFE,1,lof
Dakar,Senegal,25.3,27.9,2,10.699999999999996,ED_VERY_SAFE,1,lof
Pretoria,South Africa,28.1,28.1,2,22.200000000000003,ED_MODERATE_SAFE,1,lof
Dili,Timor-Leste,27.9,30.6,1,10.800000000000004,ED_VERY_SAFE,1,lof
Gaborone,Botswana,30.1,30.1,2,27.900000000000006,ED_MODERATE_SAFE,1,lof
Bandar Seri Begawan,Brunei Darussalam,30.4,38.9,2,34.5,ED_MODERATE_SAFE,1,hot_but_safe
Phnom Penh,Cambodia,32.4,38.4,2,33.666666666666664,ED_MODERATE_SAFE,1,hot_but_safe
Antananarivo,Madagascar,24.2,24.7,1,12.0,ED_VERY_SAFE,1,iso_forest
Podgorica,Montenegro,23.1,25.1,1,1.8000000000000003,ED_VERY_SAFE,1,lof
Port Louis,Mauritius,25.3,26.4,2,20.0,ED_MODERATE_SAFE,1,lof
Windhoek,Namibia,31.2,31.2,1,23.299999999999997,ED_MODERATE_SAFE,1,lof
Lisbon,Portugal,20.3,20.3,1,0.0,ED_VERY_SAFE,1,lof
Belgrade,Serbia,15.2,15.2,2,8.0,ED_VERY_SAFE,1,lof
Pretoria,South Africa,28.0,28.0,2,21.9,ED_MODERATE_SAFE,1,lof
Colombo,Sri Lanka,27.1,31.9,2,22.699999999999996,ED_MODERATE_SAFE,1,lof
Gaborone,Botswana,32.1,32.1,2,33.866666666666674,ED_MODERATE_SAFE,1,lof
Ivory,Madagascar,32.6,32.6,1,28.000000000000004,ED_MODERATE_SAFE,1,lof
Tokyo,Japan,22.0,24.5,3,18.0,ED_MODERATE_SAFE,1,lof
Nairobi,Kenya,23.1,24.1,2,20.0,ED_MODERATE_SAFE,1,iso_forest
Maseru,Lesotho,31.2,31.2,1,23.9,ED_MODERATE_SAFE,1,lof
Monaco,Monaco,21.2,21.2,1,0.0,ED_VERY_SAFE,1,lof
Nouakchott,Mauritania,28.1,30.3,2,17.900000000000002,ED_MODERATE_SAFE,1,lof
National,Bolivia,22.0,22.0,2,8.0,ED_VERY_SAFE,1,lof
Banjul,Gambia,27.1,31.0,2,20.0,ED_MODERATE_SAFE,1,lof
Moscow,Russia,13.2,13.2,3,22.0,ED_MODERATE_SAFE,1,lof
Apia,Samoa,27.1,30.3,1,9.900000000000002,ED_VERY_SAFE,1,lof
Victoria,Seychelles Islands,26.3,28.3,1,12.900000000000002,ED_VERY_SAFE,1,lof
Port Vila,Vanuatu,22.2,24.6,2,8.0,ED_VERY_SAFE,1,lof
Nassau,Bahamas,28.9,36.8,1,22.999999999999996,ED_MODERATE_SAFE,1,lof
Praia,Cape Verde,27.2,30.6,2,18.800000000000004,ED_MODERATE_SAFE,1,lof
Moroni,Comoros,26.3,28.1,2,23.300000000000004,ED_MODERATE_SAFE,1,lof
Havana,Cuba,29.2,36.6,1,22.66666666666667,ED_MODERATE_SAFE,1,lof
Santo Domingo,Dominican Republic,27.3,33.0,1,16.666666666666668,ED_MODERATE_SAFE,1,lof
Libreville,Gabon,26.1,28.9,1,10.699999999999996,ED_VERY_SAFE,1,lof
Berlin,Germany,17.4,17.4,1,0.0,ED_VERY_SAFE,1,lof
Jakarta,Indonesia,32.1,36.2,5,78.0625,ED_VERY_DANGEROUS,1,iso_forest
Port Royal,Jamaica,28.2,35.6,1,21.000000000000004,ED_MODERATE_SAFE,1,lof
Maseru,Lesotho,22.1,23.0,2,17.7,ED_MODERATE_SAFE,1,lof
Podgorica,Montenegro,18.3,18.3,1,0.0,ED_VERY_SAFE,1,lof
Lisbon,Portugal,21.3,21.3,1,0.0,ED_VERY_SAFE,1,lof
Stockholm,Sweden,13.3,13.3,2,8.0,ED_VERY_SAFE,1,lof
Nassau,Bahamas,29.3,36.1,1,21.833333333333336,ED_MODERATE_SAFE,1,lof
Zagreb,Croatia,24.1,25.3,1,0.30000000000000027,ED_VERY_SAFE,1,lof
Copenhagen,Denmark,14.3,14.3,1,0.0,ED_VERY_SAFE,1,lof
Santo Domingo,Dominican Republic,27.3,32.6,1,16.000000000000004,ED_MODERATE_SAFE,1,lof
Budapest,Hungary,21.3,21.3,1,0.30000000000000027,ED_VERY_SAFE,1,lof
Port Louis,Mauritius,25.1,26.2,2,19.3,ED_MODERATE_SAFE,1,lof
Castries,Saint Lucia,29.4,35.8,2,29.33333333333333,ED_MODERATE_SAFE,1,lof
Baghdad,Iraq,36.3,36.3,4,72.79166666666666,ED_DANGEROUS,1,iso_forest
Phnom Penh,Cambodia,29.1,32.7,3,34.16666666666667,ED_MODERATE_SAFE,1,lof
Windhoek,Namibia,31.2,31.2,2,31.199999999999996,ED_MODERATE_SAFE,1,lof
Kingstown,Saint Vincent and the Grenadines,28.9,33.0,1,16.666666666666668,ED_MODERATE_SAFE,1,lof
Funafuti,Tuvalu,29.3,34.5,2,27.166666666666668,ED_MODERATE_SAFE,1,lof
London,United Kingdom,14.2,14.2,3,18.0,ED_MODERATE_SAFE,1,lof
Brazzaville,Congo,23.2,25.5,1,9.0,ED_VERY_SAFE,1,lof
Kinshasa,Democratic Republic of Congo,23.2,25.5,1,9.0,ED_VERY_SAFE,1,lof
Dublin,Ireland,14.2,14.8,1,0.0,ED_VERY_SAFE,1,lof
Tokyo,Japan,25.2,26.0,4,32.0,ED_MODERATE_SAFE,1,lof
Pretoria,South Africa,17.1,17.1,2,18.1,ED_MODERATE_SAFE,1,lof
Washington Harbor,United States of America,9.7,9.9,1,0.0,ED_VERY_SAFE,1,lof
Tokyo,Japan,23.0,24.9,2,8.0,ED_VERY_SAFE,1,lof
Tokyo,Japan,25.4,26.6,3,18.0,ED_MODERATE_SAFE,1,lof
Nouakchott,Mauritania,26.9,29.3,2,14.900000000000002,ED_VERY_SAFE,1,lof
Windhoek,Namibia,28.1,28.1,1,14.000000000000004,ED_VERY_SAFE,1,lof
Warsaw,Poland,11.9,11.9,2,8.0,ED_VERY_SAFE,1,lof
Dakar,Senegal,26.3,28.3,2,11.900000000000002,ED_VERY_SAFE,1,lof
Nuku`Aloia,Tonga,19.3,19.3,2,8.0,ED_VERY_SAFE,1,lof
London,United Kingdom,15.2,15.2,2,8.0,ED_VERY_SAFE,1,lof
Nassau,Bahamas,25.0,27.7,2,10.099999999999998,ED_VERY_SAFE,1,lof
Suva,Fiji Islands,22.2,24.6,1,0.0,ED_VERY_SAFE,1,lof
Vestmannaeyjar,Iceland,7.1,7.1,1,0.0,ED_VERY_SAFE,1,iso_forest
Tokyo,Japan,23.2,25.2,2,8.0,ED_VERY_SAFE,1,lof
Port Louis,Mauritius,23.1,25.0,2,20.0,ED_MODERATE_SAFE,1,lof
Vestmannaeyjar,Iceland,7.3,7.3,1,0.0,ED_VERY_SAFE,1,iso_forest
Riyadh,Saudi Arabia,38.1,38.1,3,52.366666666666674,ED_CAUTION,1,iso_forest
Ulaanbaatar,Mongolia,-5.9,-5.9,1,18.018346330118312,ED_MODERATE_SAFE,1,iso_forest
Dakar,Senegal,27.8,31.2,1,12.599999999999998,ED_VERY_SAFE,1,lof
Pretoria,South Africa,30.2,30.2,2,28.699999999999996,ED_MODERATE_SAFE,1,lof
Praia,Cape Verde,27.1,29.7,1,8.099999999999998,ED_VERY_SAFE,1,lof
Beijing,China,17.3,17.3,5,45.0,ED_CAUTION,1,lof
Mbabane,Swaziland,30.0,30.0,2,28.3,ED_MODERATE_SAFE,1,lof
Addis Ababa,Ethiopia,16.2,16.2,2,18.7,ED_MODERATE_SAFE,1,lof
Banjul,Gambia,28.0,32.1,1,15.16666666666667,ED_MODERATE_SAFE,1,lof
Tokyo,Japan,23.1,24.9,3,18.0,ED_MODERATE_SAFE,1,lof
Astana,Kazakhstan,-1.8,-1.8,1,13.508940430985783,ED_VERY_SAFE,1,iso_forest
Port Louis,Mauritius,24.1,25.6,2,19.7,ED_MODERATE_SAFE,1,lof
Windhoek,Namibia,31.0,31.0,1,21.8,ED_MODERATE_SAFE,1,lof
Ivory,Madagascar,32.9,32.9,1,27.599999999999994,ED_MODERATE_SAFE,1,lof
Dakar,Senegal,29.4,35.4,1,20.666666666666664,ED_MODERATE_SAFE,1,lof
Pretoria,South Africa,28.2,28.2,2,22.699999999999996,ED_MODERATE_SAFE,1,lof
Phnom Penh,Cambodia,33.3,38.5,2,33.833333333333336,ED_MODERATE_SAFE,1,hot_but_safe
Jakarta,Indonesia,31.1,33.6,5,73.72916666666667,ED_DANGEROUS,1,iso_forest
Tokyo,Japan,22.3,24.7,2,8.0,ED_VERY_SAFE,1,lof
Ulaanbaatar,Mongolia,-8.4,-8.4,1,12.600000000000001,ED_VERY_SAFE,1,iso_forest
Yangon,Myanmar,31.4,38.6,2,34.0,ED_MODERATE_SAFE,1,hot_but_safe
Kathmandu,Nepal,20.6,20.6,3,18.0,ED_MODERATE_SAFE,1,lof
Lisbon,Portugal,18.0,18.0,2,8.0,ED_VERY_SAFE,1,lof
Dakar,Senegal,28.3,32.8,2,24.33333333333333,ED_MODERATE_SAFE,1,lof
Lisbon,Portugal,21.1,21.1,2,14.0,ED_VERY_SAFE,1,lof
National,Bolivia,24.8,26.3,2,8.0,ED_VERY_SAFE,1,lof
Oslo,Norway,9.2,9.4,2,8.0,ED_VERY_SAFE,1,lof
Maseru,Lesotho,20.4,20.4,3,25.5,ED_MODERATE_SAFE,1,lof
Windhoek,Namibia,26.3,26.3,2,17.0,ED_MODERATE_SAFE,1,lof
Managua,Nicaragua,22.2,24.7,1,0.0,ED_VERY_SAFE,1,lof
Port Moresby,Papua New Guinea,26.1,28.7,1,5.099999999999998,ED_VERY_SAFE,1,lof
Apia,Samoa,26.3,29.1,2,14.300000000000004,ED_VERY_SAFE,1,lof
Pretoria,South Africa,18.1,18.1,2,15.5,ED_MODERATE_SAFE,1,lof
Nassau,Bahamas,28.0,31.5,1,13.5,ED_VERY_SAFE,1,lof
Vestmannaeyjar,Iceland,4.2,4.2,1,3.0,ED_VERY_SAFE,1,lof
New Delhi,India,37.8,37.8,4,75.29166666666666,ED_VERY_DANGEROUS,1,iso_forest
Tokyo,Japan,27.1,28.9,1,5.699999999999996,ED_VERY_SAFE,1,lof
Kuwait City,Kuwait,34.4,34.4,4,68.625,ED_DANGEROUS,1,iso_forest
Maputo,Mozambique,22.0,24.3,2,15.5,ED_MODERATE_SAFE,1,lof
Port Louis,Mauritius,24.2,25.8,1,6.0,ED_VERY_SAFE,1,lof
Windhoek,Namibia,25.1,25.1,2,17.0,ED_MODERATE_SAFE,1,lof
Port Moresby,Papua New Guinea,27.2,30.5,1,10.5,ED_VERY_SAFE,1,lof
Doha,Qatar,38.0,38.9,3,54.5,ED_CAUTION,1,iso_forest
Apia,Samoa,26.6,29.2,2,14.599999999999998,ED_VERY_SAFE,1,lof
Ljubljana,Slovenia,9.1,9.3,1,0.0,ED_VERY_SAFE,1,lof
Honiara,Solomon Islands,26.3,29.9,1,8.699999999999996,ED_VERY_SAFE,1,lof
Pretoria,South Africa,19.0,19.0,2,15.5,ED_MODERATE_SAFE,1,lof
Funafuti,Tuvalu,27.3,30.8,1,11.400000000000002,ED_VERY_SAFE,1,lof
Abu Dhabi,United Arab Emirates,33.0,42.0,3,58.15384615384615,ED_DANGEROUS,1,lof
Nassau,Bahamas,27.0,29.9,1,8.699999999999996,ED_VERY_SAFE,1,lof
Maputo,Mozambique,23.2,24.8,1,6.0,ED_VERY_SAFE,1,lof
Vestmannaeyjar,Iceland,7.1,7.1,1,0.0,ED_VERY_SAFE,1,lof
Wellington,New Zealand,14.0,14.0,1,0.0,ED_VERY_SAFE,1,iso_forest
Vestmannaeyjar,Iceland,7.0,7.0,1,0.0,ED_VERY_SAFE,1,lof
Tokyo,Japan,26.2,29.4,2,15.199999999999996,ED_MODERATE_SAFE,1,lof
Kuwait City,Kuwait,40.2,49.0,4,89.85576923076923,ED_VERY_DANGEROUS,1,iso_forest
Chi Chi Khvar,Iran,23.2,23.2,2,14.0,ED_VERY_SAFE,1,lof
Yangon,Myanmar,26.4,30.1,1,15.300000000000004,ED_MODERATE_SAFE,1,lof
Doha,Qatar,39.3,47.5,3,65.5,ED_DANGEROUS,1,iso_forest
Riyadh,Saudi Arabia,38.2,38.2,4,75.95833333333334,ED_VERY_DANGEROUS,1,iso_forest
Colombo,Sri Lanka,33.4,45.5,1,42.69230769230769,ED_CAUTION,1,lof
Paramaribo,Suriname,22.2,24.7,1,5.0,ED_VERY_SAFE,1,lof
Saint John's,Antigua and Barbuda,25.2,26.8,1,0.0,ED_VERY_SAFE,1,lof
Helsinki,Finland,6.3,6.3,1,0.0,ED_VERY_SAFE,1,lof
Jakarta,Indonesia,33.0,38.5,5,91.89583333333334,ED_VERY_DANGEROUS,1,iso_forest
Budapest,Hungary,11.3,11.3,2,11.0,ED_VERY_SAFE,1,lof
Kuwait City,Kuwait,41.8,43.8,6,100.0,ED_VERY_DANGEROUS,1,iso_forest
Nan,Thailand,30.1,40.2,1,34.66666666666667,ED_MODERATE_SAFE,1,hot_but_safe
Luxembourg,Luxembourg,9.0,9.0,1,3.0,ED_VERY_SAFE,1,lof
Yangon,Myanmar,27.2,33.1,1,21.833333333333336,ED_MODERATE_SAFE,1,lof
Managua,Nicaragua,22.4,24.9,1,0.0,ED_VERY_SAFE,1,lof
Aurora,Paraguay,24.9,26.3,2,8.0,ED_VERY_SAFE,1,lof
Apia,Samoa,25.2,27.4,1,1.1999999999999957,ED_VERY_SAFE,1,lof
Manama,Bahrain,37.3,49.9,3,67.26923076923077,ED_DANGEROUS,1,lof
Gaborone,Botswana,21.3,21.3,1,7.5,ED_VERY_SAFE,1,lof
Mbabane,Swaziland,17.3,17.3,1,5.0,ED_VERY_SAFE,1,lof
Havana,Cuba,26.6,31.5,1,13.5,ED_VERY_SAFE,1,lof
Suva,Fiji Islands,25.4,28.5,1,4.5,ED_VERY_SAFE,1,lof
Guatemala City,Guatemala,16.9,16.9,3,18.0,ED_MODERATE_SAFE,1,lof
Madrid,Spain,20.0,20.0,3,24.0,ED_MODERATE_SAFE,1,lof
San Salvador,El Salvador,20.9,20.9,2,8.0,ED_VERY_SAFE,1,lof
Suva,Fiji Islands,23.0,25.1,1,0.0,ED_VERY_SAFE,1,lof
Banjul,Gambia,28.1,32.9,3,40.5,ED_CAUTION,1,lof
Jakarta,Indonesia,30.8,34.5,5,85.22916666666667,ED_VERY_DANGEROUS,1,iso_forest
Dhidhdhoo,Maldives,27.1,30.5,1,16.5,ED_MODERATE_SAFE,1,lof
Aurora,Paraguay,28.9,28.9,4,37.699999999999996,ED_CAUTION,1,lof
Moscow,Russia,15.2,15.2,4,37.0,ED_CAUTION,1,lof
Apia,Samoa,26.4,29.4,2,15.199999999999996,ED_MODERATE_SAFE,1,lof
Dakar,Senegal,29.1,35.2,3,44.33333333333334,ED_CAUTION,1,lof
Pretoria,South Africa,26.3,26.3,2,17.0,ED_MODERATE_SAFE,1,lof
Khartoum,Sudan,37.4,37.4,4,74.625,ED_DANGEROUS,1,iso_forest
New Delhi,India,37.3,37.3,4,74.45833333333333,ED_DANGEROUS,1,iso_forest
Stockholm,Sweden,11.4,11.8,2,12.0,ED_VERY_SAFE,1,lof
Funafuti,Tuvalu,28.4,32.2,1,15.333333333333337,ED_MODERATE_SAFE,1,lof
Belmopan,Belize,25.2,27.4,1,1.1999999999999957,ED_VERY_SAFE,1,lof
San Ignacio,Costa Rica,15.4,15.4,1,0.0,ED_VERY_SAFE,1,lof
Havana,Cuba,26.3,30.4,1,10.199999999999996,ED_VERY_SAFE,1,lof
San Salvador,El Salvador,20.9,20.9,1,0.0,ED_VERY_SAFE,1,lof
Guatemala City,Guatemala,16.0,16.0,3,18.0,ED_MODERATE_SAFE,1,lof
Baghdad,Iraq,36.5,36.5,4,73.125,ED_DANGEROUS,1,iso_forest
Dublin,Ireland,13.4,13.4,1,3.0,ED_VERY_SAFE,1,lof
Ulaanbaatar,Mongolia,0.2,0.2,1,10.506420880236892,ED_VERY_SAFE,1,iso_forest
Bras,Brazil,23.9,25.9,2,8.0,ED_VERY_SAFE,1,lof
Port Vila,Vanuatu,25.3,27.4,2,9.199999999999996,ED_VERY_SAFE,1,lof
Funafuti,Tuvalu,28.4,32.5,1,15.833333333333334,ED_MODERATE_SAFE,1,lof
Khartoum,Sudan,37.6,37.6,4,74.95833333333334,ED_DANGEROUS,1,iso_forest
Jakarta,Indonesia,31.2,35.6,5,86.0625,ED_VERY_DANGEROUS,1,iso_forest
Tarawa,Kiribati,28.6,32.1,2,23.16666666666667,ED_MODERATE_SAFE,1,lof
Kuwait City,Kuwait,34.1,34.1,4,68.125,ED_DANGEROUS,1,iso_forest
Ulaanbaatar,Mongolia,-1.8,-1.8,1,2.700000000000001,ED_VERY_SAFE,1,iso_forest
Abuja,Nigeria,22.7,25.2,1,5.0,ED_VERY_SAFE,1,lof
Oslo,Norway,12.3,12.8,2,12.0,ED_VERY_SAFE,1,lof
National,Bolivia,23.1,25.3,6,50.0,ED_CAUTION,1,lof
Doha,Qatar,37.0,37.4,4,74.625,ED_DANGEROUS,1,iso_forest
Apia,Samoa,27.3,31.0,2,20.0,ED_MODERATE_SAFE,1,lof
Pretoria,South Africa,20.1,20.1,2,15.5,ED_MODERATE_SAFE,1,lof
Paramaribo,Suriname,24.2,26.7,2,8.0,ED_VERY_SAFE,1,lof
Nassau,Bahamas,27.1,29.4,1,7.199999999999996,ED_VERY_SAFE,1,lof
Minsk,Belarus,8.0,8.0,1,0.0,ED_VERY_SAFE,1,lof
San Ignacio,Costa Rica,14.9,15.5,1,0.0,ED_VERY_SAFE,1,lof
Suva,Fiji Islands,24.1,26.4,1,0.0,ED_VERY_SAFE,1,lof
Guatemala City,Guatemala,16.3,16.3,3,18.0,ED_MODERATE_SAFE,1,lof
Jakarta,Indonesia,32.3,37.6,5,89.39583333333334,ED_VERY_DANGEROUS,1,iso_forest
National,Bolivia,24.5,25.7,6,50.0,ED_CAUTION,1,lof
Lima,Peru,15.9,15.9,2,8.0,ED_VERY_SAFE,1,lof
Lisbon,Portugal,21.3,21.3,3,23.0,ED_MODERATE_SAFE,1,lof
Apia,Samoa,25.2,27.5,2,9.5,ED_VERY_SAFE,1,lof
Port Moresby,Papua New Guinea,23.1,25.2,1,0.0,ED_VERY_SAFE,1,lof
Muscat,Oman,32.8,42.1,4,80.89423076923077,ED_VERY_DANGEROUS,1,iso_forest
Baku,Azerbaijan,17.2,17.2,2,16.1,ED_MODERATE_SAFE,1,lof
Quito,Ecuador,12.3,12.3,2,14.0,ED_VERY_SAFE,1,lof
Riyadh,Saudi Arabia,44.2,46.6,3,65.46153846153845,ED_DANGEROUS,1,iso_forest
Pretoria,South Africa,16.2,16.2,3,24.0,ED_MODERATE_SAFE,1,lof
Khartoum,Sudan,41.2,41.7,2,49.80769230769231,ED_CAUTION,1,iso_forest
Port Of Spain,Trinidad and Tobago,27.4,31.3,1,20.400000000000002,ED_MODERATE_SAFE,1,lof
Abu Dhabi,United Arab Emirates,40.0,42.0,3,58.15384615384615,ED_DANGEROUS,1,iso_forest
Manama,Bahrain,37.1,39.1,4,76.45833333333334,ED_VERY_DANGEROUS,1,iso_forest
Santiago,Chile,9.3,9.5,6,55.0,ED_DANGEROUS,1,iso_forest
Beijing,China,30.1,30.1,4,41.300000000000004,ED_CAUTION,1,lof
Nicosia,Cyprus,39.1,42.8,1,41.07692307692307,ED_CAUTION,1,lof
Roseau,Dominica,35.3,49.8,1,47.653846153846146,ED_CAUTION,1,lof
San Salvador,El Salvador,23.4,25.9,1,5.0,ED_VERY_SAFE,1,lof
Basseterre,Saint Kitts and Nevis,32.3,41.5,1,36.57692307692308,ED_CAUTION,1,lof
Suva,Fiji Islands,21.3,21.3,1,0.0,ED_VERY_SAFE,1,lof
Saint George's,Grenada,31.2,38.1,1,31.16666666666667,ED_MODERATE_SAFE,1,hot_but_safe
Conakry,Guinea,31.2,40.0,1,34.333333333333336,ED_MODERATE_SAFE,1,hot_but_safe
Bissau,Guinea-Bissau,34.3,46.6,1,43.96153846153846,ED_CAUTION,1,lof
Port-Au-Prince,Haiti,32.3,36.6,1,31.66666666666667,ED_MODERATE_SAFE,1,lof
New Delhi,India,41.2,41.7,2,38.80769230769231,ED_CAUTION,1,iso_forest
Baghdad,Iraq,42.3,43.5,1,43.88461538461539,ED_CAUTION,1,iso_forest
Tokyo,Japan,23.1,25.1,1,0.0,ED_VERY_SAFE,1,lof
Nan,Thailand,29.3,39.0,1,26.666666666666668,ED_MODERATE_SAFE,1,hot_but_safe
Bamako,Mali,37.0,38.1,1,34.16666666666667,ED_MODERATE_SAFE,1,hot_but_safe
Kingstown,Saint Vincent and the Grenadines,31.2,40.9,1,35.83333333333333,ED_CAUTION,1,lof
Doha,Qatar,39.4,48.0,3,66.07692307692308,ED_DANGEROUS,1,iso_forest
Palikir,Micronesia,28.1,32.9,1,16.499999999999996,ED_MODERATE_SAFE,1,lof
Guatemala City,Guatemala,19.1,19.1,5,49.0,ED_CAUTION,1,lof
Saint John's,Antigua and Barbuda,30.3,36.6,1,22.66666666666667,ED_MODERATE_SAFE,1,lof
Buenos Aires,Argentina,13.4,13.4,1,6.0,ED_VERY_SAFE,1,lof
Manama,Bahrain,40.2,42.2,3,59.38461538461539,ED_DANGEROUS,1,iso_forest
Belmopan,Belize,29.1,34.8,1,27.166666666666664,ED_MODERATE_SAFE,1,lof
Porto-Novo,Benin,32.1,38.6,1,32.0,ED_MODERATE_SAFE,1,hot_but_safe
Thimphu,Bhutan,13.3,13.3,2,8.0,ED_VERY_SAFE,1,lof
Bujumbura,Burundi,29.3,31.8,1,20.400000000000002,ED_MODERATE_SAFE,1,lof
Santiago,Chile,9.2,9.2,6,54.0,ED_CAUTION,1,iso_forest
Nicosia,Cyprus,36.1,38.2,1,34.33333333333334,ED_MODERATE_SAFE,1,hot_but_safe
Malabo,Equatorial Guinea,30.2,38.5,1,33.333333333333336,ED_MODERATE_SAFE,1,hot_but_safe
Bissau,Guinea-Bissau,36.3,38.3,1,34.5,ED_MODERATE_SAFE,1,hot_but_safe
Muscat,Oman,39.2,47.7,2,55.73076923076923,ED_DANGEROUS,1,iso_forest
Port-Au-Prince,Haiti,31.2,34.3,1,27.83333333333333,ED_MODERATE_SAFE,1,lof
New Delhi,India,41.0,41.4,2,38.46153846153846,ED_CAUTION,1,iso_forest
Baghdad,Iraq,41.2,41.7,1,41.80769230769231,ED_CAUTION,1,iso_forest
Norman Gardens,Jamaica,31.0,35.5,1,29.833333333333336,ED_MODERATE_SAFE,1,lof
Tokyo,Japan,23.0,25.1,2,8.0,ED_VERY_SAFE,1,lof
Kuwait City,Kuwait,44.2,47.0,3,65.92307692307692,ED_DANGEROUS,1,iso_forest
Kuala Lumpur,Malaysia,29.3,37.6,5,80.39583333333334,ED_VERY_DANGEROUS,1,lof
Port Louis,Mauritius,25.1,27.5,1,1.5,ED_VERY_SAFE,1,lof
Pyongyang,North Korea,22.0,22.0,4,32.0,ED_MODERATE_SAFE,1,lof
Skopje,Macedonia,36.3,38.1,1,34.16666666666667,ED_MODERATE_SAFE,1,hot_but_safe
Port Louis,Mauritius,25.2,27.4,1,1.1999999999999957,ED_VERY_SAFE,1,lof
Muscat,Oman,40.0,42.0,3,59.15384615384615,ED_DANGEROUS,1,iso_forest
'S Gravenjansdyk,Belgium,12.1,12.1,1,3.0,ED_VERY_SAFE,1,iso_forest
Muscat,Oman,40.1,42.1,3,59.269230769230774,ED_DANGEROUS,1,iso_forest
Hanoi,Vietnam,34.4,46.0,2,43.76923076923077,ED_CAUTION,1,lof
Santiago,Chile,8.6,8.6,6,53.0,ED_CAUTION,1,iso_forest
Cairo,Egypt,42.3,43.5,2,51.88461538461539,ED_CAUTION,1,iso_forest
Athens,Greece,38.3,38.3,1,34.5,ED_MODERATE_SAFE,1,hot_but_safe
Baghdad,Iraq,44.6,47.3,2,56.26923076923077,ED_DANGEROUS,1,iso_forest
Dublin,Ireland,16.3,16.3,1,3.0,ED_VERY_SAFE,1,lof
Tokyo,Japan,23.2,25.1,2,8.0,ED_VERY_SAFE,1,lof
Kuwait City,Kuwait,43.3,46.7,2,54.57692307692308,ED_CAUTION,1,iso_forest
Port Louis,Mauritius,25.0,27.4,1,1.1999999999999957,ED_VERY_SAFE,1,lof
Kathmandu,Nepal,27.0,27.0,2,8.0,ED_VERY_SAFE,1,lof
Apia,Samoa,26.3,29.8,1,8.400000000000002,ED_VERY_SAFE,1,lof
Ankara,Turkey,36.3,37.3,1,31.33333333333333,ED_MODERATE_SAFE,1,lof
Riyadh,Saudi Arabia,41.5,42.2,1,42.38461538461539,ED_CAUTION,1,iso_forest
Seoul,South Korea,23.1,25.1,2,8.0,ED_VERY_SAFE,1,lof
Khartoum,Sudan,40.8,41.1,2,49.11538461538461,ED_CAUTION,1,iso_forest
Abu Dhabi,United Arab Emirates,39.3,41.3,2,47.34615384615384,ED_CAUTION,1,iso_forest
Montevideo,Uruguay,16.7,16.7,2,13.0,ED_VERY_SAFE,1,lof
Buenos Aires,Argentina,13.4,13.4,1,6.0,ED_VERY_SAFE,1,lof
Manama,Bahrain,34.0,39.9,3,55.166666666666664,ED_DANGEROUS,1,iso_forest
Dhaka,Bangladesh,30.4,36.9,2,31.166666666666664,ED_MODERATE_SAFE,1,lof
Belmopan,Belize,27.3,33.0,1,22.666666666666668,ED_MODERATE_SAFE,1,lof
Bandar Seri Begawan,Brunei Darussalam,25.4,28.2,1,3.599999999999998,ED_VERY_SAFE,1,lof
Montevideo,Uruguay,22.3,24.7,2,15.5,ED_MODERATE_SAFE,1,lof
Riyadh,Saudi Arabia,44.4,46.9,3,65.8076923076923,ED_DANGEROUS,1,iso_forest
Port Moresby,Papua New Guinea,26.1,30.0,1,9.0,ED_VERY_SAFE,1,lof
Dhaka,Bangladesh,29.3,35.2,1,20.33333333333334,ED_MODERATE_SAFE,1,lof
Doha,Qatar,46.2,48.2,3,66.3076923076923,ED_DANGEROUS,1,iso_forest
Kingstown,Saint Vincent and the Grenadines,27.5,30.7,1,11.099999999999998,ED_VERY_SAFE,1,lof
Riyadh,Saudi Arabia,43.3,45.1,2,53.73076923076923,ED_CAUTION,1,iso_forest
Freetown,Sierra Leone,31.2,38.4,1,31.666666666666664,ED_MODERATE_SAFE,1,hot_but_safe
Khartoum,Sudan,40.8,41.1,2,49.11538461538461,ED_CAUTION,1,iso_forest
Paramaribo,Suriname,28.1,34.2,1,24.66666666666667,ED_MODERATE_SAFE,1,lof
Abu Dhabi,United Arab Emirates,39.2,41.2,3,57.23076923076923,ED_DANGEROUS,1,iso_forest
Montevideo,Uruguay,18.2,18.2,2,14.0,ED_VERY_SAFE,1,lof
Buenos Aires,Argentina,24.2,25.2,1,7.5,ED_VERY_SAFE,1,lof
Manama,Bahrain,39.4,41.4,2,47.46153846153846,ED_CAUTION,1,iso_forest
Cairo,Egypt,40.3,40.4,1,40.0,ED_CAUTION,1,iso_forest
Basseterre,Saint Kitts and Nevis,31.3,39.7,1,33.83333333333334,ED_MODERATE_SAFE,1,hot_but_safe
Grindavik,Iceland,11.0,11.0,1,3.0,ED_VERY_SAFE,1,iso_forest
New Delhi,India,42.1,43.1,2,40.42307692307693,ED_CAUTION,1,iso_forest
Baghdad,Iraq,44.3,46.7,1,47.57692307692308,ED_CAUTION,1,iso_forest
Tokyo,Japan,23.4,25.2,2,8.0,ED_VERY_SAFE,1,lof
Kuwait City,Kuwait,45.4,48.6,2,57.769230769230774,ED_DANGEROUS,1,iso_forest
Laos,Indonesia,22.2,24.6,1,0.0,ED_VERY_SAFE,1,lof
Port Louis,Mauritius,25.3,27.6,1,1.8000000000000043,ED_VERY_SAFE,1,lof
Pyongyang,North Korea,22.3,24.7,2,8.0,ED_VERY_SAFE,1,lof
Port Moresby,Papua New Guinea,25.3,28.0,1,3.0,ED_VERY_SAFE,1,lof
Doha,Qatar,40.2,40.9,2,47.83333333333333,ED_CAUTION,1,iso_forest
Riyadh,Saudi Arabia,43.4,45.2,2,53.84615384615385,ED_CAUTION,1,iso_forest
Kingstown,Saint Vincent and the Grenadines,31.3,41.6,1,38.19230769230769,ED_CAUTION,1,lof
San Ignacio,Costa Rica,22.0,24.5,1,5.0,ED_VERY_SAFE,1,lof
Saint John's,Antigua and Barbuda,31.4,39.3,1,33.166666666666664,ED_MODERATE_SAFE,1,hot_but_safe
Muscat,Oman,37.4,50.0,2,57.38461538461539,ED_DANGEROUS,1,iso_forest
Islamabad,Pakistan,30.9,30.9,3,38.699999999999996,ED_CAUTION,1,lof
Doha,Qatar,37.4,42.2,3,59.38461538461539,ED_DANGEROUS,1,iso_forest
Basseterre,Saint Kitts and Nevis,30.4,38.2,1,32.83333333333334,ED_MODERATE_SAFE,1,hot_but_safe
Kingstown,Saint Vincent and the Grenadines,30.2,37.1,1,31.000000000000004,ED_MODERATE_SAFE,1,lof
Riyadh,Saudi Arabia,45.0,47.9,3,67.96153846153845,ED_DANGEROUS,1,iso_forest
Khartoum,Sudan,43.5,45.4,2,54.07692307692307,ED_CAUTION,1,iso_forest
Damascus,Syria,41.0,41.4,2,48.46153846153846,ED_CAUTION,1,iso_forest
Abu Dhabi,United Arab Emirates,36.2,38.2,3,52.33333333333334,ED_CAUTION,1,iso_forest
Kabul,Afghanistan,24.1,24.1,1,6.0,ED_VERY_SAFE,1,lof
Bandar Seri Begawan,Brunei Darussalam,27.1,31.9,1,14.699999999999996,ED_VERY_SAFE,1,lof
Kuwait City,Kuwait,46.6,48.6,2,56.769230769230774,ED_DANGEROUS,1,iso_forest
Bangui,Central African Republic,34.1,41.9,1,38.53846153846153,ED_CAUTION,1,lof
Beijing,China,25.1,25.1,2,8.0,ED_VERY_SAFE,1,lof
Nicosia,Cyprus,39.3,42.4,2,48.61538461538461,ED_CAUTION,1,iso_forest
Djibouti,Djibouti,39.3,41.3,2,48.34615384615384,ED_CAUTION,1,iso_forest
Roseau,Dominica,33.2,46.1,1,41.88461538461539,ED_CAUTION,1,lof
Malabo,Equatorial Guinea,30.3,39.2,1,33.00000000000001,ED_MODERATE_SAFE,1,hot_but_safe
Mbabane,Swaziland,10.8,10.8,1,4.0,ED_VERY_SAFE,1,lof
Suva,Fiji Islands,22.0,24.5,1,0.0,ED_VERY_SAFE,1,lof
Saint George's,Grenada,31.4,38.8,1,32.33333333333333,ED_MODERATE_SAFE,1,hot_but_safe
Georgetown,Guyana,30.2,39.6,1,33.66666666666667,ED_MODERATE_SAFE,1,hot_but_safe
Valletta,Malta,30.1,34.5,1,25.166666666666668,ED_MODERATE_SAFE,1,lof
Baghdad,Iraq,44.3,46.7,1,47.57692307692308,ED_CAUTION,1,iso_forest
Norman Gardens,Jamaica,30.3,38.8,1,33.83333333333333,ED_MODERATE_SAFE,1,hot_but_safe
Paramaribo,Suriname,30.0,38.7,1,32.16666666666667,ED_MODERATE_SAFE,1,hot_but_safe
Djibouti,Djibouti,36.0,48.6,3,65.76923076923077,ED_DANGEROUS,1,iso_forest
Cairo,Egypt,41.0,41.4,2,49.46153846153846,ED_CAUTION,1,iso_forest
Mbabane,Swaziland,25.1,25.1,1,9.0,ED_VERY_SAFE,1,lof
New Delhi,India,39.0,39.0,2,34.66666666666667,ED_MODERATE_SAFE,1,hot_but_safe
Baghdad,Iraq,44.0,46.2,1,47.0,ED_CAUTION,1,iso_forest
Kuwait City,Kuwait,45.9,49.5,3,68.8076923076923,ED_DANGEROUS,1,iso_forest
Oslo,Norway,9.0,9.0,1,3.0,ED_VERY_SAFE,1,iso_forest
Doha,Qatar,37.0,39.0,4,77.29166666666667,ED_VERY_DANGEROUS,1,iso_forest
Riyadh,Saudi Arabia,44.0,46.2,2,55.0,ED_DANGEROUS,1,iso_forest
Khartoum,Sudan,42.6,43.9,2,52.34615384615385,ED_CAUTION,1,iso_forest
Damascus,Syria,41.0,41.4,2,48.46153846153846,ED_CAUTION,1,iso_forest
New Delhi,India,40.0,40.0,2,36.333333333333336,ED_CAUTION,1,iso_forest
Kampala,Uganda,27.0,30.2,1,14.599999999999998,ED_VERY_SAFE,1,lof
Abu Dhabi,United Arab Emirates,39.0,41.0,2,47.0,ED_CAUTION,1,iso_forest
Yerevan,Armenia,34.2,34.2,1,24.66666666666667,ED_MODERATE_SAFE,1,lof
Manama,Bahrain,36.2,46.9,4,86.4326923076923,ED_VERY_DANGEROUS,1,iso_forest
Belmopan,Belize,29.2,34.3,1,24.83333333333333,ED_MODERATE_SAFE,1,lof
Porto-Novo,Benin,31.1,39.8,1,34.0,ED_MODERATE_SAFE,1,hot_but_safe
Santiago,Chile,9.2,9.4,6,56.0,ED_DANGEROUS,1,iso_forest
Roseau,Dominica,31.1,38.4,1,31.666666666666664,ED_MODERATE_SAFE,1,hot_but_safe
Cairo,Egypt,42.4,43.6,2,52.0,ED_CAUTION,1,iso_forest
Malabo,Equatorial Guinea,29.3,36.7,1,28.83333333333334,ED_MODERATE_SAFE,1,lof
Baghdad,Iraq,45.4,48.6,1,50.769230769230774,ED_CAUTION,1,iso_forest
Kuwait City,Kuwait,43.6,49.3,3,67.57692307692307,ED_DANGEROUS,1,iso_forest
Basseterre,Saint Kitts and Nevis,31.4,39.1,1,34.333333333333336,ED_MODERATE_SAFE,1,hot_but_safe
Santiago,Chile,9.2,9.4,6,54.0,ED_CAUTION,1,iso_forest
Oslo,Norway,10.3,10.3,1,3.0,ED_VERY_SAFE,1,iso_forest
Port Moresby,Papua New Guinea,26.1,29.9,1,8.699999999999996,ED_VERY_SAFE,1,lof
Basseterre,Saint Kitts and Nevis,31.3,39.0,1,34.16666666666667,ED_MODERATE_SAFE,1,hot_but_safe
Riyadh,Saudi Arabia,43.3,45.1,2,53.73076923076923,ED_CAUTION,1,iso_forest
Seoul,South Korea,19.3,19.3,2,8.0,ED_VERY_SAFE,1,lof
Khartoum,Sudan,41.0,41.4,3,59.46153846153846,ED_DANGEROUS,1,iso_forest
Stockholm,Sweden,15.1,15.1,1,3.0,ED_VERY_SAFE,1,lof
Montevideo,Uruguay,21.3,21.3,2,15.5,ED_MODERATE_SAFE,1,lof
Saint John's,Antigua and Barbuda,31.3,38.2,1,32.83333333333334,ED_MODERATE_SAFE,1,hot_but_safe
Bangui,Central African Republic,31.2,39.9,1,34.166666666666664,ED_MODERATE_SAFE,1,hot_but_safe
Malabo,Equatorial Guinea,30.4,38.6,1,32.0,ED_MODERATE_SAFE,1,hot_but_safe
Podgorica,Montenegro,32.3,39.0,1,34.16666666666667,ED_MODERATE_SAFE,1,hot_but_safe
Mbabane,Swaziland,15.8,15.8,1,6.0,ED_VERY_SAFE,1,lof
Helsinki,Finland,12.0,12.0,1,3.0,ED_VERY_SAFE,1,iso_forest
Bissau,Guinea-Bissau,35.1,48.6,1,46.269230769230774,ED_CAUTION,1,lof
Budapest,Hungary,22.1,24.6,1,5.0,ED_VERY_SAFE,1,lof
New Delhi,India,40.4,40.5,2,37.16666666666667,ED_CAUTION,1,iso_forest
Baghdad,Iraq,45.1,48.1,2,58.19230769230769,ED_DANGEROUS,1,iso_forest
Tokyo,Japan,21.2,21.2,1,0.0,ED_VERY_SAFE,1,lof
Nan,Thailand,29.1,38.2,1,25.33333333333334,ED_MODERATE_SAFE,1,hot_but_safe
Maputo,Mozambique,20.0,20.0,1,7.5,ED_VERY_SAFE,1,lof
Oslo,Norway,10.3,10.3,1,5.0,ED_VERY_SAFE,1,iso_forest
Maputo,Mozambique,22.1,24.3,1,7.5,ED_VERY_SAFE,1,lof
Port Louis,Mauritius,22.1,24.6,1,0.0,ED_VERY_SAFE,1,lof
Pyongyang,North Korea,18.4,18.4,2,8.0,ED_VERY_SAFE,1,lof
Buenos Aires,Argentina,23.4,25.2,2,15.5,ED_MODERATE_SAFE,1,lof
Bucharest,Romania,17.3,17.3,1,6.0,ED_VERY_SAFE,1,lof
Castries,Saint Lucia,31.1,38.3,1,31.499999999999996,ED_MODERATE_SAFE,1,hot_but_safe
Kingstown,Saint Vincent and the Grenadines,31.1,39.9,1,34.166666666666664,ED_MODERATE_SAFE,1,hot_but_safe
Riyadh,Saudi Arabia,44.1,46.4,2,55.230769230769226,ED_DANGEROUS,1,iso_forest
Seoul,South Korea,18.2,18.2,2,8.0,ED_VERY_SAFE,1,lof
Madrid,Spain,16.2,16.2,1,7.5,ED_VERY_SAFE,1,lof
Khartoum,Sudan,42.9,44.4,3,62.92307692307692,ED_DANGEROUS,1,iso_forest
Paramaribo,Suriname,29.1,31.9,1,23.699999999999996,ED_MODERATE_SAFE,1,lof
Abu Dhabi,United Arab Emirates,35.3,47.2,3,64.15384615384616,ED_DANGEROUS,1,iso_forest
Saint John's,Antigua and Barbuda,31.3,38.6,1,33.5,ED_MODERATE_SAFE,1,hot_but_safe
Bandar Seri Begawan,Brunei Darussalam,29.4,36.3,1,22.166666666666664,ED_MODERATE_SAFE,1,lof
Kuwait City,Kuwait,40.3,47.2,3,65.15384615384616,ED_DANGEROUS,1,iso_forest
N'djamena,Chad,41.4,42.0,2,50.15384615384615,ED_CAUTION,1,iso_forest
Santiago,Chile,9.3,9.5,6,55.0,ED_DANGEROUS,1,iso_forest
Nicosia,Cyprus,34.3,34.8,2,36.666666666666664,ED_CAUTION,1,lof
Santo Domingo,Dominican Republic,30.3,35.9,2,35.5,ED_CAUTION,1,lof
San Salvador,El Salvador,23.1,25.2,2,14.0,ED_VERY_SAFE,1,lof
Saint George's,Grenada,31.2,38.7,1,33.66666666666667,ED_MODERATE_SAFE,1,hot_but_safe
Bissau,Guinea-Bissau,35.2,48.2,1,45.80769230769231,ED_CAUTION,1,lof
New Delhi,India,39.3,39.3,2,35.166666666666664,ED_CAUTION,1,iso_forest
Baghdad,Iraq,45.4,48.7,2,58.88461538461539,ED_DANGEROUS,1,iso_forest
Tokyo,Japan,22.4,24.7,1,0.0,ED_VERY_SAFE,1,lof
Bangui,Central African Republic,33.0,39.1,1,32.833333333333336,ED_MODERATE_SAFE,1,hot_but_safe
Santiago,Chile,10.1,10.2,6,55.0,ED_DANGEROUS,1,iso_forest
Cairo,Egypt,42.4,43.6,2,52.0,ED_CAUTION,1,iso_forest
Abu Dhabi,United Arab Emirates,37.1,39.1,3,53.833333333333336,ED_CAUTION,1,iso_forest
Podgorica,Montenegro,38.2,45.6,1,44.30769230769231,ED_CAUTION,1,lof
Yaren,Turkey,33.3,33.7,1,26.83333333333334,ED_MODERATE_SAFE,1,lof
Pyongyang,North Korea,23.9,25.3,2,8.0,ED_VERY_SAFE,1,lof
Oslo,Norway,13.2,13.2,1,6.0,ED_VERY_SAFE,1,iso_forest
Muscat,Oman,37.2,44.4,2,51.92307692307692,ED_CAUTION,1,iso_forest
Islamabad,Pakistan,29.7,29.7,2,22.099999999999998,ED_MODERATE_SAFE,1,lof
Doha,Qatar,39.3,45.8,3,63.53846153846153,ED_DANGEROUS,1,iso_forest
Riyadh,Saudi Arabia,45.3,48.5,2,57.65384615384615,ED_DANGEROUS,1,iso_forest
Seoul,South Korea,24.2,25.1,2,8.0,ED_VERY_SAFE,1,lof
Damascus,Syria,39.1,39.1,1,36.833333333333336,ED_CAUTION,1,iso_forest
Saint John's,Antigua and Barbuda,30.4,37.8,1,24.666666666666664,ED_MODERATE_SAFE,1,lof
Nan,Thailand,30.2,39.7,1,27.83333333333334,ED_MODERATE_SAFE,1,hot_but_safe
Manama,Bahrain,39.4,48.3,4,89.04807692307692,ED_VERY_DANGEROUS,1,iso_forest
Dhaka,Bangladesh,30.6,36.8,1,22.999999999999996,ED_MODERATE_SAFE,1,lof
Bridgetown,Barbados,30.0,38.0,1,25.0,ED_MODERATE_SAFE,1,lof
Belmopan,Belize,30.3,42.9,1,37.19230769230769,ED_CAUTION,1,lof
Bandar Seri Begawan,Brunei Darussalam,26.1,30.3,1,9.900000000000002,ED_VERY_SAFE,1,lof
Malabo,Equatorial Guinea,30.0,38.6,1,32.0,ED_MODERATE_SAFE,1,hot_but_safe
Banjul,Gambia,33.4,47.4,3,62.88461538461538,ED_DANGEROUS,1,lof
Accra,Ghana,31.1,39.3,1,33.166666666666664,ED_MODERATE_SAFE,1,hot_but_safe
Baghdad,Iraq,49.1,51.1,2,61.65384615384615,ED_DANGEROUS,1,iso_forest
Tokyo,Japan,25.2,26.8,1,0.0,ED_VERY_SAFE,1,lof
Nouakchott,Mauritania,33.9,33.9,5,83.22916666666666,ED_VERY_DANGEROUS,1,iso_forest
Kuwait City,Kuwait,47.2,49.2,2,58.46153846153847,ED_DANGEROUS,1,iso_forest
Nan,Thailand,32.4,49.2,1,39.46153846153847,ED_CAUTION,1,lof
Montevideo,Uruguay,12.7,12.7,3,23.0,ED_MODERATE_SAFE,1,lof
Monrovia,Liberia,30.4,38.9,1,32.5,ED_MODERATE_SAFE,1,hot_but_safe
Nan,Thailand,31.2,45.3,1,34.96153846153846,ED_MODERATE_SAFE,1,hot_but_safe
Pyongyang,North Korea,22.6,24.8,1,0.0,ED_VERY_SAFE,1,lof
Muscat,Oman,40.1,42.1,2,49.269230769230774,ED_CAUTION,1,iso_forest
Doha,Qatar,41.1,43.8,4,84.85576923076923,ED_VERY_DANGEROUS,1,iso_forest
Riyadh,Saudi Arabia,45.1,48.1,2,57.19230769230769,ED_DANGEROUS,1,iso_forest
Seoul,South Korea,24.2,25.1,2,8.0,ED_VERY_SAFE,1,lof
Damascus,Syria,39.6,39.6,1,37.66666666666667,ED_CAUTION,1,iso_forest
Nuku`Aloia,Tonga,24.1,26.1,1,0.0,ED_VERY_SAFE,1,lof
Abu Dhabi,United Arab Emirates,34.7,44.3,4,83.4326923076923,ED_VERY_DANGEROUS,1,iso_forest
Buenos Aires,Argentina,15.4,15.4,1,4.0,ED_VERY_SAFE,1,lof
Baghdad,Iraq,48.4,50.4,2,60.84615384615384,ED_DANGEROUS,1,iso_forest
Manama,Bahrain,41.3,43.3,3,60.65384615384615,ED_DANGEROUS,1,iso_forest
Bandar Seri Begawan,Brunei Darussalam,26.4,30.3,1,9.900000000000002,ED_VERY_SAFE,1,lof
Ngaoundere,Cameroon,28.4,28.4,1,13.199999999999996,ED_VERY_SAFE,1,lof
Santiago,Chile,7.1,7.1,2,11.0,ED_VERY_SAFE,1,lof
Beijing,China,21.2,21.2,4,32.0,ED_MODERATE_SAFE,1,lof
Djibouti,Djibouti,45.0,47.0,2,53.92307692307692,ED_CAUTION,1,iso_forest
San Salvador,El Salvador,23.2,25.8,1,5.0,ED_VERY_SAFE,1,lof
Georgetown,Guyana,29.3,39.1,1,31.833333333333336,ED_MODERATE_SAFE,1,hot_but_safe
Vestmannaeyjar,Iceland,9.0,9.0,1,0.0,ED_VERY_SAFE,1,iso_forest
New Delhi,India,31.1,31.1,2,20.300000000000004,ED_MODERATE_SAFE,1,lof
Kuwait City,Kuwait,47.8,49.8,2,59.153846153846146,ED_DANGEROUS,1,iso_forest
Chi Chi Khvar,Iran,32.1,32.1,1,24.16666666666667,ED_MODERATE_SAFE,1,iso_forest
New Delhi,India,42.0,43.0,2,40.30769230769231,ED_CAUTION,1,iso_forest
Bangkok,Thailand,32.4,38.1,2,33.16666666666667,ED_MODERATE_SAFE,1,hot_but_safe
Maputo,Mozambique,24.3,25.5,1,6.0,ED_VERY_SAFE,1,lof
Pyongyang,North Korea,20.9,20.9,3,18.0,ED_MODERATE_SAFE,1,lof
Muscat,Oman,34.3,42.5,3,58.730769230769226,ED_DANGEROUS,1,iso_forest
Manila,Philippines,27.2,30.6,1,10.800000000000004,ED_VERY_SAFE,1,lof
Doha,Qatar,41.1,46.6,3,64.46153846153845,ED_DANGEROUS,1,iso_forest
Castries,Saint Lucia,31.2,40.1,1,34.5,ED_MODERATE_SAFE,1,hot_but_safe
Kingstown,Saint Vincent and the Grenadines,30.3,39.0,1,32.66666666666667,ED_MODERATE_SAFE,1,hot_but_safe
Riyadh,Saudi Arabia,45.2,48.3,2,57.42307692307692,ED_DANGEROUS,1,iso_forest
Mogadishu,Somalia,24.1,26.0,1,6.0,ED_VERY_SAFE,1,lof
Seoul,South Korea,25.2,27.9,2,10.699999999999996,ED_VERY_SAFE,1,lof
Abu Dhabi,United Arab Emirates,41.4,43.4,4,82.39423076923077,ED_VERY_DANGEROUS,1,iso_forest
Astana,Kazakhstan,30.1,30.1,1,16.800000000000004,ED_MODERATE_SAFE,1,lof
Tirana,Albania,33.1,38.9,1,34.0,ED_MODERATE_SAFE,1,hot_but_safe
Manama,Bahrain,38.4,40.4,3,57.0,ED_DANGEROUS,1,iso_forest
Sarajevo,Bosnia and Herzegovina,31.1,41.4,1,35.46153846153846,ED_CAUTION,1,lof
Santiago,Chile,7.0,7.0,6,53.0,ED_CAUTION,1,iso_forest
Roseau,Dominica,30.4,38.1,1,31.16666666666667,ED_MODERATE_SAFE,1,hot_but_safe
Cairo,Egypt,39.3,39.3,1,38.166666666666664,ED_CAUTION,1,iso_forest
Accra,Ghana,31.1,39.3,1,34.666666666666664,ED_MODERATE_SAFE,1,hot_but_safe
Bissau,Guinea-Bissau,31.1,38.2,1,32.83333333333334,ED_MODERATE_SAFE,1,hot_but_safe
Baghdad,Iraq,42.2,43.3,1,43.65384615384615,ED_CAUTION,1,iso_forest
Tokyo,Japan,25.0,26.6,2,8.0,ED_VERY_SAFE,1,lof
Kuwait City,Kuwait,45.4,47.4,3,66.38461538461539,ED_DANGEROUS,1,iso_forest
Tokyo,Japan,23.1,25.3,1,0.0,ED_VERY_SAFE,1,lof
Pyongyang,North Korea,21.6,21.6,2,8.0,ED_VERY_SAFE,1,lof
Abu Dhabi,United Arab Emirates,37.0,39.0,4,76.29166666666667,ED_VERY_DANGEROUS,1,iso_forest
Muscat,Oman,38.0,40.0,3,56.333333333333336,ED_DANGEROUS,1,iso_forest
Manila,Philippines,28.4,33.1,2,24.833333333333336,ED_MODERATE_SAFE,1,lof
Doha,Qatar,37.1,40.3,3,56.83333333333333,ED_DANGEROUS,1,iso_forest
Basseterre,Saint Kitts and Nevis,31.4,40.1,1,34.5,ED_MODERATE_SAFE,1,hot_but_safe
Kingstown,Saint Vincent and the Grenadines,27.5,31.8,1,14.400000000000002,ED_VERY_SAFE,1,lof
Apia,Samoa,29.0,32.4,1,15.666666666666664,ED_MODERATE_SAFE,1,lof
Riyadh,Saudi Arabia,45.4,48.6,2,57.769230769230774,ED_DANGEROUS,1,iso_forest
Seoul,South Korea,24.3,27.0,2,8.0,ED_VERY_SAFE,1,lof
Khartoum,Sudan,41.6,42.4,2,50.61538461538461,ED_CAUTION,1,iso_forest
Dushanbe,Tajikistan,32.2,32.2,1,21.333333333333336,ED_MODERATE_SAFE,1,lof
Montevideo,Uruguay,17.1,17.1,3,23.0,ED_MODERATE_SAFE,1,lof
Baghdad,Iraq,45.1,48.1,2,57.19230769230769,ED_DANGEROUS,1,iso_forest
Port Vila,Vanuatu,23.7,25.5,1,0.0,ED_VERY_SAFE,1,lof
Sanaa,Yemen,29.4,29.4,2,22.699999999999996,ED_MODERATE_SAFE,1,lof
Manama,Bahrain,38.1,40.1,3,56.5,ED_DANGEROUS,1,iso_forest
Ottawa,Canada,20.2,20.2,1,4.0,ED_VERY_SAFE,1,lof
N'djamena,Chad,39.1,40.4,1,39.0,ED_CAUTION,1,iso_forest
Santiago,Chile,5.0,5.0,6,54.0,ED_CAUTION,1,iso_forest
Roseau,Dominica,32.4,44.3,1,39.80769230769231,ED_CAUTION,1,lof
San Salvador,El Salvador,26.0,30.4,1,15.199999999999996,ED_MODERATE_SAFE,1,lof
Vestmannaeyjar,Iceland,9.4,9.4,1,0.0,ED_VERY_SAFE,1,lof
New Delhi,India,33.1,33.1,3,34.833333333333336,ED_MODERATE_SAFE,1,lof
Bishkek,Kyrghyzstan,30.6,30.6,2,27.800000000000004,ED_MODERATE_SAFE,1,lof
Kuwait City,Kuwait,41.8,42.6,2,50.84615384615385,ED_CAUTION,1,iso_forest
New Delhi,India,40.1,40.6,2,37.333333333333336,ED_CAUTION,1,iso_forest
Tegucigalpa,Honduras,20.3,20.3,1,4.0,ED_VERY_SAFE,1,lof
Nan,Thailand,30.1,41.4,1,30.46153846153846,ED_MODERATE_SAFE,1,hot_but_safe
Islamabad,Pakistan,41.6,42.4,2,50.61538461538461,ED_CAUTION,1,iso_forest
Apia,Samoa,27.9,31.5,1,13.5,ED_VERY_SAFE,1,lof
Riyadh,Saudi Arabia,42.4,43.7,1,44.11538461538462,ED_CAUTION,1,iso_forest
Khartoum,Sudan,40.4,40.7,2,48.50000000000001,ED_CAUTION,1,iso_forest
Nuku`Aloia,Tonga,25.2,27.6,1,1.8000000000000043,ED_VERY_SAFE,1,lof
Saint John's,Antigua and Barbuda,30.1,37.0,1,23.333333333333336,ED_MODERATE_SAFE,1,lof
Manama,Bahrain,38.3,40.3,3,55.83333333333333,ED_DANGEROUS,1,iso_forest
Nicosia,Cyprus,34.1,41.1,1,37.61538461538461,ED_CAUTION,1,lof
San Salvador,El Salvador,21.4,21.4,1,5.0,ED_VERY_SAFE,1,lof
Tehran,Iran,35.0,35.0,1,29.0,ED_MODERATE_SAFE,1,lof
Tokyo,Japan,26.2,28.0,1,3.0,ED_VERY_SAFE,1,lof
Baghdad,Iraq,46.7,48.7,2,58.88461538461539,ED_DANGEROUS,1,iso_forest
Kuwait City,Kuwait,46.1,48.1,4,89.8173076923077,ED_VERY_DANGEROUS,1,iso_forest
Valletta,Malta,32.3,39.6,4,75.79166666666667,ED_VERY_DANGEROUS,1,lof
Kathmandu,Nepal,23.6,25.2,3,18.0,ED_MODERATE_SAFE,1,lof
Islamabad,Pakistan,39.1,39.1,2,44.833333333333336,ED_CAUTION,1,iso_forest
Apia,Samoa,28.0,31.8,1,14.400000000000002,ED_VERY_SAFE,1,lof
Riyadh,Saudi Arabia,42.1,43.1,2,51.42307692307693,ED_CAUTION,1,iso_forest
Khartoum,Sudan,41.2,41.9,2,50.03846153846153,ED_CAUTION,1,iso_forest
Damascus,Syria,37.1,37.1,1,32.5,ED_MODERATE_SAFE,1,iso_forest
Nuku`Aloia,Tonga,25.0,27.5,1,1.5,ED_VERY_SAFE,1,lof
Kuwait City,Kuwait,39.0,40.8,3,57.666666666666664,ED_DANGEROUS,1,iso_forest
Baghdad,Iraq,46.6,48.6,2,58.769230769230774,ED_DANGEROUS,1,iso_forest
Vestmannaeyjar,Iceland,8.2,8.2,1,0.0,ED_VERY_SAFE,1,lof
Riyadh,Saudi Arabia,43.2,44.9,2,53.5,ED_CAUTION,1,iso_forest
Baghdad,Iraq,45.3,48.5,1,50.65384615384615,ED_CAUTION,1,iso_forest
Dublin,Ireland,13.9,13.9,1,3.0,ED_VERY_SAFE,1,lof
Tokyo,Japan,23.1,25.1,1,0.0,ED_VERY_SAFE,1,lof
Amman,Jordan,40.2,40.3,2,46.83333333333333,ED_CAUTION,1,iso_forest
Kuwait City,Kuwait,37.7,39.7,2,45.83333333333334,ED_CAUTION,1,iso_forest
Kathmandu,Nepal,26.3,26.6,3,18.0,ED_MODERATE_SAFE,1,lof
Port Moresby,Papua New Guinea,22.2,24.6,1,0.0,ED_VERY_SAFE,1,lof
Doha,Qatar,36.1,40.1,3,56.5,ED_DANGEROUS,1,iso_forest
Kingstown,Saint Vincent and the Grenadines,31.2,39.1,1,32.833333333333336,ED_MODERATE_SAFE,1,hot_but_safe
Apia,Samoa,27.9,31.6,1,13.800000000000004,ED_VERY_SAFE,1,lof
Khartoum,Sudan,41.1,41.6,2,49.69230769230769,ED_CAUTION,1,iso_forest
Tegucigalpa,Honduras,19.7,19.7,1,4.0,ED_VERY_SAFE,1,lof
Damascus,Syria,42.3,43.5,2,50.88461538461539,ED_CAUTION,1,iso_forest
Abu Dhabi,United Arab Emirates,40.3,42.3,4,81.125,ED_VERY_DANGEROUS,1,iso_forest
Montevideo,Uruguay,13.3,13.3,1,5.0,ED_VERY_SAFE,1,lof
Manama,Bahrain,36.2,45.7,3,62.42307692307693,ED_DANGEROUS,1,iso_forest
Dhaka,Bangladesh,30.8,38.0,2,33.0,ED_MODERATE_SAFE,1,lof
Santiago,Chile,6.1,6.1,6,54.0,ED_CAUTION,1,iso_forest
Cairo,Egypt,41.6,42.4,1,42.61538461538461,ED_CAUTION,1,iso_forest
San Salvador,El Salvador,21.3,21.3,2,13.0,ED_VERY_SAFE,1,lof
Banjul,Gambia,30.3,39.3,1,33.166666666666664,ED_MODERATE_SAFE,1,hot_but_safe
Bissau,Guinea-Bissau,32.3,39.0,1,34.16666666666667,ED_MODERATE_SAFE,1,hot_but_safe
Yerevan,Armenia,34.3,36.5,1,28.5,ED_MODERATE_SAFE,1,lof
Manama,Bahrain,35.4,40.9,4,80.45833333333333,ED_VERY_DANGEROUS,1,iso_forest
Dhaka,Bangladesh,27.4,32.3,1,15.499999999999995,ED_MODERATE_SAFE,1,lof
Doha,Qatar,41.5,44.5,3,63.03846153846154,ED_DANGEROUS,1,iso_forest
Cairo,Egypt,40.0,40.0,1,39.333333333333336,ED_CAUTION,1,iso_forest
San Salvador,El Salvador,20.1,20.1,1,5.0,ED_VERY_SAFE,1,lof
Guatemala City,Guatemala,16.8,16.8,3,22.0,ED_MODERATE_SAFE,1,lof
Kuwait City,Kuwait,49.2,51.2,2,60.769230769230774,ED_DANGEROUS,1,iso_forest
Monrovia,Liberia,31.0,40.1,1,34.5,ED_MODERATE_SAFE,1,hot_but_safe
Nan,Thailand,30.3,40.8,1,29.666666666666664,ED_MODERATE_SAFE,1,hot_but_safe
Niamey,Niger,41.0,42.9,2,51.19230769230769,ED_CAUTION,1,iso_forest
Muscat,Oman,39.3,41.3,2,48.34615384615384,ED_CAUTION,1,iso_forest
Islamabad,Pakistan,40.5,40.6,2,48.333333333333336,ED_CAUTION,1,iso_forest
Port Moresby,Papua New Guinea,22.9,25.1,1,0.0,ED_VERY_SAFE,1,lof
Riyadh,Saudi Arabia,43.7,45.7,2,54.42307692307693,ED_CAUTION,1,iso_forest
Ottawa,Canada,24.3,26.4,1,6.0,ED_VERY_SAFE,1,lof
Damascus,Syria,39.1,39.1,2,44.833333333333336,ED_CAUTION,1,iso_forest
Ashgabat,Turkmenistan,38.2,38.2,1,35.33333333333334,ED_CAUTION,1,iso_forest
Abu Dhabi,United Arab Emirates,41.2,43.2,2,49.53846153846154,ED_CAUTION,1,iso_forest
Montevideo,Uruguay,15.1,15.1,1,6.0,ED_VERY_SAFE,1,lof
Hanoi,Vietnam,29.3,35.4,3,38.666666666666664,ED_CAUTION,1,lof
Dhaka,Bangladesh,29.3,34.8,1,19.666666666666664,ED_MODERATE_SAFE,1,lof
Ottawa,Canada,25.3,27.4,1,8.699999999999996,ED_VERY_SAFE,1,lof
Santiago,Chile,7.1,7.1,6,54.0,ED_CAUTION,1,iso_forest
Beijing,China,27.2,27.2,5,45.599999999999994,ED_CAUTION,1,lof
Saint George's,Grenada,31.2,39.3,1,33.166666666666664,ED_MODERATE_SAFE,1,hot_but_safe
Santiago,Chile,8.0,8.0,6,54.0,ED_CAUTION,1,iso_forest
N'djamena,Chad,40.0,41.7,1,40.80769230769231,ED_CAUTION,1,iso_forest
Ottawa,Canada,29.2,36.7,2,38.33333333333334,ED_CAUTION,1,lof
Dhaka,Bangladesh,26.1,28.8,1,5.400000000000002,ED_VERY_SAFE,1,lof
Santiago,Chile,9.5,9.5,6,53.0,ED_CAUTION,1,iso_forest
Cairo,Egypt,39.9,39.9,1,38.166666666666664,ED_CAUTION,1,iso_forest
San Salvador,El Salvador,21.2,21.2,1,5.0,ED_VERY_SAFE,1,lof
Malabo,Equatorial Guinea,32.3,45.5,1,41.19230769230769,ED_CAUTION,1,lof
Accra,Ghana,31.2,38.3,1,31.499999999999996,ED_MODERATE_SAFE,1,hot_but_safe
Conakry,Guinea,29.4,37.3,1,28.83333333333333,ED_MODERATE_SAFE,1,lof
Port-Au-Prince,Haiti,28.2,30.1,2,23.300000000000004,ED_MODERATE_SAFE,1,lof
Baghdad,Iraq,47.4,49.4,2,59.69230769230769,ED_DANGEROUS,1,iso_forest
Kuwait City,Kuwait,41.6,44.2,2,52.69230769230769,ED_CAUTION,1,iso_forest
Podgorica,Montenegro,35.1,40.9,1,37.33333333333333,ED_CAUTION,1,lof
Kathmandu,Nepal,24.0,25.5,2,8.0,ED_VERY_SAFE,1,lof
Pyongyang,North Korea,22.1,24.6,2,8.0,ED_VERY_SAFE,1,lof
Skopje,Macedonia,36.3,37.2,1,32.66666666666667,ED_MODERATE_SAFE,1,lof
Muscat,Oman,39.0,48.6,2,56.769230769230774,ED_DANGEROUS,1,iso_forest
Islamabad,Pakistan,36.7,36.7,2,40.83333333333334,ED_CAUTION,1,lof
Doha,Qatar,40.0,43.8,2,51.230769230769226,ED_CAUTION,1,iso_forest
Riyadh,Saudi Arabia,44.0,46.2,2,55.0,ED_DANGEROUS,1,iso_forest
Khartoum,Sudan,40.3,41.3,3,59.34615384615384,ED_DANGEROUS,1,iso_forest
Dushanbe,Tajikistan,32.3,36.1,1,26.833333333333336,ED_MODERATE_SAFE,1,lof
Kabul,Afghanistan,26.3,26.3,1,7.5,ED_VERY_SAFE,1,lof
Manama,Bahrain,35.6,43.5,4,83.50961538461539,ED_VERY_DANGEROUS,1,iso_forest
Nicosia,Cyprus,41.0,41.9,1,41.03846153846153,ED_CAUTION,1,iso_forest
Santiago,Chile,9.0,9.1,6,55.0,ED_DANGEROUS,1,iso_forest
Nan,Thailand,29.2,39.2,1,27.000000000000007,ED_MODERATE_SAFE,1,hot_but_safe
Mogadishu,Somalia,31.0,39.6,1,33.66666666666667,ED_MODERATE_SAFE,1,hot_but_safe
Santiago,Chile,10.0,10.3,6,54.0,ED_CAUTION,1,iso_forest
Beijing,China,26.0,26.0,5,45.0,ED_CAUTION,1,lof
Georgetown,Guyana,31.0,40.3,1,34.83333333333333,ED_MODERATE_SAFE,1,hot_but_safe
New Delhi,India,37.0,37.0,4,63.958333333333336,ED_DANGEROUS,1,iso_forest
Tehran,Iran,19.0,19.0,2,13.0,ED_VERY_SAFE,1,lof
Felidhoo,Maldives,28.5,34.2,1,18.66666666666667,ED_MODERATE_SAFE,1,lof
Niamey,Niger,42.6,44.0,2,52.46153846153846,ED_CAUTION,1,iso_forest
Doha,Qatar,36.0,37.6,4,73.95833333333334,ED_DANGEROUS,1,iso_forest
Kingstown,Saint Vincent and the Grenadines,31.0,39.0,1,34.16666666666667,ED_MODERATE_SAFE,1,hot_but_safe
Riyadh,Saudi Arabia,41.0,41.4,2,49.46153846153846,ED_CAUTION,1,iso_forest
Seoul,South Korea,16.0,16.0,3,18.0,ED_MODERATE_SAFE,1,lof
Ottawa,Canada,20.0,20.0,1,6.0,ED_VERY_SAFE,1,lof
Khartoum,Sudan,42.9,44.5,2,53.03846153846154,ED_CAUTION,1,iso_forest
Manama,Bahrain,35.0,45.7,3,62.42307692307693,ED_DANGEROUS,1,iso_forest
Santiago,Chile,6.0,6.0,6,53.0,ED_CAUTION,1,iso_forest
Nicosia,Cyprus,29.0,29.0,2,21.5,ED_MODERATE_SAFE,1,lof
Malabo,Equatorial Guinea,31.0,40.1,1,34.5,ED_MODERATE_SAFE,1,hot_but_safe
New Delhi,India,37.0,37.0,4,63.958333333333336,ED_DANGEROUS,1,iso_forest
Kuwait City,Kuwait,43.1,45.3,2,52.96153846153846,ED_CAUTION,1,iso_forest
Muscat,Oman,41.0,48.8,3,67.0,ED_DANGEROUS,1,iso_forest
Meyungs,Palau,27.0,30.5,1,10.5,ED_VERY_SAFE,1,lof
Manila,Philippines,32.0,40.6,1,29.333333333333336,ED_MODERATE_SAFE,1,hot_but_safe
N'djamena,Chad,44.0,46.3,2,55.11538461538461,ED_DANGEROUS,1,iso_forest
Ouagadougou,Burkina Faso,41.5,42.5,2,50.730769230769226,ED_CAUTION,1,iso_forest
Basseterre,Saint Kitts and Nevis,29.0,33.7,1,23.83333333333334,ED_MODERATE_SAFE,1,lof
Juba,Sudan,40.6,40.8,2,48.666666666666664,ED_CAUTION,1,iso_forest
Cairo,Egypt,41.0,41.4,3,59.46153846153846,ED_DANGEROUS,1,iso_forest
Malabo,Equatorial Guinea,30.0,35.8,1,28.83333333333333,ED_MODERATE_SAFE,1,lof
Saint George's,Grenada,31.0,38.9,1,32.5,ED_MODERATE_SAFE,1,hot_but_safe
Bissau,Guinea-Bissau,38.0,47.3,1,46.26923076923077,ED_CAUTION,1,lof
New Delhi,India,40.0,40.0,2,36.333333333333336,ED_CAUTION,1,iso_forest
Kuwait City,Kuwait,37.6,37.7,3,52.50000000000001,ED_CAUTION,1,iso_forest
Bamako,Mali,42.0,43.0,3,61.30769230769231,ED_DANGEROUS,1,iso_forest
Niamey,Niger,42.9,44.4,2,52.92307692307692,ED_CAUTION,1,iso_forest
Port Moresby,Papua New Guinea,24.0,26.1,1,0.0,ED_VERY_SAFE,1,lof
Basseterre,Saint Kitts and Nevis,31.0,38.6,1,32.0,ED_MODERATE_SAFE,1,hot_but_safe
Khartoum,Sudan,41.6,42.4,2,50.61538461538461,ED_CAUTION,1,iso_forest
Khartoum,Sudan,41.6,42.4,2,50.61538461538461,ED_CAUTION,1,iso_forest
N'djamena,Chad,45.0,47.9,2,56.96153846153846,ED_DANGEROUS,1,iso_forest
Santiago,Chile,10.0,10.0,6,54.0,ED_CAUTION,1,iso_forest
Malabo,Equatorial Guinea,29.0,34.4,1,24.999999999999996,ED_MODERATE_SAFE,1,lof
Saint George's,Grenada,31.0,38.7,1,33.66666666666667,ED_MODERATE_SAFE,1,hot_but_safe
Tokyo,Japan,20.6,20.6,4,32.0,ED_MODERATE_SAFE,1,lof
Bamako,Mali,41.0,42.2,2,50.38461538461539,ED_CAUTION,1,iso_forest
Wellington,New Zealand,11.0,11.0,1,0.0,ED_VERY_SAFE,1,iso_forest
Niamey,Niger,42.0,43.0,2,51.30769230769231,ED_CAUTION,1,iso_forest
Riyadh,Saudi Arabia,41.0,41.4,2,49.46153846153846,ED_CAUTION,1,iso_forest
Juba,Sudan,41.0,41.5,2,49.57692307692308,ED_CAUTION,1,iso_forest
Doha,Qatar,37.0,37.5,3,52.16666666666667,ED_CAUTION,1,iso_forest
Riyadh,Saudi Arabia,41.0,41.4,2,48.46153846153846,ED_CAUTION,1,iso_forest
Yaounde,Cameroon,31.0,39.0,1,32.66666666666667,ED_MODERATE_SAFE,1,hot_but_safe
Malabo,Equatorial Guinea,31.0,39.5,1,33.5,ED_MODERATE_SAFE,1,hot_but_safe
New Delhi,India,42.0,43.0,2,40.30769230769231,ED_CAUTION,1,iso_forest
Kuwait City,Kuwait,40.2,43.2,3,60.53846153846154,ED_DANGEROUS,1,iso_forest
Valletta,Malta,26.0,28.2,5,54.599999999999994,ED_CAUTION,1,lof
Riyadh,Saudi Arabia,43.0,44.6,3,63.15384615384615,ED_DANGEROUS,1,iso_forest
Khartoum,Sudan,42.1,43.1,2,51.42307692307693,ED_CAUTION,1,iso_forest
Hanoi,Vietnam,27.0,32.1,2,23.16666666666667,ED_MODERATE_SAFE,1,lof
Canberra,Australia,2.0,2.0,2,8.0,ED_VERY_SAFE,1,lof
Dhaka,Bangladesh,27.4,31.3,1,12.900000000000002,ED_VERY_SAFE,1,lof
Praia,Cape Verde,30.0,34.1,1,24.500000000000004,ED_MODERATE_SAFE,1,lof
Phnom Penh,Cambodia,32.0,38.6,1,26.000000000000004,ED_MODERATE_SAFE,1,hot_but_safe
Saint George's,Grenada,31.0,39.3,1,34.666666666666664,ED_MODERATE_SAFE,1,hot_but_safe
Beijing,China,14.0,14.7,4,32.0,ED_MODERATE_SAFE,1,lof
Guatemala City,Guatemala,21.0,21.0,5,51.0,ED_CAUTION,1,lof
Kuwait City,Kuwait,39.2,39.2,2,45.00000000000001,ED_CAUTION,1,iso_forest
Kuala Lumpur,Malaysia,29.0,36.5,2,30.5,ED_MODERATE_SAFE,1,lof
Manila,Philippines,30.0,40.1,1,28.500000000000004,ED_MODERATE_SAFE,1,hot_but_safe
Riyadh,Saudi Arabia,43.0,44.6,2,53.15384615384615,ED_CAUTION,1,iso_forest
Seoul,South Korea,17.0,17.0,1,0.0,ED_VERY_SAFE,1,lof
Juba,Sudan,39.8,39.8,2,45.0,ED_CAUTION,1,iso_forest
Colombo,Sri Lanka,27.0,30.9,1,11.699999999999996,ED_VERY_SAFE,1,lof
Khartoum,Sudan,42.7,44.1,2,52.57692307692308,ED_CAUTION,1,iso_forest
Hanoi,Vietnam,31.0,40.6,3,47.333333333333336,ED_CAUTION,1,lof
Djibouti,Djibouti,37.0,47.0,2,53.92307692307692,ED_CAUTION,1,iso_forest
Santiago,Chile,9.0,9.1,6,54.0,ED_CAUTION,1,iso_forest
Honiara,Solomon Islands,26.0,29.4,1,7.199999999999996,ED_VERY_SAFE,1,lof
Baghdad,Iraq,39.0,39.0,2,45.66666666666667,ED_CAUTION,1,iso_forest
Seoul,South Korea,15.0,15.2,3,18.0,ED_MODERATE_SAFE,1,lof
Khartoum,Sudan,43.0,44.6,2,53.15384615384615,ED_CAUTION,1,iso_forest
Port Of Spain,Trinidad and Tobago,28.0,29.7,1,17.099999999999998,ED_MODERATE_SAFE,1,lof
Algiers,Algeria,34.0,41.5,1,36.57692307692308,ED_CAUTION,1,lof
Dhaka,Bangladesh,36.3,39.9,4,68.79166666666666,ED_DANGEROUS,1,iso_forest
Ouagadougou,Burkina Faso,41.0,41.5,1,41.57692307692308,ED_CAUTION,1,iso_forest
N'djamena,Chad,41.4,42.1,2,50.269230769230774,ED_CAUTION,1,iso_forest
Santiago,Chile,6.0,6.0,6,54.0,ED_CAUTION,1,iso_forest
Grindavik,Iceland,9.0,9.0,1,0.0,ED_VERY_SAFE,1,iso_forest
New Delhi,India,37.0,37.0,4,63.958333333333336,ED_DANGEROUS,1,iso_forest
Astana,Kazakhstan,6.0,6.0,1,0.0,ED_VERY_SAFE,1,iso_forest
Dhaka,Bangladesh,31.3,36.3,3,40.166666666666664,ED_CAUTION,1,lof
Niamey,Niger,42.8,44.3,2,52.80769230769231,ED_CAUTION,1,iso_forest
Muscat,Oman,40.0,46.0,2,52.76923076923077,ED_CAUTION,1,iso_forest
Doha,Qatar,39.0,39.1,2,44.833333333333336,ED_CAUTION,1,iso_forest
Moscow,Russia,21.0,21.0,1,5.0,ED_VERY_SAFE,1,lof
Kingstown,Saint Vincent and the Grenadines,31.0,38.7,1,32.16666666666667,ED_MODERATE_SAFE,1,hot_but_safe
Riyadh,Saudi Arabia,41.0,41.4,2,49.46153846153846,ED_CAUTION,1,iso_forest
Seoul,South Korea,16.0,16.0,3,18.0,ED_MODERATE_SAFE,1,lof
Colombo,Sri Lanka,28.0,33.1,1,16.833333333333336,ED_MODERATE_SAFE,1,lof
Khartoum,Sudan,41.3,41.9,2,49.03846153846153,ED_CAUTION,1,iso_forest
Bangkok,Thailand,30.0,38.7,2,34.16666666666667,ED_MODERATE_SAFE,1,hot_but_safe
N'djamena,Chad,44.0,46.2,2,55.0,ED_DANGEROUS,1,iso_forest
Phnom Penh,Cambodia,32.0,38.8,1,26.33333333333333,ED_MODERATE_SAFE,1,hot_but_safe
Belmopan,Belize,30.0,34.5,1,26.666666666666668,ED_MODERATE_SAFE,1,lof
Nuku`Aloia,Tonga,23.0,25.3,1,0.0,ED_VERY_SAFE,1,lof
Djibouti,Djibouti,35.0,47.6,1,46.61538461538461,ED_CAUTION,1,lof
Cairo,Egypt,32.0,32.0,1,24.0,ED_MODERATE_SAFE,1,lof
Accra,Ghana,31.0,38.1,1,32.66666666666667,ED_MODERATE_SAFE,1,hot_but_safe
Guatemala City,Guatemala,21.0,21.0,5,50.0,ED_CAUTION,1,lof
Conakry,Guinea,31.0,40.1,1,34.5,ED_MODERATE_SAFE,1,hot_but_safe
Vatican City,Vatican City,22.0,24.5,3,24.0,ED_MODERATE_SAFE,1,lof
Rome,Italy,22.0,24.5,3,24.0,ED_MODERATE_SAFE,1,lof
Niamey,Niger,40.0,40.9,3,58.83333333333333,ED_DANGEROUS,1,iso_forest
Riyadh,Saudi Arabia,41.0,41.4,2,49.46153846153846,ED_CAUTION,1,iso_forest
Juba,Sudan,37.5,37.5,2,42.16666666666667,ED_CAUTION,1,iso_forest
Bridgetown,Barbados,31.0,38.3,1,31.499999999999996,ED_MODERATE_SAFE,1,hot_but_safe
Santiago,Chile,2.0,2.0,6,54.015819356898845,ED_CAUTION,1,iso_forest
Thimphu,Bhutan,10.5,10.6,2,8.0,ED_VERY_SAFE,1,lof
Gaborone,Botswana,30.0,30.0,2,17.0,ED_MODERATE_SAFE,1,lof
Bandar Seri Begawan,Brunei Darussalam,27.0,31.6,1,13.800000000000004,ED_VERY_SAFE,1,lof
N'djamena,Chad,42.0,43.0,2,51.30769230769231,ED_CAUTION,1,iso_forest
Santiago,Chile,9.0,9.0,5,49.0,ED_CAUTION,1,iso_forest
Moroni,Comoros,25.6,28.0,1,3.0,ED_VERY_SAFE,1,lof
Djibouti,Djibouti,31.1,39.4,1,27.333333333333332,ED_MODERATE_SAFE,1,hot_but_safe
Roseau,Dominica,31.0,38.8,1,32.33333333333333,ED_MODERATE_SAFE,1,hot_but_safe
Cairo,Egypt,34.0,34.0,1,18.333333333333332,ED_MODERATE_SAFE,1,lof
Addis Ababa,Ethiopia,24.0,25.5,2,8.0,ED_VERY_SAFE,1,lof
Beijing,China,23.0,23.0,5,45.0,ED_CAUTION,1,lof
N'djamena,Chad,42.0,43.0,2,51.30769230769231,ED_CAUTION,1,iso_forest
Nairobi,Kenya,22.0,24.5,4,32.0,ED_MODERATE_SAFE,1,lof
Tokyo,Japan,24.0,25.3,2,14.0,ED_VERY_SAFE,1,lof
Manama,Bahrain,36.0,45.4,2,52.07692307692307,ED_CAUTION,1,lof
Bandar Seri Begawan,Brunei Darussalam,32.0,39.5,1,36.5,ED_CAUTION,1,lof
Santiago,Chile,1.0,1.0,5,46.75630105066933,ED_CAUTION,1,iso_forest
Quito,Ecuador,11.9,12.1,2,8.0,ED_VERY_SAFE,1,lof
Guatemala City,Guatemala,20.0,20.0,4,32.0,ED_MODERATE_SAFE,1,lof
Vatican City,Vatican City,24.0,25.1,3,25.5,ED_MODERATE_SAFE,1,lof
New Delhi,India,42.0,43.0,2,51.30769230769231,ED_CAUTION,1,iso_forest
Jakarta,Indonesia,32.0,38.2,5,90.39583333333334,ED_VERY_DANGEROUS,1,iso_forest
Dublin,Ireland,14.0,14.0,1,5.0,ED_VERY_SAFE,1,lof
Rome,Italy,24.0,25.1,3,25.5,ED_MODERATE_SAFE,1,lof
Ulaanbaatar,Mongolia,27.0,27.0,1,5.0,ED_VERY_SAFE,1,lof
Bujumbura,Burundi,31.0,38.0,1,31.0,ED_MODERATE_SAFE,1,lof
Pyongyang,North Korea,19.0,19.0,1,5.0,ED_VERY_SAFE,1,lof
Meyungs,Palau,31.0,38.1,1,25.16666666666667,ED_MODERATE_SAFE,1,hot_but_safe
Lima,Peru,16.6,16.6,1,0.0,ED_VERY_SAFE,1,lof
Riyadh,Saudi Arabia,39.0,39.0,3,54.66666666666667,ED_CAUTION,1,iso_forest
Mogadishu,Somalia,30.0,35.5,1,28.333333333333336,ED_MODERATE_SAFE,1,lof
Nuku`Aloia,Tonga,23.0,25.2,1,0.0,ED_VERY_SAFE,1,lof
Funafuti,Tuvalu,26.0,28.4,1,4.199999999999996,ED_VERY_SAFE,1,lof
Gaborone,Botswana,29.0,29.0,1,15.0,ED_MODERATE_SAFE,1,lof
Bandar Seri Begawan,Brunei Darussalam,27.0,31.3,1,12.900000000000002,ED_VERY_SAFE,1,lof
Ouagadougou,Burkina Faso,24.0,24.0,1,9.0,ED_VERY_SAFE,1,lof
Saint George's,Grenada,31.0,38.4,1,31.666666666666664,ED_MODERATE_SAFE,1,hot_but_safe
Niamey,Niger,40.0,40.0,3,57.333333333333336,ED_DANGEROUS,1,iso_forest
Saint John's,Antigua and Barbuda,31.0,38.4,1,33.166666666666664,ED_MODERATE_SAFE,1,hot_but_safe
Banjul,Gambia,33.0,40.5,1,36.66666666666667,ED_CAUTION,1,lof
Colombo,Sri Lanka,25.0,27.8,1,2.400000000000002,ED_VERY_SAFE,1,lof
Khartoum,Sudan,42.5,43.8,2,52.230769230769226,ED_CAUTION,1,iso_forest
Hanoi,Vietnam,29.0,37.9,1,24.833333333333332,ED_MODERATE_SAFE,1,lof
Buenos Aires,Argentina,10.0,10.3,1,5.0,ED_VERY_SAFE,1,lof
Phnom Penh,Cambodia,32.0,38.2,1,25.33333333333334,ED_MODERATE_SAFE,1,hot_but_safe
Bangui,Central African Republic,30.0,38.6,1,32.0,ED_MODERATE_SAFE,1,hot_but_safe
N'djamena,Chad,42.2,43.4,2,51.76923076923077,ED_CAUTION,1,iso_forest
Santiago,Chile,3.0,3.0,6,55.0,ED_DANGEROUS,1,iso_forest
Roseau,Dominica,31.0,38.5,1,31.833333333333336,ED_MODERATE_SAFE,1,hot_but_safe
Suva,Fiji Islands,26.0,29.9,1,8.699999999999996,ED_VERY_SAFE,1,lof
Grindavik,Iceland,4.0,4.0,1,3.6804290137373172,ED_VERY_SAFE,1,iso_forest
Basseterre,Saint Kitts and Nevis,31.0,39.4,1,33.33333333333333,ED_MODERATE_SAFE,1,hot_but_safe
New Delhi,India,41.0,41.4,2,38.46153846153846,ED_CAUTION,1,iso_forest
Kuwait City,Kuwait,39.2,40.0,2,46.333333333333336,ED_CAUTION,1,iso_forest
Managua,Nicaragua,31.0,38.1,1,32.66666666666667,ED_MODERATE_SAFE,1,hot_but_safe
Niamey,Niger,42.7,44.2,3,62.69230769230769,ED_DANGEROUS,1,iso_forest
Islamabad,Pakistan,32.1,32.1,2,32.16666666666667,ED_MODERATE_SAFE,1,lof
Panama City,Panama,29.0,35.3,1,26.499999999999996,ED_MODERATE_SAFE,1,lof
Kigali,Rwanda,28.0,33.0,1,22.666666666666668,ED_MODERATE_SAFE,1,lof
Kingstown,Saint Vincent and the Grenadines,32.0,44.0,1,39.46153846153846,ED_CAUTION,1,lof
Juba,Sudan,40.3,40.4,2,48.0,ED_CAUTION,1,iso_forest
Khartoum,Sudan,44.1,46.4,2,55.230769230769226,ED_DANGEROUS,1,iso_forest
Kingstown,Saint Vincent and the Grenadines,32.0,42.6,1,37.84615384615385,ED_CAUTION,1,lof
Muscat,Oman,38.0,45.4,2,52.07692307692307,ED_CAUTION,1,iso_forest
Doha,Qatar,35.0,38.3,2,33.5,ED_MODERATE_SAFE,1,hot_but_safe
Ouagadougou,Burkina Faso,40.7,41.7,2,49.80769230769231,ED_CAUTION,1,iso_forest
Basseterre,Saint Kitts and Nevis,31.0,38.8,1,32.33333333333333,ED_MODERATE_SAFE,1,hot_but_safe
Kingstown,Saint Vincent and the Grenadines,31.0,40.0,1,34.333333333333336,ED_MODERATE_SAFE,1,hot_but_safe
Riyadh,Saudi Arabia,34.0,34.0,2,26.333333333333332,ED_MODERATE_SAFE,1,lof
Freetown,Sierra Leone,24.0,25.7,1,6.0,ED_VERY_SAFE,1,lof
Pretoria,South Africa,24.0,24.0,3,18.0,ED_MODERATE_SAFE,1,lof
Khartoum,Sudan,39.8,39.8,2,46.0,ED_CAUTION,1,iso_forest
Port Vila,Vanuatu,24.6,26.8,1,0.0,ED_VERY_SAFE,1,lof
Saint John's,Antigua and Barbuda,31.0,38.8,1,32.33333333333333,ED_MODERATE_SAFE,1,hot_but_safe
Bridgetown,Barbados,33.0,46.7,1,36.57692307692308,ED_CAUTION,1,lof
Belmopan,Belize,31.0,38.6,1,35.0,ED_CAUTION,1,lof
N'djamena,Chad,43.0,44.6,2,53.15384615384615,ED_CAUTION,1,iso_forest
Niamey,Niger,43.0,44.6,3,63.15384615384615,ED_DANGEROUS,1,iso_forest
Santiago,Chile,5.0,5.0,6,55.0,ED_DANGEROUS,1,iso_forest
Djibouti,Djibouti,35.0,51.1,1,50.65384615384615,ED_CAUTION,1,lof
Roseau,Dominica,34.0,49.9,1,46.26923076923077,ED_CAUTION,1,lof
Malabo,Equatorial Guinea,30.0,38.6,1,32.0,ED_MODERATE_SAFE,1,hot_but_safe
Banjul,Gambia,35.0,46.8,1,44.192307692307686,ED_CAUTION,1,lof
Saint George's,Grenada,32.0,39.2,1,33.00000000000001,ED_MODERATE_SAFE,1,hot_but_safe
Bissau,Guinea-Bissau,38.0,46.8,1,45.692307692307686,ED_CAUTION,1,lof
New Delhi,India,41.0,41.4,2,38.46153846153846,ED_CAUTION,1,iso_forest
Nan,Thailand,32.0,40.6,1,29.333333333333336,ED_MODERATE_SAFE,1,hot_but_safe
Valletta,Malta,31.0,39.3,4,73.79166666666666,ED_DANGEROUS,1,lof
Baku,Azerbaijan,20.0,20.0,2,14.0,ED_VERY_SAFE,1,lof
Bridgetown,Barbados,28.0,31.6,1,21.300000000000004,ED_MODERATE_SAFE,1,lof
Belmopan,Belize,31.0,39.4,1,33.33333333333333,ED_MODERATE_SAFE,1,hot_but_safe
Riyadh,Saudi Arabia,42.0,43.0,2,51.30769230769231,ED_CAUTION,1,iso_forest
Manama,Bahrain,34.0,40.0,2,45.333333333333336,ED_CAUTION,1,iso_forest
Bridgetown,Barbados,28.0,32.8,1,16.33333333333333,ED_MODERATE_SAFE,1,lof
Santiago,Chile,11.0,11.0,6,54.0,ED_CAUTION,1,iso_forest
New Delhi,India,40.0,40.0,2,36.333333333333336,ED_CAUTION,1,iso_forest
Kuwait City,Kuwait,42.0,43.0,4,82.9326923076923,ED_VERY_DANGEROUS,1,iso_forest
Oslo,Norway,12.0,12.3,1,6.0,ED_VERY_SAFE,1,lof
Doha,Qatar,41.0,43.4,2,50.76923076923077,ED_CAUTION,1,iso_forest
Basseterre,Saint Kitts and Nevis,30.0,38.3,1,31.499999999999996,ED_MODERATE_SAFE,1,hot_but_safe
Castries,Saint Lucia,27.0,30.3,1,15.900000000000002,ED_MODERATE_SAFE,1,lof
Kingstown,Saint Vincent and the Grenadines,27.0,30.4,1,16.199999999999996,ED_MODERATE_SAFE,1,lof
Juba,Sudan,39.9,39.9,3,56.166666666666664,ED_DANGEROUS,1,iso_forest
Port Vila,Vanuatu,25.0,27.4,1,1.1999999999999957,ED_VERY_SAFE,1,lof
Khartoum,Sudan,43.5,45.5,2,54.19230769230769,ED_CAUTION,1,iso_forest
Damascus,Syria,37.0,37.0,1,32.333333333333336,ED_MODERATE_SAFE,1,lof
Manama,Bahrain,35.0,42.7,2,48.96153846153847,ED_CAUTION,1,iso_forest
Bandar Seri Begawan,Brunei Darussalam,27.0,32.2,1,15.333333333333337,ED_MODERATE_SAFE,1,lof
N'djamena,Chad,42.0,43.1,2,51.42307692307693,ED_CAUTION,1,iso_forest
Santiago,Chile,12.0,12.2,6,55.0,ED_DANGEROUS,1,iso_forest
Nicosia,Cyprus,40.0,41.3,1,39.34615384615384,ED_CAUTION,1,lof
Roseau,Dominica,31.0,39.6,1,33.66666666666667,ED_MODERATE_SAFE,1,hot_but_safe
San Salvador,El Salvador,30.0,38.3,1,31.499999999999996,ED_MODERATE_SAFE,1,hot_but_safe
Saint George's,Grenada,31.0,40.3,1,34.83333333333333,ED_MODERATE_SAFE,1,hot_but_safe
Nassau,Bahamas,28.0,31.5,1,19.5,ED_MODERATE_SAFE,1,lof
Washington Harbor,United States of America,10.6,10.7,1,0.0,ED_VERY_SAFE,1,lof
Baghdad,Iraq,42.0,43.0,2,51.30769230769231,ED_CAUTION,1,iso_forest
Kuwait City,Kuwait,43.1,44.7,4,85.89423076923077,ED_VERY_DANGEROUS,1,iso_forest
Baku,Azerbaijan,23.0,24.9,2,14.0,ED_VERY_SAFE,1,lof
Nassau,Bahamas,29.0,32.3,1,21.499999999999993,ED_MODERATE_SAFE,1,lof
Dhaka,Bangladesh,31.6,38.6,1,26.000000000000004,ED_MODERATE_SAFE,1,hot_but_safe
N'djamena,Chad,41.0,42.0,2,49.15384615384615,ED_CAUTION,1,iso_forest
Santiago,Chile,8.0,8.0,6,55.0,ED_DANGEROUS,1,iso_forest
Santo Domingo,Dominican Republic,29.0,34.0,2,32.33333333333333,ED_MODERATE_SAFE,1,lof
Tbilisi,Georgia,23.0,24.9,1,5.0,ED_VERY_SAFE,1,lof
Saint George's,Grenada,31.0,40.0,1,34.333333333333336,ED_MODERATE_SAFE,1,hot_but_safe
Conakry,Guinea,31.0,38.2,1,32.83333333333334,ED_MODERATE_SAFE,1,hot_but_safe
Norman Gardens,Jamaica,32.0,49.9,1,45.26923076923077,ED_CAUTION,1,lof
Felidhoo,Maldives,28.7,35.1,1,20.16666666666667,ED_MODERATE_SAFE,1,lof
Abu Dhabi,United Arab Emirates,40.0,42.0,2,48.15384615384615,ED_CAUTION,1,iso_forest
Kathmandu,Nepal,21.0,21.0,3,18.0,ED_MODERATE_SAFE,1,lof
Oslo,Norway,14.0,14.2,1,6.0,ED_VERY_SAFE,1,lof
Muscat,Oman,41.0,43.0,2,50.30769230769231,ED_CAUTION,1,iso_forest
Manila,Philippines,31.0,39.4,5,83.39583333333333,ED_VERY_DANGEROUS,1,lof
Doha,Qatar,41.0,42.6,3,59.84615384615385,ED_DANGEROUS,1,iso_forest
Kigali,Rwanda,28.0,35.0,2,28.0,ED_MODERATE_SAFE,1,lof
Castries,Saint Lucia,31.0,38.8,1,32.33333333333333,ED_MODERATE_SAFE,1,hot_but_safe
Riyadh,Saudi Arabia,43.0,44.6,2,53.15384615384615,ED_CAUTION,1,iso_forest
Juba,Sudan,41.3,41.9,2,50.03846153846153,ED_CAUTION,1,iso_forest
Khartoum,Sudan,44.1,46.4,2,55.230769230769226,ED_DANGEROUS,1,iso_forest
New Delhi,India,40.0,40.0,2,36.333333333333336,ED_CAUTION,1,iso_forest
Kuwait City,Kuwait,41.1,41.5,3,59.57692307692308,ED_DANGEROUS,1,iso_forest
Gaborone,Botswana,27.0,27.0,3,27.0,ED_MODERATE_SAFE,1,lof
Kuwait City,Kuwait,45.2,48.3,2,57.42307692307692,ED_DANGEROUS,1,iso_forest
Porto-Novo,Benin,32.0,39.2,1,33.00000000000001,ED_MODERATE_SAFE,1,hot_but_safe
Santiago,Chile,11.0,11.4,6,55.0,ED_DANGEROUS,1,iso_forest
Nicosia,Cyprus,41.0,42.0,1,41.15384615384615,ED_CAUTION,1,iso_forest
Djibouti,Djibouti,36.0,44.6,3,61.15384615384615,ED_DANGEROUS,1,iso_forest
Roseau,Dominica,31.0,39.5,1,33.5,ED_MODERATE_SAFE,1,hot_but_safe
Santo Domingo,Dominican Republic,30.0,36.9,2,37.166666666666664,ED_CAUTION,1,lof
Saint George's,Grenada,31.0,39.1,1,32.833333333333336,ED_MODERATE_SAFE,1,hot_but_safe
Bissau,Guinea-Bissau,36.0,48.6,1,47.769230769230774,ED_CAUTION,1,lof
New Delhi,India,41.0,41.4,4,71.08653846153845,ED_DANGEROUS,1,iso_forest
Baghdad,Iraq,43.0,44.6,1,45.15384615384615,ED_CAUTION,1,iso_forest
Beirut,Lebanon,25.8,27.2,2,16.099999999999998,ED_MODERATE_SAFE,1,lof
Khartoum,Sudan,43.6,45.6,2,54.30769230769231,ED_CAUTION,1,iso_forest
Monrovia,Liberia,31.0,39.7,1,33.83333333333334,ED_MODERATE_SAFE,1,hot_but_safe
Valletta,Malta,24.0,25.8,4,38.0,ED_CAUTION,1,lof
Muscat,Oman,37.0,47.8,2,55.84615384615384,ED_DANGEROUS,1,iso_forest
Panama City,Panama,30.0,39.0,1,32.66666666666667,ED_MODERATE_SAFE,1,hot_but_safe
Castries,Saint Lucia,31.0,38.1,1,32.66666666666667,ED_MODERATE_SAFE,1,hot_but_safe
Kingstown,Saint Vincent and the Grenadines,31.0,39.9,1,34.166666666666664,ED_MODERATE_SAFE,1,hot_but_safe
Riyadh,Saudi Arabia,43.0,44.6,2,53.15384615384615,ED_CAUTION,1,iso_forest
Victoria,Seychelles Islands,28.0,32.9,1,23.999999999999996,ED_MODERATE_SAFE,1,lof
Khartoum,Sudan,43.5,45.4,3,64.07692307692307,ED_DANGEROUS,1,iso_forest
Saint John's,Antigua and Barbuda,31.0,38.2,1,31.33333333333334,ED_MODERATE_SAFE,1,hot_but_safe
Manama,Bahrain,39.0,41.0,3,57.0,ED_DANGEROUS,1,iso_forest
Juba,Sudan,40.2,40.2,2,47.66666666666667,ED_CAUTION,1,iso_forest
Bamako,Mali,40.0,40.0,2,47.333333333333336,ED_CAUTION,1,lof
N'djamena,Chad,41.0,41.4,3,59.46153846153846,ED_DANGEROUS,1,iso_forest
Palikir,Micronesia,26.0,28.6,1,4.800000000000004,ED_VERY_SAFE,1,lof
Doha,Qatar,39.0,39.2,2,45.00000000000001,ED_CAUTION,1,iso_forest
Riyadh,Saudi Arabia,42.0,43.0,2,51.30769230769231,ED_CAUTION,1,iso_forest
Juba,Sudan,40.2,40.2,2,47.66666666666667,ED_CAUTION,1,iso_forest
Khartoum,Sudan,44.0,46.2,2,55.0,ED_DANGEROUS,1,iso_forest
Damascus,Syria,39.0,39.0,1,36.66666666666667,ED_CAUTION,1,iso_forest
Montevideo,Uruguay,10.0,10.0,1,5.0,ED_VERY_SAFE,1,lof
Bridgetown,Barbados,28.0,32.7,1,16.16666666666667,ED_MODERATE_SAFE,1,lof
Bandar Seri Begawan,Brunei Darussalam,29.0,37.6,1,24.333333333333336,ED_MODERATE_SAFE,1,lof
Bujumbura,Burundi,32.0,39.1,1,32.833333333333336,ED_MODERATE_SAFE,1,hot_but_safe
Santiago,Chile,10.0,10.3,6,56.0,ED_DANGEROUS,1,iso_forest
Riyadh,Saudi Arabia,43.0,44.6,2,53.15384615384615,ED_CAUTION,1,iso_forest
Santo Domingo,Dominican Republic,30.0,36.2,1,28.000000000000007,ED_MODERATE_SAFE,1,lof
Athens,Greece,38.0,38.2,1,34.33333333333334,ED_MODERATE_SAFE,1,hot_but_safe
Bissau,Guinea-Bissau,35.0,40.4,1,38.0,ED_CAUTION,1,lof
New Delhi,India,39.0,39.0,3,44.66666666666667,ED_CAUTION,1,iso_forest
Baghdad,Iraq,44.0,46.2,1,47.0,ED_CAUTION,1,iso_forest
Kuwait City,Kuwait,43.7,45.7,2,54.42307692307693,ED_CAUTION,1,iso_forest
Monrovia,Liberia,31.0,39.0,1,32.66666666666667,ED_MODERATE_SAFE,1,hot_but_safe
Niamey,Niger,40.0,42.0,2,50.15384615384615,ED_CAUTION,1,iso_forest
Oslo,Norway,11.0,11.0,1,5.0,ED_VERY_SAFE,1,iso_forest
Basseterre,Saint Kitts and Nevis,30.0,38.2,1,31.33333333333334,ED_MODERATE_SAFE,1,hot_but_safe
Abu Dhabi,United Arab Emirates,39.0,41.0,2,47.0,ED_CAUTION,1,iso_forest
Khartoum,Sudan,43.5,45.4,2,54.07692307692307,ED_CAUTION,1,iso_forest
Juba,Sudan,41.4,42.0,2,50.15384615384615,ED_CAUTION,1,iso_forest
Muscat,Oman,39.0,43.9,3,61.34615384615385,ED_DANGEROUS,1,iso_forest
Djibouti,Djibouti,40.0,42.0,3,58.15384615384615,ED_DANGEROUS,1,iso_forest
Saint George's,Grenada,31.0,38.1,1,31.16666666666667,ED_MODERATE_SAFE,1,hot_but_safe
Guatemala City,Guatemala,23.0,25.0,4,38.0,ED_CAUTION,1,lof
Conakry,Guinea,31.0,39.0,1,34.16666666666667,ED_MODERATE_SAFE,1,hot_but_safe
Georgetown,Guyana,30.0,39.1,1,32.833333333333336,ED_MODERATE_SAFE,1,hot_but_safe
New Delhi,India,41.0,41.4,2,38.46153846153846,ED_CAUTION,1,iso_forest
Baghdad,Iraq,41.0,41.4,2,49.46153846153846,ED_CAUTION,1,iso_forest
Kuwait City,Kuwait,42.0,43.0,3,60.30769230769231,ED_DANGEROUS,1,iso_forest
Nan,Thailand,30.0,40.3,1,28.83333333333333,ED_MODERATE_SAFE,1,hot_but_safe
Niamey,Niger,43.0,44.6,2,53.15384615384615,ED_CAUTION,1,iso_forest
Islamabad,Pakistan,34.0,34.0,1,27.333333333333332,ED_MODERATE_SAFE,1,lof
Santiago,Chile,7.0,7.0,6,55.0,ED_DANGEROUS,1,iso_forest
Doha,Qatar,39.0,39.4,2,45.33333333333333,ED_CAUTION,1,iso_forest
Basseterre,Saint Kitts and Nevis,31.0,39.5,1,33.5,ED_MODERATE_SAFE,1,hot_but_safe
Riyadh,Saudi Arabia,40.0,40.0,2,47.333333333333336,ED_CAUTION,1,iso_forest
Seoul,South Korea,16.0,16.0,2,8.0,ED_VERY_SAFE,1,lof
Juba,Sudan,40.5,40.7,2,48.50000000000001,ED_CAUTION,1,iso_forest
Khartoum,Sudan,42.1,43.2,2,51.53846153846154,ED_CAUTION,1,iso_forest
Hanoi,Vietnam,31.0,43.4,3,50.76923076923077,ED_CAUTION,1,lof
Kabul,Afghanistan,21.0,21.0,1,6.0,ED_VERY_SAFE,1,lof
Nassau,Bahamas,30.0,35.0,1,27.5,ED_MODERATE_SAFE,1,lof
Santiago,Chile,8.0,8.0,6,55.0,ED_DANGEROUS,1,iso_forest
Havana,Cuba,30.0,33.0,1,25.666666666666668,ED_MODERATE_SAFE,1,lof
N'djamena,Chad,44.0,46.2,2,55.0,ED_DANGEROUS,1,iso_forest
Riyadh,Saudi Arabia,43.0,44.6,2,53.15384615384615,ED_CAUTION,1,iso_forest
Muscat,Oman,38.0,45.7,2,52.42307692307693,ED_CAUTION,1,iso_forest
Bujumbura,Burundi,31.0,38.3,1,31.499999999999996,ED_MODERATE_SAFE,1,hot_but_safe
Yaounde,Cameroon,30.0,39.3,1,33.166666666666664,ED_MODERATE_SAFE,1,hot_but_safe
N'djamena,Chad,43.0,44.6,2,53.15384615384615,ED_CAUTION,1,iso_forest
Santiago,Chile,7.0,7.0,6,55.0,ED_DANGEROUS,1,iso_forest
Beijing,China,18.0,18.0,3,18.0,ED_MODERATE_SAFE,1,lof
Saint George's,Grenada,31.0,38.8,1,32.33333333333333,ED_MODERATE_SAFE,1,hot_but_safe
Conakry,Guinea,31.0,39.8,1,34.0,ED_MODERATE_SAFE,1,hot_but_safe
Kuwait City,Kuwait,39.6,39.6,1,37.66666666666667,ED_CAUTION,1,iso_forest
Beirut,Lebanon,27.0,29.1,2,20.300000000000004,ED_MODERATE_SAFE,1,lof
Kathmandu,Nepal,24.0,26.4,2,8.0,ED_VERY_SAFE,1,lof
Doha,Qatar,40.0,41.2,2,48.23076923076923,ED_CAUTION,1,iso_forest
Yaounde,Cameroon,29.0,31.8,1,20.400000000000002,ED_MODERATE_SAFE,1,lof
Basseterre,Saint Kitts and Nevis,31.0,40.2,1,34.66666666666667,ED_MODERATE_SAFE,1,hot_but_safe
Singapore,Singapore,30.0,38.3,1,25.499999999999996,ED_MODERATE_SAFE,1,hot_but_safe
Pretoria,South Africa,24.0,24.0,3,25.5,ED_MODERATE_SAFE,1,lof
Juba,Sudan,40.3,40.3,2,47.83333333333333,ED_CAUTION,1,iso_forest
Khartoum,Sudan,41.8,42.6,2,50.84615384615385,ED_CAUTION,1,iso_forest
Nassau,Bahamas,30.0,35.0,1,26.0,ED_MODERATE_SAFE,1,lof
Dhaka,Bangladesh,29.4,37.6,3,42.333333333333336,ED_CAUTION,1,lof
Belmopan,Belize,31.0,42.7,1,37.96153846153847,ED_CAUTION,1,lof
Porto-Novo,Benin,32.0,39.0,1,34.16666666666667,ED_MODERATE_SAFE,1,hot_but_safe
Ouagadougou,Burkina Faso,39.0,39.2,2,46.00000000000001,ED_CAUTION,1,lof
Havana,Cuba,27.0,28.5,1,13.5,ED_VERY_SAFE,1,lof
Roseau,Dominica,31.0,38.3,1,31.499999999999996,ED_MODERATE_SAFE,1,hot_but_safe
Quito,Ecuador,16.0,16.0,4,38.0,ED_CAUTION,1,lof
Malabo,Equatorial Guinea,30.0,39.8,1,34.0,ED_MODERATE_SAFE,1,hot_but_safe
Muscat,Oman,40.0,48.1,2,56.19230769230769,ED_DANGEROUS,1,iso_forest
Islamabad,Pakistan,38.1,38.1,2,43.16666666666667,ED_CAUTION,1,iso_forest
Basseterre,Saint Kitts and Nevis,31.0,38.5,1,33.333333333333336,ED_MODERATE_SAFE,1,hot_but_safe
Castries,Saint Lucia,30.0,35.4,1,26.666666666666664,ED_MODERATE_SAFE,1,lof
Riyadh,Saudi Arabia,44.0,46.2,3,65.0,ED_DANGEROUS,1,iso_forest
Khartoum,Sudan,44.2,46.5,3,65.34615384615384,ED_DANGEROUS,1,iso_forest
Lom,Bulgaria,24.0,24.9,1,7.5,ED_VERY_SAFE,1,lof
Phnom Penh,Cambodia,27.0,29.1,1,6.300000000000004,ED_VERY_SAFE,1,lof
N'djamena,Chad,41.0,42.3,1,42.5,ED_CAUTION,1,lof
Santiago,Chile,8.0,8.0,6,55.0,ED_DANGEROUS,1,iso_forest
New Delhi,India,41.0,41.4,3,48.46153846153846,ED_CAUTION,1,iso_forest
Libreville,Gabon,31.0,38.1,1,31.16666666666667,ED_MODERATE_SAFE,1,hot_but_safe
Baghdad,Iraq,40.0,40.0,3,57.333333333333336,ED_DANGEROUS,1,iso_forest
Kuwait City,Kuwait,45.7,49.2,2,58.46153846153847,ED_DANGEROUS,1,iso_forest
Kuala Lumpur,Malaysia,26.0,29.3,2,14.900000000000002,ED_VERY_SAFE,1,lof
Felidhoo,Maldives,28.7,34.9,1,19.833333333333332,ED_MODERATE_SAFE,1,lof
Bamako,Mali,42.0,43.0,2,51.30769230769231,ED_CAUTION,1,iso_forest
Niamey,Niger,40.0,42.3,1,42.5,ED_CAUTION,1,iso_forest
Abuja,Nigeria,33.0,38.3,1,33.0,ED_MODERATE_SAFE,1,hot_but_safe
Muscat,Oman,42.0,44.0,2,51.46153846153846,ED_CAUTION,1,iso_forest
Basseterre,Saint Kitts and Nevis,31.0,39.5,1,33.5,ED_MODERATE_SAFE,1,hot_but_safe
San Marino,San Marino,25.0,25.8,1,6.0,ED_VERY_SAFE,1,lof
Kuala Lumpur,Malaysia,31.0,44.3,3,51.80769230769231,ED_CAUTION,1,lof
Nan,Thailand,31.0,39.0,1,26.666666666666668,ED_MODERATE_SAFE,1,hot_but_safe
Kuwait City,Kuwait,45.6,49.0,2,58.230769230769226,ED_DANGEROUS,1,iso_forest
Baghdad,Iraq,45.0,47.9,2,57.96153846153846,ED_DANGEROUS,1,iso_forest
Guatemala City,Guatemala,20.0,20.0,4,38.0,ED_CAUTION,1,lof
Conakry,Guinea,31.0,38.8,1,33.83333333333333,ED_MODERATE_SAFE,1,hot_but_safe
New Delhi,India,36.0,36.0,3,39.66666666666667,ED_CAUTION,1,iso_forest
Baghdad,Iraq,42.0,43.0,2,40.30769230769231,ED_CAUTION,1,iso_forest
Kuwait City,Kuwait,44.8,47.6,4,89.24038461538461,ED_VERY_DANGEROUS,1,iso_forest
Bamako,Mali,37.0,37.0,2,42.333333333333336,ED_CAUTION,1,lof
Port Louis,Mauritius,25.0,27.6,1,1.8000000000000043,ED_VERY_SAFE,1,lof
Niamey,Niger,41.0,42.1,2,50.269230769230774,ED_CAUTION,1,iso_forest
Muscat,Oman,39.0,47.0,3,64.92307692307692,ED_DANGEROUS,1,iso_forest
Islamabad,Pakistan,33.6,33.6,2,34.66666666666667,ED_MODERATE_SAFE,1,lof
Doha,Qatar,42.0,43.0,2,50.30769230769231,ED_CAUTION,1,iso_forest
Castries,Saint Lucia,31.0,38.6,1,32.0,ED_MODERATE_SAFE,1,hot_but_safe
Riyadh,Saudi Arabia,43.0,44.6,2,53.15384615384615,ED_CAUTION,1,iso_forest
Juba,Sudan,40.7,41.0,2,49.0,ED_CAUTION,1,iso_forest
Khartoum,Sudan,43.7,45.8,2,54.53846153846153,ED_CAUTION,1,iso_forest
Bangkok,Thailand,32.0,38.2,2,33.33333333333334,ED_MODERATE_SAFE,1,hot_but_safe
Dhaka,Bangladesh,32.4,39.7,1,27.83333333333334,ED_MODERATE_SAFE,1,hot_but_safe
Phnom Penh,Cambodia,28.0,32.3,2,23.499999999999993,ED_MODERATE_SAFE,1,lof
Santiago,Chile,8.0,8.0,6,54.0,ED_CAUTION,1,iso_forest
San Salvador,El Salvador,23.0,25.2,2,14.0,ED_VERY_SAFE,1,lof
Guatemala City,Guatemala,20.0,20.0,2,13.0,ED_VERY_SAFE,1,lof
Kuwait City,Kuwait,45.7,47.7,3,66.73076923076923,ED_DANGEROUS,1,iso_forest
Muscat,Oman,35.1,42.5,3,59.730769230769226,ED_DANGEROUS,1,iso_forest
Ulaanbaatar,Mongolia,10.6,10.7,1,3.0,ED_VERY_SAFE,1,lof
Montevideo,Uruguay,11.0,11.0,2,12.0,ED_VERY_SAFE,1,lof
Majuro,Marshall Islands,27.1,30.5,1,10.5,ED_VERY_SAFE,1,lof
Podgorica,Montenegro,39.3,42.4,1,40.61538461538461,ED_CAUTION,1,lof
Islamabad,Pakistan,38.5,41.1,3,58.11538461538461,ED_DANGEROUS,1,iso_forest
Koror,Palau,26.1,28.6,1,4.800000000000004,ED_VERY_SAFE,1,lof
Doha,Qatar,40.2,41.8,2,49.92307692307692,ED_CAUTION,1,iso_forest
Riyadh,Saudi Arabia,44.2,46.6,2,55.46153846153846,ED_DANGEROUS,1,iso_forest
Madrid,Spain,36.1,36.1,1,31.833333333333336,ED_MODERATE_SAFE,1,lof
Damascus,Syria,39.4,39.4,1,37.33333333333333,ED_CAUTION,1,iso_forest
Funafuti,Tuvalu,29.3,34.7,1,19.500000000000007,ED_MODERATE_SAFE,1,lof
Abu Dhabi,United Arab Emirates,34.2,46.5,3,63.34615384615385,ED_DANGEROUS,1,iso_forest
Saint John's,Antigua and Barbuda,29.2,33.9,1,24.166666666666664,ED_MODERATE_SAFE,1,lof
Kuwait City,Kuwait,44.3,46.8,2,55.692307692307686,ED_DANGEROUS,1,iso_forest
Yerevan,Armenia,25.0,25.2,1,7.5,ED_VERY_SAFE,1,lof
Manama,Bahrain,41.3,43.3,2,50.65384615384615,ED_CAUTION,1,iso_forest
Bandar Seri Begawan,Brunei Darussalam,30.2,38.4,1,25.666666666666664,ED_MODERATE_SAFE,1,hot_but_safe
N'djamena,Chad,30.4,40.1,1,33.5,ED_MODERATE_SAFE,1,hot_but_safe
Santiago,Chile,2.1,2.1,6,54.0,ED_CAUTION,1,iso_forest
Nicosia,Cyprus,39.3,39.5,1,37.5,ED_CAUTION,1,iso_forest
Djibouti,Djibouti,38.1,43.7,1,42.11538461538462,ED_CAUTION,1,iso_forest
Tbilisi,Georgia,25.4,25.4,1,7.5,ED_VERY_SAFE,1,lof
Bissau,Guinea-Bissau,31.3,39.7,1,33.83333333333334,ED_MODERATE_SAFE,1,hot_but_safe
New Delhi,India,36.4,41.1,4,80.74038461538461,ED_VERY_DANGEROUS,1,iso_forest
Valletta,Malta,36.1,49.0,2,54.730769230769226,ED_CAUTION,1,lof
Baghdad,Iraq,46.1,49.9,2,60.26923076923077,ED_DANGEROUS,1,iso_forest
Kuwait City,Kuwait,44.5,47.1,2,56.03846153846154,ED_DANGEROUS,1,iso_forest
Doha,Qatar,40.3,41.8,2,49.92307692307692,ED_CAUTION,1,iso_forest
New Delhi,India,31.1,32.1,3,42.16666666666667,ED_CAUTION,1,lof
Baghdad,Iraq,45.2,48.3,1,49.42307692307692,ED_CAUTION,1,iso_forest
Tokyo,Japan,27.3,29.6,2,15.800000000000004,ED_MODERATE_SAFE,1,lof
Kuwait City,Kuwait,44.5,47.0,4,88.54807692307692,ED_VERY_DANGEROUS,1,iso_forest
Majuro,Marshall Islands,29.2,35.8,1,21.33333333333333,ED_MODERATE_SAFE,1,lof
Ulaanbaatar,Mongolia,25.3,27.0,2,13.0,ED_VERY_SAFE,1,lof
Pyongyang,North Korea,23.2,25.7,2,8.0,ED_VERY_SAFE,1,lof
Muscat,Oman,35.4,46.1,3,62.88461538461539,ED_DANGEROUS,1,iso_forest
Islamabad,Pakistan,37.5,39.9,4,78.79166666666666,ED_VERY_DANGEROUS,1,iso_forest
Port Moresby,Papua New Guinea,24.3,26.2,1,0.0,ED_VERY_SAFE,1,lof
Castries,Saint Lucia,30.4,38.3,1,31.499999999999996,ED_MODERATE_SAFE,1,hot_but_safe
Conakry,Guinea,28.3,35.8,1,26.33333333333333,ED_MODERATE_SAFE,1,lof
Riyadh,Saudi Arabia,43.6,45.5,1,46.19230769230769,ED_CAUTION,1,iso_forest
Seoul,South Korea,23.2,25.7,2,8.0,ED_VERY_SAFE,1,lof
Madrid,Spain,35.1,35.1,1,30.16666666666667,ED_MODERATE_SAFE,1,lof
Colombo,Sri Lanka,30.3,39.3,1,33.166666666666664,ED_MODERATE_SAFE,1,hot_but_safe
Abu Dhabi,United Arab Emirates,40.2,42.2,2,48.38461538461539,ED_CAUTION,1,iso_forest
Buenos Aires,Argentina,11.0,11.0,2,13.0,ED_VERY_SAFE,1,lof
Manama,Bahrain,40.2,42.2,3,59.38461538461539,ED_DANGEROUS,1,iso_forest
Bandar Seri Begawan,Brunei Darussalam,30.4,41.2,1,30.230769230769234,ED_MODERATE_SAFE,1,hot_but_safe
Santiago,Chile,6.3,6.3,6,54.0,ED_CAUTION,1,iso_forest
Djibouti,Djibouti,45.0,47.0,1,46.92307692307692,ED_CAUTION,1,iso_forest
Baghdad,Iraq,45.3,48.5,2,58.65384615384615,ED_DANGEROUS,1,iso_forest
Nan,Thailand,26.2,30.6,1,10.800000000000004,ED_VERY_SAFE,1,lof
Nicosia,Cyprus,39.3,44.2,1,43.69230769230769,ED_CAUTION,1,iso_forest
Manama,Bahrain,35.3,46.5,2,54.34615384615385,ED_CAUTION,1,iso_forest
Apia,Samoa,26.8,28.7,1,5.099999999999998,ED_VERY_SAFE,1,lof
Riyadh,Saudi Arabia,43.4,45.3,1,45.96153846153846,ED_CAUTION,1,iso_forest
Madrid,Spain,36.7,36.7,1,32.83333333333334,ED_MODERATE_SAFE,1,lof
Khartoum,Sudan,36.1,38.1,1,35.16666666666667,ED_CAUTION,1,lof
Damascus,Syria,37.7,37.7,1,34.50000000000001,ED_MODERATE_SAFE,1,iso_forest
Ban Lom,Vietnam,24.7,28.0,1,3.0,ED_VERY_SAFE,1,lof
Abu Dhabi,United Arab Emirates,33.8,46.1,2,52.88461538461539,ED_CAUTION,1,iso_forest
Montevideo,Uruguay,13.0,13.0,2,13.0,ED_VERY_SAFE,1,lof
Tashkent,Uzbekistan,38.9,38.9,1,36.5,ED_CAUTION,1,iso_forest
Nassau,Bahamas,28.6,33.3,1,23.16666666666666,ED_MODERATE_SAFE,1,lof
Belmopan,Belize,24.4,27.4,1,6.199999999999996,ED_VERY_SAFE,1,lof
Muscat,Oman,33.7,44.1,2,49.07692307692308,ED_CAUTION,1,lof
Santiago,Chile,3.8,3.8,6,53.0,ED_CAUTION,1,iso_forest
Havana,Cuba,27.8,31.8,1,21.900000000000002,ED_MODERATE_SAFE,1,lof
Roseau,Dominica,28.7,32.3,1,21.499999999999993,ED_MODERATE_SAFE,1,lof
Santo Domingo,Dominican Republic,25.9,29.0,1,13.5,ED_VERY_SAFE,1,lof
Cairo,Egypt,40.0,40.0,1,38.333333333333336,ED_CAUTION,1,iso_forest
Vestmannaeyjar,Iceland,10.7,10.7,1,3.0,ED_VERY_SAFE,1,iso_forest
Baghdad,Iraq,45.7,49.3,2,59.57692307692307,ED_DANGEROUS,1,iso_forest
Kuwait City,Kuwait,42.6,44.2,2,52.69230769230769,ED_CAUTION,1,iso_forest
Beirut,Lebanon,27.9,30.6,2,26.300000000000004,ED_MODERATE_SAFE,1,lof
Monrovia,Liberia,25.2,27.5,1,7.5,ED_VERY_SAFE,1,lof
Doha,Qatar,42.9,44.6,2,53.15384615384615,ED_CAUTION,1,iso_forest
Kuwait City,Kuwait,42.7,44.6,1,45.15384615384615,ED_CAUTION,1,iso_forest
Bamako,Mali,32.4,38.1,1,32.66666666666667,ED_MODERATE_SAFE,1,hot_but_safe
Ljubljana,Slovenia,20.2,20.2,1,5.0,ED_VERY_SAFE,1,lof
Valletta,Malta,35.1,48.1,1,45.69230769230769,ED_CAUTION,1,lof
Pyongyang,North Korea,23.9,26.6,1,0.0,ED_VERY_SAFE,1,lof
Skopje,Macedonia,39.3,48.6,1,46.269230769230774,ED_CAUTION,1,lof
Oslo,Norway,16.2,16.2,1,6.0,ED_VERY_SAFE,1,iso_forest
Muscat,Oman,34.3,43.8,3,60.230769230769226,ED_DANGEROUS,1,iso_forest
Islamabad,Pakistan,39.1,41.7,2,48.80769230769231,ED_CAUTION,1,iso_forest
Doha,Qatar,39.3,43.4,2,51.76923076923077,ED_CAUTION,1,iso_forest
Basseterre,Saint Kitts and Nevis,30.1,37.2,1,29.66666666666667,ED_MODERATE_SAFE,1,lof
Riyadh,Saudi Arabia,44.6,47.3,2,56.26923076923077,ED_DANGEROUS,1,iso_forest
Dakar,Senegal,30.4,38.7,1,33.66666666666667,ED_MODERATE_SAFE,1,hot_but_safe
Damascus,Syria,38.4,38.4,1,35.666666666666664,ED_CAUTION,1,iso_forest
Baghdad,Iraq,45.8,49.3,2,59.57692307692307,ED_DANGEROUS,1,iso_forest
Abu Dhabi,United Arab Emirates,38.2,40.2,3,55.66666666666667,ED_DANGEROUS,1,iso_forest
Montevideo,Uruguay,9.2,9.2,1,4.0,ED_VERY_SAFE,1,lof
Saint John's,Antigua and Barbuda,28.6,31.9,1,22.199999999999996,ED_MODERATE_SAFE,1,lof
Manama,Bahrain,35.9,45.7,2,53.42307692307693,ED_CAUTION,1,iso_forest
Dhaka,Bangladesh,29.4,35.5,1,26.833333333333336,ED_MODERATE_SAFE,1,lof
Santiago,Chile,6.5,6.5,6,54.0,ED_CAUTION,1,iso_forest
Djibouti,Djibouti,37.4,42.3,2,49.5,ED_CAUTION,1,iso_forest
Santo Domingo,Dominican Republic,25.3,28.3,1,8.900000000000002,ED_VERY_SAFE,1,lof
Cairo,Egypt,40.3,40.4,2,48.0,ED_CAUTION,1,iso_forest
New Delhi,India,38.1,44.1,4,84.20192307692308,ED_VERY_DANGEROUS,1,iso_forest
Djibouti,Djibouti,37.2,42.5,1,41.730769230769226,ED_CAUTION,1,iso_forest
Bogot,Bulgaria,40.6,40.8,1,40.666666666666664,ED_CAUTION,1,iso_forest
Bandar Seri Begawan,Brunei Darussalam,27.1,31.1,1,12.300000000000004,ED_VERY_SAFE,1,lof
Riyadh,Saudi Arabia,43.5,45.4,2,54.07692307692307,ED_CAUTION,1,iso_forest
Port-Au-Prince,Haiti,31.2,35.6,1,30.000000000000004,ED_MODERATE_SAFE,1,lof
New Delhi,India,34.3,34.3,3,47.83333333333333,ED_CAUTION,1,lof
Baghdad,Iraq,42.8,44.2,2,52.69230769230769,ED_CAUTION,1,iso_forest
Kuwait City,Kuwait,42.5,43.9,3,62.34615384615385,ED_DANGEROUS,1,iso_forest
Beirut,Lebanon,31.4,38.4,1,31.666666666666664,ED_MODERATE_SAFE,1,hot_but_safe
Nan,Thailand,30.2,42.3,1,31.499999999999996,ED_MODERATE_SAFE,1,hot_but_safe
Kathmandu,Nepal,21.0,21.0,1,0.0,ED_VERY_SAFE,1,lof
Niamey,Niger,23.3,24.3,1,10.0,ED_VERY_SAFE,1,lof
Muscat,Oman,34.9,45.7,3,62.42307692307693,ED_DANGEROUS,1,iso_forest
Doha,Qatar,41.0,43.0,2,51.30769230769231,ED_CAUTION,1,iso_forest
Abu Dhabi,United Arab Emirates,33.5,46.0,3,62.76923076923077,ED_DANGEROUS,1,iso_forest
Malabo,Equatorial Guinea,27.3,31.8,1,20.400000000000002,ED_MODERATE_SAFE,1,lof
Montevideo,Uruguay,7.0,7.0,3,22.0,ED_MODERATE_SAFE,1,lof
Canberra,Australia,5.4,5.4,1,0.0,ED_VERY_SAFE,1,iso_forest
Manama,Bahrain,41.3,43.3,3,59.65384615384615,ED_DANGEROUS,1,iso_forest
Dhaka,Bangladesh,29.4,35.0,1,20.0,ED_MODERATE_SAFE,1,lof
Belmopan,Belize,24.8,27.8,1,7.400000000000002,ED_VERY_SAFE,1,lof
Ouagadougou,Burkina Faso,30.2,39.8,1,33.0,ED_MODERATE_SAFE,1,hot_but_safe
Santiago,Chile,6.8,6.9,6,54.0,ED_CAUTION,1,iso_forest
Bogot,Bulgaria,40.1,40.1,1,39.5,ED_CAUTION,1,iso_forest
Malabo,Equatorial Guinea,29.1,37.2,1,28.66666666666667,ED_MODERATE_SAFE,1,lof
Baghdad,Iraq,42.0,43.0,1,43.30769230769231,ED_CAUTION,1,iso_forest
Conakry,Guinea,23.4,25.9,1,5.0,ED_VERY_SAFE,1,lof
Cairo,Egypt,38.5,38.5,1,35.833333333333336,ED_CAUTION,1,iso_forest
Yangon,Myanmar,27.2,31.5,1,13.5,ED_VERY_SAFE,1,lof
Doha,Qatar,43.3,45.5,2,54.19230769230769,ED_CAUTION,1,iso_forest
Santiago,Chile,-0.6,-0.6,6,53.9,ED_CAUTION,1,iso_forest
Havana,Cuba,29.1,33.9,1,24.166666666666664,ED_MODERATE_SAFE,1,lof
Suva,Fiji Islands,22.3,24.7,1,0.0,ED_VERY_SAFE,1,lof
New Delhi,Inde,31.2,31.2,2,30.599999999999998,ED_MODERATE_SAFE,1,lof
Baghdad,Iraq,44.2,46.6,2,55.46153846153846,ED_DANGEROUS,1,iso_forest
Kuwait,Kuwait,44.4,46.9,5,100.0,ED_VERY_DANGEROUS,1,iso_forest
Valletta,Malta,35.2,46.4,3,61.730769230769226,ED_DANGEROUS,1,lof
Morocco City,Marrocos,40.3,40.4,1,40.0,ED_CAUTION,1,iso_forest
Muscat,Oman,35.9,46.4,3,64.23076923076923,ED_DANGEROUS,1,iso_forest
Kiyabo,Philippines,30.3,38.4,2,33.666666666666664,ED_MODERATE_SAFE,1,hot_but_safe
Basseterre,Saint Kitts and Nevis,28.5,34.0,1,24.333333333333332,ED_MODERATE_SAFE,1,lof
Bogot,Bulgaria,40.1,40.1,1,39.5,ED_CAUTION,1,iso_forest
Ar Riyadh,Saudi Arabien,45.0,48.0,2,58.07692307692308,ED_DANGEROUS,1,iso_forest
Krasnyy Turkmenistan,Turkménistan,37.8,37.8,1,34.666666666666664,ED_MODERATE_SAFE,1,iso_forest
Abu Dhabi,United Arab Emirates,35.3,45.8,4,86.16346153846153,ED_VERY_DANGEROUS,1,iso_forest
Buenos Aires,Argentina,5.1,5.1,2,12.0,ED_VERY_SAFE,1,lof
Nassau,Bahamas,30.1,37.1,1,29.500000000000004,ED_MODERATE_SAFE,1,lof
Manama,Bahrain,40.0,42.0,3,59.15384615384615,ED_DANGEROUS,1,iso_forest
Dhaka,Bangladesh,30.5,36.4,1,22.333333333333332,ED_MODERATE_SAFE,1,lof
Belmopan,Belize,24.0,26.9,1,5.0,ED_VERY_SAFE,1,lof
Bangui,Central African Republic,32.2,39.0,1,32.66666666666667,ED_MODERATE_SAFE,1,hot_but_safe
Santiago,Chile,5.8,5.8,6,54.0,ED_CAUTION,1,iso_forest
Kuwait City,Kuwait,42.2,43.3,2,51.65384615384615,ED_CAUTION,1,iso_forest
Kathmandu,Nepal,27.2,32.1,1,20.16666666666667,ED_MODERATE_SAFE,1,lof
Beijing,China,28.2,28.2,2,11.599999999999998,ED_VERY_SAFE,1,lof
Podgorica,Montenegro,36.9,38.2,1,34.33333333333334,ED_MODERATE_SAFE,1,hot_but_safe
Santiago,Chile,1.1,1.1,6,53.0,ED_CAUTION,1,iso_forest
Beijing,China,31.4,31.4,2,21.199999999999996,ED_MODERATE_SAFE,1,lof
Djibouti,Djibouti,36.2,41.5,1,39.57692307692308,ED_CAUTION,1,iso_forest
Malabo,Equatorial Guinea,28.0,34.4,1,23.999999999999996,ED_MODERATE_SAFE,1,lof
Conakry,Guinea,25.4,28.2,1,8.599999999999998,ED_VERY_SAFE,1,lof
Bissau,Guinea-Bissau,27.2,32.4,1,20.666666666666664,ED_MODERATE_SAFE,1,lof
New Delhi,India,38.9,43.8,3,61.230769230769226,ED_DANGEROUS,1,iso_forest
Baghdad,Iraq,45.1,48.1,1,50.19230769230769,ED_CAUTION,1,iso_forest
Kuwait City,Kuwait,43.2,46.1,2,54.88461538461539,ED_CAUTION,1,iso_forest
Valletta,Malta,34.3,42.5,2,47.230769230769226,ED_CAUTION,1,lof
Yaren,Turkey,36.4,36.4,1,32.33333333333333,ED_MODERATE_SAFE,1,iso_forest
Manama,Bahrain,34.9,47.4,2,54.38461538461538,ED_CAUTION,1,iso_forest
Muscat,Oman,35.3,44.8,3,62.38461538461538,ED_DANGEROUS,1,iso_forest
Islamabad,Pakistan,39.1,40.9,3,57.83333333333333,ED_DANGEROUS,1,iso_forest
Doha,Qatar,40.1,44.1,2,52.57692307692308,ED_CAUTION,1,iso_forest
Apia,Samoa,26.6,28.8,1,5.400000000000002,ED_VERY_SAFE,1,lof
Riyadh,Saudi Arabia,43.2,45.0,1,45.61538461538461,ED_CAUTION,1,iso_forest
Tunis,Tunisia,37.2,39.4,1,36.33333333333333,ED_CAUTION,1,lof
Abu Dhabi,United Arab Emirates,39.1,41.1,4,79.74038461538461,ED_VERY_DANGEROUS,1,iso_forest
Tirana,Albania,37.2,42.1,1,38.769230769230774,ED_CAUTION,1,lof
Manama,Bahrain,39.1,41.1,2,48.11538461538461,ED_CAUTION,1,iso_forest
Santiago,Chile,8.4,8.5,6,54.0,ED_CAUTION,1,iso_forest
Ottawa,Canada,21.1,21.1,1,6.0,ED_VERY_SAFE,1,lof
Algiers,Algeria,31.2,38.1,1,32.66666666666667,ED_MODERATE_SAFE,1,hot_but_safe
Muscat,Oman,34.5,44.1,3,60.57692307692308,ED_DANGEROUS,1,iso_forest
Santiago,Chile,7.2,7.2,6,54.0,ED_CAUTION,1,iso_forest
Islamabad,Pakistan,37.8,38.9,3,54.5,ED_CAUTION,1,iso_forest
Doha,Qatar,41.3,42.7,2,50.96153846153847,ED_CAUTION,1,iso_forest
Riyadh,Saudi Arabia,42.6,43.9,2,52.34615384615385,ED_CAUTION,1,iso_forest
Abu Dhabi,United Arab Emirates,34.2,46.9,3,63.80769230769231,ED_DANGEROUS,1,iso_forest
Montevideo,Uruguay,3.3,3.3,2,12.0,ED_VERY_SAFE,1,lof
Dhaka,Bangladesh,31.5,38.6,1,33.5,ED_MODERATE_SAFE,1,hot_but_safe
Bridgetown,Barbados,28.3,32.5,1,21.833333333333336,ED_MODERATE_SAFE,1,lof
Ouagadougou,Burkina Faso,31.2,33.3,1,26.16666666666666,ED_MODERATE_SAFE,1,lof
Ottawa,Canada,22.2,24.7,1,5.0,ED_VERY_SAFE,1,lof
Bangui,Central African Republic,33.2,38.1,1,32.66666666666667,ED_MODERATE_SAFE,1,hot_but_safe
Bogot,Bulgaria,39.5,39.5,1,37.5,ED_CAUTION,1,iso_forest
Tirana,Albania,36.4,38.3,1,34.5,ED_MODERATE_SAFE,1,hot_but_safe
Baghdad,Iraq,43.8,46.0,2,54.76923076923077,ED_CAUTION,1,iso_forest
Kuwait City,Kuwait,42.3,45.0,2,53.61538461538461,ED_CAUTION,1,iso_forest
Pyongyang,North Korea,23.7,26.3,2,8.0,ED_VERY_SAFE,1,lof
Islamabad,Pakistan,38.7,40.9,2,47.83333333333333,ED_CAUTION,1,iso_forest
Doha,Qatar,37.1,42.0,2,49.15384615384615,ED_CAUTION,1,iso_forest
Riyadh,Saudi Arabia,43.1,44.8,2,53.38461538461538,ED_CAUTION,1,iso_forest
Singapore,Singapore,29.1,34.1,1,18.500000000000004,ED_MODERATE_SAFE,1,lof
Mogadishu,Somalia,26.0,28.6,1,10.800000000000004,ED_VERY_SAFE,1,lof
Seoul,South Korea,25.4,29.2,2,14.599999999999998,ED_VERY_SAFE,1,lof
Abu Dhabi,United Arab Emirates,34.5,48.9,3,66.11538461538461,ED_DANGEROUS,1,iso_forest
Nan,Thailand,24.9,28.1,1,3.3000000000000043,ED_VERY_SAFE,1,lof
Chi Chi Khvar,Iran,33.6,33.6,1,26.666666666666668,ED_MODERATE_SAFE,1,iso_forest
Kathmandu,Nepal,22.7,25.0,1,5.0,ED_VERY_SAFE,1,lof
Kuwait City,Kuwait,42.5,45.9,2,54.65384615384615,ED_CAUTION,1,iso_forest
Funafuti,Tuvalu,27.4,30.2,1,9.599999999999998,ED_VERY_SAFE,1,lof
Montevideo,Uruguay,7.6,7.6,2,12.0,ED_VERY_SAFE,1,lof
Tashkent,Uzbekistan,39.4,39.4,1,37.33333333333333,ED_CAUTION,1,iso_forest
Manama,Bahrain,34.9,42.7,3,58.96153846153847,ED_DANGEROUS,1,iso_forest
Beijing,China,24.8,28.1,4,35.300000000000004,ED_CAUTION,1,lof
Nicosia,Cyprus,35.4,37.1,1,33.5,ED_MODERATE_SAFE,1,lof
Cairo,Egypt,39.0,39.0,1,36.66666666666667,ED_CAUTION,1,iso_forest
New Delhi,India,39.3,44.8,2,52.38461538461538,ED_CAUTION,1,iso_forest
Baghdad,Iraq,45.8,49.3,1,51.57692307692307,ED_CAUTION,1,iso_forest
Tokyo,Japan,29.6,33.8,2,25.999999999999996,ED_MODERATE_SAFE,1,lof
Islamabad,Pakistan,31.2,36.5,1,31.5,ED_MODERATE_SAFE,1,lof
Pretoria,South Africa,18.5,18.5,4,38.0,ED_CAUTION,1,lof
Doha,Qatar,35.6,41.9,3,59.03846153846153,ED_DANGEROUS,1,iso_forest
Moscow,Russia,20.9,21.0,1,5.0,ED_VERY_SAFE,1,lof
Apia,Samoa,25.3,26.7,1,0.0,ED_VERY_SAFE,1,lof
Riyadh,Saudi Arabia,42.5,43.8,1,44.230769230769226,ED_CAUTION,1,iso_forest
Damascus,Syria,36.5,36.5,1,32.5,ED_MODERATE_SAFE,1,iso_forest
Funafuti,Tuvalu,27.6,30.7,1,11.099999999999998,ED_VERY_SAFE,1,lof
Abu Dhabi,United Arab Emirates,33.7,44.6,2,51.15384615384615,ED_CAUTION,1,iso_forest
Tashkent,Uzbekistan,39.8,39.8,1,38.0,ED_CAUTION,1,iso_forest
Luanda,Angola,22.6,24.8,5,52.5,ED_CAUTION,1,lof
Manama,Bahrain,33.4,43.6,3,60.0,ED_DANGEROUS,1,iso_forest
Dushanbe,Tajikistan,39.0,39.0,1,36.66666666666667,ED_CAUTION,1,iso_forest
Riyadh,Saudi Arabia,41.7,42.5,1,42.730769230769226,ED_CAUTION,1,iso_forest
Santiago,Chile,10.3,10.3,6,55.0,ED_DANGEROUS,1,iso_forest
Belmopan,Belize,24.4,27.3,1,5.900000000000002,ED_VERY_SAFE,1,lof
Apia,Samoa,25.0,26.2,1,0.0,ED_VERY_SAFE,1,lof
Riyadh,Saudi Arabia,42.4,43.6,2,52.0,ED_CAUTION,1,iso_forest
Belgrade,Serbia,39.6,39.6,1,37.66666666666667,ED_CAUTION,1,iso_forest
Dushanbe,Tajikistan,38.1,38.1,1,35.16666666666667,ED_CAUTION,1,iso_forest
Funafuti,Tuvalu,27.2,30.6,1,10.800000000000004,ED_VERY_SAFE,1,lof
Abu Dhabi,United Arab Emirates,35.0,47.1,2,54.03846153846154,ED_CAUTION,1,iso_forest
Tashkent,Uzbekistan,40.4,40.5,1,40.16666666666667,ED_CAUTION,1,iso_forest
Kabul,Afghanistan,35.8,35.8,1,31.33333333333333,ED_MODERATE_SAFE,1,iso_forest
Luanda,Angola,22.4,24.7,5,52.5,ED_CAUTION,1,lof
Manama,Bahrain,34.8,41.9,3,58.03846153846153,ED_DANGEROUS,1,iso_forest
Santiago,Chile,8.1,8.1,6,53.0,ED_CAUTION,1,iso_forest
Apia,Samoa,25.5,26.7,1,0.0,ED_VERY_SAFE,1,lof
Cairo,Egypt,38.8,38.8,1,36.33333333333333,ED_CAUTION,1,iso_forest
New Delhi,India,40.0,46.7,2,54.57692307692308,ED_CAUTION,1,iso_forest
Kuwait City,Kuwait,43.1,44.8,4,86.00961538461539,ED_VERY_DANGEROUS,1,iso_forest
Beirut,Lebanon,30.3,32.2,1,24.333333333333336,ED_MODERATE_SAFE,1,lof
Chi Chi Khvar,Iran,25.7,25.7,1,7.5,ED_VERY_SAFE,1,lof
Ulaanbaatar,Mongolia,16.1,16.1,2,13.0,ED_VERY_SAFE,1,lof
Yaren,Turkey,35.6,35.6,1,31.000000000000004,ED_MODERATE_SAFE,1,iso_forest
Pyongyang,North Korea,24.6,27.8,2,10.400000000000002,ED_VERY_SAFE,1,lof
Islamabad,Pakistan,35.9,44.2,2,51.69230769230769,ED_CAUTION,1,iso_forest
Doha,Qatar,41.5,44.0,4,85.08653846153845,ED_VERY_DANGEROUS,1,iso_forest
Ottawa,Canada,21.1,21.1,1,5.0,ED_VERY_SAFE,1,lof
Cairo,Egypt,39.5,39.5,1,37.5,ED_CAUTION,1,iso_forest
Muscat,Oman,34.5,43.8,3,60.230769230769226,ED_DANGEROUS,1,iso_forest
Riyadh,Saudi Arabia,43.3,45.1,1,45.73076923076923,ED_CAUTION,1,iso_forest
Manama,Bahrain,35.3,43.5,2,50.88461538461539,ED_CAUTION,1,iso_forest
Dhaka,Bangladesh,25.6,28.9,1,11.699999999999996,ED_VERY_SAFE,1,lof
Baghdad,Iraq,43.3,45.1,1,45.73076923076923,ED_CAUTION,1,iso_forest
Astana,Kazakhstan,32.6,32.6,1,25.000000000000004,ED_MODERATE_SAFE,1,lof
Kuwait City,Kuwait,43.2,44.9,4,86.125,ED_VERY_DANGEROUS,1,iso_forest
Muscat,Oman,35.1,45.4,2,53.07692307692307,ED_CAUTION,1,iso_forest
Port Moresby,Papua New Guinea,23.7,25.9,1,0.0,ED_VERY_SAFE,1,lof
Aurora,Paraguay,29.5,29.5,3,34.5,ED_MODERATE_SAFE,1,lof
Doha,Qatar,42.4,43.9,2,52.34615384615385,ED_CAUTION,1,iso_forest
Apia,Samoa,26.5,28.8,1,5.400000000000002,ED_VERY_SAFE,1,lof
Damascus,Syria,34.6,34.6,1,28.333333333333336,ED_MODERATE_SAFE,1,iso_forest
Tashkent,Uzbekistan,42.3,43.5,1,43.88461538461539,ED_CAUTION,1,iso_forest
Funafuti,Tuvalu,28.3,32.5,1,15.833333333333334,ED_MODERATE_SAFE,1,lof
Abu Dhabi,United Arab Emirates,34.2,49.1,3,66.34615384615384,ED_DANGEROUS,1,iso_forest
Montevideo,Uruguay,20.7,20.7,2,15.5,ED_MODERATE_SAFE,1,lof
Tashkent,Uzbekistan,40.3,40.4,1,40.0,ED_CAUTION,1,iso_forest
Manama,Bahrain,35.0,42.6,3,59.84615384615385,ED_DANGEROUS,1,iso_forest
Djibouti,Djibouti,30.0,33.8,1,26.999999999999996,ED_MODERATE_SAFE,1,lof
Conakry,Guinea,24.3,26.7,1,5.0,ED_VERY_SAFE,1,lof
Vestmannaeyjar,Iceland,10.7,10.7,1,3.0,ED_VERY_SAFE,1,iso_forest
Baghdad,Iraq,43.3,45.1,2,53.73076923076923,ED_CAUTION,1,iso_forest
Kuwait City,Kuwait,42.2,43.3,3,61.65384615384615,ED_DANGEROUS,1,iso_forest
Buenos Aires,Argentina,23.4,24.9,2,15.5,ED_MODERATE_SAFE,1,lof
Montevideo,Uruguay,15.7,15.7,1,6.0,ED_VERY_SAFE,1,lof
Vestmannaeyjar,Iceland,11.1,11.1,1,3.0,ED_VERY_SAFE,1,iso_forest
Kabul,Afghanistan,34.6,34.6,1,28.333333333333336,ED_MODERATE_SAFE,1,iso_forest
New Delhi,India,37.4,45.4,3,62.07692307692307,ED_DANGEROUS,1,iso_forest
Baghdad,Iraq,45.2,48.3,1,50.42307692307692,ED_CAUTION,1,iso_forest
Kuwait City,Kuwait,42.0,44.2,2,52.69230769230769,ED_CAUTION,1,iso_forest
Chi Chi Khvar,Iran,30.5,30.5,1,19.5,ED_MODERATE_SAFE,1,iso_forest
Doha,Qatar,36.2,44.8,4,85.00961538461539,ED_VERY_DANGEROUS,1,iso_forest
Apia,Samoa,26.4,28.0,1,3.0,ED_VERY_SAFE,1,lof
Riyadh,Saudi Arabia,43.5,45.4,1,46.07692307692307,ED_CAUTION,1,iso_forest
Ashgabat,Turkmenistan,39.5,39.5,1,37.5,ED_CAUTION,1,iso_forest
Funafuti,Tuvalu,27.6,31.6,1,13.800000000000004,ED_VERY_SAFE,1,lof
Abu Dhabi,United Arab Emirates,35.0,37.0,3,50.333333333333336,ED_CAUTION,1,iso_forest
Nassau,Bahamas,29.5,34.3,1,24.83333333333333,ED_MODERATE_SAFE,1,lof
Abu Dhabi,United Arab Emirates,35.1,48.5,4,89.27884615384616,ED_VERY_DANGEROUS,1,iso_forest
Manama,Bahrain,35.0,45.2,2,52.84615384615385,ED_CAUTION,1,iso_forest
Dhaka,Bangladesh,27.1,31.8,1,20.400000000000002,ED_MODERATE_SAFE,1,lof
Djibouti,Djibouti,33.3,38.6,1,33.5,ED_MODERATE_SAFE,1,hot_but_safe
Vestmannaeyjar,Iceland,10.5,10.5,1,4.0,ED_VERY_SAFE,1,lof
Baghdad,Iraq,44.4,47.0,1,47.92307692307692,ED_CAUTION,1,iso_forest
Kuwait City,Kuwait,44.0,46.3,2,55.11538461538461,ED_DANGEROUS,1,iso_forest
Bishkek,Kyrghyzstan,38.4,38.4,1,35.666666666666664,ED_CAUTION,1,iso_forest
Doha,Qatar,40.5,47.8,3,66.84615384615384,ED_DANGEROUS,1,iso_forest
Apia,Samoa,26.0,28.0,1,3.0,ED_VERY_SAFE,1,lof
Riyadh,Saudi Arabia,43.6,45.5,1,46.19230769230769,ED_CAUTION,1,iso_forest
Port Moresby,Papua New Guinea,23.6,25.5,1,0.0,ED_VERY_SAFE,1,lof
Muscat,Oman,36.6,43.3,3,60.65384615384615,ED_DANGEROUS,1,iso_forest
Kuwait City,Kuwait,42.7,44.0,4,85.08653846153845,ED_VERY_DANGEROUS,1,iso_forest
Damascus,Syria,35.2,35.2,1,30.33333333333334,ED_MODERATE_SAFE,1,iso_forest
Baghdad,Iraq,45.6,49.0,2,59.230769230769226,ED_DANGEROUS,1,iso_forest
Kuwait City,Kuwait,42.9,44.8,2,53.38461538461538,ED_CAUTION,1,iso_forest
Nan,Thailand,24.1,26.9,1,0.0,ED_VERY_SAFE,1,lof
Chi Chi Khvar,Iran,33.3,33.3,1,26.16666666666666,ED_MODERATE_SAFE,1,iso_forest
Yangon,Myanmar,25.5,28.6,1,10.800000000000004,ED_VERY_SAFE,1,lof
Kathmandu,Nepal,22.6,24.9,1,5.0,ED_VERY_SAFE,1,lof
Islamabad,Pakistan,38.0,42.5,3,59.730769230769226,ED_DANGEROUS,1,iso_forest
Doha,Qatar,43.4,45.3,2,53.96153846153846,ED_CAUTION,1,iso_forest
Apia,Samoa,27.0,29.9,1,8.699999999999996,ED_VERY_SAFE,1,lof
Riyadh,Saudi Arabia,41.9,42.9,2,51.19230769230769,ED_CAUTION,1,iso_forest
Ban Lom,Vietnam,26.2,30.5,1,10.5,ED_VERY_SAFE,1,lof
Vestmannaeyjar,Iceland,11.1,11.1,1,3.0,ED_VERY_SAFE,1,lof
Nuku`Aloia,Tonga,24.3,26.2,1,0.0,ED_VERY_SAFE,1,lof
Ashgabat,Turkmenistan,38.7,38.7,1,36.16666666666667,ED_CAUTION,1,iso_forest
Abu Dhabi,United Arab Emirates,36.0,46.3,3,64.11538461538461,ED_DANGEROUS,1,iso_forest
Tashkent,Uzbekistan,40.7,41.0,1,41.0,ED_CAUTION,1,iso_forest
Hanoi,Vietnam,30.4,37.6,3,42.333333333333336,ED_CAUTION,1,lof
Kabul,Afghanistan,32.7,32.7,1,25.16666666666667,ED_MODERATE_SAFE,1,iso_forest
Saint John's,Antigua and Barbuda,28.2,32.8,1,16.33333333333333,ED_MODERATE_SAFE,1,lof
Manama,Bahrain,36.1,44.6,2,52.15384615384615,ED_CAUTION,1,iso_forest
Dhaka,Bangladesh,30.8,37.6,1,31.833333333333336,ED_MODERATE_SAFE,1,lof
Santiago,Chile,5.0,5.0,6,54.0,ED_CAUTION,1,iso_forest
Tehran,Iran,37.7,37.7,2,42.50000000000001,ED_CAUTION,1,iso_forest
Cairo,Egypt,41.6,42.4,2,50.61538461538461,ED_CAUTION,1,iso_forest
Baghdad,Iraq,43.8,45.9,2,54.65384615384615,ED_CAUTION,1,iso_forest
Montevideo,Uruguay,15.2,15.2,2,14.0,ED_VERY_SAFE,1,lof
Islamabad,Pakistan,37.7,42.0,3,59.15384615384615,ED_DANGEROUS,1,iso_forest
Doha,Qatar,42.7,44.6,2,53.15384615384615,ED_CAUTION,1,iso_forest
Apia,Samoa,26.8,30.6,1,10.800000000000004,ED_VERY_SAFE,1,lof
Riyadh,Saudi Arabia,43.5,45.4,2,54.07692307692307,ED_CAUTION,1,iso_forest
Damascus,Syria,36.7,36.7,2,40.83333333333334,ED_CAUTION,1,iso_forest
Bangkok,Thailand,26.7,29.4,1,7.199999999999996,ED_VERY_SAFE,1,lof
Dili,Timor-Leste,23.8,25.9,1,0.0,ED_VERY_SAFE,1,lof
Ban Lom,Vietnam,25.4,29.3,1,6.900000000000002,ED_VERY_SAFE,1,lof
Nuku`Aloia,Tonga,23.1,25.1,1,0.0,ED_VERY_SAFE,1,lof
Abu Dhabi,United Arab Emirates,35.5,46.4,3,64.23076923076923,ED_DANGEROUS,1,iso_forest
Tashkent,Uzbekistan,39.1,39.1,1,36.833333333333336,ED_CAUTION,1,iso_forest
Santo Domingo,Dominican Republic,25.9,28.9,1,13.199999999999996,ED_VERY_SAFE,1,lof
Hanoi,Vietnam,25.8,29.6,3,25.800000000000004,ED_MODERATE_SAFE,1,lof
Kabul,Afghanistan,33.3,33.3,1,26.16666666666666,ED_MODERATE_SAFE,1,lof
Nassau,Bahamas,28.5,32.4,1,21.666666666666664,ED_MODERATE_SAFE,1,lof
Manama,Bahrain,35.7,44.7,2,52.269230769230774,ED_CAUTION,1,iso_forest
Dhaka,Bangladesh,32.5,40.1,1,37.5,ED_CAUTION,1,lof
Belmopan,Belize,24.1,26.7,1,5.0,ED_VERY_SAFE,1,lof
Thimphu,Bhutan,16.8,16.8,1,4.0,ED_VERY_SAFE,1,lof
Phnom Penh,Cambodia,27.1,30.1,1,9.300000000000004,ED_VERY_SAFE,1,lof
Santiago,Chile,7.4,7.4,6,53.0,ED_CAUTION,1,iso_forest
Havana,Cuba,28.0,32.4,1,21.666666666666664,ED_MODERATE_SAFE,1,lof
Nicosia,Cyprus,32.7,34.9,1,28.833333333333332,ED_MODERATE_SAFE,1,lof
Cairo,Egypt,38.8,38.8,1,36.33333333333333,ED_CAUTION,1,iso_forest
New Delhi,India,37.2,44.3,4,83.4326923076923,ED_VERY_DANGEROUS,1,iso_forest
Ashgabat,Turkmenistan,42.5,43.7,2,52.11538461538462,ED_CAUTION,1,iso_forest
Kuwait City,Kuwait,42.9,44.3,2,52.80769230769231,ED_CAUTION,1,iso_forest
Kathmandu,Nepal,24.2,26.3,2,13.0,ED_VERY_SAFE,1,lof
Muscat,Oman,37.6,43.8,4,83.85576923076923,ED_VERY_DANGEROUS,1,iso_forest
Islamabad,Pakistan,38.2,43.8,2,51.230769230769226,ED_CAUTION,1,iso_forest
Port Moresby,Papua New Guinea,23.7,25.7,1,0.0,ED_VERY_SAFE,1,lof
Doha,Qatar,42.4,45.2,2,53.84615384615385,ED_CAUTION,1,iso_forest
Apia,Samoa,24.7,26.0,1,0.0,ED_VERY_SAFE,1,lof
Riyadh,Saudi Arabia,42.6,43.9,2,52.34615384615385,ED_CAUTION,1,iso_forest
Dushanbe,Tajikistan,37.4,37.4,1,34.0,ED_MODERATE_SAFE,1,iso_forest
Nuku`Aloia,Tonga,20.9,20.9,1,0.0,ED_VERY_SAFE,1,lof
Abu Dhabi,United Arab Emirates,35.7,47.5,3,65.5,ED_DANGEROUS,1,iso_forest
Tehran,Iran,37.5,37.5,2,42.16666666666667,ED_CAUTION,1,iso_forest
Tashkent,Uzbekistan,40.6,40.8,1,40.666666666666664,ED_CAUTION,1,iso_forest
Hanoi,Vietnam,31.8,41.2,3,48.23076923076923,ED_CAUTION,1,lof
Kabul,Afghanistan,34.8,34.8,1,28.666666666666664,ED_MODERATE_SAFE,1,iso_forest
Baku,Azerbaijan,22.8,24.9,1,5.0,ED_VERY_SAFE,1,lof
Nassau,Bahamas,28.5,32.9,1,22.499999999999996,ED_MODERATE_SAFE,1,lof
Manama,Bahrain,35.8,42.9,2,50.19230769230769,ED_CAUTION,1,iso_forest
Santiago,Chile,4.4,4.4,6,53.0,ED_CAUTION,1,iso_forest
Mbabane,Swaziland,25.9,25.9,1,9.0,ED_VERY_SAFE,1,lof
Vestmannaeyjar,Iceland,10.9,10.9,1,3.0,ED_VERY_SAFE,1,iso_forest
New Delhi,India,38.3,46.0,3,63.76923076923077,ED_DANGEROUS,1,iso_forest
Baghdad,Iraq,42.3,43.5,1,43.88461538461539,ED_CAUTION,1,iso_forest
New Delhi,India,36.0,43.7,2,50.11538461538462,ED_CAUTION,1,iso_forest
Santiago,Chile,4.0,4.0,6,53.0,ED_CAUTION,1,iso_forest
Dhaka,Bangladesh,31.3,38.4,1,33.166666666666664,ED_MODERATE_SAFE,1,hot_but_safe
Baghdad,Iraq,44.0,46.2,2,55.0,ED_DANGEROUS,1,iso_forest
Tokyo,Japan,30.6,35.4,2,28.666666666666664,ED_MODERATE_SAFE,1,lof
Astana,Kazakhstan,23.4,25.1,1,5.0,ED_VERY_SAFE,1,lof
Kuwait City,Kuwait,42.9,44.5,2,53.03846153846154,ED_CAUTION,1,iso_forest
Nan,Thailand,23.5,26.1,1,0.0,ED_VERY_SAFE,1,lof
Chi Chi Khvar,Iran,33.5,33.5,1,26.5,ED_MODERATE_SAFE,1,iso_forest
Kathmandu,Nepal,22.8,25.0,1,5.0,ED_VERY_SAFE,1,lof
Muscat,Oman,37.7,43.8,3,61.230769230769226,ED_DANGEROUS,1,iso_forest
Islamabad,Pakistan,37.0,43.8,4,83.85576923076923,ED_VERY_DANGEROUS,1,iso_forest
Doha,Qatar,41.1,43.4,2,51.76923076923077,ED_CAUTION,1,iso_forest
Apia,Samoa,26.3,29.0,1,6.0,ED_VERY_SAFE,1,lof
Riyadh,Saudi Arabia,42.0,42.9,2,51.19230769230769,ED_CAUTION,1,iso_forest
Dushanbe,Tajikistan,37.4,37.4,1,34.0,ED_MODERATE_SAFE,1,iso_forest
Ban Lom,Vietnam,28.0,33.5,1,17.5,ED_MODERATE_SAFE,1,lof
Nuku`Aloia,Tonga,22.6,24.8,1,0.0,ED_VERY_SAFE,1,lof
Ashgabat,Turkmenistan,38.9,39.3,1,37.166666666666664,ED_CAUTION,1,iso_forest
Abu Dhabi,United Arab Emirates,36.7,45.5,3,63.19230769230769,ED_DANGEROUS,1,iso_forest
Tashkent,Uzbekistan,39.6,39.6,1,37.66666666666667,ED_CAUTION,1,iso_forest
Port Vila,Vanuatu,22.3,24.7,1,0.0,ED_VERY_SAFE,1,lof
Baku,Azerbaijan,25.7,27.2,1,8.099999999999998,ED_VERY_SAFE,1,lof
Manama,Bahrain,35.6,44.1,2,51.57692307692308,ED_CAUTION,1,iso_forest
Phnom Penh,Cambodia,24.9,27.1,1,0.30000000000000426,ED_VERY_SAFE,1,lof
Belmopan,Belize,24.9,28.3,1,8.900000000000002,ED_VERY_SAFE,1,lof
Islamabad,Pakistan,39.0,39.0,2,44.66666666666667,ED_CAUTION,1,iso_forest
Santiago,Chile,4.2,4.2,6,54.0,ED_CAUTION,1,iso_forest
Riyadh,Saudi Arabia,44.1,46.4,2,55.230769230769226,ED_DANGEROUS,1,iso_forest
Seoul,South Korea,22.3,24.8,2,8.0,ED_VERY_SAFE,1,lof
Bangkok,Thailand,27.0,29.6,2,15.800000000000004,ED_MODERATE_SAFE,1,lof
Abu Dhabi,United Arab Emirates,39.1,41.1,3,57.11538461538461,ED_DANGEROUS,1,iso_forest
Kabul,Afghanistan,29.9,29.9,1,16.199999999999996,ED_MODERATE_SAFE,1,iso_forest
Manama,Bahrain,39.1,41.1,2,48.11538461538461,ED_CAUTION,1,iso_forest
Dhaka,Bangladesh,26.6,31.2,2,20.599999999999998,ED_MODERATE_SAFE,1,lof
Bridgetown,Barbados,26.3,29.3,1,12.900000000000002,ED_VERY_SAFE,1,lof
Belmopan,Belize,30.2,43.2,1,38.53846153846154,ED_CAUTION,1,lof
Bandar Seri Begawan,Brunei Darussalam,25.1,27.8,1,2.400000000000002,ED_VERY_SAFE,1,lof
Beijing,China,25.3,26.5,2,8.0,ED_VERY_SAFE,1,lof
Basseterre,Saint Kitts and Nevis,31.0,38.9,1,34.0,ED_MODERATE_SAFE,1,hot_but_safe
Nicosia,Cyprus,38.2,38.4,1,34.666666666666664,ED_MODERATE_SAFE,1,hot_but_safe
Djibouti,Djibouti,38.3,43.0,2,50.30769230769231,ED_CAUTION,1,iso_forest
Helsinki,Finland,21.3,21.3,1,4.0,ED_VERY_SAFE,1,lof
Banjul,Gambia,33.2,48.6,2,54.269230769230774,ED_CAUTION,1,lof
Bissau,Guinea-Bissau,33.2,44.1,1,41.07692307692308,ED_CAUTION,1,lof
New Delhi,India,34.3,37.2,1,33.66666666666667,ED_MODERATE_SAFE,1,lof
Baghdad,Iraq,45.3,48.5,2,58.65384615384615,ED_DANGEROUS,1,iso_forest
Astana,Kazakhstan,20.0,20.0,1,3.0,ED_VERY_SAFE,1,lof
Kuwait City,Kuwait,47.5,49.5,2,58.80769230769231,ED_DANGEROUS,1,iso_forest
Pyongyang,North Korea,22.4,24.8,2,8.0,ED_VERY_SAFE,1,lof
Kingstown,Saint Vincent and the Grenadines,30.2,37.5,1,30.166666666666668,ED_MODERATE_SAFE,1,lof
Doha,Qatar,39.2,41.9,4,81.66346153846153,ED_VERY_DANGEROUS,1,iso_forest
Muscat,Oman,38.2,45.3,3,62.96153846153846,ED_DANGEROUS,1,iso_forest
Santiago,Chile,4.2,4.2,6,54.0,ED_CAUTION,1,iso_forest
Colombo,Sri Lanka,30.1,38.7,1,26.16666666666667,ED_MODERATE_SAFE,1,hot_but_safe
Damascus,Syria,38.1,38.1,1,35.16666666666667,ED_CAUTION,1,iso_forest
Dushanbe,Tajikistan,35.4,35.4,1,28.166666666666664,ED_MODERATE_SAFE,1,lof
Nuku`Aloia,Tonga,21.3,21.3,1,0.0,ED_VERY_SAFE,1,lof
Abu Dhabi,United Arab Emirates,38.1,40.1,3,55.5,ED_DANGEROUS,1,iso_forest
Nassau,Bahamas,28.1,32.2,1,21.333333333333336,ED_MODERATE_SAFE,1,lof
Manama,Bahrain,38.1,46.1,4,86.50961538461539,ED_VERY_DANGEROUS,1,iso_forest
Dhaka,Bangladesh,27.2,32.4,1,15.666666666666664,ED_MODERATE_SAFE,1,lof
Bridgetown,Barbados,30.4,36.1,1,29.333333333333336,ED_MODERATE_SAFE,1,lof
Porto-Novo,Benin,29.2,38.0,1,30.0,ED_MODERATE_SAFE,1,lof
Beijing,China,27.2,27.2,3,18.599999999999998,ED_MODERATE_SAFE,1,lof
Islamabad,Pakistan,41.1,43.9,3,62.34615384615385,ED_DANGEROUS,1,iso_forest
Havana,Cuba,27.1,30.3,1,15.900000000000002,ED_MODERATE_SAFE,1,lof
Vestmannaeyjar,Iceland,9.2,9.2,1,3.0,ED_VERY_SAFE,1,iso_forest
Baghdad,Iraq,46.1,49.9,1,52.26923076923077,ED_CAUTION,1,iso_forest
Tokyo,Japan,27.0,29.2,1,6.599999999999998,ED_VERY_SAFE,1,lof
Kuwait City,Kuwait,44.9,49.1,2,58.34615384615385,ED_DANGEROUS,1,iso_forest
Valletta,Malta,32.2,39.5,4,75.625,ED_VERY_DANGEROUS,1,lof
Kathmandu,Nepal,24.2,27.1,2,8.300000000000004,ED_VERY_SAFE,1,lof
Pyongyang,North Korea,22.2,24.6,2,8.0,ED_VERY_SAFE,1,lof
Oslo,Norway,11.4,11.4,1,6.0,ED_VERY_SAFE,1,lof
Muscat,Oman,37.1,48.9,3,67.11538461538461,ED_DANGEROUS,1,iso_forest
Oslo,Norway,12.1,12.1,1,5.0,ED_VERY_SAFE,1,lof
Islamabad,Pakistan,40.8,42.1,3,60.269230769230774,ED_DANGEROUS,1,iso_forest
Riyadh,Saudi Arabia,43.2,44.9,1,45.5,ED_CAUTION,1,iso_forest
Abu Dhabi,United Arab Emirates,39.1,41.1,3,58.11538461538461,ED_DANGEROUS,1,iso_forest
Kathmandu,Nepal,21.0,21.0,2,8.0,ED_VERY_SAFE,1,lof
Muscat,Oman,40.1,49.6,3,67.92307692307692,ED_DANGEROUS,1,iso_forest
Islamabad,Pakistan,40.1,41.5,3,59.57692307692308,ED_DANGEROUS,1,iso_forest
Lisbon,Portugal,33.4,35.3,1,27.999999999999996,ED_MODERATE_SAFE,1,lof
Doha,Qatar,45.1,49.4,2,58.69230769230769,ED_DANGEROUS,1,iso_forest
Basseterre,Saint Kitts and Nevis,30.1,38.4,1,33.166666666666664,ED_MODERATE_SAFE,1,hot_but_safe
Riyadh,Saudi Arabia,43.2,44.9,1,45.5,ED_CAUTION,1,iso_forest
Colombo,Sri Lanka,31.4,42.8,1,32.07692307692307,ED_MODERATE_SAFE,1,hot_but_safe
Dushanbe,Tajikistan,32.3,32.3,2,30.999999999999993,ED_MODERATE_SAFE,1,lof
Lom,Russia,27.2,28.5,1,12.0,ED_VERY_SAFE,1,lof
Manama,Bahrain,38.3,40.3,2,45.83333333333333,ED_CAUTION,1,iso_forest
Nan,Thailand,30.1,42.1,1,31.26923076923077,ED_MODERATE_SAFE,1,hot_but_safe
Bridgetown,Barbados,25.2,28.1,1,9.300000000000004,ED_VERY_SAFE,1,lof
Belmopan,Belize,29.0,38.7,1,32.16666666666667,ED_MODERATE_SAFE,1,hot_but_safe
Santiago,Chile,6.1,6.1,6,53.0,ED_CAUTION,1,iso_forest
Nicosia,Cyprus,39.1,43.7,1,42.11538461538462,ED_CAUTION,1,iso_forest
Malabo,Equatorial Guinea,30.2,39.8,1,34.0,ED_MODERATE_SAFE,1,hot_but_safe
Banjul,Gambia,31.2,39.9,1,34.166666666666664,ED_MODERATE_SAFE,1,hot_but_safe
Athens,Greece,31.0,34.7,1,25.500000000000007,ED_MODERATE_SAFE,1,lof
Bissau,Guinea-Bissau,31.4,39.1,1,32.833333333333336,ED_MODERATE_SAFE,1,hot_but_safe
Baghdad,Iraq,41.2,41.7,1,41.80769230769231,ED_CAUTION,1,iso_forest
Kuwait City,Kuwait,45.7,49.2,2,58.46153846153847,ED_DANGEROUS,1,iso_forest
Monaco,Monaco,25.0,26.8,1,5.0,ED_VERY_SAFE,1,lof
Riga,Latvia,21.2,21.2,1,6.0,ED_VERY_SAFE,1,lof
Warsaw,Poland,22.2,24.3,1,7.5,ED_VERY_SAFE,1,lof
Tirana,Albania,25.3,27.2,2,13.599999999999998,ED_VERY_SAFE,1,lof
Doha,Qatar,41.1,41.6,2,49.69230769230769,ED_CAUTION,1,iso_forest
Basseterre,Saint Kitts and Nevis,30.3,38.7,1,32.16666666666667,ED_MODERATE_SAFE,1,hot_but_safe
Kingstown,Saint Vincent and the Grenadines,26.1,28.9,1,11.699999999999996,ED_VERY_SAFE,1,lof
Riyadh,Saudi Arabia,44.0,46.2,2,55.0,ED_DANGEROUS,1,iso_forest
Seoul,South Korea,24.1,25.6,2,8.0,ED_VERY_SAFE,1,lof
Colombo,Sri Lanka,30.1,38.5,1,25.833333333333336,ED_MODERATE_SAFE,1,hot_but_safe
Khartoum,Sudan,40.4,40.5,2,48.16666666666667,ED_CAUTION,1,iso_forest
Funafuti,Tuvalu,30.2,37.3,1,23.83333333333333,ED_MODERATE_SAFE,1,lof
Abu Dhabi,United Arab Emirates,40.3,42.3,3,58.5,ED_DANGEROUS,1,iso_forest
Hanoi,Vietnam,33.4,42.8,2,40.07692307692307,ED_CAUTION,1,lof
Saint John's,Antigua and Barbuda,30.4,38.5,1,31.833333333333336,ED_MODERATE_SAFE,1,hot_but_safe
Kuwait City,Kuwait,48.1,50.1,2,59.5,ED_DANGEROUS,1,iso_forest
Manama,Bahrain,39.4,41.4,2,47.46153846153846,ED_CAUTION,1,iso_forest
Santiago,Chile,4.1,4.1,6,54.0,ED_CAUTION,1,iso_forest
Beijing,China,18.3,18.3,4,32.0,ED_MODERATE_SAFE,1,lof
Bogot,Bulgaria,35.5,35.5,1,30.833333333333336,ED_MODERATE_SAFE,1,lof
Nicosia,Cyprus,39.3,40.5,1,38.16666666666667,ED_CAUTION,1,iso_forest
Helsinki,Finland,22.3,24.6,1,5.0,ED_VERY_SAFE,1,lof
Accra,Ghana,31.2,39.2,1,33.00000000000001,ED_MODERATE_SAFE,1,hot_but_safe
Saint George's,Grenada,30.2,39.0,1,32.66666666666667,ED_MODERATE_SAFE,1,hot_but_safe
Baghdad,Iraq,42.3,43.5,2,51.88461538461539,ED_CAUTION,1,iso_forest
Astana,Kazakhstan,23.2,24.9,1,5.0,ED_VERY_SAFE,1,lof
Seoul,South Korea,24.1,25.6,1,0.0,ED_VERY_SAFE,1,lof
Doha,Qatar,37.2,40.3,4,79.45833333333333,ED_VERY_DANGEROUS,1,iso_forest
Manama,Bahrain,35.1,44.2,3,61.69230769230769,ED_DANGEROUS,1,iso_forest
Kuwait City,Kuwait,46.4,48.4,2,57.53846153846153,ED_DANGEROUS,1,iso_forest
Buenos Aires,Argentina,7.1,7.1,1,4.0,ED_VERY_SAFE,1,lof
Yerevan,Armenia,32.0,36.2,1,27.000000000000007,ED_MODERATE_SAFE,1,lof
Baku,Azerbaijan,26.3,28.7,1,10.099999999999998,ED_VERY_SAFE,1,lof
Manama,Bahrain,40.4,42.4,2,49.61538461538461,ED_CAUTION,1,iso_forest
Porto-Novo,Benin,31.3,38.3,1,31.499999999999996,ED_MODERATE_SAFE,1,hot_but_safe
Santiago,Chile,1.0,1.0,6,54.37086342113359,ED_CAUTION,1,iso_forest
Santo Domingo,Dominican Republic,30.4,36.8,2,37.0,ED_CAUTION,1,lof
Tbilisi,Georgia,18.1,18.1,1,4.0,ED_VERY_SAFE,1,lof
New Delhi,India,33.3,34.4,2,26.999999999999996,ED_MODERATE_SAFE,1,lof
Baghdad,Iraq,46.2,48.2,2,58.30769230769231,ED_DANGEROUS,1,iso_forest
Mexico City,Mexico,16.3,16.3,4,32.0,ED_MODERATE_SAFE,1,lof
Funafuti,Tuvalu,28.8,32.0,1,15.0,ED_MODERATE_SAFE,1,lof
Muscat,Oman,36.3,45.8,3,63.53846153846153,ED_DANGEROUS,1,iso_forest
Islamabad,Pakistan,41.3,42.0,2,50.15384615384615,ED_CAUTION,1,iso_forest
Doha,Qatar,45.1,48.5,2,57.65384615384615,ED_DANGEROUS,1,iso_forest
Kingstown,Saint Vincent and the Grenadines,30.4,38.8,1,33.83333333333333,ED_MODERATE_SAFE,1,hot_but_safe
Riyadh,Saudi Arabia,44.3,46.7,2,55.57692307692308,ED_DANGEROUS,1,iso_forest
Khartoum,Sudan,40.4,40.4,2,48.0,ED_CAUTION,1,iso_forest
Damascus,Syria,40.3,40.4,1,39.0,ED_CAUTION,1,iso_forest
Ashgabat,Turkmenistan,38.1,38.1,1,35.16666666666667,ED_CAUTION,1,iso_forest
Abu Dhabi,United Arab Emirates,39.1,41.1,2,48.11538461538461,ED_CAUTION,1,iso_forest
Tashkent,Uzbekistan,38.4,38.4,1,34.666666666666664,ED_MODERATE_SAFE,1,hot_but_safe
Port Vila,Vanuatu,24.5,26.4,1,0.0,ED_VERY_SAFE,1,lof
Damascus,Syria,36.1,36.1,1,31.833333333333336,ED_MODERATE_SAFE,1,iso_forest
Bandar Seri Begawan,Brunei Darussalam,27.1,32.0,1,15.0,ED_MODERATE_SAFE,1,lof
Manama,Bahrain,34.9,45.1,2,51.73076923076923,ED_CAUTION,1,iso_forest
Port Moresby,Papua New Guinea,25.5,28.9,1,5.699999999999996,ED_VERY_SAFE,1,lof
Doha,Qatar,42.1,44.1,3,61.57692307692308,ED_DANGEROUS,1,iso_forest
Basseterre,Saint Kitts and Nevis,31.1,40.8,1,35.666666666666664,ED_CAUTION,1,lof
Riyadh,Saudi Arabia,45.0,47.9,2,56.96153846153846,ED_DANGEROUS,1,iso_forest
Mogadishu,Somalia,26.2,28.6,1,10.800000000000004,ED_VERY_SAFE,1,lof
Damascus,Syria,40.4,40.5,1,39.16666666666667,ED_CAUTION,1,iso_forest
Dushanbe,Tajikistan,33.2,43.0,1,37.30769230769231,ED_CAUTION,1,lof
Nuku`Aloia,Tonga,21.2,21.2,1,0.0,ED_VERY_SAFE,1,lof
Abu Dhabi,United Arab Emirates,38.0,40.0,2,45.333333333333336,ED_CAUTION,1,iso_forest
Port Vila,Vanuatu,25.1,27.7,1,2.099999999999998,ED_VERY_SAFE,1,lof
Cairo,Egypt,40.2,40.2,2,47.66666666666667,ED_CAUTION,1,iso_forest
Mogadishu,Somalia,26.3,28.5,1,12.0,ED_VERY_SAFE,1,lof
New Delhi,India,41.6,45.7,4,86.04807692307693,ED_VERY_DANGEROUS,1,iso_forest
Baghdad,Iraq,44.3,46.8,2,55.692307692307686,ED_DANGEROUS,1,iso_forest
Kuwait City,Kuwait,42.8,44.5,1,45.03846153846154,ED_CAUTION,1,iso_forest
Valletta,Malta,25.6,27.9,4,42.199999999999996,ED_CAUTION,1,lof
Kathmandu,Nepal,21.1,21.1,1,0.0,ED_VERY_SAFE,1,lof
Muscat,Oman,36.5,45.2,2,52.84615384615385,ED_CAUTION,1,iso_forest
Islamabad,Pakistan,41.1,41.5,2,49.57692307692308,ED_CAUTION,1,iso_forest
Doha,Qatar,42.5,45.3,2,53.96153846153846,ED_CAUTION,1,iso_forest
Apia,Samoa,26.9,29.0,1,6.0,ED_VERY_SAFE,1,lof
Riyadh,Saudi Arabia,43.9,46.0,3,64.76923076923077,ED_DANGEROUS,1,iso_forest
Manama,Bahrain,42.1,44.1,3,61.57692307692308,ED_DANGEROUS,1,iso_forest
Santiago,Chile,4.4,4.4,6,54.0,ED_CAUTION,1,iso_forest
Manila,Philippines,31.1,40.0,1,28.333333333333336,ED_MODERATE_SAFE,1,hot_but_safe
Santiago,Chile,3.3,3.3,6,54.0,ED_CAUTION,1,iso_forest
Colombo,Sri Lanka,30.3,39.0,1,26.666666666666668,ED_MODERATE_SAFE,1,hot_but_safe
Khartoum,Sudan,39.7,40.1,2,46.5,ED_CAUTION,1,iso_forest
Damascus,Syria,39.3,39.3,1,37.166666666666664,ED_CAUTION,1,iso_forest
Nuku`Aloia,Tonga,22.2,24.6,1,0.0,ED_VERY_SAFE,1,lof
Abu Dhabi,United Arab Emirates,37.3,39.3,3,54.166666666666664,ED_CAUTION,1,iso_forest
Caracas,Venezuela,28.0,31.1,1,17.300000000000004,ED_MODERATE_SAFE,1,lof
Kabul,Afghanistan,32.9,32.9,1,25.499999999999996,ED_MODERATE_SAFE,1,iso_forest
Nassau,Bahamas,29.2,35.2,1,27.83333333333334,ED_MODERATE_SAFE,1,lof
Manama,Bahrain,38.2,40.2,4,79.29166666666667,ED_VERY_DANGEROUS,1,iso_forest
Phnom Penh,Cambodia,31.0,38.8,1,26.33333333333333,ED_MODERATE_SAFE,1,hot_but_safe
Djibouti,Djibouti,38.9,43.3,1,42.65384615384615,ED_CAUTION,1,iso_forest
Doha,Qatar,39.0,40.7,3,57.50000000000001,ED_DANGEROUS,1,iso_forest
Bissau,Guinea-Bissau,31.1,39.2,1,33.00000000000001,ED_MODERATE_SAFE,1,hot_but_safe
Baghdad,Iraq,44.4,46.9,1,47.80769230769231,ED_CAUTION,1,iso_forest
Beirut,Lebanon,31.4,38.8,1,33.83333333333333,ED_MODERATE_SAFE,1,hot_but_safe
Nan,Thailand,30.3,40.6,1,29.333333333333336,ED_MODERATE_SAFE,1,hot_but_safe
Vaduz,Liechtenstein,25.2,25.4,1,7.5,ED_VERY_SAFE,1,lof
Bamako,Mali,33.1,38.5,1,33.333333333333336,ED_MODERATE_SAFE,1,hot_but_safe
Valletta,Malta,33.3,42.3,3,57.0,ED_DANGEROUS,1,lof
Pyongyang,North Korea,24.7,26.1,2,8.0,ED_VERY_SAFE,1,lof
Muscat,Oman,36.1,45.3,3,61.96153846153846,ED_DANGEROUS,1,iso_forest
Islamabad,Pakistan,38.9,42.2,4,81.00961538461539,ED_VERY_DANGEROUS,1,iso_forest
Riyadh,Saudi Arabia,43.3,45.1,2,53.73076923076923,ED_CAUTION,1,iso_forest
Islamabad,Pakistan,39.2,40.8,3,57.666666666666664,ED_DANGEROUS,1,iso_forest
Addis Ababa,Ethiopia,28.0,29.8,2,21.400000000000002,ED_MODERATE_SAFE,1,lof
Khartoum,Sudan,40.7,41.1,2,49.11538461538461,ED_CAUTION,1,iso_forest
Baghdad,Iraq,41.2,41.7,1,41.80769230769231,ED_CAUTION,1,iso_forest
Valletta,Malta,29.2,34.1,1,18.500000000000004,ED_MODERATE_SAFE,1,lof
Maputo,Mozambique,24.2,25.5,1,7.5,ED_VERY_SAFE,1,lof
Muscat,Oman,36.2,46.7,3,64.57692307692308,ED_DANGEROUS,1,iso_forest
Islamabad,Pakistan,41.5,42.2,3,60.38461538461539,ED_DANGEROUS,1,iso_forest
Doha,Qatar,39.0,41.3,2,49.34615384615384,ED_CAUTION,1,iso_forest
Riyadh,Saudi Arabia,43.3,45.1,2,53.73076923076923,ED_CAUTION,1,iso_forest
Belgrade,Serbia,27.4,33.3,1,22.16666666666666,ED_MODERATE_SAFE,1,lof
Seoul,South Korea,23.2,24.8,2,8.0,ED_VERY_SAFE,1,lof
Colombo,Sri Lanka,30.2,39.2,1,27.000000000000007,ED_MODERATE_SAFE,1,hot_but_safe
Damascus,Syria,39.3,39.3,1,37.166666666666664,ED_CAUTION,1,iso_forest
Muscat,Oman,36.4,47.8,3,64.84615384615384,ED_DANGEROUS,1,iso_forest
Abu Dhabi,United Arab Emirates,42.4,44.4,2,51.92307692307692,ED_CAUTION,1,iso_forest
Tashkent,Uzbekistan,39.4,39.4,1,38.33333333333333,ED_CAUTION,1,iso_forest
Dhaka,Bangladesh,28.5,34.4,1,18.999999999999996,ED_MODERATE_SAFE,1,lof
Santiago,Chile,4.1,4.1,6,54.0,ED_CAUTION,1,iso_forest
Roseau,Dominica,31.2,39.6,1,33.66666666666667,ED_MODERATE_SAFE,1,hot_but_safe
Saint George's,Grenada,31.2,38.2,1,31.33333333333334,ED_MODERATE_SAFE,1,hot_but_safe
Vestmannaeyjar,Iceland,9.4,9.4,1,4.0,ED_VERY_SAFE,1,iso_forest
Baghdad,Iraq,45.3,48.5,1,49.65384615384615,ED_CAUTION,1,iso_forest
Kuwait City,Kuwait,46.2,48.2,1,49.30769230769231,ED_CAUTION,1,iso_forest
Nan,Thailand,30.2,42.2,1,31.384615384615387,ED_MODERATE_SAFE,1,hot_but_safe
Windhoek,Namibia,26.2,26.2,1,7.5,ED_VERY_SAFE,1,lof
Managua,Nicaragua,25.0,27.5,1,7.5,ED_VERY_SAFE,1,lof
Pyongyang,North Korea,19.8,19.8,3,18.0,ED_MODERATE_SAFE,1,lof
Bissau,Guinea-Bissau,31.3,38.5,1,31.833333333333336,ED_MODERATE_SAFE,1,hot_but_safe
Hanoi,Vietnam,31.1,38.5,2,33.833333333333336,ED_MODERATE_SAFE,1,hot_but_safe
Tirana,Albania,37.1,38.5,1,34.833333333333336,ED_MODERATE_SAFE,1,hot_but_safe
Baku,Azerbaijan,33.3,38.0,1,25.0,ED_MODERATE_SAFE,1,lof
Manama,Bahrain,39.3,41.3,2,47.34615384615384,ED_CAUTION,1,iso_forest
Dhaka,Bangladesh,28.6,34.0,1,18.333333333333332,ED_MODERATE_SAFE,1,lof
Bandar Seri Begawan,Brunei Darussalam,28.4,34.1,1,18.500000000000004,ED_MODERATE_SAFE,1,lof
Ottawa,Canada,21.2,21.2,1,6.0,ED_VERY_SAFE,1,lof
Santiago,Chile,4.2,4.2,6,53.0,ED_CAUTION,1,iso_forest
Beijing,China,30.2,31.7,3,32.099999999999994,ED_MODERATE_SAFE,1,lof
Suva,Fiji Islands,24.0,26.0,1,0.0,ED_VERY_SAFE,1,lof
New Delhi,India,30.3,30.9,3,39.699999999999996,ED_CAUTION,1,lof
Pretoria,South Africa,14.3,14.3,4,37.0,ED_CAUTION,1,iso_forest
Baghdad,Iraq,47.0,49.0,2,59.230769230769226,ED_DANGEROUS,1,iso_forest
Tokyo,Japan,28.2,30.9,1,11.699999999999996,ED_VERY_SAFE,1,lof
Kuwait City,Kuwait,43.0,44.8,2,53.38461538461538,ED_CAUTION,1,iso_forest
Kuala Lumpur,Malaysia,29.3,37.4,5,80.0625,ED_VERY_DANGEROUS,1,lof
Valletta,Malta,33.3,45.2,4,82.97115384615384,ED_VERY_DANGEROUS,1,lof
Wellington,New Zealand,11.3,11.3,1,0.0,ED_VERY_SAFE,1,lof
Pyongyang,North Korea,22.9,25.1,2,8.0,ED_VERY_SAFE,1,lof
Islamabad,Pakistan,36.6,40.7,4,80.125,ED_VERY_DANGEROUS,1,iso_forest
Warsaw,Poland,35.2,35.6,1,30.000000000000004,ED_MODERATE_SAFE,1,lof
Doha,Qatar,37.0,40.0,3,56.333333333333336,ED_DANGEROUS,1,iso_forest
Abu Dhabi,United Arab Emirates,40.3,42.3,4,81.125,ED_VERY_DANGEROUS,1,iso_forest
Riyadh,Saudi Arabia,43.2,44.9,2,53.5,ED_CAUTION,1,iso_forest
Damascus,Syria,39.2,39.2,1,37.00000000000001,ED_CAUTION,1,iso_forest
Nicosia,Cyprus,38.3,43.9,1,43.34615384615385,ED_CAUTION,1,iso_forest
Islamabad,Pakistan,36.5,38.4,4,76.29166666666666,ED_VERY_DANGEROUS,1,iso_forest
Doha,Qatar,38.3,44.1,2,51.57692307692308,ED_CAUTION,1,iso_forest
Riyadh,Saudi Arabia,43.2,44.9,2,53.5,ED_CAUTION,1,iso_forest
Ljubljana,Slovenia,31.1,39.6,1,33.66666666666667,ED_MODERATE_SAFE,1,hot_but_safe
Seoul,South Korea,24.3,27.3,1,0.9000000000000021,ED_VERY_SAFE,1,lof
Abu Dhabi,United Arab Emirates,39.2,41.2,4,79.85576923076923,ED_VERY_DANGEROUS,1,iso_forest
Luanda,Angola,24.1,25.7,5,52.5,ED_CAUTION,1,lof
Nassau,Bahamas,30.2,36.9,1,30.666666666666664,ED_MODERATE_SAFE,1,lof
Manama,Bahrain,40.1,42.1,2,48.269230769230774,ED_CAUTION,1,iso_forest
Santiago,Chile,-0.8,-0.8,6,57.47866218394063,ED_DANGEROUS,1,iso_forest
Roseau,Dominica,30.2,38.6,1,32.0,ED_MODERATE_SAFE,1,hot_but_safe
Kingstown,Saint Vincent and the Grenadines,29.2,36.3,1,29.666666666666664,ED_MODERATE_SAFE,1,lof
New Delhi,India,31.2,32.8,4,66.95833333333333,ED_DANGEROUS,1,lof
Baghdad,Iraq,45.7,49.2,2,59.46153846153847,ED_DANGEROUS,1,iso_forest
Tokyo,Japan,28.1,28.1,1,3.3000000000000043,ED_VERY_SAFE,1,lof
Kuwait City,Kuwait,42.2,44.4,2,52.92307692307692,ED_CAUTION,1,iso_forest
Nan,Thailand,24.2,26.5,1,0.0,ED_VERY_SAFE,1,lof
Valletta,Malta,35.2,46.8,1,44.192307692307686,ED_CAUTION,1,lof
Podgorica,Montenegro,37.1,43.0,1,39.80769230769231,ED_CAUTION,1,lof
Managua,Nicaragua,23.5,25.7,1,6.0,ED_VERY_SAFE,1,lof
Islamabad,Pakistan,37.7,40.3,3,56.83333333333333,ED_DANGEROUS,1,iso_forest
Doha,Qatar,39.2,47.5,2,55.5,ED_DANGEROUS,1,iso_forest
Pretoria,South Africa,21.1,21.1,2,14.0,ED_VERY_SAFE,1,lof
Abu Dhabi,United Arab Emirates,41.1,43.1,4,83.04807692307693,ED_VERY_DANGEROUS,1,iso_forest
Islamabad,Pakistan,41.2,42.4,3,60.61538461538461,ED_DANGEROUS,1,iso_forest
Valletta,Malta,35.3,47.0,3,62.42307692307692,ED_DANGEROUS,1,lof
Luanda,Angola,22.8,24.9,5,52.5,ED_CAUTION,1,lof
Nassau,Bahamas,27.0,29.6,1,15.300000000000004,ED_MODERATE_SAFE,1,lof
Manama,Bahrain,43.3,45.3,3,62.96153846153846,ED_DANGEROUS,1,iso_forest
Santiago,Chile,0.1,0.1,6,56.32273457506276,ED_DANGEROUS,1,iso_forest
Beijing,China,23.3,25.2,4,32.0,ED_MODERATE_SAFE,1,lof
Prague,Czech Republic,29.4,39.4,1,32.33333333333333,ED_MODERATE_SAFE,1,hot_but_safe
Bissau,Guinea-Bissau,31.2,39.8,1,34.0,ED_MODERATE_SAFE,1,hot_but_safe
New Delhi,India,32.3,32.3,2,32.49999999999999,ED_MODERATE_SAFE,1,lof
Tokyo,Japan,23.4,25.5,1,0.0,ED_VERY_SAFE,1,lof
Kuwait City,Kuwait,45.7,49.1,2,59.34615384615385,ED_DANGEROUS,1,iso_forest
Pyongyang,North Korea,22.4,24.7,4,32.0,ED_MODERATE_SAFE,1,lof
Port Vila,Vanuatu,23.0,25.1,1,0.0,ED_VERY_SAFE,1,lof
Muscat,Oman,36.3,48.8,2,57.0,ED_DANGEROUS,1,iso_forest
Islamabad,Pakistan,29.9,31.7,3,38.099999999999994,ED_CAUTION,1,lof
Doha,Qatar,44.2,47.3,2,56.26923076923077,ED_DANGEROUS,1,iso_forest
Basseterre,Saint Kitts and Nevis,28.3,32.8,1,22.33333333333333,ED_MODERATE_SAFE,1,lof
Riyadh,Saudi Arabia,46.0,49.7,2,60.03846153846154,ED_DANGEROUS,1,iso_forest
Pretoria,South Africa,23.2,23.2,2,15.5,ED_MODERATE_SAFE,1,lof
Colombo,Sri Lanka,29.4,37.0,1,29.333333333333336,ED_MODERATE_SAFE,1,lof
Abu Dhabi,United Arab Emirates,40.3,42.3,2,48.5,ED_CAUTION,1,iso_forest
Kabul,Afghanistan,28.0,28.0,1,10.5,ED_VERY_SAFE,1,lof
Buenos Aires,Argentina,5.2,5.2,2,12.0,ED_VERY_SAFE,1,lof
Kabul,Afghanistan,30.1,30.1,1,18.300000000000004,ED_MODERATE_SAFE,1,iso_forest
Abu Dhabi,United Arab Emirates,42.1,44.1,3,60.57692307692308,ED_DANGEROUS,1,iso_forest
Montevideo,Uruguay,5.0,5.0,2,12.0,ED_VERY_SAFE,1,lof
Kuwait City,Kuwait,45.7,49.1,2,59.34615384615385,ED_DANGEROUS,1,iso_forest
Kabul,Afghanistan,30.0,30.0,1,18.0,ED_MODERATE_SAFE,1,iso_forest
Buenos Aires,Argentina,1.3,1.3,2,11.0,ED_VERY_SAFE,1,lof
Manama,Bahrain,40.4,42.4,3,59.61538461538461,ED_DANGEROUS,1,iso_forest
Dhaka,Bangladesh,29.2,35.2,2,34.33333333333334,ED_MODERATE_SAFE,1,lof
Belmopan,Belize,26.1,30.9,1,16.699999999999996,ED_MODERATE_SAFE,1,lof
Santiago,Chile,2.3,2.3,6,53.0,ED_CAUTION,1,iso_forest
Beijing,China,30.3,32.2,3,33.333333333333336,ED_MODERATE_SAFE,1,lof
Djibouti,Djibouti,42.3,44.3,2,50.80769230769231,ED_CAUTION,1,iso_forest
Baghdad,Iraq,49.1,51.1,1,53.65384615384615,ED_CAUTION,1,iso_forest
Tokyo,Japan,26.0,27.8,1,2.400000000000002,ED_VERY_SAFE,1,lof
Valletta,Malta,33.2,40.8,4,77.79166666666666,ED_VERY_DANGEROUS,1,lof
Ashgabat,Turkmenistan,41.3,41.9,1,41.03846153846153,ED_CAUTION,1,iso_forest
Kathmandu,Nepal,24.0,26.4,1,5.0,ED_VERY_SAFE,1,lof
Pyongyang,North Korea,22.1,24.5,2,8.0,ED_VERY_SAFE,1,lof
Oslo,Norway,12.1,12.1,1,5.0,ED_VERY_SAFE,1,lof
Muscat,Oman,36.0,47.5,2,54.5,ED_CAUTION,1,iso_forest
Islamabad,Pakistan,37.1,40.1,2,46.5,ED_CAUTION,1,iso_forest
Doha,Qatar,39.3,45.3,3,62.96153846153846,ED_DANGEROUS,1,iso_forest
Seoul,South Korea,23.2,25.2,5,45.0,ED_CAUTION,1,lof
Madrid,Spain,34.0,34.0,1,28.333333333333332,ED_MODERATE_SAFE,1,lof
Colombo,Sri Lanka,30.0,38.4,1,31.666666666666664,ED_MODERATE_SAFE,1,hot_but_safe
Tunis,Tunisia,35.3,38.3,1,34.5,ED_MODERATE_SAFE,1,hot_but_safe
Muscat,Oman,36.3,48.4,3,65.53846153846153,ED_DANGEROUS,1,iso_forest
Nan,Thailand,32.3,49.5,1,39.80769230769231,ED_CAUTION,1,lof
Kuwait City,Kuwait,46.2,48.2,2,57.30769230769231,ED_DANGEROUS,1,iso_forest
Kuwait City,Kuwait,47.6,49.6,3,68.92307692307692,ED_DANGEROUS,1,iso_forest
Riyadh,Saudi Arabia,42.2,43.3,1,43.65384615384615,ED_CAUTION,1,iso_forest
Ashgabat,Turkmenistan,39.2,39.2,1,37.00000000000001,ED_CAUTION,1,iso_forest
Montevideo,Uruguay,3.2,3.2,1,4.0,ED_VERY_SAFE,1,lof
Luanda,Angola,26.3,28.0,6,60.5,ED_DANGEROUS,1,lof
Baku,Azerbaijan,34.3,38.2,1,34.33333333333334,ED_MODERATE_SAFE,1,hot_but_safe
Manama,Bahrain,41.3,43.3,2,50.65384615384615,ED_CAUTION,1,iso_forest
Santiago,Chile,0.2,0.2,6,53.0,ED_CAUTION,1,iso_forest
Beijing,China,29.1,30.7,4,43.099999999999994,ED_CAUTION,1,lof
Bissau,Guinea-Bissau,32.2,40.0,1,34.333333333333336,ED_MODERATE_SAFE,1,hot_but_safe
Baghdad,Iraq,48.3,50.3,2,60.730769230769226,ED_DANGEROUS,1,iso_forest
Ulaanbaatar,Mongolia,23.1,25.0,1,4.0,ED_VERY_SAFE,1,lof
Doha,Qatar,43.2,44.9,2,53.5,ED_CAUTION,1,iso_forest
Abuja,Nigeria,28.4,35.0,1,25.0,ED_MODERATE_SAFE,1,lof
Pyongyang,North Korea,22.3,24.7,4,32.0,ED_MODERATE_SAFE,1,lof
Oslo,Norway,14.2,14.2,1,4.0,ED_VERY_SAFE,1,lof
Doha,Qatar,44.2,46.6,2,55.46153846153846,ED_DANGEROUS,1,iso_forest
Moscow,Russia,20.2,20.2,1,7.5,ED_VERY_SAFE,1,lof
Riyadh,Saudi Arabia,43.3,45.1,1,45.73076923076923,ED_CAUTION,1,iso_forest
Khartoum,Sudan,41.0,41.4,2,49.46153846153846,ED_CAUTION,1,iso_forest
Damascus,Syria,38.4,38.4,1,35.666666666666664,ED_CAUTION,1,iso_forest
Ashgabat,Turkmenistan,40.3,40.4,1,39.0,ED_CAUTION,1,iso_forest
Abu Dhabi,United Arab Emirates,37.3,39.3,3,54.166666666666664,ED_CAUTION,1,iso_forest
Kingstown,Saint Vincent and the Grenadines,30.4,39.3,1,33.166666666666664,ED_MODERATE_SAFE,1,hot_but_safe
Muscat,Oman,36.4,46.6,3,64.46153846153845,ED_DANGEROUS,1,iso_forest
Baghdad,Iraq,43.3,45.1,1,45.73076923076923,ED_CAUTION,1,iso_forest
Belmopan,Belize,26.3,31.0,1,17.0,ED_MODERATE_SAFE,1,lof
Doha,Qatar,44.1,46.4,2,55.230769230769226,ED_DANGEROUS,1,iso_forest
Riyadh,Saudi Arabia,42.2,43.3,2,51.65384615384615,ED_CAUTION,1,iso_forest
Seoul,South Korea,24.2,26.5,2,8.0,ED_VERY_SAFE,1,lof
Colombo,Sri Lanka,30.3,39.4,1,27.333333333333332,ED_MODERATE_SAFE,1,hot_but_safe
Khartoum,Sudan,39.8,40.1,2,46.5,ED_CAUTION,1,iso_forest
Stockholm,Sweden,19.0,19.0,1,4.0,ED_VERY_SAFE,1,lof
Nuku`Aloia,Tonga,23.1,25.2,1,0.0,ED_VERY_SAFE,1,lof
Abu Dhabi,United Arab Emirates,41.2,43.2,2,49.53846153846154,ED_CAUTION,1,iso_forest
Buenos Aires,Argentina,3.3,3.3,1,4.0,ED_VERY_SAFE,1,lof
Manama,Bahrain,39.2,41.2,2,48.23076923076923,ED_CAUTION,1,iso_forest
Bandar Seri Begawan,Brunei Darussalam,29.0,36.7,1,22.83333333333334,ED_MODERATE_SAFE,1,lof
Oslo,Norway,12.0,12.0,1,3.0,ED_VERY_SAFE,1,iso_forest
Ottawa,Canada,21.1,21.1,1,6.0,ED_VERY_SAFE,1,lof
Santiago,Chile,4.2,4.2,6,54.0,ED_CAUTION,1,iso_forest
Havana,Cuba,27.3,30.9,1,17.699999999999996,ED_MODERATE_SAFE,1,lof
Banjul,Gambia,32.1,43.6,1,39.0,ED_CAUTION,1,lof
Bissau,Guinea-Bissau,31.4,39.2,1,33.00000000000001,ED_MODERATE_SAFE,1,hot_but_safe
Jakarta,Indonesia,26.1,28.8,6,55.400000000000006,ED_DANGEROUS,1,lof
Baghdad,Iraq,43.1,44.7,1,45.269230769230774,ED_CAUTION,1,iso_forest
Kuwait City,Kuwait,45.6,49.0,3,68.23076923076923,ED_DANGEROUS,1,iso_forest
Nouakchott,Mauritania,23.9,25.6,1,6.0,ED_VERY_SAFE,1,lof
Pyongyang,North Korea,22.9,25.3,4,32.0,ED_MODERATE_SAFE,1,lof
Yerevan,Armenia,38.2,38.2,1,34.33333333333334,ED_MODERATE_SAFE,1,hot_but_safe
Dhaka,Bangladesh,29.9,35.2,1,20.33333333333334,ED_MODERATE_SAFE,1,lof
Bandar Seri Begawan,Brunei Darussalam,27.0,31.4,1,13.199999999999996,ED_VERY_SAFE,1,lof
Basseterre,Saint Kitts and Nevis,28.3,32.4,1,21.666666666666664,ED_MODERATE_SAFE,1,lof
Beijing,China,23.2,24.7,3,18.0,ED_MODERATE_SAFE,1,lof
Jakarta,Indonesia,27.2,30.8,5,56.400000000000006,ED_DANGEROUS,1,lof
Baghdad,Iraq,43.1,44.7,1,45.269230769230774,ED_CAUTION,1,iso_forest
Kuwait City,Kuwait,47.9,49.9,3,69.26923076923077,ED_DANGEROUS,1,iso_forest
Nan,Thailand,30.2,41.2,1,30.230769230769234,ED_MODERATE_SAFE,1,hot_but_safe
Vilnius,Lithuania,29.2,37.9,1,29.833333333333332,ED_MODERATE_SAFE,1,lof
Yangon,Myanmar,27.1,30.6,1,10.800000000000004,ED_VERY_SAFE,1,lof
Muscat,Oman,38.4,48.0,3,66.07692307692308,ED_DANGEROUS,1,iso_forest
Islamabad,Pakistan,36.2,38.0,2,43.0,ED_CAUTION,1,lof
Doha,Qatar,37.3,44.3,4,84.4326923076923,ED_VERY_DANGEROUS,1,iso_forest
Kingstown,Saint Vincent and the Grenadines,30.1,38.3,1,31.499999999999996,ED_MODERATE_SAFE,1,hot_but_safe
Santiago,Chile,3.2,3.2,6,53.0,ED_CAUTION,1,iso_forest
Riyadh,Saudi Arabia,43.1,44.7,2,53.269230769230774,ED_CAUTION,1,iso_forest
Freetown,Sierra Leone,29.2,37.5,1,29.166666666666668,ED_MODERATE_SAFE,1,lof
Seoul,South Korea,24.3,27.2,2,8.599999999999998,ED_VERY_SAFE,1,lof
Bangkok,Thailand,31.3,38.4,2,33.666666666666664,ED_MODERATE_SAFE,1,hot_but_safe
Abu Dhabi,United Arab Emirates,41.2,43.2,4,83.16346153846155,ED_VERY_DANGEROUS,1,iso_forest
Manama,Bahrain,38.2,40.2,2,45.66666666666667,ED_CAUTION,1,iso_forest
Bridgetown,Barbados,28.1,32.4,1,21.666666666666664,ED_MODERATE_SAFE,1,lof
Belmopan,Belize,28.3,36.8,1,27.999999999999996,ED_MODERATE_SAFE,1,lof
Praia,Cape Verde,28.3,34.5,1,24.166666666666668,ED_MODERATE_SAFE,1,lof
Santiago,Chile,-0.7,-0.7,6,58.30600669711802,ED_DANGEROUS,1,iso_forest
Santiago,Chile,-1.7,-1.7,6,56.55,ED_DANGEROUS,1,iso_forest
Ottawa,Canada,19.4,19.4,1,6.0,ED_VERY_SAFE,1,lof
Belmopan,Belize,26.0,30.4,1,15.199999999999996,ED_MODERATE_SAFE,1,lof
Manama,Bahrain,36.4,38.4,2,42.666666666666664,ED_CAUTION,1,iso_forest
Beijing,China,26.1,26.6,3,18.0,ED_MODERATE_SAFE,1,lof
Copenhagen,Denmark,22.3,24.7,1,5.0,ED_VERY_SAFE,1,lof
Malabo,Equatorial Guinea,30.3,38.7,1,32.16666666666667,ED_MODERATE_SAFE,1,hot_but_safe
Bissau,Guinea-Bissau,31.4,38.7,1,32.16666666666667,ED_MODERATE_SAFE,1,hot_but_safe
Baghdad,Iraq,43.2,44.9,2,53.5,ED_CAUTION,1,iso_forest
Astana,Kazakhstan,21.1,21.1,1,5.0,ED_VERY_SAFE,1,lof
Chi Chi Khvar,Iran,35.0,35.0,2,38.0,ED_CAUTION,1,lof
Amsterdam,Netherlands,15.0,15.0,1,4.0,ED_VERY_SAFE,1,iso_forest
Pyongyang,North Korea,21.4,21.4,2,8.0,ED_VERY_SAFE,1,lof
Muscat,Oman,40.1,42.1,3,59.269230769230774,ED_DANGEROUS,1,iso_forest
Islamabad,Pakistan,33.9,36.8,2,40.0,ED_CAUTION,1,lof
Doha,Qatar,40.2,47.3,4,87.89423076923077,ED_VERY_DANGEROUS,1,iso_forest
'S Gravenjansdijk,Belgium,19.0,19.0,1,4.0,ED_VERY_SAFE,1,iso_forest
Riyadh,Saudi Arabia,42.3,43.5,2,51.88461538461539,ED_CAUTION,1,iso_forest
Dakar,Senegal,31.3,39.0,1,34.16666666666667,ED_MODERATE_SAFE,1,hot_but_safe
Pretoria,South Africa,18.3,18.3,3,24.0,ED_MODERATE_SAFE,1,lof
Colombo,Sri Lanka,29.2,36.7,1,28.83333333333334,ED_MODERATE_SAFE,1,lof
Khartoum,Sudan,39.0,39.0,2,44.66666666666667,ED_CAUTION,1,iso_forest
Ashgabat,Turkmenistan,39.4,39.4,1,37.33333333333333,ED_CAUTION,1,iso_forest
Abu Dhabi,United Arab Emirates,40.2,42.2,3,59.38461538461539,ED_DANGEROUS,1,iso_forest
Montevideo,Uruguay,6.3,6.3,2,12.0,ED_VERY_SAFE,1,lof
Nairobi,Kenya,17.3,17.3,2,18.4,ED_MODERATE_SAFE,1,lof
Riga,Latvia,1.1,1.1,1,6.188314392480738,ED_VERY_SAFE,1,iso_forest
Vilnius,Lithuania,0.3,0.3,1,7.095456710834014,ED_VERY_SAFE,1,iso_forest
Bucharest,Romania,18.3,18.3,3,20.4,ED_MODERATE_SAFE,1,lof
Prague,Czech Republic,9.4,9.4,2,8.3,ED_VERY_SAFE,1,lof
Tallinn,Estonia,-0.9,-0.9,1,10.065917487628129,ED_VERY_SAFE,1,iso_forest
Addis Ababa,Ethiopia,23.3,24.3,2,20.0,ED_MODERATE_SAFE,1,iso_forest
Helsinki,Finland,-2.8,-2.8,1,13.21121703454021,ED_VERY_SAFE,1,iso_forest
New Delhi,India,32.1,32.1,5,72.72916666666667,ED_DANGEROUS,1,iso_forest
Tokyo,Japan,14.1,14.1,4,32.0,ED_MODERATE_SAFE,1,lof
Vilnius,Lithuania,3.1,3.1,3,18.0,ED_MODERATE_SAFE,1,iso_forest
Lilongwe,Malawi,20.0,20.1,1,9.6,ED_VERY_SAFE,1,lof
Yangon,Myanmar,37.4,39.1,2,34.833333333333336,ED_MODERATE_SAFE,1,hot_but_safe
Warsaw,Poland,12.0,12.0,4,32.3,ED_MODERATE_SAFE,1,lof
Moscow,Russia,10.1,10.4,4,32.0,ED_MODERATE_SAFE,1,lof
N'djamena,Chad,37.3,37.3,3,51.03333333333333,ED_CAUTION,1,iso_forest
Riyadh,Saudi Arabia,25.3,25.3,6,59.6,ED_DANGEROUS,1,iso_forest
Juba,Sudan,27.4,27.4,4,45.099999999999994,ED_CAUTION,1,iso_forest
Andorra La Vella,Andorra,-2.7,-2.7,1,9.544455674007963,ED_VERY_SAFE,1,iso_forest
Manama,Bahrain,23.3,25.2,4,40.7,ED_CAUTION,1,lof
N'djamena,Chad,37.3,37.3,3,51.33333333333333,ED_CAUTION,1,iso_forest
Malabo,Equatorial Guinea,31.1,38.8,1,33.23333333333333,ED_MODERATE_SAFE,1,hot_but_safe
Helsinki,Finland,-2.8,-2.8,1,8.826913729651015,ED_VERY_SAFE,1,iso_forest
Budapest,Hungary,15.2,15.2,2,9.2,ED_VERY_SAFE,1,lof
Baghdad,Iraq,24.3,25.3,2,8.0,ED_VERY_SAFE,1,lof
Vilnius,Lithuania,10.3,10.3,2,8.0,ED_VERY_SAFE,1,lof
Beijing,China,19.1,19.1,5,45.0,ED_CAUTION,1,iso_forest
Ottawa,Canada,-6.6,-6.6,1,9.899999999999999,ED_VERY_SAFE,1,iso_forest
Rabat,Morocco,17.4,17.4,1,0.0,ED_VERY_SAFE,1,iso_forest
Astana,Kazakhstan,-0.8,-0.8,1,9.642723543199278,ED_VERY_SAFE,1,lof
Juba,Sudan,27.8,27.8,4,45.50000000000001,ED_CAUTION,1,iso_forest
Tunis,Tunisia,18.2,18.2,4,32.0,ED_MODERATE_SAFE,1,lof
Abu Dhabi,United Arab Emirates,31.0,37.2,3,50.76666666666667,ED_CAUTION,1,lof
London,United Kingdom,8.3,8.3,4,32.0,ED_MODERATE_SAFE,1,lof
Dhaka,Bangladesh,34.7,34.7,5,77.9625,ED_VERY_DANGEROUS,1,iso_forest
N'djamena,Chad,38.3,38.3,3,51.3,ED_CAUTION,1,iso_forest
Zagreb,Croatia,11.2,11.2,3,18.0,ED_MODERATE_SAFE,1,lof
Addis Ababa,Ethiopia,23.2,24.7,2,20.0,ED_MODERATE_SAFE,1,iso_forest
Helsinki,Finland,-0.9,-0.9,1,9.767587408894663,ED_VERY_SAFE,1,iso_forest
Paris,France,8.3,8.3,3,18.0,ED_MODERATE_SAFE,1,lof
Vaduz,Liechtenstein,5.1,5.1,1,0.0,ED_VERY_SAFE,1,lof
Dhaka,Bangladesh,35.6,35.6,4,64.725,ED_DANGEROUS,1,iso_forest
Vilnius,Lithuania,12.1,12.1,2,8.0,ED_VERY_SAFE,1,lof
Lilongwe,Malawi,21.5,21.5,1,9.0,ED_VERY_SAFE,1,lof
Valletta,Malta,23.1,25.3,2,11.3,ED_VERY_SAFE,1,lof
Riyadh,Saudi Arabia,24.2,24.4,5,54.3,ED_CAUTION,1,iso_forest
Ljubljana,Slovenia,11.2,11.3,3,18.0,ED_MODERATE_SAFE,1,lof
Juba,Sudan,27.3,27.3,4,44.400000000000006,ED_CAUTION,1,iso_forest
Khartoum,Sudan,27.4,27.4,4,45.199999999999996,ED_CAUTION,1,iso_forest
Harare,Zimbabwe,22.5,24.8,1,9.7,ED_VERY_SAFE,1,lof
Andorra La Vella,Andorra,2.2,2.2,1,0.0,ED_VERY_SAFE,1,lof
Vienna,Austria,15.3,15.3,2,8.0,ED_VERY_SAFE,1,lof
Ulaanbaatar,Mongolia,-3.7,-3.7,1,10.571918915101438,ED_VERY_SAFE,1,iso_forest
Skopje,Macedonia,20.4,20.4,2,11.4,ED_VERY_SAFE,1,lof
Mogadishu,Somalia,30.1,35.3,1,32.5,ED_MODERATE_SAFE,1,lof
Ulaanbaatar,Mongolia,-2.6,-2.6,1,3.8999999999999986,ED_VERY_SAFE,1,iso_forest
Singapore,Singapore,32.0,47.3,2,46.76923076923077,ED_CAUTION,1,lof
Juba,Sudan,31.0,31.0,4,55.9,ED_DANGEROUS,1,iso_forest
Funafuti,Tuvalu,30.2,37.0,1,23.333333333333336,ED_MODERATE_SAFE,1,lof
London,United Kingdom,4.2,4.2,2,8.0,ED_VERY_SAFE,1,lof
Sanaa,Yemen,21.9,21.9,2,20.0,ED_MODERATE_SAFE,1,iso_forest
Belmopan,Belize,21.0,21.0,1,0.0,ED_VERY_SAFE,1,lof
Ivory,Madagascar,27.1,29.4,1,16.199999999999996,ED_MODERATE_SAFE,1,lof
N'djamena,Chad,37.1,37.1,4,73.225,ED_DANGEROUS,1,iso_forest
Vaduz,Liechtenstein,7.2,7.2,2,9.8,ED_VERY_SAFE,1,lof
Antananarivo,Madagascar,25.3,26.5,1,12.0,ED_VERY_SAFE,1,lof
Maputo,Mozambique,24.3,26.3,1,0.6000000000000005,ED_VERY_SAFE,1,lof
Pyongyang,North Korea,12.1,12.1,2,8.0,ED_VERY_SAFE,1,lof
Khartoum,Sudan,32.4,32.4,3,45.666666666666664,ED_CAUTION,1,iso_forest
Canberra,Australia,24.1,25.6,1,0.0,ED_VERY_SAFE,1,lof
Dhaka,Bangladesh,39.1,39.1,4,70.85833333333333,ED_DANGEROUS,1,iso_forest
Belmopan,Belize,21.3,21.3,2,8.0,ED_VERY_SAFE,1,lof
Ivory,Madagascar,24.2,25.9,1,11.9,ED_VERY_SAFE,1,lof
N'djamena,Chad,37.1,37.1,4,72.075,ED_DANGEROUS,1,iso_forest
Beijing,China,9.2,9.2,4,32.0,ED_MODERATE_SAFE,1,iso_forest
Tallinn,Estonia,1.3,1.3,1,6.393276732755108,ED_VERY_SAFE,1,iso_forest
Helsinki,Finland,0.2,0.2,1,7.7409727059689315,ED_VERY_SAFE,1,iso_forest
Port Louis,Mauritius,33.2,44.6,1,44.85384615384615,ED_CAUTION,1,lof
National,Bolivia,21.9,21.9,1,0.0,ED_VERY_SAFE,1,lof
Rabat,Morocco,13.3,13.3,1,0.0,ED_VERY_SAFE,1,iso_forest
Oslo,Norway,-1.7,-1.7,1,2.549999999999999,ED_VERY_SAFE,1,iso_forest
Sucre,Bolivia,9.4,9.4,1,0.0,ED_VERY_SAFE,1,lof
Warsaw,Poland,10.4,10.4,2,8.0,ED_VERY_SAFE,1,lof
Lisbon,Portugal,11.1,11.1,2,8.0,ED_VERY_SAFE,1,lof
Moscow,Russia,7.1,7.1,4,32.6,ED_MODERATE_SAFE,1,lof
San Marino,San Marino,10.4,10.4,1,0.30000000000000027,ED_VERY_SAFE,1,lof
Victoria,Seychelles Islands,28.1,32.2,1,27.333333333333336,ED_MODERATE_SAFE,1,lof
Singapore,Singapore,31.3,39.4,1,27.333333333333332,ED_MODERATE_SAFE,1,hot_but_safe
Ljubljana,Slovenia,8.1,8.1,1,0.0,ED_VERY_SAFE,1,lof
Juba,Sudan,29.5,29.5,4,51.2,ED_CAUTION,1,iso_forest
Lusaka,Zambia,22.6,24.8,1,11.3,ED_VERY_SAFE,1,lof
Dhaka,Bangladesh,38.0,38.0,3,46.3,ED_CAUTION,1,iso_forest
Ivory,Madagascar,26.1,28.8,1,16.300000000000004,ED_MODERATE_SAFE,1,lof
Ulaanbaatar,Mongolia,-4.8,-4.8,1,7.199999999999999,ED_VERY_SAFE,1,iso_forest
N'djamena,Chad,36.3,36.3,3,48.416666666666664,ED_CAUTION,1,iso_forest
Beijing,China,10.0,10.0,4,32.0,ED_MODERATE_SAFE,1,iso_forest
Copenhagen,Denmark,2.0,2.0,1,4.118651189430601,ED_VERY_SAFE,1,lof
Tallinn,Estonia,-1.6,-1.6,1,11.772471644576166,ED_VERY_SAFE,1,iso_forest
Addis Ababa,Ethiopia,23.1,23.1,2,20.0,ED_MODERATE_SAFE,1,iso_forest
Helsinki,Finland,-1.9,-1.9,1,11.91085562634217,ED_VERY_SAFE,1,iso_forest
Riga,Latvia,-0.9,-0.9,1,10.561568288581151,ED_VERY_SAFE,1,iso_forest
Vaduz,Liechtenstein,4.0,4.0,1,0.0,ED_VERY_SAFE,1,lof
Luxembourg,Luxembourg,1.0,1.0,2,11.85155131156328,ED_VERY_SAFE,1,lof
Valletta,Malta,20.2,20.2,3,21.8,ED_MODERATE_SAFE,1,lof
Seoul,South Korea,10.1,10.1,5,45.0,ED_CAUTION,1,iso_forest
Warsaw,Poland,17.3,17.3,3,18.0,ED_MODERATE_SAFE,1,lof
Sarajevo,Bosnia and Herzegovina,4.2,4.2,3,21.3,ED_MODERATE_SAFE,1,lof
Tallinn,Estonia,9.1,9.1,1,0.0,ED_VERY_SAFE,1,iso_forest
Niamey,Niger,33.4,33.4,3,39.43333333333333,ED_CAUTION,1,iso_forest
Juba,Sudan,32.2,32.2,4,67.95833333333334,ED_DANGEROUS,1,iso_forest
Abu Dhabi,United Arab Emirates,30.4,34.7,4,64.32500000000002,ED_DANGEROUS,1,lof
Baku,Azerbaijan,10.1,10.1,3,21.7,ED_MODERATE_SAFE,1,lof
Manama,Bahrain,19.2,19.2,3,22.5,ED_MODERATE_SAFE,1,lof
Minsk,Belarus,13.3,13.3,2,8.3,ED_VERY_SAFE,1,lof
Sofia,Bulgaria,10.4,10.7,4,35.5,ED_CAUTION,1,iso_forest
N'djamena,Chad,32.3,32.3,4,64.07499999999999,ED_DANGEROUS,1,iso_forest
Beijing,China,11.3,11.3,5,45.0,ED_CAUTION,1,iso_forest
Quito,Ecuador,9.2,9.2,1,0.0,ED_VERY_SAFE,1,lof
Addis Ababa,Ethiopia,23.3,23.7,2,20.0,ED_MODERATE_SAFE,1,iso_forest
Vaduz,Liechtenstein,5.3,5.3,1,0.0,ED_VERY_SAFE,1,lof
Maseru,Lesotho,25.1,25.1,1,7.6499999999999995,ED_VERY_SAFE,1,lof
Port Louis,Mauritius,31.3,38.0,1,37.0,ED_CAUTION,1,lof
Pyongyang,North Korea,7.1,7.1,4,32.0,ED_MODERATE_SAFE,1,iso_forest
Airai,Palau,28.1,32.9,1,16.499999999999996,ED_MODERATE_SAFE,1,lof
Aurora,Paraguay,26.6,27.9,1,2.6999999999999957,ED_VERY_SAFE,1,lof
Kingstown,Saint Vincent and the Grenadines,25.2,26.8,2,8.0,ED_VERY_SAFE,1,lof
Riyadh,Saudi Arabia,22.3,23.3,6,54.7,ED_CAUTION,1,lof
Pretoria,South Africa,28.3,28.3,4,47.900000000000006,ED_CAUTION,1,iso_forest
Juba,Sudan,27.5,27.5,4,43.7,ED_CAUTION,1,iso_forest
Khartoum,Sudan,26.9,26.9,3,28.9,ED_MODERATE_SAFE,1,iso_forest
Rabat,Morocco,17.3,17.3,2,8.0,ED_VERY_SAFE,1,lof
Astana,Kazakhstan,-7.7,-7.7,1,20.038167428532937,ED_MODERATE_SAFE,1,iso_forest
Ottawa,Canada,-7.6,-7.6,1,19.613076300384154,ED_MODERATE_SAFE,1,iso_forest
Riyadh,Saudi Arabia,18.1,18.1,5,48.5,ED_CAUTION,1,iso_forest
Sofia,Bulgaria,4.0,4.0,3,21.9,ED_MODERATE_SAFE,1,lof
N'djamena,Chad,35.2,35.2,4,68.30833333333334,ED_DANGEROUS,1,iso_forest
Beijing,China,9.3,9.3,5,45.0,ED_CAUTION,1,iso_forest
Tallinn,Estonia,5.3,5.3,1,0.0,ED_VERY_SAFE,1,iso_forest
Addis Ababa,Ethiopia,23.0,23.3,2,20.0,ED_MODERATE_SAFE,1,iso_forest
Vestmannaeyjar,Iceland,2.3,2.3,1,8.938520251391072,ED_VERY_SAFE,1,iso_forest
Tehran,Iran,9.1,9.1,4,35.7,ED_CAUTION,1,iso_forest
Astana,Kazakhstan,-8.9,-8.9,1,19.216046000328816,ED_MODERATE_SAFE,1,iso_forest
Bishkek,Kyrghyzstan,-2.6,-2.6,2,18.42296135266771,ED_MODERATE_SAFE,1,iso_forest
Moscow,Russia,2.2,2.2,3,20.581108277271234,ED_MODERATE_SAFE,1,iso_forest
Victoria,Seychelles Islands,32.1,40.9,1,41.83333333333333,ED_CAUTION,1,lof
Baghdad,Iraq,14.4,14.4,4,32.0,ED_MODERATE_SAFE,1,lof
Juba,Sudan,30.2,30.2,4,52.49999999999999,ED_CAUTION,1,iso_forest
Ban Lom,Vietnam,36.5,36.5,3,40.5,ED_CAUTION,1,iso_forest
Kampala,Uganda,26.4,26.4,4,44.0,ED_CAUTION,1,lof
Belmopan,Belize,20.6,20.6,1,0.0,ED_VERY_SAFE,1,lof
Bras,Brazil,22.0,22.0,1,0.0,ED_VERY_SAFE,1,lof
N'djamena,Chad,34.3,34.3,4,67.55833333333334,ED_DANGEROUS,1,iso_forest
Beijing,China,12.1,12.6,4,32.0,ED_MODERATE_SAFE,1,iso_forest
Addis Ababa,Ethiopia,24.3,24.3,2,20.0,ED_MODERATE_SAFE,1,iso_forest
New Delhi,India,24.3,24.3,5,46.5,ED_CAUTION,1,iso_forest
Tehran,Iran,11.4,11.7,3,22.2,ED_MODERATE_SAFE,1,lof
Bras,Brazil,22.1,24.7,1,0.0,ED_VERY_SAFE,1,lof
N'djamena,Chad,32.2,32.2,4,63.30833333333334,ED_DANGEROUS,1,iso_forest
Manila,Philippines,31.3,35.7,1,21.16666666666667,ED_MODERATE_SAFE,1,lof
Mogadishu,Somalia,30.1,34.6,1,31.333333333333336,ED_MODERATE_SAFE,1,lof
Juba,Sudan,26.4,26.4,4,43.1,ED_CAUTION,1,iso_forest
Madrid,Spain,9.1,9.1,1,0.0,ED_VERY_SAFE,1,iso_forest
Andorra La Vella,Andorra,-0.5,-0.5,1,6.326884534025611,ED_VERY_SAFE,1,iso_forest
Bras,Brazil,22.2,24.8,1,0.0,ED_VERY_SAFE,1,lof
Beijing,China,16.2,16.2,6,50.0,ED_CAUTION,1,iso_forest
New Delhi,India,31.0,31.0,5,58.2,ED_DANGEROUS,1,iso_forest
Baghdad,Iraq,16.2,16.2,3,23.2,ED_MODERATE_SAFE,1,lof
Antananarivo,Madagascar,22.2,24.6,1,11.7,ED_VERY_SAFE,1,lof
Yaren,Turkey,8.1,8.1,3,22.1,ED_MODERATE_SAFE,1,lof
Victoria,Seychelles Islands,31.3,37.9,2,44.83333333333333,ED_CAUTION,1,lof
Seoul,South Korea,12.0,12.0,5,45.0,ED_CAUTION,1,iso_forest
Victoria,Seychelles Islands,30.1,35.3,2,40.5,ED_CAUTION,1,lof
Juba,Sudan,27.8,27.8,4,45.00000000000001,ED_CAUTION,1,iso_forest
Andorra La Vella,Andorra,-2.4,-2.4,1,7.904691802318364,ED_VERY_SAFE,1,iso_forest
Canberra,Australia,19.1,19.1,2,8.0,ED_VERY_SAFE,1,lof
Vienna,Austria,11.3,11.7,2,8.0,ED_VERY_SAFE,1,lof
Sucre,Bolivia,10.6,10.6,1,0.0,ED_VERY_SAFE,1,lof
Beijing,China,15.4,15.4,6,50.0,ED_CAUTION,1,iso_forest
Prague,Czech Republic,8.2,8.3,3,18.0,ED_MODERATE_SAFE,1,lof
Budapest,Hungary,17.3,17.3,3,18.6,ED_MODERATE_SAFE,1,lof
Tokyo,Japan,10.3,10.3,4,32.0,ED_MODERATE_SAFE,1,lof
Valletta,Malta,19.3,19.3,2,11.6,ED_VERY_SAFE,1,lof
Seoul,South Korea,7.2,7.2,4,32.0,ED_MODERATE_SAFE,1,lof
Lisbon,Portugal,12.0,12.0,1,0.0,ED_VERY_SAFE,1,iso_forest
Addis Ababa,Ethiopia,24.2,24.2,2,20.0,ED_MODERATE_SAFE,1,iso_forest
Kampala,Uganda,31.1,31.1,3,42.300000000000004,ED_CAUTION,1,lof
Astana,Kazakhstan,-6.7,-6.7,1,18.21385243030744,ED_MODERATE_SAFE,1,iso_forest
Valletta,Malta,14.4,14.4,2,8.0,ED_VERY_SAFE,1,lof
Port Louis,Mauritius,31.0,37.4,1,36.0,ED_CAUTION,1,lof
Ulaanbaatar,Mongolia,1.2,1.2,2,10.127870642263801,ED_VERY_SAFE,1,lof
Maputo,Mozambique,32.3,38.8,1,37.83333333333333,ED_CAUTION,1,lof
Niamey,Niger,35.1,35.1,4,64.99166666666667,ED_DANGEROUS,1,iso_forest
Victoria,Seychelles Islands,31.1,38.4,2,45.666666666666664,ED_CAUTION,1,lof
Pretoria,South Africa,27.0,27.0,4,44.0,ED_CAUTION,1,iso_forest
Seoul,South Korea,9.0,9.0,4,32.0,ED_MODERATE_SAFE,1,iso_forest
Khartoum,Sudan,24.8,24.8,3,29.1,ED_MODERATE_SAFE,1,iso_forest
Abu Dhabi,United Arab Emirates,35.2,41.9,3,58.53846153846153,ED_DANGEROUS,1,lof
Pyongyang,North Korea,7.0,7.0,4,32.0,ED_MODERATE_SAFE,1,iso_forest
Manama,Bahrain,23.0,25.0,4,35.9,ED_CAUTION,1,lof
Dhaka,Bangladesh,32.3,32.3,5,74.5625,ED_DANGEROUS,1,iso_forest
Sucre,Bolivia,12.1,12.1,1,0.0,ED_VERY_SAFE,1,lof
N'djamena,Chad,34.2,34.2,4,67.69166666666666,ED_DANGEROUS,1,iso_forest
Beijing,China,14.1,14.1,6,50.0,ED_CAUTION,1,iso_forest
Kuwait City,Kuwait,20.9,20.9,4,37.8,ED_CAUTION,1,lof
Bishkek,Kyrghyzstan,2.7,2.7,2,10.100000000000001,ED_VERY_SAFE,1,lof
Antananarivo,Madagascar,21.0,21.0,1,1.8000000000000003,ED_VERY_SAFE,1,lof
Ulaanbaatar,Mongolia,7.3,7.3,2,8.0,ED_VERY_SAFE,1,lof
Niamey,Niger,34.2,34.2,4,62.89166666666667,ED_DANGEROUS,1,iso_forest
Juba,Sudan,32.7,32.7,4,68.79166666666667,ED_DANGEROUS,1,iso_forest
Khartoum,Sudan,32.8,32.8,3,46.33333333333333,ED_CAUTION,1,iso_forest
Kampala,Uganda,21.2,21.2,2,20.0,ED_MODERATE_SAFE,1,lof
Suva,Fiji Islands,26.2,30.1,1,9.300000000000004,ED_VERY_SAFE,1,lof
Pretoria,South Africa,24.3,24.9,3,28.7,ED_MODERATE_SAFE,1,lof
Khartoum,Sudan,26.3,26.3,3,30.0,ED_MODERATE_SAFE,1,iso_forest
Abu Dhabi,United Arab Emirates,25.3,26.4,3,28.3,ED_MODERATE_SAFE,1,lof
Sanaa,Yemen,21.3,21.3,3,30.0,ED_MODERATE_SAFE,1,lof
Saint John's,Antigua and Barbuda,26.7,28.6,1,4.800000000000004,ED_VERY_SAFE,1,lof
Baku,Azerbaijan,10.3,10.3,2,12.4,ED_VERY_SAFE,1,lof
Thimphu,Bhutan,16.7,16.7,1,4.7,ED_VERY_SAFE,1,lof
Bras,Brazil,22.2,24.8,1,0.0,ED_VERY_SAFE,1,lof
N'djamena,Chad,34.3,34.3,4,68.15833333333333,ED_DANGEROUS,1,iso_forest
Cairo,Egypt,23.0,23.0,3,26.1,ED_MODERATE_SAFE,1,lof
Budapest,Hungary,9.0,9.1,2,10.100000000000001,ED_VERY_SAFE,1,lof
Aurora,Paraguay,22.1,24.7,1,0.0,ED_VERY_SAFE,1,lof
New Delhi,India,36.1,36.1,5,83.39583333333334,ED_VERY_DANGEROUS,1,iso_forest
Tokyo,Japan,19.1,19.1,4,32.0,ED_MODERATE_SAFE,1,lof
Astana,Kazakhstan,-2.8,-2.8,2,21.132479916603398,ED_MODERATE_SAFE,1,iso_forest
Kuwait City,Kuwait,23.3,23.5,5,53.85,ED_CAUTION,1,iso_forest
Vaduz,Liechtenstein,8.2,8.3,1,0.30000000000000027,ED_VERY_SAFE,1,lof
Nouakchott,Mauritania,20.1,20.1,5,45.0,ED_CAUTION,1,iso_forest
Chi Chi Khvar,Iran,7.0,7.0,2,14.45,ED_VERY_SAFE,1,lof
Windhoek,Namibia,21.4,21.4,2,17.9,ED_MODERATE_SAFE,1,lof
Doha,Qatar,24.3,24.3,4,41.6,ED_CAUTION,1,iso_forest
'S Gravenjansdijk,Belgium,6.1,6.1,2,8.600000000000001,ED_VERY_SAFE,1,lof
Moscow,Russia,8.1,8.1,3,18.6,ED_MODERATE_SAFE,1,lof
Pyongyang,North Korea,16.0,16.0,3,18.0,ED_MODERATE_SAFE,1,lof
Andorra La Vella,Andorra,2.0,2.0,1,5.776635042578498,ED_VERY_SAFE,1,lof
Beijing,China,21.1,21.1,2,8.0,ED_VERY_SAFE,1,lof
Pyongyang,North Korea,18.5,18.5,4,32.0,ED_MODERATE_SAFE,1,lof
Aurora,Paraguay,22.4,24.8,1,0.0,ED_VERY_SAFE,1,lof
Singapore,Singapore,31.1,39.3,1,29.566666666666663,ED_MODERATE_SAFE,1,hot_but_safe
Pretoria,South Africa,27.4,27.4,4,44.3,ED_CAUTION,1,iso_forest
Bangkok,Thailand,35.1,35.1,5,76.82916666666667,ED_VERY_DANGEROUS,1,iso_forest
Ankara,Turkey,11.3,11.3,3,22.4,ED_MODERATE_SAFE,1,lof
Canberra,Australia,22.1,24.6,2,8.0,ED_VERY_SAFE,1,lof
Sarajevo,Bosnia and Herzegovina,15.0,15.0,2,8.0,ED_VERY_SAFE,1,lof
Bras,Brazil,22.3,24.9,1,0.0,ED_VERY_SAFE,1,lof
N'djamena,Chad,32.1,32.1,4,63.29166666666667,ED_DANGEROUS,1,iso_forest
Malabo,Equatorial Guinea,31.3,39.2,1,31.900000000000006,ED_MODERATE_SAFE,1,hot_but_safe
Niamey,Niger,33.3,33.3,3,39.66666666666666,ED_CAUTION,1,iso_forest
Addis Ababa,Ethiopia,23.3,24.7,2,20.0,ED_MODERATE_SAFE,1,iso_forest
Saint George's,Grenada,25.3,27.4,2,9.199999999999996,ED_VERY_SAFE,1,lof
Baghdad,Iraq,19.3,19.3,2,14.149999999999999,ED_VERY_SAFE,1,lof
Astana,Kazakhstan,-1.6,-1.6,1,14.594179081606658,ED_VERY_SAFE,1,iso_forest
Kuwait City,Kuwait,22.2,23.1,4,40.25,ED_CAUTION,1,iso_forest
Beirut,Lebanon,18.3,18.3,3,25.35,ED_MODERATE_SAFE,1,lof
Nouakchott,Mauritania,20.1,20.1,5,45.0,ED_CAUTION,1,iso_forest
Maputo,Mozambique,30.3,34.8,1,25.366666666666664,ED_MODERATE_SAFE,1,lof
Windhoek,Namibia,27.0,27.6,2,19.500000000000004,ED_MODERATE_SAFE,1,lof
Managua,Nicaragua,23.3,25.2,1,0.0,ED_VERY_SAFE,1,lof
Juba,Sudan,28.0,28.0,4,47.0,ED_CAUTION,1,iso_forest
Dhaka,Bangladesh,36.8,36.8,4,67.125,ED_DANGEROUS,1,iso_forest
Kyiv,Ukraine,3.2,3.2,1,2.960277011547181,ED_VERY_SAFE,1,lof
New Delhi,India,31.0,31.0,5,60.6,ED_DANGEROUS,1,iso_forest
Hanoi,Vietnam,25.1,25.7,4,32.0,ED_MODERATE_SAFE,1,lof
Buenos Aires,Argentina,19.1,19.1,2,8.0,ED_VERY_SAFE,1,lof
Nassau,Bahamas,23.4,25.3,2,8.0,ED_VERY_SAFE,1,lof
Dhaka,Bangladesh,39.7,39.7,4,72.35833333333335,ED_DANGEROUS,1,iso_forest
Bogot,Bulgaria,15.2,15.2,2,11.2,ED_VERY_SAFE,1,lof
Malabo,Equatorial Guinea,31.2,39.1,1,33.28333333333333,ED_MODERATE_SAFE,1,hot_but_safe
Tallinn,Estonia,6.3,6.3,1,0.0,ED_VERY_SAFE,1,lof
Addis Ababa,Ethiopia,20.1,20.1,2,20.0,ED_MODERATE_SAFE,1,lof
Helsinki,Finland,5.2,5.2,1,0.0,ED_VERY_SAFE,1,lof
Berlin,Germany,6.1,6.1,2,10.399999999999999,ED_VERY_SAFE,1,lof
Vaduz,Liechtenstein,6.1,6.1,1,3.1,ED_VERY_SAFE,1,lof
Seoul,South Korea,13.2,13.2,3,18.0,ED_MODERATE_SAFE,1,lof
Valletta,Malta,16.1,16.1,2,12.1,ED_VERY_SAFE,1,lof
Ulaanbaatar,Mongolia,-8.0,-8.0,1,17.42089674254003,ED_MODERATE_SAFE,1,iso_forest
Yaren,Turkey,21.1,21.1,3,22.3,ED_MODERATE_SAFE,1,lof
Islamabad,Pakistan,21.8,21.8,3,23.3,ED_MODERATE_SAFE,1,lof
Port Moresby,Papua New Guinea,24.5,27.4,1,1.1999999999999957,ED_VERY_SAFE,1,lof
Bangkok,Thailand,37.1,37.3,4,67.15833333333333,ED_DANGEROUS,1,iso_forest
Ban Lom,Vietnam,37.8,37.8,4,65.29166666666666,ED_DANGEROUS,1,iso_forest
Dhaka,Bangladesh,40.0,40.0,4,72.75833333333334,ED_DANGEROUS,1,iso_forest
Ottawa,Canada,-3.9,-3.9,1,15.008563289005666,ED_MODERATE_SAFE,1,lof
Beijing,China,11.3,11.3,2,8.0,ED_VERY_SAFE,1,lof
Juba,Sudan,32.2,32.2,4,67.95833333333334,ED_DANGEROUS,1,iso_forest
Mogadishu,Somalia,30.3,33.9,1,30.166666666666664,ED_MODERATE_SAFE,1,lof
N'djamena,Chad,37.1,37.1,4,73.225,ED_DANGEROUS,1,iso_forest
Juba,Sudan,30.1,30.1,4,53.300000000000004,ED_CAUTION,1,iso_forest
Beijing,China,18.2,18.2,3,18.0,ED_MODERATE_SAFE,1,lof
Addis Ababa,Ethiopia,20.3,20.3,2,20.0,ED_MODERATE_SAFE,1,lof
New Delhi,India,37.2,37.2,5,85.52916666666667,ED_VERY_DANGEROUS,1,iso_forest
Tokyo,Japan,19.1,19.1,4,32.0,ED_MODERATE_SAFE,1,lof
Astana,Kazakhstan,0.1,0.1,2,16.031924293928565,ED_MODERATE_SAFE,1,iso_forest
Nan,Thailand,38.4,38.4,4,66.89166666666667,ED_DANGEROUS,1,iso_forest
Yangon,Myanmar,37.3,37.3,3,41.83333333333333,ED_CAUTION,1,lof
Pyongyang,North Korea,16.4,16.4,4,32.0,ED_MODERATE_SAFE,1,lof
Doha,Qatar,27.1,27.1,4,41.7,ED_CAUTION,1,iso_forest
Victoria,Seychelles Islands,28.4,32.5,1,27.833333333333336,ED_MODERATE_SAFE,1,lof
Khartoum,Sudan,31.7,31.7,4,58.099999999999994,ED_DANGEROUS,1,iso_forest
Dakar,Senegal,20.3,20.3,4,32.0,ED_MODERATE_SAFE,1,lof
Washington Harbor,United States of America,8.9,9.0,1,0.0,ED_VERY_SAFE,1,lof
Nassau,Bahamas,23.2,25.4,2,8.0,ED_VERY_SAFE,1,lof
Dhaka,Bangladesh,37.4,37.4,4,68.225,ED_DANGEROUS,1,iso_forest
Phnom Penh,Cambodia,37.2,37.7,4,65.125,ED_DANGEROUS,1,iso_forest
Berlin,Germany,5.2,5.2,2,9.8,ED_VERY_SAFE,1,lof
Athens,Greece,22.2,24.5,2,11.4,ED_VERY_SAFE,1,lof
Nairobi,Kenya,20.2,20.2,1,12.0,ED_VERY_SAFE,1,lof
Nan,Thailand,39.1,39.1,3,46.03333333333334,ED_CAUTION,1,iso_forest
Chi Chi Khvar,Iran,13.7,13.7,1,6.449999999999999,ED_VERY_SAFE,1,lof
Pyongyang,North Korea,9.3,9.3,2,8.0,ED_VERY_SAFE,1,lof
Niamey,Niger,33.8,33.8,4,62.825,ED_DANGEROUS,1,iso_forest
Managua,Nicaragua,23.7,25.4,1,0.0,ED_VERY_SAFE,1,lof
Ulaanbaatar,Mongolia,3.3,3.3,1,0.0,ED_VERY_SAFE,1,lof
Kyiv,Ukraine,1.0,1.0,1,7.7146748454429765,ED_VERY_SAFE,1,iso_forest
Ulaanbaatar,Mongolia,9.1,9.1,1,0.0,ED_VERY_SAFE,1,lof
Windhoek,Namibia,18.1,18.1,1,0.0,ED_VERY_SAFE,1,lof
Warsaw,Poland,3.2,3.2,2,11.136436509039449,ED_VERY_SAFE,1,iso_forest
Bucharest,Romania,3.3,3.3,1,4.399213027270747,ED_VERY_SAFE,1,iso_forest
Moscow,Russia,0.2,0.2,3,21.894544946908255,ED_MODERATE_SAFE,1,lof
Belgrade,Serbia,2.2,2.2,1,7.037471031508236,ED_VERY_SAFE,1,iso_forest
Bratislava,Slovakia,4.4,4.4,2,10.7,ED_VERY_SAFE,1,iso_forest
Ljubljana,Slovenia,3.1,3.1,1,3.6434829903920525,ED_VERY_SAFE,1,iso_forest
Juba,Sudan,32.8,32.8,4,67.75833333333333,ED_DANGEROUS,1,iso_forest
Ashgabat,Turkmenistan,32.2,32.2,2,28.633333333333336,ED_MODERATE_SAFE,1,lof
Baku,Azerbaijan,12.2,12.2,2,12.6,ED_VERY_SAFE,1,lof
Budapest,Hungary,3.2,3.2,1,2.3999999999999995,ED_VERY_SAFE,1,iso_forest
Dhaka,Bangladesh,37.6,37.6,4,68.75833333333333,ED_DANGEROUS,1,iso_forest
Beijing,China,21.2,21.2,5,45.0,ED_CAUTION,1,iso_forest
Mbabane,Swaziland,20.2,20.2,1,4.7,ED_VERY_SAFE,1,lof
Nairobi,Kenya,20.1,20.1,1,12.0,ED_VERY_SAFE,1,lof
Mexico City,Mexico,16.2,16.2,4,32.0,ED_MODERATE_SAFE,1,iso_forest
Ulaanbaatar,Mongolia,9.0,9.0,1,0.0,ED_VERY_SAFE,1,lof
Maputo,Mozambique,25.1,26.1,1,11.3,ED_VERY_SAFE,1,lof
Windhoek,Namibia,19.2,19.2,1,10.8,ED_VERY_SAFE,1,lof
Riyadh,Saudi Arabia,32.3,32.3,6,88.3,ED_VERY_DANGEROUS,1,iso_forest
Juba,Sudan,31.8,31.8,4,57.10000000000001,ED_DANGEROUS,1,iso_forest
Luxembourg,Luxembourg,4.2,4.2,1,1.5704571765458861,ED_VERY_SAFE,1,iso_forest
Tbilisi,Georgia,23.1,23.1,2,12.4,ED_VERY_SAFE,1,lof
Kuwait City,Kuwait,22.6,23.3,4,41.7,ED_CAUTION,1,iso_forest
Windhoek,Namibia,22.1,24.5,1,10.7,ED_VERY_SAFE,1,lof
Nassau,Bahamas,24.0,26.1,1,0.0,ED_VERY_SAFE,1,lof
Dhaka,Bangladesh,38.9,38.9,4,67.725,ED_DANGEROUS,1,iso_forest
Minsk,Belarus,-0.8,-0.8,1,11.434038822010478,ED_VERY_SAFE,1,iso_forest
Belmopan,Belize,21.8,21.8,1,0.0,ED_VERY_SAFE,1,lof
Bandar Seri Begawan,Brunei Darussalam,26.3,29.2,1,6.599999999999998,ED_VERY_SAFE,1,lof
Sofia,Bulgaria,7.1,7.1,2,11.1,ED_VERY_SAFE,1,lof
N'djamena,Chad,36.3,36.3,3,49.266666666666666,ED_CAUTION,1,iso_forest
Suva,Fiji Islands,26.2,29.6,1,7.800000000000004,ED_VERY_SAFE,1,lof
Libreville,Gabon,31.0,38.2,1,27.13333333333334,ED_MODERATE_SAFE,1,hot_but_safe
Tokyo,Japan,10.2,10.2,1,0.0,ED_VERY_SAFE,1,lof
Yaren,Turkey,20.1,20.1,3,21.2,ED_MODERATE_SAFE,1,lof
Prague,Czech Republic,2.3,2.3,2,10.100000000000001,ED_VERY_SAFE,1,iso_forest
Pretoria,South Africa,19.1,19.1,1,11.2,ED_VERY_SAFE,1,lof
Juba,Sudan,31.8,31.8,4,57.50000000000001,ED_DANGEROUS,1,iso_forest
Andorra La Vella,Andorra,-0.1,-0.1,1,7.406894287145019,ED_VERY_SAFE,1,lof
Baku,Azerbaijan,23.3,24.1,3,22.9,ED_MODERATE_SAFE,1,lof
Nassau,Bahamas,20.4,20.4,1,0.0,ED_VERY_SAFE,1,lof
Sarajevo,Bosnia and Herzegovina,1.0,1.0,2,15.900069420626163,ED_MODERATE_SAFE,1,lof
Praia,Cape Verde,22.1,24.6,2,8.0,ED_VERY_SAFE,1,lof
N'djamena,Chad,36.1,36.1,3,48.68333333333334,ED_CAUTION,1,iso_forest
Beijing,China,12.3,12.7,4,32.0,ED_MODERATE_SAFE,1,iso_forest
Bogot,Bulgaria,0.9,0.9,1,7.812826846009526,ED_VERY_SAFE,1,lof
Madrid,Spain,8.4,8.4,2,8.0,ED_VERY_SAFE,1,lof
Ankara,Turkey,2.1,2.1,1,6.885885936965318,ED_VERY_SAFE,1,iso_forest
Baku,Azerbaijan,7.4,7.4,1,0.0,ED_VERY_SAFE,1,iso_forest
Moscow,Russia,3.1,3.1,2,10.93493818325965,ED_VERY_SAFE,1,iso_forest
Manama,Bahrain,27.4,29.8,3,29.400000000000002,ED_MODERATE_SAFE,1,lof
N'djamena,Chad,35.4,35.4,4,68.79166666666666,ED_DANGEROUS,1,iso_forest
Malabo,Equatorial Guinea,31.2,39.3,1,32.86666666666667,ED_MODERATE_SAFE,1,hot_but_safe
Tallinn,Estonia,4.2,4.2,1,0.0,ED_VERY_SAFE,1,iso_forest
Helsinki,Finland,4.2,4.2,1,0.0,ED_VERY_SAFE,1,iso_forest
Tbilisi,Georgia,4.0,4.0,1,0.8999999999999995,ED_VERY_SAFE,1,lof
Tokyo,Japan,19.3,19.3,4,32.0,ED_MODERATE_SAFE,1,lof
Ulaanbaatar,Mongolia,17.2,17.2,1,0.0,ED_VERY_SAFE,1,lof
Niamey,Niger,35.1,35.1,2,31.766666666666673,ED_MODERATE_SAFE,1,lof
Airai,Palau,28.2,32.3,1,15.499999999999995,ED_MODERATE_SAFE,1,lof
Basseterre,Saint Kitts and Nevis,25.1,27.0,2,8.0,ED_VERY_SAFE,1,lof
Dhaka,Bangladesh,38.0,38.0,4,68.625,ED_DANGEROUS,1,iso_forest
Abu Dhabi,United Arab Emirates,35.1,40.5,2,47.56666666666667,ED_CAUTION,1,lof
Sanaa,Yemen,22.1,23.6,3,30.0,ED_MODERATE_SAFE,1,lof
Ottawa,Canada,-9.8,-9.8,1,21.06809117832386,ED_MODERATE_SAFE,1,iso_forest
N'djamena,Chad,31.2,31.2,4,51.8,ED_CAUTION,1,iso_forest
Cairo,Egypt,18.6,18.6,2,16.55,ED_MODERATE_SAFE,1,lof
Malabo,Equatorial Guinea,31.0,38.1,1,29.16666666666667,ED_MODERATE_SAFE,1,hot_but_safe
Addis Ababa,Ethiopia,21.7,21.7,2,20.0,ED_MODERATE_SAFE,1,lof
Libreville,Gabon,31.0,38.5,1,32.43333333333334,ED_MODERATE_SAFE,1,hot_but_safe
Tokyo,Japan,15.1,15.1,4,32.0,ED_MODERATE_SAFE,1,lof
Amman,Jordan,13.1,13.1,2,15.95,ED_MODERATE_SAFE,1,lof
Sanaa,Yemen,21.7,21.7,3,30.0,ED_MODERATE_SAFE,1,iso_forest
Juba,Sudan,29.9,29.9,4,51.599999999999994,ED_CAUTION,1,iso_forest
Windhoek,Namibia,19.4,19.4,1,7.199999999999999,ED_VERY_SAFE,1,lof
Tokyo,Japan,16.1,16.1,4,32.0,ED_MODERATE_SAFE,1,lof
N'djamena,Chad,39.4,39.4,3,54.18333333333333,ED_CAUTION,1,iso_forest
Beijing,China,23.1,23.1,5,45.0,ED_CAUTION,1,iso_forest
Tallinn,Estonia,3.3,3.3,1,0.47083724099489466,ED_VERY_SAFE,1,lof
Vestmannaeyjar,Iceland,6.3,6.3,1,0.0,ED_VERY_SAFE,1,iso_forest
Jerusalem,Israel,16.3,16.3,1,5.7,ED_VERY_SAFE,1,lof
Amman,Jordan,9.1,9.1,1,5.9,ED_VERY_SAFE,1,iso_forest
Riga,Latvia,2.1,2.1,2,11.1755427788408,ED_VERY_SAFE,1,lof
Vaduz,Liechtenstein,6.1,6.1,1,1.5,ED_VERY_SAFE,1,lof
Maputo,Mozambique,23.0,24.9,1,10.8,ED_VERY_SAFE,1,lof
Windhoek,Namibia,18.2,18.2,1,7.800000000000001,ED_VERY_SAFE,1,lof
Abuja,Nigeria,31.4,35.7,3,41.56666666666667,ED_CAUTION,1,lof
National,Bolivia,22.4,25.0,1,0.0,ED_VERY_SAFE,1,lof
Bucharest,Romania,11.3,11.7,3,21.8,ED_MODERATE_SAFE,1,lof
Riyadh,Saudi Arabia,29.3,29.3,6,60.800000000000004,ED_DANGEROUS,1,iso_forest
Khartoum,Sudan,34.8,34.8,4,72.29166666666666,ED_DANGEROUS,1,iso_forest
Damascus,Syria,12.3,12.3,1,6.75,ED_VERY_SAFE,1,lof
Nuku`Aloia,Tonga,26.2,29.0,1,6.0,ED_VERY_SAFE,1,lof
Ankara,Turkey,2.0,2.0,1,9.610452425819192,ED_VERY_SAFE,1,iso_forest
Sofia,Bulgaria,8.3,8.4,4,35.7,ED_CAUTION,1,iso_forest
Ottawa,Canada,-3.0,-3.0,1,15.062966790389082,ED_MODERATE_SAFE,1,iso_forest
Vestmannaeyjar,Iceland,3.0,3.0,1,3.2896228583100005,ED_VERY_SAFE,1,iso_forest
Bras,Brazil,22.9,25.4,1,0.0,ED_VERY_SAFE,1,lof
London,United Kingdom,2.1,2.1,4,32.0,ED_MODERATE_SAFE,1,iso_forest
Malabo,Equatorial Guinea,31.3,39.4,1,33.63333333333333,ED_MODERATE_SAFE,1,hot_but_safe
Apia,Samoa,25.4,28.5,1,4.5,ED_VERY_SAFE,1,lof
Kuala Lumpur,Malaysia,33.4,49.5,3,57.80769230769231,ED_DANGEROUS,1,lof
Valletta,Malta,12.3,12.3,1,2.1000000000000005,ED_VERY_SAFE,1,lof
Chi Chi Khvar,Iran,4.9,4.9,2,9.8,ED_VERY_SAFE,1,lof
Rabat,Morocco,16.2,16.2,2,9.8,ED_VERY_SAFE,1,lof
Yaren,Turkey,4.1,4.1,2,10.89725565837044,ED_VERY_SAFE,1,iso_forest
Pyongyang,North Korea,-3.5,-3.5,2,22.537216220285362,ED_MODERATE_SAFE,1,iso_forest
Skopje,Macedonia,2.3,2.3,3,18.3,ED_MODERATE_SAFE,1,iso_forest
Aurora,Paraguay,21.5,21.5,1,0.0,ED_VERY_SAFE,1,lof
Warsaw,Poland,-0.8,-0.8,4,37.80134520958968,ED_CAUTION,1,iso_forest
Moscow,Russia,-7.8,-7.8,4,48.68218854670215,ED_CAUTION,1,iso_forest
Riyadh,Saudi Arabia,22.1,23.7,6,56.9,ED_DANGEROUS,1,iso_forest
Vilnius,Lithuania,-6.9,-6.9,2,23.00591493340002,ED_MODERATE_SAFE,1,iso_forest
Belgrade,Serbia,0.2,0.2,3,18.0,ED_MODERATE_SAFE,1,iso_forest
Singapore,Singapore,31.0,38.2,2,33.33333333333334,ED_MODERATE_SAFE,1,hot_but_safe
Bratislava,Slovakia,1.3,1.3,2,13.209752613363497,ED_VERY_SAFE,1,iso_forest
Ljubljana,Slovenia,1.0,1.0,3,18.0,ED_MODERATE_SAFE,1,iso_forest
Seoul,South Korea,-0.9,-0.9,2,16.811531421589258,ED_MODERATE_SAFE,1,iso_forest
Juba,Sudan,29.9,29.9,4,51.699999999999996,ED_CAUTION,1,iso_forest
Khartoum,Sudan,30.2,30.2,4,52.99999999999999,ED_CAUTION,1,iso_forest
Kyiv,Ukraine,-4.5,-4.5,2,22.509004425152657,ED_MODERATE_SAFE,1,iso_forest
Harare,Zimbabwe,21.5,21.5,1,11.3,ED_VERY_SAFE,1,lof
Yerevan,Armenia,-1.7,-1.7,1,6.8964205345750305,ED_VERY_SAFE,1,lof
Lilongwe,Malawi,20.2,20.2,1,12.0,ED_VERY_SAFE,1,lof
Riga,Latvia,-1.8,-1.8,3,26.070069430273783,ED_MODERATE_SAFE,1,iso_forest
Dhaka,Bangladesh,31.9,31.9,5,59.699999999999996,ED_DANGEROUS,1,iso_forest
Sarajevo,Bosnia and Herzegovina,-3.8,-3.8,2,14.0,ED_VERY_SAFE,1,iso_forest
Bratislava,Slovakia,-0.9,-0.9,3,25.542495133498726,ED_MODERATE_SAFE,1,iso_forest
Ljubljana,Slovenia,0.1,0.1,3,21.534923915108255,ED_MODERATE_SAFE,1,iso_forest
Seoul,South Korea,-2.8,-2.8,2,20.762388303564663,ED_MODERATE_SAFE,1,iso_forest
Juba,Sudan,30.9,30.9,4,53.5,ED_CAUTION,1,iso_forest
Ankara,Turkey,2.0,2.0,2,8.0,ED_VERY_SAFE,1,lof
Lusaka,Zambia,23.3,25.4,2,19.9,ED_MODERATE_SAFE,1,lof
Yerevan,Armenia,0.1,0.1,2,8.0,ED_VERY_SAFE,1,lof
Baku,Azerbaijan,1.2,1.2,1,9.580345834844344,ED_VERY_SAFE,1,iso_forest
Dhaka,Bangladesh,31.7,31.7,5,59.099999999999994,ED_DANGEROUS,1,iso_forest
Minsk,Belarus,-4.8,-4.8,2,20.099668974040068,ED_MODERATE_SAFE,1,iso_forest
Sofia,Bulgaria,-5.6,-5.6,3,27.599999999999998,ED_MODERATE_SAFE,1,iso_forest
Dublin,Ireland,13.0,13.0,1,0.0,ED_VERY_SAFE,1,iso_forest
N'djamena,Chad,31.3,31.3,4,55.2,ED_DANGEROUS,1,iso_forest
Beijing,China,5.1,5.1,4,32.0,ED_MODERATE_SAFE,1,iso_forest
Bogot,Bulgaria,-2.9,-2.9,3,23.55,ED_MODERATE_SAFE,1,iso_forest
Zagreb,Croatia,1.0,1.0,3,18.0,ED_MODERATE_SAFE,1,iso_forest
Prague,Czech Republic,-3.6,-3.6,3,29.1495664815904,ED_MODERATE_SAFE,1,iso_forest
Copenhagen,Denmark,1.2,1.2,1,7.610309039718406,ED_VERY_SAFE,1,iso_forest
Addis Ababa,Ethiopia,24.2,24.2,2,20.0,ED_MODERATE_SAFE,1,iso_forest
Helsinki,Finland,-2.8,-2.8,1,12.657664279285253,ED_VERY_SAFE,1,iso_forest
Budapest,Hungary,2.2,2.2,3,18.0,ED_MODERATE_SAFE,1,iso_forest
Vestmannaeyjar,Iceland,6.0,6.0,1,0.0,ED_VERY_SAFE,1,iso_forest
Manama,Bahrain,21.3,21.3,5,50.6,ED_CAUTION,1,lof
Sarajevo,Bosnia and Herzegovina,-1.6,-1.6,3,21.299999999999997,ED_MODERATE_SAFE,1,iso_forest
Apia,Samoa,26.1,28.9,1,5.699999999999996,ED_VERY_SAFE,1,lof
Ottawa,Canada,-15.6,-15.6,1,19.666666666666664,ED_MODERATE_SAFE,1,iso_forest
Kyiv,Ukraine,-5.5,-5.5,2,22.127057836680073,ED_MODERATE_SAFE,1,iso_forest
Hanoi,Vietnam,19.0,19.0,3,18.0,ED_MODERATE_SAFE,1,lof
Lusaka,Zambia,24.1,25.9,1,12.0,ED_VERY_SAFE,1,lof
Yerevan,Armenia,-2.7,-2.7,1,9.929063948783579,ED_VERY_SAFE,1,lof
Vienna,Austria,2.0,2.0,2,13.15983242754693,ED_VERY_SAFE,1,iso_forest
Baku,Azerbaijan,1.2,1.2,1,8.05082528725128,ED_VERY_SAFE,1,iso_forest
Dhaka,Bangladesh,32.5,32.5,5,71.89583333333334,ED_DANGEROUS,1,iso_forest
Minsk,Belarus,-3.7,-3.7,2,22.916073130498262,ED_MODERATE_SAFE,1,iso_forest
Sofia,Bulgaria,-2.7,-2.7,3,24.45,ED_MODERATE_SAFE,1,iso_forest
Ouagadougou,Burkina Faso,27.3,27.3,5,50.00000000000001,ED_CAUTION,1,iso_forest
Bogot,Bulgaria,-4.1,-4.1,2,23.89893267805824,ED_MODERATE_SAFE,1,iso_forest
Nuku`Aloia,Tonga,26.3,28.6,2,12.800000000000004,ED_VERY_SAFE,1,lof
Zagreb,Croatia,3.2,3.2,4,32.0,ED_MODERATE_SAFE,1,iso_forest
Budapest,Hungary,2.1,2.1,2,10.943742045201837,ED_VERY_SAFE,1,iso_forest
Vestmannaeyjar,Iceland,6.4,6.4,1,0.0,ED_VERY_SAFE,1,lof
Nairobi,Kenya,25.1,25.1,2,20.0,ED_MODERATE_SAFE,1,iso_forest
Maseru,Lesotho,26.4,27.0,1,10.5,ED_VERY_SAFE,1,lof
Vaduz,Liechtenstein,6.1,6.1,2,8.0,ED_VERY_SAFE,1,lof
Vilnius,Lithuania,-3.6,-3.6,1,14.345668141610076,ED_VERY_SAFE,1,iso_forest
Nouakchott,Mauritania,22.4,23.0,4,34.7,ED_MODERATE_SAFE,1,iso_forest
Chi Chi Khvar,Iran,-1.4,-1.4,1,13.666774551242732,ED_VERY_SAFE,1,lof
Pyongyang,North Korea,-3.2,-3.2,2,21.96893085496601,ED_MODERATE_SAFE,1,iso_forest
Funafuti,Tuvalu,29.1,34.0,1,18.333333333333332,ED_MODERATE_SAFE,1,lof
Khartoum,Sudan,28.4,28.4,4,47.699999999999996,ED_CAUTION,1,iso_forest
Sofia,Bulgaria,-1.7,-1.7,3,22.65,ED_MODERATE_SAFE,1,iso_forest
Vilnius,Lithuania,-4.8,-4.8,2,23.9956864676386,ED_MODERATE_SAFE,1,iso_forest
Ottawa,Canada,-11.9,-11.9,1,22.97273299434515,ED_MODERATE_SAFE,1,iso_forest
Bogot,Bulgaria,-2.6,-2.6,3,28.981525394829042,ED_MODERATE_SAFE,1,iso_forest
Zagreb,Croatia,3.1,3.1,3,18.0,ED_MODERATE_SAFE,1,iso_forest
Tallinn,Estonia,-0.8,-0.8,1,11.14477213422687,ED_VERY_SAFE,1,iso_forest
Addis Ababa,Ethiopia,22.0,22.1,2,20.0,ED_MODERATE_SAFE,1,iso_forest
Budapest,Hungary,2.4,2.4,3,18.0,ED_MODERATE_SAFE,1,iso_forest
Dublin,Ireland,13.1,13.1,1,0.0,ED_VERY_SAFE,1,iso_forest
Astana,Kazakhstan,-6.9,-6.9,1,10.350000000000001,ED_VERY_SAFE,1,iso_forest
Nairobi,Kenya,27.3,27.3,2,20.900000000000002,ED_MODERATE_SAFE,1,iso_forest
Riga,Latvia,-2.9,-2.9,2,22.27086921206782,ED_MODERATE_SAFE,1,iso_forest
Lilongwe,Malawi,20.3,20.3,1,12.0,ED_VERY_SAFE,1,lof
Colombo,Sri Lanka,33.1,44.0,4,77.48653846153846,ED_VERY_DANGEROUS,1,lof
Chi Chi Khvar,Iran,2.9,2.9,1,7.18108892984499,ED_VERY_SAFE,1,lof
Ulaanbaatar,Mongolia,-14.0,-14.0,2,26.333333333333332,ED_MODERATE_SAFE,1,iso_forest
Yaren,Turkey,3.1,3.1,2,11.871924483155123,ED_VERY_SAFE,1,iso_forest
Pyongyang,North Korea,-3.8,-3.8,2,23.385700175792973,ED_MODERATE_SAFE,1,iso_forest
Warsaw,Poland,0.1,0.1,2,15.629958263383372,ED_MODERATE_SAFE,1,iso_forest
Bucharest,Romania,-0.7,-0.7,2,15.285296486240675,ED_MODERATE_SAFE,1,iso_forest
Bratislava,Slovakia,1.1,1.1,2,13.498008334516648,ED_VERY_SAFE,1,iso_forest
Ljubljana,Slovenia,1.1,1.1,3,18.0,ED_MODERATE_SAFE,1,iso_forest
Seoul,South Korea,0.1,0.1,2,15.215240077626936,ED_MODERATE_SAFE,1,iso_forest
Juba,Sudan,29.8,29.8,4,51.60000000000001,ED_CAUTION,1,iso_forest
Belgrade,Serbia,1.3,1.3,3,18.3,ED_MODERATE_SAFE,1,iso_forest
Moscow,Russia,-4.6,-4.6,4,43.50299853578403,ED_CAUTION,1,iso_forest
Ban Lom,Vietnam,36.8,36.8,2,30.999999999999996,ED_MODERATE_SAFE,1,iso_forest
Funafuti,Tuvalu,29.2,33.0,1,16.666666666666668,ED_MODERATE_SAFE,1,lof
Port Louis,Mauritius,30.1,38.4,1,33.31666666666666,ED_MODERATE_SAFE,1,hot_but_safe
Ulaanbaatar,Mongolia,-12.9,-12.9,2,28.761097827487134,ED_MODERATE_SAFE,1,iso_forest
Windhoek,Namibia,25.3,26.1,1,12.0,ED_VERY_SAFE,1,lof
Oslo,Norway,-10.8,-10.8,1,18.606788903482986,ED_MODERATE_SAFE,1,iso_forest
Moscow,Russia,-8.7,-8.7,2,27.38647747842856,ED_MODERATE_SAFE,1,iso_forest
Riyadh,Saudi Arabia,17.3,17.3,4,37.5,ED_CAUTION,1,lof
Mogadishu,Somalia,28.6,30.7,2,31.099999999999998,ED_MODERATE_SAFE,1,lof
Seoul,South Korea,4.1,4.1,4,32.0,ED_MODERATE_SAFE,1,iso_forest
Juba,Sudan,29.5,29.5,4,50.3,ED_CAUTION,1,iso_forest
Bern,Switzerland,3.1,3.1,2,8.0,ED_VERY_SAFE,1,lof
Minsk,Belarus,-6.0,-6.0,2,26.04139585338509,ED_MODERATE_SAFE,1,iso_forest
Tokyo,Japan,11.3,11.3,4,32.0,ED_MODERATE_SAFE,1,lof
Sarajevo,Bosnia and Herzegovina,-0.9,-0.9,4,37.2828310699923,ED_CAUTION,1,iso_forest
Sofia,Bulgaria,-1.9,-1.9,2,15.247419297316117,ED_MODERATE_SAFE,1,lof
N'djamena,Chad,32.2,32.2,4,65.75833333333334,ED_DANGEROUS,1,iso_forest
Havana,Cuba,21.2,21.2,2,8.0,ED_VERY_SAFE,1,lof
Addis Ababa,Ethiopia,24.3,24.3,2,20.0,ED_MODERATE_SAFE,1,iso_forest
Astana,Kazakhstan,-5.7,-5.7,1,17.058134573681812,ED_MODERATE_SAFE,1,iso_forest
Ulaanbaatar,Mongolia,-11.9,-11.9,3,34.58333333333333,ED_MODERATE_SAFE,1,iso_forest
Windhoek,Namibia,27.1,27.1,1,12.300000000000004,ED_VERY_SAFE,1,lof
Wellington,New Zealand,21.3,21.3,1,0.0,ED_VERY_SAFE,1,lof
Abuja,Nigeria,34.8,34.8,4,69.49166666666666,ED_DANGEROUS,1,iso_forest
Lilongwe,Malawi,22.3,24.7,1,12.0,ED_VERY_SAFE,1,lof
Beijing,China,4.2,4.2,2,8.079920249436125,ED_VERY_SAFE,1,iso_forest
Warsaw,Poland,-2.9,-2.9,3,28.934685782847364,ED_MODERATE_SAFE,1,iso_forest
Nairobi,Kenya,27.1,27.1,2,20.300000000000004,ED_MODERATE_SAFE,1,iso_forest
Windhoek,Namibia,24.0,24.7,1,12.0,ED_VERY_SAFE,1,lof
Oslo,Norway,-7.9,-7.9,2,19.85,ED_MODERATE_SAFE,1,iso_forest
Singapore,Singapore,31.4,39.1,2,34.833333333333336,ED_MODERATE_SAFE,1,hot_but_safe
Honiara,Solomon Islands,30.2,38.3,1,25.499999999999996,ED_MODERATE_SAFE,1,hot_but_safe
Juba,Sudan,28.4,28.4,5,60.099999999999994,ED_DANGEROUS,1,iso_forest
Abu Dhabi,United Arab Emirates,28.2,31.7,3,32.699999999999996,ED_MODERATE_SAFE,1,lof
Buenos Aires,Argentina,20.1,20.1,1,0.0,ED_VERY_SAFE,1,lof
Sofia,Bulgaria,4.2,4.2,2,8.0,ED_VERY_SAFE,1,lof
Ottawa,Canada,-12.6,-12.6,1,20.659378264758843,ED_MODERATE_SAFE,1,iso_forest
Vestmannaeyjar,Iceland,2.2,2.2,1,8.422283826412013,ED_VERY_SAFE,1,iso_forest
Lilongwe,Malawi,23.1,25.1,1,12.0,ED_VERY_SAFE,1,lof
N'djamena,Chad,31.0,31.0,4,54.4,ED_CAUTION,1,iso_forest
Chi Chi Khvar,Iran,-1.9,-1.9,1,6.650000000000001,ED_VERY_SAFE,1,lof
Ulaanbaatar,Mongolia,-11.8,-11.8,1,16.5,ED_MODERATE_SAFE,1,iso_forest
Abuja,Nigeria,34.3,34.3,5,82.54583333333333,ED_VERY_DANGEROUS,1,iso_forest
National,Bolivia,21.1,21.1,1,0.0,ED_VERY_SAFE,1,lof
Moscow,Russia,-7.7,-7.7,2,26.356271827546433,ED_MODERATE_SAFE,1,iso_forest
Riyadh,Saudi Arabia,13.1,13.1,5,49.7,ED_CAUTION,1,iso_forest
Saint John's,Antigua and Barbuda,25.1,27.2,2,8.599999999999998,ED_VERY_SAFE,1,lof
Buenos Aires,Argentina,22.1,24.6,1,0.0,ED_VERY_SAFE,1,lof
Belmopan,Belize,21.1,21.1,1,0.0,ED_VERY_SAFE,1,lof
Ottawa,Canada,-8.6,-8.6,1,20.87971084484768,ED_MODERATE_SAFE,1,iso_forest
Pyongyang,North Korea,-2.6,-2.6,2,20.638449618010064,ED_MODERATE_SAFE,1,iso_forest
Lisbon,Portugal,8.2,8.2,4,32.0,ED_MODERATE_SAFE,1,lof
Bucharest,Romania,0.3,0.3,3,23.28604068437978,ED_MODERATE_SAFE,1,iso_forest
Copenhagen,Denmark,-1.7,-1.7,2,13.27699354687429,ED_VERY_SAFE,1,iso_forest
Nuku`Aloia,Tonga,26.2,27.9,2,10.699999999999996,ED_VERY_SAFE,1,lof
Kyiv,Ukraine,-3.7,-3.7,2,20.387636443623585,ED_MODERATE_SAFE,1,iso_forest
Lusaka,Zambia,22.7,24.9,2,20.0,ED_MODERATE_SAFE,1,lof
Sarajevo,Bosnia and Herzegovina,-0.6,-0.6,3,20.099999999999998,ED_MODERATE_SAFE,1,iso_forest
Gaborone,Botswana,22.3,24.7,1,6.449999999999999,ED_VERY_SAFE,1,lof
Sofia,Bulgaria,-1.9,-1.9,2,13.55,ED_VERY_SAFE,1,iso_forest
N'djamena,Chad,33.3,33.3,4,67.29166666666666,ED_DANGEROUS,1,iso_forest
Beijing,China,2.2,2.2,4,32.0,ED_MODERATE_SAFE,1,iso_forest
Zagreb,Croatia,2.4,2.4,3,18.0,ED_MODERATE_SAFE,1,iso_forest
Prague,Czech Republic,-5.9,-5.9,3,34.21577974199478,ED_MODERATE_SAFE,1,iso_forest
Mbabane,Swaziland,20.2,20.2,1,0.0,ED_VERY_SAFE,1,lof
Juba,Sudan,30.0,30.0,4,53.0,ED_CAUTION,1,iso_forest
Suva,Fiji Islands,26.1,29.1,1,6.300000000000004,ED_VERY_SAFE,1,lof
Vestmannaeyjar,Iceland,7.1,7.1,1,0.0,ED_VERY_SAFE,1,iso_forest
Tokyo,Japan,5.1,5.1,1,0.23995738713110804,ED_VERY_SAFE,1,iso_forest
Astana,Kazakhstan,-8.7,-8.7,2,21.049999999999997,ED_MODERATE_SAFE,1,iso_forest
Nairobi,Kenya,27.2,27.2,2,20.599999999999998,ED_MODERATE_SAFE,1,iso_forest
Ulaanbaatar,Mongolia,-12.9,-12.9,1,20.761097827487134,ED_MODERATE_SAFE,1,iso_forest
Pyongyang,North Korea,-3.7,-3.7,2,22.71534262987977,ED_MODERATE_SAFE,1,iso_forest
Oslo,Norway,-9.7,-9.7,3,32.55,ED_MODERATE_SAFE,1,iso_forest
Aurora,Paraguay,22.0,24.6,1,0.0,ED_VERY_SAFE,1,lof
Warsaw,Poland,-2.0,-2.0,3,27.152182115812415,ED_MODERATE_SAFE,1,iso_forest
Khartoum,Sudan,30.7,30.7,4,54.39999999999999,ED_CAUTION,1,iso_forest
Seoul,South Korea,-1.6,-1.6,1,10.845016722957313,ED_VERY_SAFE,1,iso_forest
Bucharest,Romania,-2.9,-2.9,2,21.885176501573827,ED_MODERATE_SAFE,1,iso_forest
Beijing,China,2.4,2.4,4,32.56153668597899,ED_MODERATE_SAFE,1,iso_forest
Apia,Samoa,26.1,28.5,1,4.5,ED_VERY_SAFE,1,lof
Juba,Sudan,29.1,29.1,4,49.800000000000004,ED_CAUTION,1,iso_forest
Bern,Switzerland,0.2,0.2,2,8.0,ED_VERY_SAFE,1,lof
Nuku`Aloia,Tonga,26.4,29.5,1,7.5,ED_VERY_SAFE,1,lof
Kyiv,Ukraine,-5.1,-5.1,2,21.969630872219685,ED_MODERATE_SAFE,1,iso_forest
Abu Dhabi,United Arab Emirates,31.3,38.7,3,49.46666666666667,ED_CAUTION,1,lof
Montevideo,Uruguay,19.3,19.3,2,8.0,ED_VERY_SAFE,1,lof
Luanda,Angola,23.2,25.4,2,13.5,ED_VERY_SAFE,1,lof
Baku,Azerbaijan,3.4,3.4,1,1.1683024714709251,ED_VERY_SAFE,1,lof
N'djamena,Chad,33.1,33.1,4,67.35833333333333,ED_DANGEROUS,1,iso_forest
Addis Ababa,Ethiopia,23.3,23.3,2,20.0,ED_MODERATE_SAFE,1,iso_forest
Apia,Samoa,28.2,33.5,1,17.5,ED_MODERATE_SAFE,1,lof
Suva,Fiji Islands,26.4,29.9,1,8.699999999999996,ED_VERY_SAFE,1,lof
Libreville,Gabon,29.3,33.3,1,26.26666666666666,ED_MODERATE_SAFE,1,lof
Vestmannaeyjar,Iceland,5.4,5.4,1,1.895982096416807,ED_VERY_SAFE,1,iso_forest
Astana,Kazakhstan,-7.9,-7.9,1,18.42427825964203,ED_MODERATE_SAFE,1,iso_forest
Nairobi,Kenya,26.0,26.0,2,20.0,ED_MODERATE_SAFE,1,iso_forest
Maseru,Lesotho,17.2,17.2,1,12.0,ED_VERY_SAFE,1,lof
Ulaanbaatar,Mongolia,-11.9,-11.9,1,16.583333333333332,ED_MODERATE_SAFE,1,iso_forest
Pyongyang,North Korea,-3.8,-3.8,2,23.335468365471883,ED_MODERATE_SAFE,1,iso_forest
Aurora,Paraguay,28.5,30.5,1,10.5,ED_VERY_SAFE,1,lof
Moscow,Russia,-8.0,-8.0,4,49.3078299764256,ED_CAUTION,1,iso_forest
Bucharest,Romania,-1.9,-1.9,3,26.125934749993302,ED_MODERATE_SAFE,1,iso_forest
Kigali,Rwanda,28.1,28.1,3,33.300000000000004,ED_MODERATE_SAFE,1,lof
Riyadh,Saudi Arabia,23.1,23.1,6,57.2,ED_DANGEROUS,1,iso_forest
Moscow,Russia,1.3,1.3,5,45.85289696066575,ED_CAUTION,1,iso_forest
N'djamena,Chad,30.2,30.2,5,63.8,ED_DANGEROUS,1,iso_forest
Beijing,China,15.0,15.1,5,45.0,ED_CAUTION,1,iso_forest
Zagreb,Croatia,4.3,4.3,2,8.3,ED_VERY_SAFE,1,lof
Berlin,Germany,4.0,4.0,2,8.0,ED_VERY_SAFE,1,lof
Vestmannaeyjar,Iceland,7.1,7.1,1,0.0,ED_VERY_SAFE,1,iso_forest
Astana,Kazakhstan,-9.7,-9.7,1,19.31244641187528,ED_MODERATE_SAFE,1,iso_forest
Nairobi,Kenya,28.4,28.4,2,24.199999999999996,ED_MODERATE_SAFE,1,iso_forest
Antananarivo,Madagascar,22.0,24.5,1,9.8,ED_VERY_SAFE,1,lof
Port Louis,Mauritius,28.3,33.6,1,17.666666666666668,ED_MODERATE_SAFE,1,lof
Aurora,Paraguay,22.3,24.8,1,0.0,ED_VERY_SAFE,1,lof
Riyadh,Saudi Arabia,16.1,16.1,5,50.2,ED_CAUTION,1,iso_forest
Ivory,Madagascar,28.0,30.2,1,14.399999999999999,ED_VERY_SAFE,1,lof
Pretoria,South Africa,29.4,29.4,4,51.199999999999996,ED_CAUTION,1,lof
Juba,Sudan,28.8,28.8,4,46.800000000000004,ED_CAUTION,1,iso_forest
Khartoum,Sudan,32.4,32.4,4,67.19166666666666,ED_DANGEROUS,1,iso_forest
London,United Kingdom,4.1,4.1,2,8.0,ED_VERY_SAFE,1,lof
Lusaka,Zambia,19.1,19.1,2,12.5,ED_VERY_SAFE,1,lof
Dhaka,Bangladesh,33.9,33.9,5,75.12916666666666,ED_VERY_DANGEROUS,1,iso_forest
Brussels,Belgium,3.3,3.3,2,8.0,ED_VERY_SAFE,1,lof
Ivory,Madagascar,25.6,27.6,1,7.400000000000004,ED_VERY_SAFE,1,lof
Ottawa,Canada,-7.9,-7.9,1,17.208510760231228,ED_MODERATE_SAFE,1,iso_forest
N'djamena,Chad,32.0,32.0,5,69.3,ED_DANGEROUS,1,iso_forest
Ottawa,Canada,-8.8,-8.8,1,20.536419604484735,ED_MODERATE_SAFE,1,iso_forest
Dhaka,Bangladesh,32.1,32.1,5,71.22916666666667,ED_DANGEROUS,1,iso_forest
Havana,Cuba,17.2,17.2,1,0.0,ED_VERY_SAFE,1,lof
Minsk,Belarus,-1.7,-1.7,3,27.79813929688109,ED_MODERATE_SAFE,1,iso_forest
Niamey,Niger,27.2,27.2,4,39.949999999999996,ED_CAUTION,1,iso_forest
Bucharest,Romania,3.0,3.0,5,45.3,ED_CAUTION,1,iso_forest
Moscow,Russia,-1.0,-1.0,5,51.51257970413002,ED_CAUTION,1,iso_forest
Riyadh,Saudi Arabia,13.3,13.3,5,50.3,ED_CAUTION,1,iso_forest
Juba,Sudan,30.3,30.3,4,52.800000000000004,ED_CAUTION,1,iso_forest
Nuku`Aloia,Tonga,26.3,29.2,1,6.599999999999998,ED_VERY_SAFE,1,lof
Kampala,Uganda,31.4,31.4,3,43.199999999999996,ED_CAUTION,1,lof
Kabul,Afghanistan,1.3,1.3,3,18.0,ED_MODERATE_SAFE,1,lof
Canberra,Australia,27.1,28.6,1,4.800000000000004,ED_VERY_SAFE,1,lof
Dhaka,Bangladesh,31.6,31.6,5,60.900000000000006,ED_DANGEROUS,1,iso_forest
Ottawa,Canada,-6.9,-6.9,2,23.16626336748657,ED_MODERATE_SAFE,1,iso_forest
Kampala,Uganda,31.5,31.5,4,57.5,ED_DANGEROUS,1,lof
N'djamena,Chad,29.1,29.1,5,56.6,ED_DANGEROUS,1,iso_forest
Beijing,China,12.3,12.8,6,50.0,ED_CAUTION,1,iso_forest
Addis Ababa,Ethiopia,23.3,23.3,2,20.0,ED_MODERATE_SAFE,1,iso_forest
Astana,Kazakhstan,-8.8,-8.8,1,19.264706613531263,ED_MODERATE_SAFE,1,iso_forest
Kuwait City,Kuwait,16.8,16.8,3,21.6,ED_MODERATE_SAFE,1,lof
Moscow,Russia,0.1,0.1,5,47.92476280253711,ED_CAUTION,1,iso_forest
Riyadh,Saudi Arabia,16.1,16.1,5,51.0,ED_CAUTION,1,iso_forest
Victoria,Seychelles Islands,30.0,34.8,2,39.666666666666664,ED_CAUTION,1,lof
Seoul,South Korea,11.1,11.1,4,32.0,ED_MODERATE_SAFE,1,iso_forest
Juba,Sudan,29.6,29.6,4,49.7,ED_CAUTION,1,iso_forest
Beijing,China,14.3,15.0,6,50.0,ED_CAUTION,1,iso_forest
Addis Ababa,Ethiopia,24.2,24.2,2,20.0,ED_MODERATE_SAFE,1,iso_forest
Belgrade,Serbia,4.0,4.0,2,9.593201803074516,ED_VERY_SAFE,1,iso_forest
Beijing,China,6.3,6.3,6,50.0,ED_CAUTION,1,iso_forest
Chi Chi Khvar,Iran,-4.4,-4.4,1,10.100000000000001,ED_VERY_SAFE,1,iso_forest
Warsaw,Poland,1.2,1.2,3,22.431629051530173,ED_MODERATE_SAFE,1,iso_forest
Riyadh,Saudi Arabia,19.2,19.2,6,57.65,ED_DANGEROUS,1,iso_forest
Seoul,South Korea,7.2,7.2,4,32.0,ED_MODERATE_SAFE,1,lof
Juba,Sudan,29.9,29.9,4,51.89999999999999,ED_CAUTION,1,iso_forest
Khartoum,Sudan,30.0,30.0,4,52.2,ED_CAUTION,1,iso_forest
Ban Lom,Vietnam,34.2,34.2,2,26.66666666666667,ED_MODERATE_SAFE,1,lof
Ankara,Turkey,9.1,9.1,3,21.8,ED_MODERATE_SAFE,1,lof
Ottawa,Canada,-19.6,-19.6,2,35.40530884035637,ED_CAUTION,1,iso_forest
N'djamena,Chad,33.1,33.1,4,64.50833333333334,ED_DANGEROUS,1,iso_forest
Vestmannaeyjar,Iceland,3.4,3.4,1,5.609657330057615,ED_VERY_SAFE,1,iso_forest
Vilnius,Lithuania,0.0,0.0,2,15.305703889348838,ED_MODERATE_SAFE,1,lof
Jakarta,Indonesia,30.2,34.3,5,74.89583333333333,ED_DANGEROUS,1,iso_forest
Tehran,Iran,6.3,6.3,3,22.0,ED_MODERATE_SAFE,1,lof
Astana,Kazakhstan,-6.0,-6.0,2,25.09914926513422,ED_MODERATE_SAFE,1,iso_forest
Nairobi,Kenya,27.2,27.2,2,20.599999999999998,ED_MODERATE_SAFE,1,iso_forest
Ulaanbaatar,Mongolia,2.3,2.3,2,8.0,ED_VERY_SAFE,1,lof
Doha,Qatar,23.2,23.6,4,39.35,ED_CAUTION,1,lof
Bucharest,Romania,7.0,7.0,3,21.1,ED_MODERATE_SAFE,1,lof
Moscow,Russia,0.2,0.2,3,22.37243196068676,ED_MODERATE_SAFE,1,iso_forest
Singapore,Singapore,31.2,38.2,2,33.63333333333334,ED_MODERATE_SAFE,1,hot_but_safe
Juba,Sudan,28.8,28.8,4,47.900000000000006,ED_CAUTION,1,iso_forest
Luxembourg,Luxembourg,3.2,3.2,2,9.911117689277969,ED_VERY_SAFE,1,lof
Vaduz,Liechtenstein,3.3,3.3,1,3.0,ED_VERY_SAFE,1,lof
Vestmannaeyjar,Iceland,4.3,4.3,1,3.7000438291156534,ED_VERY_SAFE,1,iso_forest
Kampala,Uganda,29.2,29.2,4,50.599999999999994,ED_CAUTION,1,lof
Astana,Kazakhstan,-7.9,-7.9,1,17.421349571627076,ED_MODERATE_SAFE,1,iso_forest
Port Louis,Mauritius,32.3,43.2,1,44.53846153846154,ED_CAUTION,1,lof
Chi Chi Khvar,Iran,-2.5,-2.5,2,18.414796900737425,ED_MODERATE_SAFE,1,lof
Aurora,Paraguay,23.7,25.8,1,0.0,ED_VERY_SAFE,1,lof
Bucharest,Romania,3.4,3.4,4,32.0,ED_MODERATE_SAFE,1,iso_forest
Moscow,Russia,2.3,2.3,4,32.74031127512887,ED_MODERATE_SAFE,1,iso_forest
Riyadh,Saudi Arabia,19.2,19.2,6,58.1,ED_DANGEROUS,1,iso_forest
Honiara,Solomon Islands,28.4,34.1,1,18.500000000000004,ED_MODERATE_SAFE,1,lof
Colombo,Sri Lanka,32.1,46.2,2,46.7,ED_CAUTION,1,lof
Khartoum,Sudan,27.8,27.8,4,44.400000000000006,ED_CAUTION,1,iso_forest
Montevideo,Uruguay,22.0,24.5,1,0.0,ED_VERY_SAFE,1,lof
Nan,Thailand,38.2,38.2,2,33.33333333333334,ED_MODERATE_SAFE,1,hot_but_safe
Andorra La Vella,Andorra,2.2,2.2,1,2.3999999999999995,ED_VERY_SAFE,1,lof
Ngaoundere,Cameroon,31.4,31.4,4,55.599999999999994,ED_DANGEROUS,1,iso_forest
N'djamena,Chad,32.3,32.3,5,80.76249999999999,ED_VERY_DANGEROUS,1,iso_forest
Beijing,China,9.2,9.4,4,32.0,ED_MODERATE_SAFE,1,iso_forest
Addis Ababa,Ethiopia,23.1,23.1,2,20.0,ED_MODERATE_SAFE,1,iso_forest
Suva,Fiji Islands,24.1,26.2,1,0.0,ED_VERY_SAFE,1,lof
Vestmannaeyjar,Iceland,3.1,3.1,1,5.810595739567168,ED_VERY_SAFE,1,iso_forest
Jakarta,Indonesia,30.3,33.6,6,80.26666666666667,ED_VERY_DANGEROUS,1,iso_forest
Nairobi,Kenya,26.2,26.2,2,20.0,ED_MODERATE_SAFE,1,iso_forest
Riga,Latvia,2.2,2.2,1,1.8871362226795405,ED_VERY_SAFE,1,lof
Yangon,Myanmar,33.3,36.1,2,29.833333333333336,ED_MODERATE_SAFE,1,lof
Nan,Thailand,31.0,31.9,1,14.699999999999996,ED_VERY_SAFE,1,lof
Kuwait City,Kuwait,12.3,12.3,3,22.6,ED_MODERATE_SAFE,1,lof
Lusaka,Zambia,21.0,21.0,2,18.2,ED_MODERATE_SAFE,1,lof
Pyongyang,North Korea,-3.4,-3.4,2,22.68041988863702,ED_MODERATE_SAFE,1,iso_forest
National,Bolivia,22.2,24.8,1,0.0,ED_VERY_SAFE,1,lof
Manila,Philippines,30.3,34.6,2,27.333333333333336,ED_MODERATE_SAFE,1,lof
Riyadh,Saudi Arabia,20.4,20.4,6,57.2,ED_DANGEROUS,1,iso_forest
Singapore,Singapore,25.4,27.1,2,8.300000000000004,ED_VERY_SAFE,1,lof
Seoul,South Korea,-1.7,-1.7,2,19.287221473123452,ED_MODERATE_SAFE,1,iso_forest
Juba,Sudan,30.8,30.8,4,55.2,ED_DANGEROUS,1,iso_forest
Ankara,Turkey,-2.9,-2.9,2,21.204882737470637,ED_MODERATE_SAFE,1,iso_forest
Ashgabat,Turkmenistan,1.3,1.3,1,5.588593732265489,ED_VERY_SAFE,1,lof
Kyiv,Ukraine,-2.8,-2.8,3,25.73084833900966,ED_MODERATE_SAFE,1,iso_forest
Harare,Zimbabwe,22.0,24.5,1,9.0,ED_VERY_SAFE,1,lof
Ulaanbaatar,Mongolia,-5.0,-5.0,2,19.73019263049039,ED_MODERATE_SAFE,1,iso_forest
Buenos Aires,Argentina,27.2,27.3,1,0.9000000000000021,ED_VERY_SAFE,1,lof
Minsk,Belarus,0.1,0.1,3,20.742351102378016,ED_MODERATE_SAFE,1,iso_forest
Bandar Seri Begawan,Brunei Darussalam,30.3,39.7,2,35.83333333333334,ED_CAUTION,1,lof
Sofia,Bulgaria,0.2,0.2,3,18.0,ED_MODERATE_SAFE,1,iso_forest
Ngaoundere,Cameroon,20.3,20.3,4,42.2,ED_CAUTION,1,lof
N'djamena,Chad,34.1,34.1,4,66.925,ED_DANGEROUS,1,iso_forest
Beijing,China,8.2,8.2,4,32.0,ED_MODERATE_SAFE,1,iso_forest
Zagreb,Croatia,5.1,5.1,4,32.0,ED_MODERATE_SAFE,1,iso_forest
Nicosia,Cyprus,8.2,8.2,1,3.5,ED_VERY_SAFE,1,iso_forest
Tehran,Iran,6.3,6.3,2,11.5,ED_VERY_SAFE,1,lof
Yaren,Turkey,1.3,1.3,2,16.2097526133635,ED_MODERATE_SAFE,1,iso_forest
Chi Chi Khvar,Iran,-4.5,-4.5,1,19.38161150145114,ED_MODERATE_SAFE,1,iso_forest
Nairobi,Kenya,25.2,25.2,2,20.0,ED_MODERATE_SAFE,1,iso_forest
Yerevan,Armenia,-2.8,-2.8,1,12.25781532177254,ED_VERY_SAFE,1,lof
Bratislava,Slovakia,3.2,3.2,2,11.010143490246003,ED_VERY_SAFE,1,iso_forest
Ljubljana,Slovenia,3.1,3.1,4,32.0,ED_MODERATE_SAFE,1,iso_forest
Mogadishu,Somalia,31.4,36.6,2,42.66666666666667,ED_CAUTION,1,lof
Seoul,South Korea,-0.9,-0.9,2,16.112243243350946,ED_MODERATE_SAFE,1,iso_forest
Juba,Sudan,29.3,29.3,4,50.300000000000004,ED_CAUTION,1,iso_forest
Khartoum,Sudan,28.6,28.6,4,48.7,ED_CAUTION,1,iso_forest
Ankara,Turkey,-2.8,-2.8,1,12.959243888829334,ED_VERY_SAFE,1,iso_forest
Funafuti,Tuvalu,29.3,34.5,2,27.166666666666668,ED_MODERATE_SAFE,1,lof
Kyiv,Ukraine,-5.5,-5.5,3,30.593470064603455,ED_MODERATE_SAFE,1,iso_forest
Lusaka,Zambia,21.6,21.6,2,18.8,ED_MODERATE_SAFE,1,lof
Baku,Azerbaijan,-0.7,-0.7,1,11.873380137831193,ED_VERY_SAFE,1,iso_forest
Nouakchott,Mauritania,21.8,21.8,4,34.7,ED_MODERATE_SAFE,1,iso_forest
Minsk,Belarus,-2.7,-2.7,2,18.966559701168343,ED_MODERATE_SAFE,1,iso_forest
Sofia,Bulgaria,-0.9,-0.9,3,21.150000000000002,ED_MODERATE_SAFE,1,iso_forest
N'djamena,Chad,34.1,34.1,4,67.075,ED_DANGEROUS,1,iso_forest
Bogot,Bulgaria,-3.3,-3.3,3,25.65,ED_MODERATE_SAFE,1,iso_forest
Nicosia,Cyprus,7.1,7.1,1,3.4,ED_VERY_SAFE,1,iso_forest
Tehran,Iran,10.0,10.0,2,11.2,ED_VERY_SAFE,1,lof
Amman,Jordan,4.0,4.0,1,5.361251786396915,ED_VERY_SAFE,1,lof
Nairobi,Kenya,26.0,26.0,2,20.0,ED_MODERATE_SAFE,1,iso_forest
Nan,Thailand,34.2,37.7,2,32.50000000000001,ED_MODERATE_SAFE,1,lof
Vilnius,Lithuania,-2.9,-2.9,2,20.018764225991816,ED_MODERATE_SAFE,1,iso_forest
Nairobi,Kenya,28.1,28.1,2,23.300000000000004,ED_MODERATE_SAFE,1,iso_forest
Riga,Latvia,-1.9,-1.9,3,27.22637805784926,ED_MODERATE_SAFE,1,iso_forest
Beirut,Lebanon,7.4,7.4,2,11.6,ED_VERY_SAFE,1,lof
Kabul,Afghanistan,1.5,1.5,2,8.0,ED_VERY_SAFE,1,lof
Yangon,Myanmar,33.4,40.9,2,37.83333333333333,ED_CAUTION,1,lof
Bucharest,Romania,2.4,2.4,4,33.8,ED_MODERATE_SAFE,1,iso_forest
Moscow,Russia,-1.9,-1.9,5,47.85,ED_CAUTION,1,iso_forest
Ljubljana,Slovenia,8.3,8.4,4,32.0,ED_MODERATE_SAFE,1,lof
Juba,Sudan,29.3,29.3,5,62.10000000000001,ED_DANGEROUS,1,iso_forest
Colombo,Sri Lanka,33.2,44.3,2,43.30769230769231,ED_CAUTION,1,lof
Khartoum,Sudan,30.1,30.1,4,52.400000000000006,ED_CAUTION,1,iso_forest
Kyiv,Ukraine,-3.0,-3.0,3,22.5,ED_MODERATE_SAFE,1,iso_forest
Port Vila,Vanuatu,27.1,31.7,1,14.099999999999998,ED_VERY_SAFE,1,lof
Lusaka,Zambia,24.1,25.8,1,8.25,ED_VERY_SAFE,1,lof
Buenos Aires,Argentina,21.3,21.3,1,0.0,ED_VERY_SAFE,1,lof
Nan,Thailand,27.0,29.9,1,8.699999999999996,ED_VERY_SAFE,1,lof
Baku,Azerbaijan,2.2,2.2,1,6.378016173886547,ED_VERY_SAFE,1,iso_forest
Sofia,Bulgaria,3.2,3.2,3,18.9,ED_MODERATE_SAFE,1,lof
Phnom Penh,Cambodia,32.3,32.3,1,15.499999999999995,ED_MODERATE_SAFE,1,lof
N'djamena,Chad,30.3,30.3,6,67.7,ED_DANGEROUS,1,iso_forest
Beijing,China,10.3,10.6,5,45.0,ED_CAUTION,1,iso_forest
Moroni,Comoros,30.0,33.0,2,36.66666666666667,ED_CAUTION,1,lof
Conakry,Guinea,24.2,25.8,4,35.8,ED_CAUTION,1,lof
Vestmannaeyjar,Iceland,0.2,0.2,1,8.83014241924925,ED_VERY_SAFE,1,iso_forest
Tehran,Iran,4.2,4.2,2,10.100000000000001,ED_VERY_SAFE,1,lof
Baghdad,Iraq,12.3,12.3,3,22.0,ED_MODERATE_SAFE,1,lof
Podgorica,Montenegro,10.4,10.4,2,9.8,ED_VERY_SAFE,1,lof
Nan,Thailand,23.2,25.0,2,8.0,ED_VERY_SAFE,1,lof
Nairobi,Kenya,25.2,25.2,2,20.0,ED_MODERATE_SAFE,1,iso_forest
Tehran,Iran,1.2,1.2,2,16.397563018018687,ED_MODERATE_SAFE,1,iso_forest
Valletta,Malta,16.1,16.1,1,2.3999999999999995,ED_VERY_SAFE,1,lof
Ulaanbaatar,Mongolia,-8.8,-8.8,1,13.200000000000001,ED_VERY_SAFE,1,iso_forest
Pyongyang,North Korea,-2.2,-2.2,2,11.3,ED_VERY_SAFE,1,iso_forest
Manila,Philippines,30.2,35.0,1,20.0,ED_MODERATE_SAFE,1,lof
Warsaw,Poland,7.2,7.2,5,45.0,ED_CAUTION,1,iso_forest
Moscow,Russia,-4.9,-4.9,5,59.56706243478792,ED_DANGEROUS,1,iso_forest
Riyadh,Saudi Arabia,17.0,17.0,6,54.8,ED_CAUTION,1,iso_forest
Singapore,Singapore,31.0,38.4,2,33.666666666666664,ED_MODERATE_SAFE,1,hot_but_safe
Juba,Sudan,30.3,30.3,4,53.2,ED_CAUTION,1,iso_forest
Khartoum,Sudan,30.2,30.2,4,52.49999999999999,ED_CAUTION,1,iso_forest
Ankara,Turkey,-3.0,-3.0,2,18.174882631191156,ED_MODERATE_SAFE,1,iso_forest
Kyiv,Ukraine,-1.6,-1.6,3,20.4,ED_MODERATE_SAFE,1,iso_forest
Lusaka,Zambia,24.8,26.5,2,20.0,ED_MODERATE_SAFE,1,lof
Nassau,Bahamas,22.4,24.7,1,0.0,ED_VERY_SAFE,1,lof
Ouagadougou,Burkina Faso,25.1,25.1,5,51.3,ED_CAUTION,1,iso_forest
Ngaoundere,Cameroon,29.1,29.1,4,49.400000000000006,ED_CAUTION,1,lof
N'djamena,Chad,35.5,35.5,5,85.14583333333334,ED_VERY_DANGEROUS,1,iso_forest
Beijing,China,9.1,9.1,4,32.0,ED_MODERATE_SAFE,1,iso_forest
Bogot,Bulgaria,1.6,1.6,4,32.0,ED_MODERATE_SAFE,1,iso_forest
Addis Ababa,Ethiopia,22.4,22.9,2,20.0,ED_MODERATE_SAFE,1,iso_forest
Vestmannaeyjar,Iceland,0.4,0.4,1,9.386136067965067,ED_VERY_SAFE,1,iso_forest
Prague,Czech Republic,10.2,10.2,3,18.0,ED_MODERATE_SAFE,1,lof
Addis Ababa,Ethiopia,21.1,21.1,2,20.0,ED_MODERATE_SAFE,1,lof
Valletta,Malta,21.2,21.2,1,0.0,ED_VERY_SAFE,1,lof
Quito,Ecuador,9.1,9.1,1,0.0,ED_VERY_SAFE,1,lof
Riyadh,Saudi Arabia,36.3,36.3,6,96.16666666666666,ED_VERY_DANGEROUS,1,iso_forest
Juba,Sudan,35.8,35.8,3,50.53333333333333,ED_CAUTION,1,iso_forest
Khartoum,Sudan,38.2,38.2,2,45.33333333333334,ED_CAUTION,1,iso_forest
Abu Dhabi,United Arab Emirates,41.1,43.1,3,62.22307692307693,ED_DANGEROUS,1,iso_forest
Baku,Azerbaijan,18.1,18.1,2,16.25,ED_MODERATE_SAFE,1,lof
Manama,Bahrain,35.4,44.6,4,85.97884615384616,ED_VERY_DANGEROUS,1,iso_forest
Phnom Penh,Cambodia,35.4,38.2,2,33.33333333333334,ED_MODERATE_SAFE,1,hot_but_safe
N'djamena,Chad,35.1,35.1,4,67.69166666666666,ED_DANGEROUS,1,iso_forest
Santiago,Chile,5.1,5.1,5,45.0,ED_CAUTION,1,iso_forest
Nicosia,Cyprus,19.3,19.3,1,8.850000000000001,ED_VERY_SAFE,1,lof
Malabo,Equatorial Guinea,31.3,39.9,1,34.766666666666666,ED_MODERATE_SAFE,1,hot_but_safe
Islamabad,Pakistan,37.0,37.0,4,72.20833333333334,ED_DANGEROUS,1,iso_forest
New Delhi,India,27.3,27.3,5,51.10000000000001,ED_CAUTION,1,lof
Jakarta,Indonesia,31.8,36.1,5,77.89583333333334,ED_VERY_DANGEROUS,1,iso_forest
Baghdad,Iraq,37.0,37.0,4,73.15833333333333,ED_DANGEROUS,1,iso_forest
Kuwait City,Kuwait,38.9,42.9,4,83.41730769230769,ED_VERY_DANGEROUS,1,iso_forest
Nan,Thailand,36.4,43.1,2,40.42307692307693,ED_CAUTION,1,lof
Yangon,Myanmar,26.3,26.3,2,11.7,ED_VERY_SAFE,1,lof
Windhoek,Namibia,14.2,14.2,1,5.8,ED_VERY_SAFE,1,lof
Oslo,Norway,12.0,12.0,1,1.8000000000000003,ED_VERY_SAFE,1,lof
Muscat,Oman,41.2,44.6,2,53.65384615384615,ED_CAUTION,1,iso_forest
Islamabad,Pakistan,34.7,34.7,5,81.4625,ED_VERY_DANGEROUS,1,iso_forest
Doha,Qatar,40.3,41.5,3,59.87692307692308,ED_DANGEROUS,1,iso_forest
Niamey,Niger,30.3,30.9,4,44.599999999999994,ED_CAUTION,1,lof
Moscow,Russia,3.2,3.2,2,12.735720194277889,ED_VERY_SAFE,1,lof
Victoria,Seychelles Islands,33.4,46.0,1,47.76923076923077,ED_CAUTION,1,lof
Banjul,Gambia,22.1,24.6,2,8.0,ED_VERY_SAFE,1,lof
Bissau,Guinea-Bissau,23.3,25.2,2,8.0,ED_VERY_SAFE,1,lof
New Delhi,India,36.3,36.3,5,84.02916666666665,ED_VERY_DANGEROUS,1,iso_forest
Jakarta,Indonesia,31.2,34.7,6,85.4,ED_VERY_DANGEROUS,1,iso_forest
Astana,Kazakhstan,10.4,10.4,1,5.7,ED_VERY_SAFE,1,lof
Port Louis,Mauritius,26.0,28.1,1,8.400000000000004,ED_VERY_SAFE,1,lof
Chi Chi Khvar,Iran,21.5,21.5,3,28.9,ED_MODERATE_SAFE,1,lof
Wellington,New Zealand,14.0,14.0,1,0.0,ED_VERY_SAFE,1,iso_forest
Airai,Palau,27.3,30.3,1,10.200000000000003,ED_VERY_SAFE,1,lof
Riyadh,Saudi Arabia,34.2,34.2,4,70.59166666666667,ED_DANGEROUS,1,iso_forest
Colombo,Sri Lanka,30.2,35.9,1,29.45,ED_MODERATE_SAFE,1,lof
Wellington,New Zealand,11.3,11.3,1,0.0,ED_VERY_SAFE,1,iso_forest
Ashgabat,Turkmenistan,14.3,14.3,2,16.85,ED_MODERATE_SAFE,1,lof
Abu Dhabi,United Arab Emirates,41.4,43.4,3,62.669230769230765,ED_DANGEROUS,1,iso_forest
Nassau,Bahamas,24.3,26.0,2,8.0,ED_VERY_SAFE,1,lof
Manama,Bahrain,35.1,45.6,3,64.1076923076923,ED_DANGEROUS,1,lof
Belmopan,Belize,21.4,21.4,1,0.0,ED_VERY_SAFE,1,lof
Libreville,Gabon,29.3,37.4,2,32.0,ED_MODERATE_SAFE,1,lof
Athens,Greece,18.2,18.2,1,3.5,ED_VERY_SAFE,1,lof
New Delhi,India,36.1,36.1,5,83.59583333333335,ED_VERY_DANGEROUS,1,iso_forest
Kuwait City,Kuwait,37.1,38.4,4,75.69166666666666,ED_VERY_DANGEROUS,1,iso_forest
Yangon,Myanmar,33.0,33.4,2,25.333333333333332,ED_MODERATE_SAFE,1,lof
Doha,Qatar,38.3,39.5,3,56.8,ED_DANGEROUS,1,iso_forest
Riyadh,Saudi Arabia,38.2,38.2,6,99.33333333333334,ED_VERY_DANGEROUS,1,iso_forest
Cairo,Egypt,27.1,27.1,2,12.200000000000005,ED_VERY_SAFE,1,lof
Moscow,Russia,18.0,18.0,3,21.8,ED_MODERATE_SAFE,1,lof
Abu Dhabi,United Arab Emirates,41.1,43.1,4,84.44807692307694,ED_VERY_DANGEROUS,1,iso_forest
Belmopan,Belize,23.4,26.0,1,0.0,ED_VERY_SAFE,1,lof
N'djamena,Chad,33.4,33.4,4,61.45833333333333,ED_DANGEROUS,1,iso_forest
Malabo,Equatorial Guinea,31.0,39.3,1,30.166666666666664,ED_MODERATE_SAFE,1,hot_but_safe
Tokyo,Japan,21.2,21.2,3,18.0,ED_MODERATE_SAFE,1,lof
Kuwait City,Kuwait,36.4,39.4,4,77.15833333333333,ED_VERY_DANGEROUS,1,iso_forest
Nan,Thailand,36.2,46.6,3,59.46153846153846,ED_DANGEROUS,1,lof
Chi Chi Khvar,Iran,20.0,20.0,3,28.3,ED_MODERATE_SAFE,1,lof
Yangon,Myanmar,34.0,34.1,2,26.500000000000004,ED_MODERATE_SAFE,1,lof
Muscat,Oman,44.1,49.1,3,69.04615384615384,ED_DANGEROUS,1,iso_forest
Riyadh,Saudi Arabia,36.1,36.1,4,73.55833333333334,ED_DANGEROUS,1,iso_forest
Khartoum,Sudan,33.6,33.6,4,70.09166666666667,ED_DANGEROUS,1,iso_forest
Khartoum,Sudan,28.6,28.6,4,46.300000000000004,ED_CAUTION,1,iso_forest
Abu Dhabi,United Arab Emirates,43.2,45.2,3,64.24615384615385,ED_DANGEROUS,1,iso_forest
Baku,Azerbaijan,20.1,20.1,3,25.8,ED_MODERATE_SAFE,1,lof
Manama,Bahrain,36.3,38.3,4,77.025,ED_VERY_DANGEROUS,1,iso_forest
Beijing,China,17.3,17.3,4,32.0,ED_MODERATE_SAFE,1,lof
Tegucigalpa,Honduras,20.2,20.2,2,8.0,ED_VERY_SAFE,1,lof
New Delhi,India,28.4,28.4,5,52.8,ED_CAUTION,1,lof
Jakarta,Indonesia,33.3,39.2,5,83.0625,ED_VERY_DANGEROUS,1,iso_forest
Baghdad,Iraq,28.0,28.0,5,58.0,ED_DANGEROUS,1,iso_forest
Jerusalem,Israel,22.2,24.4,1,9.1,ED_VERY_SAFE,1,lof
Stockholm,Sweden,12.3,12.3,1,3.1,ED_VERY_SAFE,1,lof
Seoul,South Korea,14.4,14.4,4,32.0,ED_MODERATE_SAFE,1,lof
Dakar,Senegal,22.2,24.6,2,8.0,ED_VERY_SAFE,1,lof
Malabo,Equatorial Guinea,29.2,35.1,1,22.266666666666673,ED_MODERATE_SAFE,1,lof
Victoria,Seychelles Islands,29.3,33.6,1,29.666666666666668,ED_MODERATE_SAFE,1,lof
Juba,Sudan,34.4,34.4,4,69.725,ED_DANGEROUS,1,iso_forest
Khartoum,Sudan,36.8,36.8,4,75.625,ED_VERY_DANGEROUS,1,iso_forest
Damascus,Syria,23.1,23.2,2,17.7,ED_MODERATE_SAFE,1,lof
Abu Dhabi,United Arab Emirates,38.0,48.2,4,90.4326923076923,ED_VERY_DANGEROUS,1,iso_forest
Kabul,Afghanistan,25.5,25.5,2,16.1,ED_MODERATE_SAFE,1,lof
Manama,Bahrain,35.1,44.8,4,85.60961538461538,ED_VERY_DANGEROUS,1,iso_forest
Phnom Penh,Cambodia,28.3,28.9,3,23.699999999999996,ED_MODERATE_SAFE,1,lof
N'djamena,Chad,33.1,33.1,4,63.25833333333333,ED_DANGEROUS,1,iso_forest
Beijing,China,24.4,24.4,3,18.6,ED_MODERATE_SAFE,1,lof
Tallinn,Estonia,10.3,10.3,1,3.2,ED_VERY_SAFE,1,lof
Riyadh,Saudi Arabia,39.2,39.2,4,79.625,ED_VERY_DANGEROUS,1,iso_forest
Addis Ababa,Ethiopia,24.4,24.4,2,20.0,ED_MODERATE_SAFE,1,iso_forest
Helsinki,Finland,11.2,11.2,1,0.6000000000000005,ED_VERY_SAFE,1,lof
New Delhi,India,33.2,33.2,5,78.5625,ED_VERY_DANGEROUS,1,iso_forest
Tokyo,Japan,21.3,21.3,2,8.0,ED_VERY_SAFE,1,lof
Kuwait City,Kuwait,39.9,44.5,5,100.0,ED_VERY_DANGEROUS,1,iso_forest
Palikir,Micronesia,28.0,32.3,1,15.499999999999995,ED_MODERATE_SAFE,1,lof
Chi Chi Khvar,Iran,22.3,23.5,3,26.7,ED_MODERATE_SAFE,1,lof
Ulaanbaatar,Mongolia,17.0,17.0,1,0.0,ED_VERY_SAFE,1,lof
Yaren,Turkey,16.3,16.3,2,14.75,ED_VERY_SAFE,1,lof
Muscat,Oman,43.2,47.2,2,56.45384615384616,ED_DANGEROUS,1,iso_forest
Malabo,Equatorial Guinea,31.3,39.9,1,31.466666666666665,ED_MODERATE_SAFE,1,hot_but_safe
Baku,Azerbaijan,15.1,15.1,2,16.1,ED_MODERATE_SAFE,1,lof
Pretoria,South Africa,14.0,14.0,2,13.5,ED_VERY_SAFE,1,lof
Maseru,Lesotho,12.2,12.6,2,14.45,ED_VERY_SAFE,1,lof
Sanaa,Yemen,24.0,24.0,2,20.0,ED_MODERATE_SAFE,1,iso_forest
Nassau,Bahamas,24.3,26.4,2,8.0,ED_VERY_SAFE,1,lof
Manama,Bahrain,36.3,44.7,4,84.79423076923078,ED_VERY_DANGEROUS,1,iso_forest
Phnom Penh,Cambodia,25.0,25.0,4,32.9,ED_MODERATE_SAFE,1,lof
N'djamena,Chad,37.0,37.0,4,70.55833333333334,ED_DANGEROUS,1,iso_forest
New Delhi,India,40.3,40.4,4,76.825,ED_VERY_DANGEROUS,1,iso_forest
Tehran,Iran,30.1,30.1,4,50.800000000000004,ED_CAUTION,1,iso_forest
Tokyo,Japan,19.1,19.1,3,18.0,ED_MODERATE_SAFE,1,lof
Kuwait City,Kuwait,42.7,44.1,4,83.70192307692308,ED_VERY_DANGEROUS,1,iso_forest
Beirut,Lebanon,21.2,21.2,2,17.9,ED_MODERATE_SAFE,1,lof
Majuro,Marshall Islands,28.4,33.2,1,17.000000000000004,ED_MODERATE_SAFE,1,lof
Ankara,Turkey,18.3,18.3,2,16.1,ED_MODERATE_SAFE,1,lof
Nouakchott,Mauritania,25.3,25.6,5,45.0,ED_CAUTION,1,iso_forest
Muscat,Oman,36.0,37.5,4,75.79166666666667,ED_VERY_DANGEROUS,1,iso_forest
Moscow,Russia,17.1,17.1,3,22.4,ED_MODERATE_SAFE,1,lof
Riyadh,Saudi Arabia,37.1,37.1,4,75.325,ED_VERY_DANGEROUS,1,iso_forest
Abu Dhabi,United Arab Emirates,35.3,42.5,4,83.55576923076923,ED_VERY_DANGEROUS,1,iso_forest
Manama,Bahrain,34.2,40.4,4,79.625,ED_VERY_DANGEROUS,1,iso_forest
Brussels,Belgium,7.4,7.4,3,21.5,ED_MODERATE_SAFE,1,lof
Bandar Seri Begawan,Brunei Darussalam,32.1,40.2,1,28.66666666666667,ED_MODERATE_SAFE,1,hot_but_safe
N'djamena,Chad,36.4,36.4,4,70.45833333333333,ED_DANGEROUS,1,iso_forest
Addis Ababa,Ethiopia,24.3,24.3,2,20.0,ED_MODERATE_SAFE,1,iso_forest
Nassau,Bahamas,27.0,31.1,1,12.300000000000004,ED_VERY_SAFE,1,lof
Nuku`Aloia,Tonga,24.1,25.7,1,0.0,ED_VERY_SAFE,1,lof
Nan,Thailand,39.2,41.2,3,48.23076923076923,ED_CAUTION,1,iso_forest
New Delhi,India,40.1,40.1,4,76.925,ED_VERY_DANGEROUS,1,iso_forest
Khartoum,Sudan,39.2,39.2,4,79.625,ED_VERY_DANGEROUS,1,iso_forest
Abu Dhabi,United Arab Emirates,41.1,43.1,4,83.24807692307694,ED_VERY_DANGEROUS,1,iso_forest
Manama,Bahrain,35.0,42.4,4,83.04038461538461,ED_VERY_DANGEROUS,1,iso_forest
Dhaka,Bangladesh,38.4,41.2,3,52.430769230769236,ED_CAUTION,1,iso_forest
Thimphu,Bhutan,18.2,18.2,1,9.3,ED_VERY_SAFE,1,lof
Sarajevo,Bosnia and Herzegovina,13.2,13.4,2,13.0,ED_VERY_SAFE,1,lof
Bandar Seri Begawan,Brunei Darussalam,31.3,39.6,1,27.66666666666667,ED_MODERATE_SAFE,1,hot_but_safe
Malabo,Equatorial Guinea,28.0,32.3,1,15.799999999999995,ED_MODERATE_SAFE,1,lof
Libreville,Gabon,22.9,25.2,2,8.0,ED_VERY_SAFE,1,lof
Saint George's,Grenada,28.3,33.3,2,25.16666666666666,ED_MODERATE_SAFE,1,lof
Tehran,Iran,27.2,27.2,4,41.99999999999999,ED_CAUTION,1,iso_forest
Ban Lom,Vietnam,37.8,39.5,3,45.5,ED_CAUTION,1,iso_forest
Baghdad,Iraq,37.3,37.3,4,73.65833333333333,ED_DANGEROUS,1,iso_forest
Tokyo,Japan,21.3,21.3,4,32.0,ED_MODERATE_SAFE,1,lof
Kuwait City,Kuwait,39.9,40.8,4,79.79166666666666,ED_VERY_DANGEROUS,1,iso_forest
Pyongyang,North Korea,13.3,13.3,2,8.0,ED_VERY_SAFE,1,lof
Muscat,Oman,38.1,39.6,3,56.56666666666667,ED_DANGEROUS,1,iso_forest
Aurora,Paraguay,21.0,21.0,1,0.0,ED_VERY_SAFE,1,lof
Manila,Philippines,35.0,39.0,2,34.66666666666667,ED_MODERATE_SAFE,1,hot_but_safe
Doha,Qatar,39.0,39.0,4,78.29166666666667,ED_VERY_DANGEROUS,1,iso_forest
Seoul,South Korea,17.4,17.4,4,32.0,ED_MODERATE_SAFE,1,lof
Khartoum,Sudan,39.0,39.0,3,56.66666666666667,ED_DANGEROUS,1,iso_forest
Kuwait City,Kuwait,40.7,42.7,4,81.43653846153848,ED_VERY_DANGEROUS,1,iso_forest
Aurora,Paraguay,21.6,21.6,1,0.0,ED_VERY_SAFE,1,lof
Kabul,Afghanistan,28.9,28.9,1,15.699999999999996,ED_MODERATE_SAFE,1,lof
Addis Ababa,Ethiopia,23.0,24.0,3,29.8,ED_MODERATE_SAFE,1,lof
Yaren,Turkey,15.3,15.3,1,6.6000000000000005,ED_VERY_SAFE,1,lof
Muscat,Oman,40.3,40.8,2,49.06666666666666,ED_CAUTION,1,iso_forest
Islamabad,Pakistan,38.8,38.8,2,42.43333333333333,ED_CAUTION,1,lof
Riyadh,Saudi Arabia,39.2,39.2,5,95.0625,ED_VERY_DANGEROUS,1,iso_forest
Seoul,South Korea,18.0,18.0,4,32.0,ED_MODERATE_SAFE,1,lof
Juba,Sudan,31.9,31.9,4,57.199999999999996,ED_DANGEROUS,1,iso_forest
Khartoum,Sudan,35.2,35.2,4,72.95833333333334,ED_DANGEROUS,1,iso_forest
Ankara,Turkey,14.1,14.1,1,8.7,ED_VERY_SAFE,1,lof
Abu Dhabi,United Arab Emirates,43.2,45.2,3,63.44615384615385,ED_DANGEROUS,1,iso_forest
Asmara,Eritrea,23.0,24.5,3,30.0,ED_MODERATE_SAFE,1,lof
New Delhi,India,35.2,35.2,5,82.19583333333334,ED_VERY_DANGEROUS,1,iso_forest
Kuwait City,Kuwait,34.5,38.6,4,76.025,ED_VERY_DANGEROUS,1,iso_forest
Tokyo,Japan,22.2,23.6,3,18.0,ED_MODERATE_SAFE,1,lof
Kuwait City,Kuwait,36.5,36.5,4,72.625,ED_DANGEROUS,1,iso_forest
Ulaanbaatar,Mongolia,8.1,8.1,1,3.1,ED_VERY_SAFE,1,lof
Muscat,Oman,40.3,40.7,2,49.50000000000001,ED_CAUTION,1,iso_forest
National,Bolivia,21.5,21.5,1,0.0,ED_VERY_SAFE,1,lof
Doha,Qatar,40.3,42.2,2,50.88461538461539,ED_CAUTION,1,iso_forest
Riyadh,Saudi Arabia,37.3,37.3,6,96.83333333333333,ED_VERY_DANGEROUS,1,iso_forest
Juba,Sudan,30.3,30.3,4,48.95,ED_CAUTION,1,iso_forest
Khartoum,Sudan,32.3,32.3,4,66.32499999999999,ED_DANGEROUS,1,iso_forest
Abu Dhabi,United Arab Emirates,42.3,44.3,4,85.9326923076923,ED_VERY_DANGEROUS,1,iso_forest
Ulaanbaatar,Mongolia,22.2,23.8,1,0.0,ED_VERY_SAFE,1,lof
Tokyo,Japan,18.4,18.4,3,18.0,ED_MODERATE_SAFE,1,lof
Manila,Philippines,35.3,37.9,2,32.83333333333333,ED_MODERATE_SAFE,1,lof
Doha,Qatar,40.2,40.9,3,59.133333333333326,ED_DANGEROUS,1,iso_forest
Doha,Qatar,35.1,37.3,4,74.65833333333333,ED_DANGEROUS,1,iso_forest
Riyadh,Saudi Arabia,39.3,39.3,4,79.59166666666667,ED_VERY_DANGEROUS,1,iso_forest
Abu Dhabi,United Arab Emirates,41.0,43.0,4,82.33269230769231,ED_VERY_DANGEROUS,1,iso_forest
Kabul,Afghanistan,26.8,26.8,1,9.8,ED_VERY_SAFE,1,lof
Canberra,Australia,14.0,14.0,2,8.0,ED_VERY_SAFE,1,lof
Baku,Azerbaijan,20.4,20.4,2,15.95,ED_MODERATE_SAFE,1,lof
New Delhi,India,39.3,39.3,4,73.59166666666667,ED_DANGEROUS,1,iso_forest
Jakarta,Indonesia,32.0,36.9,5,82.52916666666665,ED_VERY_DANGEROUS,1,iso_forest
Kuwait City,Kuwait,35.8,37.9,5,90.59583333333333,ED_VERY_DANGEROUS,1,iso_forest
Muscat,Oman,41.4,43.9,2,53.14615384615385,ED_CAUTION,1,iso_forest
'S Gravenjansdijk,Belgium,11.2,11.2,2,8.0,ED_VERY_SAFE,1,lof
Jerusalem,Israel,24.2,24.5,1,9.8,ED_VERY_SAFE,1,lof
Riyadh,Saudi Arabia,39.0,39.0,4,78.59166666666667,ED_VERY_DANGEROUS,1,iso_forest
Khartoum,Sudan,35.7,35.7,4,71.59166666666667,ED_DANGEROUS,1,iso_forest
Ban Lom,Vietnam,34.1,38.0,5,81.0625,ED_VERY_DANGEROUS,1,iso_forest
Abu Dhabi,United Arab Emirates,43.2,45.2,3,64.34615384615384,ED_DANGEROUS,1,iso_forest
Baku,Azerbaijan,11.3,11.3,1,3.3,ED_VERY_SAFE,1,lof
Manama,Bahrain,40.3,42.3,3,60.2,ED_DANGEROUS,1,iso_forest
Bandar Seri Begawan,Brunei Darussalam,30.1,38.8,1,26.33333333333333,ED_MODERATE_SAFE,1,hot_but_safe
Bogot,Bulgaria,15.5,15.5,1,6.1499999999999995,ED_VERY_SAFE,1,lof
Libreville,Gabon,28.3,33.7,1,17.83333333333334,ED_MODERATE_SAFE,1,lof
New Delhi,India,40.1,40.1,4,72.725,ED_DANGEROUS,1,iso_forest
Amman,Jordan,18.4,18.4,1,9.5,ED_VERY_SAFE,1,lof
Kuwait City,Kuwait,36.5,39.4,5,93.59583333333333,ED_VERY_DANGEROUS,1,iso_forest
Muscat,Oman,42.4,44.5,3,63.238461538461536,ED_DANGEROUS,1,iso_forest
Baku,Azerbaijan,25.3,26.5,1,8.399999999999999,ED_VERY_SAFE,1,lof
Chi Chi Khvar,Iran,23.9,23.9,2,18.2,ED_MODERATE_SAFE,1,lof
Muscat,Oman,31.3,31.3,3,42.7,ED_CAUTION,1,lof
Doha,Qatar,38.4,39.9,4,80.49166666666666,ED_VERY_DANGEROUS,1,iso_forest
Kigali,Rwanda,22.3,24.7,2,14.149999999999999,ED_VERY_SAFE,1,lof
Riyadh,Saudi Arabia,39.0,39.0,5,94.42916666666667,ED_VERY_DANGEROUS,1,iso_forest
Dakar,Senegal,22.1,24.6,2,8.0,ED_VERY_SAFE,1,lof
Singapore,Singapore,31.3,38.8,2,34.33333333333333,ED_MODERATE_SAFE,1,hot_but_safe
Juba,Sudan,37.2,37.2,3,53.366666666666674,ED_CAUTION,1,iso_forest
Ban Lom,Vietnam,30.7,31.8,2,23.000000000000004,ED_MODERATE_SAFE,1,lof
Yerevan,Armenia,18.2,18.2,2,15.649999999999999,ED_MODERATE_SAFE,1,lof
Nicosia,Cyprus,25.1,25.4,1,9.1,ED_VERY_SAFE,1,lof
Beirut,Lebanon,28.3,30.6,3,38.300000000000004,ED_CAUTION,1,lof
Cairo,Egypt,31.1,31.1,2,23.400000000000006,ED_MODERATE_SAFE,1,lof
Libreville,Gabon,29.2,37.4,2,32.0,ED_MODERATE_SAFE,1,lof
New Delhi,India,39.2,39.2,5,90.2625,ED_VERY_DANGEROUS,1,iso_forest
Kuwait City,Kuwait,42.2,48.6,4,89.99423076923077,ED_VERY_DANGEROUS,1,iso_forest
Maseru,Lesotho,16.4,16.4,3,22.6,ED_MODERATE_SAFE,1,lof
Lilongwe,Malawi,22.4,24.7,1,5.6,ED_VERY_SAFE,1,lof
Mexico City,Mexico,17.0,17.0,4,32.0,ED_MODERATE_SAFE,1,iso_forest
Chi Chi Khvar,Iran,20.0,20.0,2,18.4,ED_MODERATE_SAFE,1,lof
Maputo,Mozambique,25.3,26.3,2,13.2,ED_VERY_SAFE,1,lof
Yangon,Myanmar,34.3,38.2,2,34.533333333333346,ED_MODERATE_SAFE,1,hot_but_safe
Port Louis,Mauritius,26.3,28.0,1,10.350000000000001,ED_VERY_SAFE,1,lof
Kuwait City,Kuwait,42.3,44.9,4,85.525,ED_VERY_DANGEROUS,1,iso_forest
Doha,Qatar,37.3,39.6,4,79.69166666666668,ED_VERY_DANGEROUS,1,iso_forest
Abu Dhabi,United Arab Emirates,35.1,44.9,4,86.525,ED_VERY_DANGEROUS,1,iso_forest
Kuwait City,Kuwait,39.1,39.5,4,78.925,ED_VERY_DANGEROUS,1,iso_forest
Ulaanbaatar,Mongolia,24.1,25.2,1,2.3999999999999995,ED_VERY_SAFE,1,lof
Pyongyang,North Korea,19.6,19.6,3,18.0,ED_MODERATE_SAFE,1,lof
Riyadh,Saudi Arabia,38.1,38.1,4,76.69166666666668,ED_VERY_DANGEROUS,1,iso_forest
Seoul,South Korea,19.2,19.2,4,32.0,ED_MODERATE_SAFE,1,lof
Juba,Sudan,32.3,32.3,2,32.19999999999999,ED_MODERATE_SAFE,1,lof
Khartoum,Sudan,37.4,37.4,3,52.2,ED_CAUTION,1,iso_forest
Ban Lom,Vietnam,21.8,21.8,1,0.0,ED_VERY_SAFE,1,lof
Nuku`Aloia,Tonga,22.3,24.7,1,0.0,ED_VERY_SAFE,1,lof
Ashgabat,Turkmenistan,36.2,36.2,2,40.60000000000001,ED_CAUTION,1,iso_forest
Port Vila,Vanuatu,26.3,29.0,1,6.0,ED_VERY_SAFE,1,lof
New Delhi,India,37.3,37.3,5,86.64583333333333,ED_VERY_DANGEROUS,1,iso_forest
Kabul,Afghanistan,19.8,19.8,2,16.85,ED_MODERATE_SAFE,1,lof
Nassau,Bahamas,26.1,30.8,1,11.400000000000002,ED_VERY_SAFE,1,lof
Dhaka,Bangladesh,40.4,42.8,4,72.70192307692307,ED_DANGEROUS,1,iso_forest
Bandar Seri Begawan,Brunei Darussalam,32.2,43.1,1,32.42307692307693,ED_MODERATE_SAFE,1,hot_but_safe
Santiago,Chile,11.0,11.4,4,32.0,ED_MODERATE_SAFE,1,lof
Nicosia,Cyprus,28.4,28.4,2,22.099999999999994,ED_MODERATE_SAFE,1,lof
San Salvador,El Salvador,29.1,34.9,1,19.833333333333332,ED_MODERATE_SAFE,1,lof
Malabo,Equatorial Guinea,31.4,40.0,1,34.03333333333334,ED_MODERATE_SAFE,1,hot_but_safe
Suva,Fiji Islands,23.3,25.3,1,0.0,ED_VERY_SAFE,1,lof
Tegucigalpa,Honduras,21.1,21.1,1,0.0,ED_VERY_SAFE,1,lof
Muscat,Oman,38.3,41.0,2,49.6,ED_CAUTION,1,iso_forest
San Marino,San Marino,15.3,15.3,2,13.5,ED_VERY_SAFE,1,lof
Port Moresby,Papua New Guinea,30.1,39.5,1,27.5,ED_MODERATE_SAFE,1,hot_but_safe
Chi Chi Khvar,Iran,18.6,18.6,3,27.6,ED_MODERATE_SAFE,1,lof
Nicosia,Cyprus,25.1,25.5,1,9.8,ED_VERY_SAFE,1,lof
Asmara,Eritrea,25.5,25.5,3,30.0,ED_MODERATE_SAFE,1,iso_forest
Georgetown,Guyana,23.1,25.4,1,0.0,ED_VERY_SAFE,1,lof
New Delhi,India,40.3,40.4,5,91.8125,ED_VERY_DANGEROUS,1,iso_forest
Amman,Jordan,19.1,19.1,2,19.0,ED_MODERATE_SAFE,1,lof
Kuwait City,Kuwait,40.4,45.1,4,85.95576923076922,ED_VERY_DANGEROUS,1,iso_forest
Riga,Latvia,5.4,5.4,1,0.30000000000000027,ED_VERY_SAFE,1,lof
Vilnius,Lithuania,6.1,6.1,1,4.3,ED_VERY_SAFE,1,lof
Valletta,Malta,20.2,20.2,2,8.0,ED_VERY_SAFE,1,lof
Port Louis,Mauritius,29.4,34.2,1,26.016666666666673,ED_MODERATE_SAFE,1,lof
Rabat,Morocco,17.1,17.1,1,0.8999999999999995,ED_VERY_SAFE,1,lof
Ngaoundere,Cameroon,19.4,19.4,2,17.6,ED_MODERATE_SAFE,1,lof
Oslo,Norway,7.4,7.4,1,3.5,ED_VERY_SAFE,1,lof
Muscat,Oman,40.4,43.1,2,52.12307692307692,ED_CAUTION,1,iso_forest
National,Bolivia,21.6,21.6,1,0.0,ED_VERY_SAFE,1,lof
Doha,Qatar,38.0,39.6,4,79.99166666666667,ED_VERY_DANGEROUS,1,iso_forest
Moscow,Russia,15.0,15.0,3,22.9,ED_MODERATE_SAFE,1,lof
Riyadh,Saudi Arabia,38.3,38.3,5,93.3625,ED_VERY_DANGEROUS,1,iso_forest
Khartoum,Sudan,38.2,38.2,3,55.33333333333334,ED_DANGEROUS,1,iso_forest
Tunis,Tunisia,18.2,18.2,3,21.4,ED_MODERATE_SAFE,1,lof
Sanaa,Yemen,27.2,27.2,2,20.599999999999998,ED_MODERATE_SAFE,1,iso_forest
Yerevan,Armenia,20.2,20.2,1,9.7,ED_VERY_SAFE,1,lof
Santiago,Chile,5.0,5.0,4,32.0,ED_MODERATE_SAFE,1,iso_forest
Belmopan,Belize,23.3,26.0,1,0.0,ED_VERY_SAFE,1,lof
Riyadh,Saudi Arabia,41.4,42.0,6,100.0,ED_VERY_DANGEROUS,1,iso_forest
Maseru,Lesotho,17.2,17.2,3,22.4,ED_MODERATE_SAFE,1,lof
Pretoria,South Africa,18.1,18.1,4,37.0,ED_CAUTION,1,lof
Khartoum,Sudan,39.2,39.2,4,79.125,ED_VERY_DANGEROUS,1,iso_forest
Nuku`Aloia,Tonga,23.3,25.1,1,0.0,ED_VERY_SAFE,1,lof
Abu Dhabi,United Arab Emirates,42.0,44.0,3,62.96153846153846,ED_DANGEROUS,1,iso_forest
Port Vila,Vanuatu,22.0,24.5,1,0.0,ED_VERY_SAFE,1,lof
Yerevan,Armenia,21.3,21.3,2,17.9,ED_MODERATE_SAFE,1,lof
Manama,Bahrain,38.3,40.3,4,80.75833333333333,ED_VERY_DANGEROUS,1,iso_forest
New Delhi,India,39.4,39.4,4,75.15833333333333,ED_VERY_DANGEROUS,1,iso_forest
Astana,Kazakhstan,33.4,33.4,1,23.133333333333333,ED_MODERATE_SAFE,1,lof
Kuwait City,Kuwait,38.2,38.2,5,92.59583333333335,ED_VERY_DANGEROUS,1,iso_forest
Muscat,Oman,39.3,40.8,2,49.166666666666664,ED_CAUTION,1,iso_forest
Minsk,Belarus,7.3,7.3,1,2.3999999999999995,ED_VERY_SAFE,1,lof
Doha,Qatar,41.3,44.1,3,63.07692307692308,ED_DANGEROUS,1,iso_forest
Riyadh,Saudi Arabia,37.1,37.1,6,97.5,ED_VERY_DANGEROUS,1,iso_forest
Singapore,Singapore,32.2,39.0,2,34.66666666666667,ED_MODERATE_SAFE,1,hot_but_safe
Pretoria,South Africa,17.1,17.1,3,23.0,ED_MODERATE_SAFE,1,lof
Khartoum,Sudan,37.6,37.6,4,76.85833333333333,ED_VERY_DANGEROUS,1,iso_forest
Ashgabat,Turkmenistan,40.3,40.4,1,38.8,ED_CAUTION,1,iso_forest
Abu Dhabi,United Arab Emirates,42.2,44.2,2,53.292307692307695,ED_CAUTION,1,iso_forest
Sanaa,Yemen,27.4,27.4,3,31.199999999999996,ED_MODERATE_SAFE,1,iso_forest
Manama,Bahrain,34.1,41.7,4,83.0326923076923,ED_VERY_DANGEROUS,1,iso_forest
Dhaka,Bangladesh,38.1,41.3,3,48.64615384615384,ED_CAUTION,1,iso_forest
Tokyo,Japan,23.3,24.9,3,18.0,ED_MODERATE_SAFE,1,lof
Baghdad,Iraq,39.3,39.3,4,78.09166666666667,ED_VERY_DANGEROUS,1,iso_forest
Suva,Fiji Islands,25.2,28.0,1,3.0,ED_VERY_SAFE,1,lof
Ulaanbaatar,Mongolia,9.1,9.1,2,8.0,ED_VERY_SAFE,1,lof
Ashgabat,Turkmenistan,37.4,37.4,1,34.8,ED_MODERATE_SAFE,1,iso_forest
Abu Dhabi,United Arab Emirates,38.0,40.0,4,79.75833333333334,ED_VERY_DANGEROUS,1,iso_forest
Dhaka,Bangladesh,37.5,38.9,4,72.225,ED_DANGEROUS,1,iso_forest
Beijing,China,25.3,25.3,4,32.3,ED_MODERATE_SAFE,1,lof
Malabo,Equatorial Guinea,31.0,39.7,2,39.13333333333334,ED_CAUTION,1,lof
Accra,Ghana,29.3,34.5,1,19.166666666666668,ED_MODERATE_SAFE,1,lof
Jakarta,Indonesia,31.4,36.3,6,85.96666666666665,ED_VERY_DANGEROUS,1,iso_forest
Kuwait City,Kuwait,34.0,34.0,4,69.75833333333333,ED_DANGEROUS,1,iso_forest
Bishkek,Kyrghyzstan,29.1,29.1,1,16.100000000000005,ED_MODERATE_SAFE,1,lof
Port Louis,Mauritius,25.3,27.1,1,8.100000000000005,ED_VERY_SAFE,1,lof
Wellington,New Zealand,15.2,15.2,1,0.0,ED_VERY_SAFE,1,lof
Juba,Sudan,30.6,30.6,4,52.900000000000006,ED_CAUTION,1,iso_forest
Oslo,Norway,10.1,10.4,1,0.6000000000000005,ED_VERY_SAFE,1,lof
Muscat,Oman,40.3,43.7,3,63.11538461538462,ED_DANGEROUS,1,iso_forest
Aurora,Paraguay,23.9,25.7,1,0.0,ED_VERY_SAFE,1,lof
Moscow,Russia,12.2,12.2,4,35.7,ED_CAUTION,1,lof
Kigali,Rwanda,18.2,18.2,1,9.9,ED_VERY_SAFE,1,lof
Riyadh,Saudi Arabia,32.1,32.1,6,88.86666666666667,ED_VERY_DANGEROUS,1,iso_forest
Pretoria,South Africa,20.1,20.1,5,49.2,ED_CAUTION,1,iso_forest
Juba,Sudan,29.4,29.4,4,47.0,ED_CAUTION,1,iso_forest
Kampala,Uganda,19.2,19.2,2,8.0,ED_VERY_SAFE,1,lof
Kabul,Afghanistan,27.2,27.2,3,29.299999999999997,ED_MODERATE_SAFE,1,lof
Ban Lom,Vietnam,35.6,38.2,2,33.33333333333334,ED_MODERATE_SAFE,1,hot_but_safe
Pretoria,South Africa,19.1,19.1,4,37.9,ED_CAUTION,1,lof
Santiago,Chile,8.4,8.5,5,45.0,ED_CAUTION,1,iso_forest
New Delhi,India,34.3,34.3,5,80.39583333333333,ED_VERY_DANGEROUS,1,iso_forest
Moscow,Russia,12.0,12.0,1,4.6,ED_VERY_SAFE,1,lof
Juba,Sudan,30.2,30.2,4,50.449999999999996,ED_CAUTION,1,iso_forest
Khartoum,Sudan,30.3,30.3,3,39.900000000000006,ED_CAUTION,1,iso_forest
Ashgabat,Turkmenistan,33.4,33.4,1,28.03333333333333,ED_MODERATE_SAFE,1,lof
Abu Dhabi,United Arab Emirates,43.1,45.1,2,53.93076923076923,ED_CAUTION,1,iso_forest
Andorra La Vella,Andorra,1.6,1.6,1,4.55459723195553,ED_VERY_SAFE,1,lof
Baku,Azerbaijan,21.0,21.0,2,16.85,ED_MODERATE_SAFE,1,lof
Manama,Bahrain,32.2,38.4,4,76.59166666666667,ED_VERY_DANGEROUS,1,iso_forest
Belmopan,Belize,24.0,26.8,1,0.0,ED_VERY_SAFE,1,lof
Tallinn,Estonia,7.4,7.4,1,3.0,ED_VERY_SAFE,1,lof
Jakarta,Indonesia,32.3,37.0,5,79.39583333333334,ED_VERY_DANGEROUS,1,iso_forest
Riyadh,Saudi Arabia,31.4,31.4,6,74.69999999999999,ED_DANGEROUS,1,iso_forest
Tehran,Iran,28.1,28.1,4,46.60000000000001,ED_CAUTION,1,iso_forest
Tokyo,Japan,14.1,14.1,3,18.0,ED_MODERATE_SAFE,1,lof
Amman,Jordan,22.1,22.2,1,10.2,ED_VERY_SAFE,1,lof
Kuwait City,Kuwait,34.2,34.2,6,91.66666666666667,ED_VERY_DANGEROUS,1,iso_forest
Kuala Lumpur,Malaysia,34.3,45.2,4,77.87115384615385,ED_VERY_DANGEROUS,1,iso_forest
Ulaanbaatar,Mongolia,15.0,15.1,1,0.0,ED_VERY_SAFE,1,lof
Kathmandu,Nepal,18.3,18.3,3,18.0,ED_MODERATE_SAFE,1,lof
Wellington,New Zealand,15.3,15.3,1,0.0,ED_VERY_SAFE,1,lof
Muscat,Oman,40.3,44.0,3,62.96153846153846,ED_DANGEROUS,1,iso_forest
Aurora,Paraguay,21.6,21.6,1,0.0,ED_VERY_SAFE,1,lof
Andorra La Vella,Andorra,3.0,3.0,1,1.8000000000000003,ED_VERY_SAFE,1,lof
Manama,Bahrain,32.4,36.6,4,74.99166666666667,ED_DANGEROUS,1,iso_forest
Dhaka,Bangladesh,39.7,41.0,3,52.4,ED_CAUTION,1,iso_forest
Manila,Philippines,36.4,44.4,2,41.92307692307692,ED_CAUTION,1,lof
Seoul,South Korea,14.2,14.2,4,32.0,ED_MODERATE_SAFE,1,lof
Juba,Sudan,33.5,33.5,3,47.5,ED_CAUTION,1,iso_forest
Khartoum,Sudan,37.1,37.1,2,43.5,ED_CAUTION,1,iso_forest
Abu Dhabi,United Arab Emirates,33.0,41.1,4,82.64038461538462,ED_VERY_DANGEROUS,1,iso_forest
Manama,Bahrain,34.4,43.2,4,84.86346153846155,ED_VERY_DANGEROUS,1,iso_forest
Dhaka,Bangladesh,42.2,43.3,4,77.27884615384616,ED_VERY_DANGEROUS,1,iso_forest
Bandar Seri Begawan,Brunei Darussalam,32.2,42.5,1,31.73076923076923,ED_MODERATE_SAFE,1,hot_but_safe
Tokyo,Japan,19.1,19.1,2,8.0,ED_VERY_SAFE,1,lof
Kuwait City,Kuwait,40.2,40.2,4,80.79166666666667,ED_VERY_DANGEROUS,1,iso_forest
Port Louis,Mauritius,29.3,33.8,1,22.9,ED_MODERATE_SAFE,1,lof
Doha,Qatar,37.2,38.1,4,77.49166666666667,ED_VERY_DANGEROUS,1,iso_forest
Phnom Penh,Cambodia,37.2,40.1,4,69.425,ED_DANGEROUS,1,iso_forest
Riyadh,Saudi Arabia,37.3,37.3,4,75.85833333333333,ED_VERY_DANGEROUS,1,iso_forest
Pretoria,South Africa,19.0,19.0,4,37.7,ED_CAUTION,1,lof
Juba,Sudan,35.5,35.5,3,50.833333333333336,ED_CAUTION,1,iso_forest
Khartoum,Sudan,38.6,38.6,2,46.0,ED_CAUTION,1,iso_forest
Baku,Azerbaijan,21.3,21.3,1,9.5,ED_VERY_SAFE,1,lof
Nassau,Bahamas,26.2,29.6,1,7.800000000000004,ED_VERY_SAFE,1,lof
Manama,Bahrain,33.4,38.3,4,77.425,ED_VERY_DANGEROUS,1,iso_forest
Dhaka,Bangladesh,41.5,42.2,4,73.50961538461539,ED_DANGEROUS,1,iso_forest
Porto-Novo,Benin,31.2,37.4,3,43.5,ED_CAUTION,1,lof
Phnom Penh,Cambodia,27.0,27.0,4,33.2,ED_MODERATE_SAFE,1,lof
Riyadh,Saudi Arabia,35.2,35.2,4,71.55833333333334,ED_DANGEROUS,1,iso_forest
Bucharest,Romania,16.3,16.3,1,5.8,ED_VERY_SAFE,1,lof
Doha,Qatar,38.1,38.1,4,77.49166666666667,ED_VERY_DANGEROUS,1,iso_forest
Muscat,Oman,33.1,34.6,4,71.05833333333334,ED_DANGEROUS,1,iso_forest
Jakarta,Indonesia,32.2,36.4,6,85.53333333333333,ED_VERY_DANGEROUS,1,iso_forest
Kuwait City,Kuwait,35.5,35.5,5,88.09583333333335,ED_VERY_DANGEROUS,1,iso_forest
Nan,Thailand,26.4,26.8,2,11.2,ED_VERY_SAFE,1,lof
Muscat,Oman,33.2,33.4,4,69.95833333333333,ED_DANGEROUS,1,lof
Aurora,Paraguay,24.9,26.8,1,0.0,ED_VERY_SAFE,1,lof
Riyadh,Saudi Arabia,32.2,32.2,4,66.75833333333334,ED_DANGEROUS,1,iso_forest
Pretoria,South Africa,22.1,23.3,4,36.3,ED_CAUTION,1,lof
Juba,Sudan,30.9,30.9,4,51.8,ED_CAUTION,1,iso_forest
Ban Lom,Vietnam,40.0,41.7,2,43.30769230769231,ED_CAUTION,1,lof
Nuku`Aloia,Tonga,25.2,27.1,1,0.30000000000000426,ED_VERY_SAFE,1,lof
Abu Dhabi,United Arab Emirates,32.2,37.5,3,54.16666666666667,ED_CAUTION,1,iso_forest
Hanoi,Vietnam,36.4,41.8,4,75.34807692307692,ED_VERY_DANGEROUS,1,iso_forest
Andorra La Vella,Andorra,3.4,3.4,1,1.1999999999999997,ED_VERY_SAFE,1,lof
Manama,Bahrain,32.0,35.9,4,74.125,ED_DANGEROUS,1,iso_forest
Dhaka,Bangladesh,41.8,42.7,4,76.58653846153847,ED_VERY_DANGEROUS,1,iso_forest
N'djamena,Chad,40.3,40.4,2,46.3,ED_CAUTION,1,iso_forest
Addis Ababa,Ethiopia,24.3,24.5,2,20.0,ED_MODERATE_SAFE,1,iso_forest
Vestmannaeyjar,Iceland,3.3,3.3,1,5.755891432412518,ED_VERY_SAFE,1,iso_forest
Kuwait City,Kuwait,38.7,38.7,4,78.29166666666667,ED_VERY_DANGEROUS,1,iso_forest
Laos,Indonesia,24.6,27.6,2,9.800000000000004,ED_VERY_SAFE,1,lof
Pyongyang,North Korea,13.0,13.0,3,18.0,ED_MODERATE_SAFE,1,lof
Juba,Sudan,36.4,36.4,4,73.45833333333333,ED_DANGEROUS,1,iso_forest
'S Gravenjansdijk,Belgium,13.4,13.4,2,8.0,ED_VERY_SAFE,1,lof
Vestmannaeyjar,Iceland,1.2,1.2,1,6.824097831586405,ED_VERY_SAFE,1,iso_forest
Dhaka,Bangladesh,38.8,38.8,3,47.33333333333333,ED_CAUTION,1,iso_forest
New Delhi,India,37.4,37.4,4,70.525,ED_DANGEROUS,1,iso_forest
Kuwait City,Kuwait,35.1,37.0,5,84.09583333333335,ED_VERY_DANGEROUS,1,iso_forest
Riga,Latvia,1.2,1.2,1,6.597563018018689,ED_VERY_SAFE,1,iso_forest
Nan,Thailand,23.3,24.6,3,18.0,ED_MODERATE_SAFE,1,lof
Vilnius,Lithuania,-0.7,-0.7,1,11.898567034693688,ED_VERY_SAFE,1,iso_forest
Warsaw,Poland,0.1,0.1,1,10.279856117947743,ED_VERY_SAFE,1,iso_forest
Moscow,Russia,-1.9,-1.9,2,20.830645131956736,ED_MODERATE_SAFE,1,iso_forest
Riyadh,Saudi Arabia,32.1,32.1,6,86.46666666666667,ED_VERY_DANGEROUS,1,iso_forest
Juba,Sudan,32.5,32.5,4,66.55833333333334,ED_DANGEROUS,1,iso_forest
Kyiv,Ukraine,5.6,5.6,1,0.8999999999999995,ED_VERY_SAFE,1,lof
Minsk,Belarus,-3.7,-3.7,1,15.92283819227215,ED_MODERATE_SAFE,1,iso_forest
Bogot,Bulgaria,7.7,7.7,1,3.7,ED_VERY_SAFE,1,iso_forest
Sarajevo,Bosnia and Herzegovina,0.2,0.2,2,17.26760696526771,ED_MODERATE_SAFE,1,lof
Sofia,Bulgaria,3.3,3.3,2,11.5,ED_VERY_SAFE,1,lof
Suva,Fiji Islands,26.4,29.9,1,8.699999999999996,ED_VERY_SAFE,1,lof
New Delhi,India,39.1,39.1,4,73.45833333333334,ED_DANGEROUS,1,iso_forest
Vilnius,Lithuania,2.2,2.2,1,6.573169365099691,ED_VERY_SAFE,1,iso_forest
Airai,Palau,27.2,30.1,1,9.300000000000004,ED_VERY_SAFE,1,lof
Moscow,Russia,-0.7,-0.7,2,15.285296486240675,ED_MODERATE_SAFE,1,lof
Riyadh,Saudi Arabia,31.0,31.0,6,72.8,ED_DANGEROUS,1,iso_forest
Juba,Sudan,32.1,32.1,4,66.89166666666668,ED_DANGEROUS,1,iso_forest
Khartoum,Sudan,35.0,35.0,3,50.0,ED_CAUTION,1,iso_forest
Addis Ababa,Ethiopia,22.2,23.8,1,12.0,ED_VERY_SAFE,1,iso_forest
Sarajevo,Bosnia and Herzegovina,2.3,2.3,1,6.29605619984534,ED_VERY_SAFE,1,lof
Ankara,Turkey,13.3,13.3,2,14.3,ED_VERY_SAFE,1,lof
Yaren,Turkey,10.4,10.4,3,23.0,ED_MODERATE_SAFE,1,lof
Sarajevo,Bosnia and Herzegovina,7.2,7.2,3,22.1,ED_MODERATE_SAFE,1,lof
Bandar Seri Begawan,Brunei Darussalam,30.1,38.8,2,34.33333333333333,ED_MODERATE_SAFE,1,hot_but_safe
Beijing,China,22.1,22.1,2,8.0,ED_VERY_SAFE,1,lof
Roseau,Dominica,25.3,26.9,1,0.0,ED_VERY_SAFE,1,lof
Addis Ababa,Ethiopia,24.2,24.2,1,12.0,ED_VERY_SAFE,1,lof
Bissau,Guinea-Bissau,20.4,20.4,3,18.0,ED_MODERATE_SAFE,1,lof
New Delhi,India,34.3,34.3,5,81.04583333333333,ED_VERY_DANGEROUS,1,iso_forest
Amman,Jordan,15.3,15.3,1,9.3,ED_VERY_SAFE,1,lof
Ulaanbaatar,Mongolia,15.1,15.1,1,0.0,ED_VERY_SAFE,1,lof
Yangon,Myanmar,36.1,38.3,2,34.7,ED_MODERATE_SAFE,1,hot_but_safe
Doha,Qatar,37.2,38.3,2,45.1,ED_CAUTION,1,iso_forest
Minsk,Belarus,-0.9,-0.9,1,12.01077462627962,ED_VERY_SAFE,1,iso_forest
Castries,Saint Lucia,25.4,27.0,2,8.0,ED_VERY_SAFE,1,lof
Kingstown,Saint Vincent and the Grenadines,24.5,26.0,2,8.0,ED_VERY_SAFE,1,lof
Apia,Samoa,26.3,28.2,1,3.599999999999998,ED_VERY_SAFE,1,lof
Riyadh,Saudi Arabia,36.4,36.4,4,74.85833333333333,ED_DANGEROUS,1,iso_forest
Seoul,South Korea,8.1,8.1,4,32.0,ED_MODERATE_SAFE,1,lof
Juba,Sudan,32.3,32.3,4,66.225,ED_DANGEROUS,1,iso_forest
Khartoum,Sudan,33.1,33.1,4,69.45833333333334,ED_DANGEROUS,1,iso_forest
Ankara,Turkey,10.2,10.2,2,13.2,ED_VERY_SAFE,1,lof
Kyiv,Ukraine,14.8,14.8,2,11.2,ED_VERY_SAFE,1,lof
Lusaka,Zambia,22.0,22.0,1,9.7,ED_VERY_SAFE,1,lof
Bangkok,Thailand,34.0,38.5,2,34.43333333333334,ED_MODERATE_SAFE,1,hot_but_safe
Abu Dhabi,United Arab Emirates,39.1,41.1,3,58.815384615384616,ED_DANGEROUS,1,iso_forest
Dhaka,Bangladesh,37.9,37.9,4,65.75833333333333,ED_DANGEROUS,1,iso_forest
New Delhi,India,38.2,38.2,5,86.39583333333334,ED_VERY_DANGEROUS,1,iso_forest
Riyadh,Saudi Arabia,35.3,35.3,5,87.7625,ED_VERY_DANGEROUS,1,iso_forest
Seoul,South Korea,14.4,14.9,4,32.0,ED_MODERATE_SAFE,1,lof
Sanaa,Yemen,22.9,22.9,2,20.0,ED_MODERATE_SAFE,1,iso_forest
Kabul,Afghanistan,21.7,21.7,2,15.95,ED_MODERATE_SAFE,1,lof
Manama,Bahrain,37.0,43.2,4,84.06346153846155,ED_VERY_DANGEROUS,1,iso_forest
Thimphu,Bhutan,6.9,6.9,2,8.3,ED_VERY_SAFE,1,lof
Ottawa,Canada,-6.6,-6.6,2,17.9,ED_MODERATE_SAFE,1,iso_forest
Tallinn,Estonia,-0.8,-0.8,1,8.546135105627531,ED_VERY_SAFE,1,lof
Helsinki,Finland,-0.6,-0.6,1,6.616269940157768,ED_VERY_SAFE,1,lof
Tbilisi,Georgia,10.4,10.4,1,6.300000000000001,ED_VERY_SAFE,1,lof
Tokyo,Japan,19.4,19.4,3,18.0,ED_MODERATE_SAFE,1,lof
Yaren,Turkey,7.2,7.2,2,12.5,ED_VERY_SAFE,1,lof
Nairobi,Kenya,19.3,19.3,2,20.0,ED_MODERATE_SAFE,1,lof
Kuwait City,Kuwait,38.9,40.3,4,78.65833333333333,ED_VERY_DANGEROUS,1,iso_forest
Vilnius,Lithuania,-0.7,-0.7,1,10.67978377058469,ED_VERY_SAFE,1,lof
Pyongyang,North Korea,10.2,10.2,4,32.0,ED_MODERATE_SAFE,1,lof
Riyadh,Saudi Arabia,38.1,38.1,5,92.82916666666667,ED_VERY_DANGEROUS,1,iso_forest
Damascus,Syria,17.1,17.1,1,8.25,ED_VERY_SAFE,1,lof
Ban Lom,Vietnam,33.3,33.3,3,35.16666666666666,ED_CAUTION,1,lof
Nuku`Aloia,Tonga,27.1,30.6,1,10.800000000000004,ED_VERY_SAFE,1,lof
Ankara,Turkey,5.1,5.1,2,14.0,ED_VERY_SAFE,1,lof
Yerevan,Armenia,15.1,15.1,1,6.8999999999999995,ED_VERY_SAFE,1,lof
Apia,Samoa,25.4,27.4,1,4.799999999999995,ED_VERY_SAFE,1,lof
Ulaanbaatar,Mongolia,16.1,16.1,1,0.0,ED_VERY_SAFE,1,lof
Manama,Bahrain,32.2,39.6,4,78.79166666666667,ED_VERY_DANGEROUS,1,lof
Doha,Qatar,36.2,36.2,4,73.42500000000001,ED_DANGEROUS,1,iso_forest
Minsk,Belarus,1.2,1.2,1,8.690142776248166,ED_VERY_SAFE,1,iso_forest
Addis Ababa,Ethiopia,23.1,23.5,2,20.0,ED_MODERATE_SAFE,1,iso_forest
Libreville,Gabon,30.3,38.4,2,37.36666666666667,ED_CAUTION,1,lof
New Delhi,India,39.1,39.1,4,72.95833333333334,ED_DANGEROUS,1,iso_forest
Tokyo,Japan,20.0,20.0,4,32.0,ED_MODERATE_SAFE,1,lof
Palikir,Micronesia,30.2,37.3,1,23.83333333333333,ED_MODERATE_SAFE,1,lof
Ulaanbaatar,Mongolia,15.4,15.4,2,8.0,ED_VERY_SAFE,1,lof
Windhoek,Namibia,18.2,18.2,1,9.4,ED_VERY_SAFE,1,lof
Kathmandu,Nepal,27.2,27.2,4,32.599999999999994,ED_MODERATE_SAFE,1,lof
Manila,Philippines,33.4,38.9,2,34.5,ED_MODERATE_SAFE,1,hot_but_safe
Moscow,Russia,-0.8,-0.8,3,26.34590338993053,ED_MODERATE_SAFE,1,iso_forest
Kuwait City,Kuwait,39.1,40.7,4,80.625,ED_VERY_DANGEROUS,1,iso_forest
Riyadh,Saudi Arabia,33.0,33.0,5,84.22916666666667,ED_VERY_DANGEROUS,1,iso_forest
Kyiv,Ukraine,3.3,3.3,2,13.305155832115892,ED_VERY_SAFE,1,iso_forest
Abu Dhabi,United Arab Emirates,34.0,48.5,3,67.65384615384616,ED_DANGEROUS,1,lof
Baku,Azerbaijan,14.4,14.4,1,6.1499999999999995,ED_VERY_SAFE,1,lof
Manama,Bahrain,34.1,41.8,4,83.04807692307692,ED_VERY_DANGEROUS,1,iso_forest
Beijing,China,22.1,22.9,4,32.0,ED_MODERATE_SAFE,1,lof
Addis Ababa,Ethiopia,25.1,25.1,2,20.0,ED_MODERATE_SAFE,1,iso_forest
Helsinki,Finland,3.3,3.3,1,3.4280121420349356,ED_VERY_SAFE,1,iso_forest
New Delhi,India,39.1,39.1,5,88.19583333333334,ED_VERY_DANGEROUS,1,iso_forest
Dublin,Ireland,12.1,12.1,4,32.0,ED_MODERATE_SAFE,1,lof
Bridgetown,Barbados,25.1,26.5,2,8.0,ED_VERY_SAFE,1,lof
Nassau,Bahamas,24.3,26.4,2,8.0,ED_VERY_SAFE,1,lof
Kigali,Rwanda,17.2,17.2,1,12.0,ED_VERY_SAFE,1,lof
Abu Dhabi,United Arab Emirates,36.3,42.7,2,50.66153846153847,ED_CAUTION,1,lof
Astana,Kazakhstan,11.3,11.3,4,34.1,ED_MODERATE_SAFE,1,lof
Chi Chi Khvar,Iran,13.9,13.9,3,24.45,ED_MODERATE_SAFE,1,lof
Ulaanbaatar,Mongolia,6.3,6.3,1,0.0,ED_VERY_SAFE,1,lof
Niamey,Niger,35.2,35.2,4,66.85833333333335,ED_DANGEROUS,1,iso_forest
National,Bolivia,21.8,21.8,1,0.0,ED_VERY_SAFE,1,lof
Riyadh,Saudi Arabia,32.1,32.1,4,66.39166666666668,ED_DANGEROUS,1,iso_forest
Victoria,Seychelles Islands,26.1,28.1,1,15.300000000000004,ED_MODERATE_SAFE,1,lof
Seoul,South Korea,10.2,10.2,4,32.0,ED_MODERATE_SAFE,1,iso_forest
Khartoum,Sudan,37.1,37.1,4,76.125,ED_VERY_DANGEROUS,1,iso_forest
Kampala,Uganda,21.3,21.3,2,20.0,ED_MODERATE_SAFE,1,lof
Manama,Bahrain,33.4,39.8,4,79.125,ED_VERY_DANGEROUS,1,lof
Vestmannaeyjar,Iceland,4.0,4.0,1,3.4002770374855533,ED_VERY_SAFE,1,iso_forest
Thimphu,Bhutan,16.4,16.4,4,37.0,ED_CAUTION,1,lof
Bandar Seri Begawan,Brunei Darussalam,30.3,38.7,1,26.16666666666667,ED_MODERATE_SAFE,1,hot_but_safe
Beijing,China,19.1,19.1,4,32.0,ED_MODERATE_SAFE,1,iso_forest
Quito,Ecuador,8.3,8.3,1,0.0,ED_VERY_SAFE,1,lof
Cairo,Egypt,23.1,24.4,4,38.75,ED_CAUTION,1,lof
Malabo,Equatorial Guinea,31.3,39.6,1,33.16666666666667,ED_MODERATE_SAFE,1,hot_but_safe
Addis Ababa,Ethiopia,25.0,25.0,2,20.0,ED_MODERATE_SAFE,1,iso_forest
Athens,Greece,18.1,18.1,2,12.2,ED_VERY_SAFE,1,lof
Riga,Latvia,5.0,5.0,2,8.3,ED_VERY_SAFE,1,lof
Beirut,Lebanon,28.0,28.0,2,14.6,ED_VERY_SAFE,1,lof
Amman,Jordan,20.0,20.0,1,9.4,ED_VERY_SAFE,1,lof
Accra,Ghana,28.2,32.1,1,15.16666666666667,ED_MODERATE_SAFE,1,lof
Rabat,Morocco,18.3,18.3,2,8.600000000000001,ED_VERY_SAFE,1,lof
N'djamena,Chad,37.1,37.1,4,72.375,ED_DANGEROUS,1,iso_forest
New Delhi,India,28.4,28.4,6,59.099999999999994,ED_DANGEROUS,1,iso_forest
Nan,Thailand,39.3,39.3,4,68.09166666666667,ED_DANGEROUS,1,iso_forest
Podgorica,Montenegro,14.2,14.9,2,11.8,ED_VERY_SAFE,1,lof
Windhoek,Namibia,22.1,24.2,2,8.0,ED_VERY_SAFE,1,lof
Pyongyang,North Korea,2.6,2.6,2,12.387551165314289,ED_VERY_SAFE,1,iso_forest
Riyadh,Saudi Arabia,30.3,30.3,5,66.4,ED_DANGEROUS,1,iso_forest
Seoul,South Korea,4.0,4.0,3,19.458143775845137,ED_MODERATE_SAFE,1,iso_forest
Juba,Sudan,34.3,34.3,3,48.83333333333333,ED_CAUTION,1,iso_forest
Dhaka,Bangladesh,40.0,40.0,4,72.85833333333333,ED_DANGEROUS,1,iso_forest
Bandar Seri Begawan,Brunei Darussalam,30.4,39.1,2,34.833333333333336,ED_MODERATE_SAFE,1,hot_but_safe
Zagreb,Croatia,8.9,8.9,1,0.0,ED_VERY_SAFE,1,lof
Havana,Cuba,21.2,21.2,1,0.0,ED_VERY_SAFE,1,lof
Malabo,Equatorial Guinea,27.0,29.8,1,14.850000000000001,ED_VERY_SAFE,1,lof
Jerusalem,Israel,21.3,21.3,1,9.1,ED_VERY_SAFE,1,lof
Amman,Jordan,15.3,15.3,1,9.3,ED_VERY_SAFE,1,lof
Airai,Palau,28.4,31.6,1,13.800000000000004,ED_VERY_SAFE,1,lof
National,Bolivia,21.9,21.9,1,0.0,ED_VERY_SAFE,1,lof
Manila,Philippines,32.2,37.7,1,24.500000000000007,ED_MODERATE_SAFE,1,lof
Riyadh,Saudi Arabia,32.4,32.4,4,67.29166666666666,ED_DANGEROUS,1,iso_forest
Khartoum,Sudan,35.0,35.0,3,50.0,ED_CAUTION,1,iso_forest
Dhaka,Bangladesh,39.2,39.2,4,71.32500000000002,ED_DANGEROUS,1,iso_forest
Ouagadougou,Burkina Faso,35.1,35.1,4,65.79166666666667,ED_DANGEROUS,1,iso_forest
Monrovia,Liberia,29.3,36.2,1,23.200000000000006,ED_MODERATE_SAFE,1,lof
Niamey,Niger,33.1,33.1,4,63.25833333333333,ED_DANGEROUS,1,iso_forest
Khartoum,Sudan,34.0,34.0,4,70.95833333333333,ED_DANGEROUS,1,iso_forest
Khartoum,Sudan,35.7,35.7,5,89.22916666666667,ED_VERY_DANGEROUS,1,iso_forest
Gaborone,Botswana,20.1,20.1,1,3.1,ED_VERY_SAFE,1,lof
Addis Ababa,Ethiopia,23.0,23.0,2,20.0,ED_MODERATE_SAFE,1,iso_forest
Port-Au-Prince,Haiti,19.7,19.7,2,8.0,ED_VERY_SAFE,1,lof
New Delhi,India,37.1,37.1,4,69.525,ED_DANGEROUS,1,iso_forest
Maputo,Mozambique,26.3,28.4,1,11.399999999999995,ED_VERY_SAFE,1,lof
Yangon,Myanmar,38.1,40.7,3,50.70000000000001,ED_CAUTION,1,lof
Basseterre,Saint Kitts and Nevis,25.3,27.0,1,0.0,ED_VERY_SAFE,1,lof
Riyadh,Saudi Arabia,36.4,36.4,5,90.39583333333333,ED_VERY_DANGEROUS,1,iso_forest
Pretoria,South Africa,19.1,19.1,1,4.4,ED_VERY_SAFE,1,lof
Juba,Sudan,34.4,34.4,4,69.125,ED_DANGEROUS,1,iso_forest
Saint John's,Antigua and Barbuda,24.1,25.8,2,8.0,ED_VERY_SAFE,1,lof
Dhaka,Bangladesh,39.8,39.8,3,49.5,ED_CAUTION,1,iso_forest
Nassau,Bahamas,24.1,26.2,1,0.0,ED_VERY_SAFE,1,lof
Manama,Bahrain,35.2,43.0,4,83.63269230769231,ED_VERY_DANGEROUS,1,iso_forest
Dhaka,Bangladesh,39.2,39.2,4,70.625,ED_DANGEROUS,1,iso_forest
Thimphu,Bhutan,17.1,17.1,2,12.8,ED_VERY_SAFE,1,lof
N'djamena,Chad,37.3,37.3,4,71.35833333333332,ED_DANGEROUS,1,iso_forest
Addis Ababa,Ethiopia,25.4,25.4,2,20.0,ED_MODERATE_SAFE,1,iso_forest
Jerusalem,Israel,21.1,21.1,3,27.4,ED_MODERATE_SAFE,1,lof
Mexico City,Mexico,17.3,17.3,2,8.0,ED_VERY_SAFE,1,lof
Riyadh,Saudi Arabia,35.3,35.3,6,94.5,ED_VERY_DANGEROUS,1,iso_forest
Juba,Sudan,33.4,33.4,4,68.05833333333334,ED_DANGEROUS,1,iso_forest
Bridgetown,Barbados,25.2,26.8,2,8.0,ED_VERY_SAFE,1,lof
Nassau,Bahamas,25.1,28.0,1,3.0,ED_VERY_SAFE,1,lof
San Marino,San Marino,6.1,6.1,1,0.0,ED_VERY_SAFE,1,lof
Addis Ababa,Ethiopia,24.2,24.2,2,20.0,ED_MODERATE_SAFE,1,iso_forest
Riyadh,Saudi Arabia,35.0,35.0,5,87.3625,ED_VERY_DANGEROUS,1,iso_forest
Victoria,Seychelles Islands,30.4,36.3,1,34.166666666666664,ED_MODERATE_SAFE,1,lof
Madrid,Spain,15.1,15.1,3,18.9,ED_MODERATE_SAFE,1,lof
Khartoum,Sudan,39.1,39.1,3,56.833333333333336,ED_DANGEROUS,1,iso_forest
Andorra La Vella,Andorra,-1.9,-1.9,1,9.830504145214936,ED_VERY_SAFE,1,lof
Nassau,Bahamas,25.1,28.7,1,5.099999999999998,ED_VERY_SAFE,1,lof
Bras,Brazil,22.9,25.4,1,0.0,ED_VERY_SAFE,1,lof
Ivory,Madagascar,32.3,33.3,1,28.86666666666666,ED_MODERATE_SAFE,1,lof
Ottawa,Canada,-7.6,-7.6,1,16.824106829482176,ED_MODERATE_SAFE,1,iso_forest
Quito,Ecuador,9.9,9.9,1,0.0,ED_VERY_SAFE,1,lof
Bissau,Guinea-Bissau,22.3,24.7,3,18.0,ED_MODERATE_SAFE,1,lof
Baku,Azerbaijan,18.1,18.1,2,14.899999999999999,ED_VERY_SAFE,1,lof
Vestmannaeyjar,Iceland,1.1,1.1,1,8.707441318197997,ED_VERY_SAFE,1,iso_forest
Monrovia,Liberia,27.0,30.4,1,10.499999999999996,ED_VERY_SAFE,1,lof
Ulaanbaatar,Mongolia,14.1,14.1,1,0.0,ED_VERY_SAFE,1,lof
Yangon,Myanmar,38.4,40.3,4,72.45833333333333,ED_DANGEROUS,1,iso_forest
National,Bolivia,19.3,19.3,1,0.0,ED_VERY_SAFE,1,lof
Port Moresby,Papua New Guinea,30.4,38.9,1,26.5,ED_MODERATE_SAFE,1,hot_but_safe
Riyadh,Saudi Arabia,35.3,35.3,5,88.5625,ED_VERY_DANGEROUS,1,iso_forest
Khartoum,Sudan,37.5,37.5,5,92.22916666666667,ED_VERY_DANGEROUS,1,iso_forest
Kampala,Uganda,23.4,24.7,2,20.0,ED_MODERATE_SAFE,1,lof
Sanaa,Yemen,22.8,22.8,2,20.0,ED_MODERATE_SAFE,1,iso_forest
Minsk,Belarus,2.3,2.3,1,3.9868352924086237,ED_VERY_SAFE,1,lof
Gaborone,Botswana,21.3,21.3,1,9.3,ED_VERY_SAFE,1,lof
Bandar Seri Begawan,Brunei Darussalam,30.3,38.9,2,34.5,ED_MODERATE_SAFE,1,hot_but_safe
Apia,Samoa,23.1,25.1,1,0.0,ED_VERY_SAFE,1,lof
Khartoum,Sudan,34.1,34.1,2,38.5,ED_CAUTION,1,iso_forest
Stockholm,Sweden,9.4,9.4,2,8.3,ED_VERY_SAFE,1,lof
Kabul,Afghanistan,21.5,21.5,3,26.55,ED_MODERATE_SAFE,1,lof
Nassau,Bahamas,23.2,25.1,2,8.0,ED_VERY_SAFE,1,lof
Phnom Penh,Cambodia,38.4,44.0,4,74.08653846153845,ED_DANGEROUS,1,iso_forest
Suva,Fiji Islands,25.1,27.7,1,2.099999999999998,ED_VERY_SAFE,1,lof
New Delhi,India,37.3,37.3,5,86.19583333333333,ED_VERY_DANGEROUS,1,iso_forest
Tehran,Iran,16.2,16.2,3,27.7,ED_MODERATE_SAFE,1,lof
Beirut,Lebanon,21.1,21.1,4,41.5,ED_CAUTION,1,lof
Manila,Philippines,35.3,37.9,2,32.83333333333333,ED_MODERATE_SAFE,1,lof
Riyadh,Saudi Arabia,29.1,29.1,4,49.7,ED_CAUTION,1,iso_forest
Pretoria,South Africa,14.1,14.1,2,11.6,ED_VERY_SAFE,1,lof
Seoul,South Korea,11.3,11.3,3,18.0,ED_MODERATE_SAFE,1,lof
Juba,Sudan,32.9,32.9,4,68.825,ED_DANGEROUS,1,iso_forest
Khartoum,Sudan,35.1,35.1,2,40.16666666666667,ED_CAUTION,1,iso_forest
Hanoi,Vietnam,34.0,38.5,4,66.45833333333334,ED_DANGEROUS,1,iso_forest
Kabul,Afghanistan,18.4,18.4,1,8.399999999999999,ED_VERY_SAFE,1,lof
Baku,Azerbaijan,16.2,16.2,2,14.75,ED_VERY_SAFE,1,lof
Nassau,Bahamas,23.3,25.3,2,8.0,ED_VERY_SAFE,1,lof
Gaborone,Botswana,15.0,15.7,2,15.95,ED_MODERATE_SAFE,1,lof
Malabo,Equatorial Guinea,30.2,36.8,2,33.699999999999996,ED_MODERATE_SAFE,1,lof
Tokyo,Japan,23.1,25.0,3,18.0,ED_MODERATE_SAFE,1,lof
Juba,Sudan,33.4,33.4,4,69.65833333333333,ED_DANGEROUS,1,iso_forest
Riyadh,Saudi Arabia,28.3,28.3,5,60.300000000000004,ED_DANGEROUS,1,iso_forest
Maseru,Lesotho,13.4,13.6,2,15.2,ED_MODERATE_SAFE,1,lof
Manama,Bahrain,25.3,26.1,4,43.1,ED_CAUTION,1,lof
New Delhi,India,38.2,38.2,4,71.85833333333335,ED_DANGEROUS,1,iso_forest
Tokyo,Japan,24.0,24.7,4,32.0,ED_MODERATE_SAFE,1,lof
Astana,Kazakhstan,8.4,8.4,1,3.8,ED_VERY_SAFE,1,iso_forest
Majuro,Marshall Islands,26.3,29.0,2,14.0,ED_VERY_SAFE,1,lof
Chi Chi Khvar,Iran,8.8,8.8,1,7.949999999999999,ED_VERY_SAFE,1,lof
Muscat,Oman,39.2,39.2,2,46.400000000000006,ED_CAUTION,1,iso_forest
Doha,Qatar,30.1,30.1,4,51.2,ED_CAUTION,1,iso_forest
Juba,Sudan,33.0,33.0,4,68.79166666666667,ED_DANGEROUS,1,iso_forest
Kabul,Afghanistan,26.4,26.4,3,25.8,ED_MODERATE_SAFE,1,lof
Nassau,Bahamas,23.2,25.2,2,8.0,ED_VERY_SAFE,1,lof
N'djamena,Chad,38.3,38.3,3,52.5,ED_CAUTION,1,iso_forest
Kigali,Rwanda,21.0,21.0,2,20.0,ED_MODERATE_SAFE,1,lof
Malabo,Equatorial Guinea,31.2,38.1,1,28.66666666666667,ED_MODERATE_SAFE,1,hot_but_safe
Addis Ababa,Ethiopia,24.1,24.5,2,20.0,ED_MODERATE_SAFE,1,iso_forest
New Delhi,India,39.4,39.4,5,89.54583333333333,ED_VERY_DANGEROUS,1,iso_forest
Tehran,Iran,15.2,15.2,3,27.3,ED_MODERATE_SAFE,1,lof
Astana,Kazakhstan,1.2,1.2,1,10.47754361081848,ED_VERY_SAFE,1,lof
Laos,Indonesia,24.8,28.0,2,11.0,ED_VERY_SAFE,1,lof
Chi Chi Khvar,Iran,11.6,11.6,1,10.1,ED_VERY_SAFE,1,lof
Ulaanbaatar,Mongolia,15.1,15.1,1,0.0,ED_VERY_SAFE,1,lof
Aurora,Paraguay,22.4,24.9,1,0.0,ED_VERY_SAFE,1,lof
Doha,Qatar,30.1,30.1,4,51.7,ED_CAUTION,1,iso_forest
Beirut,Lebanon,21.2,21.2,2,17.3,ED_MODERATE_SAFE,1,lof
Vaduz,Liechtenstein,6.1,6.1,1,4.1,ED_VERY_SAFE,1,lof
N'djamena,Chad,35.0,35.0,5,83.7125,ED_VERY_DANGEROUS,1,iso_forest
Buenos Aires,Argentina,18.3,18.3,2,8.0,ED_VERY_SAFE,1,lof
New Delhi,India,39.3,39.3,4,75.14166666666667,ED_VERY_DANGEROUS,1,iso_forest
Manila,Philippines,35.0,38.7,2,34.16666666666667,ED_MODERATE_SAFE,1,hot_but_safe
Riyadh,Saudi Arabia,37.4,37.4,4,75.425,ED_VERY_DANGEROUS,1,iso_forest
Singapore,Singapore,31.0,38.4,2,33.666666666666664,ED_MODERATE_SAFE,1,hot_but_safe
Mogadishu,Somalia,32.1,39.2,1,33.30000000000001,ED_MODERATE_SAFE,1,hot_but_safe
Seoul,South Korea,16.3,16.3,4,32.0,ED_MODERATE_SAFE,1,lof
Juba,Sudan,35.8,35.8,4,73.75833333333333,ED_DANGEROUS,1,iso_forest
Khartoum,Sudan,38.7,38.7,4,78.79166666666667,ED_VERY_DANGEROUS,1,iso_forest
Stockholm,Sweden,8.3,8.3,1,0.0,ED_VERY_SAFE,1,lof
Abu Dhabi,United Arab Emirates,37.4,42.4,3,59.91538461538461,ED_DANGEROUS,1,lof
Yerevan,Armenia,13.3,13.3,2,15.649999999999999,ED_MODERATE_SAFE,1,lof
Tallinn,Estonia,7.2,7.2,1,0.0,ED_VERY_SAFE,1,lof
Dhaka,Bangladesh,40.5,42.1,3,53.56923076923077,ED_CAUTION,1,iso_forest
Sucre,Bolivia,10.8,11.2,1,0.0,ED_VERY_SAFE,1,lof
N'djamena,Chad,38.4,38.4,3,53.166666666666664,ED_CAUTION,1,iso_forest
Asmara,Eritrea,22.6,24.1,2,20.0,ED_MODERATE_SAFE,1,lof
Accra,Ghana,24.4,26.1,1,4.0,ED_VERY_SAFE,1,lof
New Delhi,India,38.2,38.2,4,73.45833333333334,ED_DANGEROUS,1,iso_forest
Ulaanbaatar,Mongolia,2.0,2.0,1,0.0,ED_VERY_SAFE,1,iso_forest
Yaren,Turkey,13.1,13.1,3,24.0,ED_MODERATE_SAFE,1,lof
National,Bolivia,21.9,21.9,1,0.0,ED_VERY_SAFE,1,lof
Doha,Qatar,40.2,40.8,4,80.89166666666667,ED_VERY_DANGEROUS,1,iso_forest
Addis Ababa,Ethiopia,24.2,24.2,2,20.0,ED_MODERATE_SAFE,1,iso_forest
Asmara,Eritrea,21.7,21.8,2,20.0,ED_MODERATE_SAFE,1,lof
Chi Chi Khvar,Iran,16.2,16.2,2,18.3,ED_MODERATE_SAFE,1,lof
Berlin,Germany,15.3,15.3,2,8.0,ED_VERY_SAFE,1,lof
Ulaanbaatar,Mongolia,9.2,9.2,1,0.6000000000000005,ED_VERY_SAFE,1,lof
Riyadh,Saudi Arabia,30.3,30.3,5,65.2,ED_DANGEROUS,1,iso_forest
Juba,Sudan,31.8,31.8,4,54.50000000000001,ED_CAUTION,1,iso_forest
Khartoum,Sudan,35.2,35.2,4,72.95833333333334,ED_DANGEROUS,1,iso_forest
Dushanbe,Tajikistan,15.2,15.2,1,7.5,ED_VERY_SAFE,1,lof
Nassau,Bahamas,23.1,25.2,2,8.0,ED_VERY_SAFE,1,lof
N'djamena,Chad,40.4,40.5,2,46.46666666666667,ED_CAUTION,1,iso_forest
Beijing,China,14.0,14.5,4,32.0,ED_MODERATE_SAFE,1,lof
Malabo,Equatorial Guinea,31.0,38.3,1,32.25,ED_MODERATE_SAFE,1,hot_but_safe
Addis Ababa,Ethiopia,25.1,25.1,2,20.0,ED_MODERATE_SAFE,1,iso_forest
Accra,Ghana,31.4,38.7,1,30.766666666666673,ED_MODERATE_SAFE,1,hot_but_safe
Dhaka,Bangladesh,39.4,42.6,3,54.146153846153844,ED_CAUTION,1,iso_forest
New Delhi,India,40.0,40.0,4,76.30833333333334,ED_VERY_DANGEROUS,1,iso_forest
Tehran,Iran,23.3,23.3,2,18.1,ED_MODERATE_SAFE,1,lof
Nan,Thailand,36.1,38.1,2,33.16666666666667,ED_MODERATE_SAFE,1,hot_but_safe
Chi Chi Khvar,Iran,18.1,18.1,1,9.2,ED_VERY_SAFE,1,lof
Riyadh,Saudi Arabia,29.3,29.3,5,62.2,ED_DANGEROUS,1,iso_forest
Dakar,Senegal,24.3,26.2,2,8.0,ED_VERY_SAFE,1,lof
Honiara,Solomon Islands,31.2,42.4,1,31.615384615384613,ED_MODERATE_SAFE,1,hot_but_safe
Juba,Sudan,34.0,34.0,4,70.55833333333334,ED_DANGEROUS,1,iso_forest
Khartoum,Sudan,37.6,37.6,3,54.333333333333336,ED_CAUTION,1,iso_forest
Sanaa,Yemen,23.9,23.9,3,30.0,ED_MODERATE_SAFE,1,iso_forest
Accra,Ghana,29.1,35.3,1,20.499999999999996,ED_MODERATE_SAFE,1,lof
Manama,Bahrain,26.1,26.8,3,27.8,ED_MODERATE_SAFE,1,lof
Baku,Azerbaijan,13.3,13.3,1,4.0,ED_VERY_SAFE,1,lof
Oslo,Norway,9.3,9.3,1,0.0,ED_VERY_SAFE,1,lof
Moscow,Russia,2.2,2.2,2,13.683024590864035,ED_VERY_SAFE,1,lof
Riyadh,Saudi Arabia,35.2,35.2,4,72.05833333333334,ED_DANGEROUS,1,iso_forest
Juba,Sudan,30.1,30.1,5,63.60000000000001,ED_DANGEROUS,1,iso_forest
Khartoum,Sudan,29.8,29.8,4,52.400000000000006,ED_CAUTION,1,iso_forest
Abu Dhabi,United Arab Emirates,41.0,43.0,3,61.00769230769231,ED_DANGEROUS,1,iso_forest
Hanoi,Vietnam,29.1,29.8,4,40.400000000000006,ED_CAUTION,1,lof
Baku,Azerbaijan,14.0,14.0,2,14.600000000000001,ED_VERY_SAFE,1,lof
N'djamena,Chad,34.1,34.1,4,66.325,ED_DANGEROUS,1,iso_forest
Amman,Jordan,14.1,14.1,2,16.4,ED_MODERATE_SAFE,1,lof
Riga,Latvia,7.1,7.1,2,11.0,ED_VERY_SAFE,1,lof
Riyadh,Saudi Arabia,28.1,28.1,6,64.4,ED_DANGEROUS,1,iso_forest
Rabat,Morocco,18.3,18.3,2,8.3,ED_VERY_SAFE,1,lof
Victoria,Seychelles Islands,32.3,42.5,1,43.730769230769226,ED_CAUTION,1,lof
Juba,Sudan,28.6,28.6,4,46.300000000000004,ED_CAUTION,1,iso_forest
Khartoum,Sudan,28.4,28.4,4,48.199999999999996,ED_CAUTION,1,iso_forest
Damascus,Syria,14.3,14.3,1,6.0,ED_VERY_SAFE,1,lof
Nuku`Aloia,Tonga,26.3,29.7,1,8.099999999999998,ED_VERY_SAFE,1,lof
Ankara,Turkey,5.4,5.4,1,5.5,ED_VERY_SAFE,1,lof
Abu Dhabi,United Arab Emirates,38.1,45.0,3,63.315384615384616,ED_DANGEROUS,1,iso_forest
Canberra,Australia,18.3,18.3,2,8.0,ED_VERY_SAFE,1,lof
Baku,Azerbaijan,15.3,15.3,2,14.149999999999999,ED_VERY_SAFE,1,lof
Dhaka,Bangladesh,38.9,38.9,4,70.325,ED_DANGEROUS,1,iso_forest
Niamey,Niger,34.4,34.4,4,62.625,ED_DANGEROUS,1,lof
Kuwait City,Kuwait,28.3,28.3,5,58.400000000000006,ED_DANGEROUS,1,iso_forest
Hanoi,Vietnam,31.2,31.7,5,59.099999999999994,ED_DANGEROUS,1,iso_forest
National,Bolivia,21.9,21.9,1,0.0,ED_VERY_SAFE,1,lof
Nicosia,Cyprus,19.2,19.2,1,7.050000000000001,ED_VERY_SAFE,1,lof
Tallinn,Estonia,1.2,1.2,1,7.003769056690216,ED_VERY_SAFE,1,iso_forest
Addis Ababa,Ethiopia,24.4,24.4,2,20.0,ED_MODERATE_SAFE,1,iso_forest
Helsinki,Finland,-0.8,-0.8,1,11.078463098562331,ED_VERY_SAFE,1,iso_forest
Bissau,Guinea-Bissau,24.1,25.1,1,0.0,ED_VERY_SAFE,1,lof
New Delhi,India,34.3,34.3,5,80.09583333333333,ED_VERY_DANGEROUS,1,iso_forest
Kuwait City,Kuwait,30.1,30.1,5,64.30000000000001,ED_DANGEROUS,1,iso_forest
Vilnius,Lithuania,0.2,0.2,1,6.198326280434035,ED_VERY_SAFE,1,lof
Wellington,New Zealand,17.3,17.3,1,0.0,ED_VERY_SAFE,1,lof
Islamabad,Pakistan,29.4,29.4,2,19.599999999999994,ED_MODERATE_SAFE,1,lof
Riyadh,Saudi Arabia,33.2,33.2,5,82.7625,ED_VERY_DANGEROUS,1,iso_forest
Tehran,Iran,20.1,20.1,4,35.7,ED_CAUTION,1,lof
Juba,Sudan,31.1,31.1,5,66.30000000000001,ED_DANGEROUS,1,iso_forest
Khartoum,Sudan,32.8,32.8,5,84.39583333333333,ED_VERY_DANGEROUS,1,iso_forest
Damascus,Syria,17.3,17.3,1,8.7,ED_VERY_SAFE,1,lof
Ban Lom,Vietnam,32.6,34.7,3,37.50000000000001,ED_CAUTION,1,lof
Kyiv,Ukraine,3.1,3.1,1,3.2,ED_VERY_SAFE,1,lof
Yerevan,Armenia,14.3,14.3,1,5.7,ED_VERY_SAFE,1,lof
Baku,Azerbaijan,15.1,15.1,1,5.9,ED_VERY_SAFE,1,lof
N'djamena,Chad,34.1,34.1,4,66.475,ED_DANGEROUS,1,iso_forest
Beijing,China,10.1,10.1,2,8.0,ED_VERY_SAFE,1,iso_forest
Addis Ababa,Ethiopia,21.0,21.0,2,20.0,ED_MODERATE_SAFE,1,lof
Copenhagen,Denmark,8.2,8.2,2,8.600000000000001,ED_VERY_SAFE,1,lof
Malabo,Equatorial Guinea,31.1,39.7,1,33.43333333333334,ED_MODERATE_SAFE,1,hot_but_safe
Vestmannaeyjar,Iceland,1.2,1.2,1,7.80742829188371,ED_VERY_SAFE,1,iso_forest
Malabo,Equatorial Guinea,27.3,30.0,1,13.5,ED_VERY_SAFE,1,lof
Khartoum,Sudan,30.5,30.5,4,54.5,ED_CAUTION,1,iso_forest
Bern,Switzerland,13.4,13.5,1,2.1000000000000005,ED_VERY_SAFE,1,lof
Ankara,Turkey,11.4,11.4,2,15.05,ED_MODERATE_SAFE,1,lof
Abu Dhabi,United Arab Emirates,34.0,42.9,4,83.5173076923077,ED_VERY_DANGEROUS,1,iso_forest
Port Vila,Vanuatu,27.4,31.8,1,14.400000000000002,ED_VERY_SAFE,1,lof
Hanoi,Vietnam,34.1,34.1,6,80.8,ED_VERY_DANGEROUS,1,iso_forest
Kabul,Afghanistan,23.6,23.6,2,16.55,ED_MODERATE_SAFE,1,lof
Bandar Seri Begawan,Brunei Darussalam,31.2,39.1,2,34.833333333333336,ED_MODERATE_SAFE,1,hot_but_safe
N'djamena,Chad,37.0,37.0,3,49.88333333333334,ED_CAUTION,1,iso_forest
Beijing,China,25.2,25.2,4,32.0,ED_MODERATE_SAFE,1,lof
Baghdad,Iraq,18.3,18.3,3,26.25,ED_MODERATE_SAFE,1,lof
Jakarta,Indonesia,34.2,41.8,4,71.54807692307692,ED_DANGEROUS,1,iso_forest
Jerusalem,Israel,16.2,16.2,1,9.4,ED_VERY_SAFE,1,lof
Tokyo,Japan,21.1,21.1,2,8.0,ED_VERY_SAFE,1,lof
Amman,Jordan,17.1,17.1,1,9.6,ED_VERY_SAFE,1,lof
Nairobi,Kenya,22.4,24.5,1,12.0,ED_VERY_SAFE,1,lof
Maseru,Lesotho,14.3,15.0,1,6.75,ED_VERY_SAFE,1,lof
Chi Chi Khvar,Iran,4.5,4.5,1,7.5,ED_VERY_SAFE,1,lof
Yangon,Myanmar,34.0,38.8,2,34.633333333333326,ED_MODERATE_SAFE,1,hot_but_safe
Pyongyang,North Korea,17.8,17.8,3,18.0,ED_MODERATE_SAFE,1,lof
Seoul,South Korea,21.1,21.1,4,32.0,ED_MODERATE_SAFE,1,lof
Juba,Sudan,31.0,31.0,4,55.4,ED_DANGEROUS,1,iso_forest
Juba,Sudan,30.2,30.2,4,52.599999999999994,ED_CAUTION,1,iso_forest
Pretoria,South Africa,23.3,23.6,3,26.4,ED_MODERATE_SAFE,1,lof
Honiara,Solomon Islands,25.1,27.8,1,2.400000000000002,ED_VERY_SAFE,1,lof
Riyadh,Saudi Arabia,27.2,27.2,6,61.49999999999999,ED_DANGEROUS,1,iso_forest
Tokyo,Japan,20.3,20.3,2,8.0,ED_VERY_SAFE,1,lof
Amman,Jordan,12.1,12.1,1,7.949999999999999,ED_VERY_SAFE,1,lof
Kuwait City,Kuwait,33.1,33.1,4,67.35833333333333,ED_DANGEROUS,1,iso_forest
Yangon,Myanmar,31.1,32.2,1,15.333333333333337,ED_MODERATE_SAFE,1,lof
Doha,Qatar,38.4,41.7,4,82.4326923076923,ED_VERY_DANGEROUS,1,iso_forest
Moscow,Russia,9.1,9.1,4,35.9,ED_CAUTION,1,lof
Riyadh,Saudi Arabia,34.1,34.1,6,92.0,ED_VERY_DANGEROUS,1,iso_forest
Juba,Sudan,30.0,30.0,4,51.7,ED_CAUTION,1,iso_forest
Khartoum,Sudan,30.4,30.4,2,30.199999999999996,ED_MODERATE_SAFE,1,iso_forest
Ankara,Turkey,8.4,8.4,2,13.9,ED_VERY_SAFE,1,lof
Abu Dhabi,United Arab Emirates,42.2,44.2,3,62.292307692307695,ED_DANGEROUS,1,iso_forest
Andorra La Vella,Andorra,7.2,7.2,1,3.4,ED_VERY_SAFE,1,lof
N'djamena,Chad,38.3,38.3,3,51.6,ED_CAUTION,1,iso_forest
Asmara,Eritrea,20.8,20.9,1,12.0,ED_VERY_SAFE,1,lof
Suva,Fiji Islands,26.3,30.0,1,9.0,ED_VERY_SAFE,1,lof
Jerusalem,Israel,20.2,20.2,1,8.850000000000001,ED_VERY_SAFE,1,lof
Amman,Jordan,15.1,15.1,1,9.0,ED_VERY_SAFE,1,lof
Ulaanbaatar,Mongolia,22.2,24.6,1,0.0,ED_VERY_SAFE,1,lof
Oslo,Norway,9.1,9.1,1,0.0,ED_VERY_SAFE,1,lof
National,Bolivia,22.3,24.9,1,0.0,ED_VERY_SAFE,1,lof
Doha,Qatar,33.3,33.3,5,83.42916666666666,ED_VERY_DANGEROUS,1,iso_forest
Amman,Jordan,10.2,10.5,2,12.4,ED_VERY_SAFE,1,lof
Vestmannaeyjar,Iceland,3.3,3.3,1,4.854056924960737,ED_VERY_SAFE,1,iso_forest
Bissau,Guinea-Bissau,20.1,20.1,4,35.1,ED_CAUTION,1,lof
Phnom Penh,Cambodia,30.1,32.7,1,16.16666666666667,ED_MODERATE_SAFE,1,lof
Tashkent,Uzbekistan,2.7,2.7,4,32.0,ED_MODERATE_SAFE,1,iso_forest
Ottawa,Canada,-13.2,-13.2,2,25.666666666666664,ED_MODERATE_SAFE,1,iso_forest
Astana,Kazakhstan,-9.6,-9.6,2,25.595747235739225,ED_MODERATE_SAFE,1,iso_forest
Vaduz,Liechtenstein,-6.7,-6.7,1,16.016680165898723,ED_MODERATE_SAFE,1,iso_forest
Warsaw,Poland,1.9,1.9,4,32.0,ED_MODERATE_SAFE,1,iso_forest
Moscow,Russia,-0.0,-0.0,4,37.12716058729574,ED_CAUTION,1,iso_forest
Seoul,South Korea,1.8,1.8,4,32.0,ED_MODERATE_SAFE,1,iso_forest
Tashkent,Uzbekistan,3.6,3.6,4,32.0,ED_MODERATE_SAFE,1,iso_forest
Minsk,Belarus,1.5,1.5,3,21.68766744760249,ED_MODERATE_SAFE,1,iso_forest
Sarajevo,Bosnia and Herzegovina,-1.4,-1.4,2,14.721223834339378,ED_VERY_SAFE,1,iso_forest
Ottawa,Canada,-10.4,-10.4,2,23.333333333333332,ED_MODERATE_SAFE,1,iso_forest
Moscow,Russia,0.1,0.1,4,32.0,ED_MODERATE_SAFE,1,iso_forest
Beijing,China,-0.1,-0.1,4,38.30607431342804,ED_CAUTION,1,iso_forest
Vestmannaeyjar,Iceland,4.3,4.3,1,4.471130150423251,ED_VERY_SAFE,1,iso_forest
New Delhi,India,23.0,23.7,5,45.0,ED_CAUTION,1,iso_forest
Tokyo,Japan,11.9,12.5,4,32.0,ED_MODERATE_SAFE,1,lof
Astana,Kazakhstan,-7.4,-7.4,2,24.904141320079013,ED_MODERATE_SAFE,1,iso_forest
Wellington,New Zealand,14.6,14.6,1,0.0,ED_VERY_SAFE,1,iso_forest
Pyongyang,North Korea,-4.1,-4.1,2,23.876156861828264,ED_MODERATE_SAFE,1,iso_forest
Bucharest,Romania,3.9,3.9,1,2.4792895476091346,ED_VERY_SAFE,1,iso_forest
Moscow,Russia,-1.2,-1.2,3,24.869270994703896,ED_MODERATE_SAFE,1,iso_forest
Riyadh,Saudi Arabia,22.8,23.8,6,53.0,ED_CAUTION,1,iso_forest
Seoul,South Korea,-0.2,-0.2,3,18.299999999999997,ED_MODERATE_SAFE,1,iso_forest
Pyongyang,North Korea,-2.2,-2.2,2,11.3,ED_VERY_SAFE,1,iso_forest
Washington Harbor,United States of America,6.1,6.1,1,0.0,ED_VERY_SAFE,1,iso_forest
Abuja,Nigeria,32.6,32.6,5,77.7625,ED_VERY_DANGEROUS,1,iso_forest
Porto-Novo,Benin,32.4,32.4,5,77.02916666666667,ED_VERY_DANGEROUS,1,iso_forest
Sarajevo,Bosnia and Herzegovina,0.5,0.5,2,11.67110601486032,ED_VERY_SAFE,1,iso_forest
Sofia,Bulgaria,4.0,4.0,2,8.0,ED_VERY_SAFE,1,lof
Ivory,Madagascar,39.1,39.6,1,39.66666666666667,ED_CAUTION,1,iso_forest
Ottawa,Canada,-13.7,-13.7,1,22.584871793680563,ED_MODERATE_SAFE,1,iso_forest
Beijing,China,0.8,0.8,6,50.0,ED_CAUTION,1,iso_forest
Vestmannaeyjar,Iceland,6.3,6.3,1,0.0,ED_VERY_SAFE,1,iso_forest
Astana,Kazakhstan,-5.8,-5.8,1,16.398881090870386,ED_MODERATE_SAFE,1,iso_forest
Ulaanbaatar,Mongolia,-16.7,-16.7,4,57.69169211138512,ED_DANGEROUS,1,iso_forest
Maputo,Mozambique,37.0,41.2,2,50.23076923076923,ED_CAUTION,1,lof
Pyongyang,North Korea,-2.7,-2.7,4,40.65141434828047,ED_CAUTION,1,iso_forest
Abuja,Nigeria,33.0,33.0,5,79.17916666666667,ED_VERY_DANGEROUS,1,iso_forest
Moscow,Russia,-1.6,-1.6,4,37.10682545191175,ED_CAUTION,1,iso_forest
Belgrade,Serbia,4.0,4.0,2,9.353849766288988,ED_VERY_SAFE,1,iso_forest
Seoul,South Korea,-0.9,-0.9,4,37.2828310699923,ED_CAUTION,1,iso_forest
Tashkent,Uzbekistan,1.4,1.4,4,32.0,ED_MODERATE_SAFE,1,iso_forest
Nassau,Bahamas,23.8,25.8,2,8.0,ED_VERY_SAFE,1,lof
Ivory,Madagascar,38.5,40.1,2,48.5,ED_CAUTION,1,lof
Beijing,China,0.7,0.7,6,50.0,ED_CAUTION,1,iso_forest
Vestmannaeyjar,Iceland,4.4,4.4,1,1.124511337493722,ED_VERY_SAFE,1,iso_forest
Vaduz,Liechtenstein,-4.1,-4.1,1,6.149999999999999,ED_VERY_SAFE,1,iso_forest
Valletta,Malta,13.8,13.8,1,0.0,ED_VERY_SAFE,1,iso_forest
Seoul,South Korea,-2.5,-2.5,2,20.806855537352245,ED_MODERATE_SAFE,1,iso_forest
Tashkent,Uzbekistan,4.3,4.3,4,32.0,ED_MODERATE_SAFE,1,iso_forest
Juba,Sudan,22.8,22.8,4,39.5,ED_CAUTION,1,iso_forest
Vestmannaeyjar,Iceland,0.2,0.2,1,11.117013608505074,ED_VERY_SAFE,1,iso_forest
Tashkent,Uzbekistan,7.0,7.0,4,32.0,ED_MODERATE_SAFE,1,iso_forest
Hanoi,Vietnam,18.3,18.3,4,32.0,ED_MODERATE_SAFE,1,lof
Brussels,Belgium,1.3,1.3,4,32.85289696066575,ED_MODERATE_SAFE,1,iso_forest
Sarajevo,Bosnia and Herzegovina,2.7,2.7,4,32.0,ED_MODERATE_SAFE,1,iso_forest
Bras,Brazil,23.1,25.5,1,0.0,ED_VERY_SAFE,1,lof
Beijing,China,3.4,3.4,6,50.0,ED_CAUTION,1,iso_forest
Zagreb,Croatia,4.3,4.3,4,32.0,ED_MODERATE_SAFE,1,iso_forest
Prague,Czech Republic,3.9,3.9,4,32.0,ED_MODERATE_SAFE,1,iso_forest
Mbabane,Swaziland,22.2,24.6,2,19.5,ED_MODERATE_SAFE,1,lof
Paris,France,4.4,4.4,4,32.0,ED_MODERATE_SAFE,1,iso_forest
Astana,Kazakhstan,-7.9,-7.9,1,19.133519791497534,ED_MODERATE_SAFE,1,iso_forest
Kyiv,Ukraine,1.1,1.1,3,18.0,ED_MODERATE_SAFE,1,iso_forest
Bishkek,Kyrghyzstan,1.9,1.9,4,32.0,ED_MODERATE_SAFE,1,iso_forest
Maseru,Lesotho,26.1,26.1,1,12.0,ED_VERY_SAFE,1,lof
Windhoek,Namibia,29.1,29.1,1,18.300000000000004,ED_MODERATE_SAFE,1,iso_forest
Warsaw,Poland,0.1,0.1,4,34.74235110237802,ED_MODERATE_SAFE,1,iso_forest
Moscow,Russia,-0.9,-0.9,4,37.978488031442666,ED_CAUTION,1,iso_forest
'S Gravenjansdijk,Belgium,3.6,3.6,4,32.0,ED_MODERATE_SAFE,1,iso_forest
Riyadh,Saudi Arabia,24.1,24.1,6,54.5,ED_CAUTION,1,iso_forest
Belgrade,Serbia,2.2,2.2,4,32.0,ED_MODERATE_SAFE,1,iso_forest
Bratislava,Slovakia,3.2,3.2,4,32.0,ED_MODERATE_SAFE,1,iso_forest
Ljubljana,Slovenia,3.3,3.3,4,32.0,ED_MODERATE_SAFE,1,iso_forest
London,United Kingdom,5.2,5.2,4,32.0,ED_MODERATE_SAFE,1,iso_forest
Ankara,Turkey,6.1,6.1,4,32.0,ED_MODERATE_SAFE,1,lof
Brussels,Belgium,6.6,6.6,4,32.0,ED_MODERATE_SAFE,1,iso_forest
Lilongwe,Malawi,29.1,29.1,1,9.700000000000005,ED_VERY_SAFE,1,lof
Sarajevo,Bosnia and Herzegovina,-1.0,-1.0,4,33.5,ED_MODERATE_SAFE,1,iso_forest
Bras,Brazil,23.4,25.9,1,0.0,ED_VERY_SAFE,1,lof
Ottawa,Canada,-7.6,-7.6,2,19.4,ED_MODERATE_SAFE,1,iso_forest
Zagreb,Croatia,2.2,2.2,4,32.0,ED_MODERATE_SAFE,1,iso_forest
Prague,Czech Republic,3.7,3.7,4,32.0,ED_MODERATE_SAFE,1,iso_forest
Vestmannaeyjar,Iceland,1.3,1.3,1,10.875550077177948,ED_VERY_SAFE,1,iso_forest
Baghdad,Iraq,20.1,20.1,3,18.0,ED_MODERATE_SAFE,1,lof
Jerusalem,Israel,10.0,10.0,3,20.4,ED_MODERATE_SAFE,1,lof
Beirut,Lebanon,14.0,14.0,4,32.0,ED_MODERATE_SAFE,1,lof
Vaduz,Liechtenstein,-0.8,-0.8,1,5.661219251552705,ED_VERY_SAFE,1,iso_forest
Majuro,Marshall Islands,26.1,28.9,2,13.699999999999996,ED_VERY_SAFE,1,lof
Damascus,Syria,11.1,11.1,3,19.2,ED_MODERATE_SAFE,1,lof
Ulaanbaatar,Mongolia,-21.9,-21.9,4,56.916666666666664,ED_DANGEROUS,1,iso_forest
Amsterdam,Netherlands,3.3,3.3,4,32.0,ED_MODERATE_SAFE,1,iso_forest
Pyongyang,North Korea,-4.1,-4.1,3,32.45839957956481,ED_MODERATE_SAFE,1,iso_forest
Warsaw,Poland,1.0,1.0,4,32.0,ED_MODERATE_SAFE,1,iso_forest
Moscow,Russia,1.3,1.3,4,33.23415654253819,ED_MODERATE_SAFE,1,iso_forest
'S Gravenjansdijk,Belgium,3.3,3.3,3,18.0,ED_MODERATE_SAFE,1,iso_forest
Riyadh,Saudi Arabia,23.2,23.7,6,54.5,ED_CAUTION,1,iso_forest
Belgrade,Serbia,1.2,1.2,4,34.7068317557775,ED_MODERATE_SAFE,1,iso_forest
Ljubljana,Slovenia,2.2,2.2,4,32.0,ED_MODERATE_SAFE,1,iso_forest
Seoul,South Korea,-1.8,-1.8,3,28.186833074881772,ED_MODERATE_SAFE,1,iso_forest
Tashkent,Uzbekistan,0.4,0.4,4,32.0,ED_MODERATE_SAFE,1,iso_forest
Riyadh,Saudi Arabia,17.6,17.6,6,54.7,ED_CAUTION,1,iso_forest
Madrid,Spain,7.2,7.2,2,8.0,ED_VERY_SAFE,1,lof
Madrid,Spain,6.3,6.3,4,32.0,ED_MODERATE_SAFE,1,iso_forest
Vestmannaeyjar,Iceland,-1.0,-1.0,1,12.25250243049783,ED_VERY_SAFE,1,iso_forest
Tokyo,Japan,10.3,10.3,4,32.0,ED_MODERATE_SAFE,1,lof
Astana,Kazakhstan,-7.0,-7.0,1,19.53961861698237,ED_MODERATE_SAFE,1,iso_forest
Kuwait City,Kuwait,17.0,17.0,4,35.2,ED_CAUTION,1,iso_forest
Port Louis,Mauritius,30.1,32.2,1,27.03333333333334,ED_MODERATE_SAFE,1,lof
Niamey,Niger,25.3,25.3,4,37.4,ED_CAUTION,1,iso_forest
Pyongyang,North Korea,-4.0,-4.0,2,21.59083642794365,ED_MODERATE_SAFE,1,iso_forest
Riyadh,Saudi Arabia,21.3,21.3,4,36.5,ED_CAUTION,1,lof
Honiara,Solomon Islands,25.1,27.7,1,2.099999999999998,ED_VERY_SAFE,1,lof
Seoul,South Korea,-3.9,-3.9,2,19.29277268703228,ED_MODERATE_SAFE,1,iso_forest
Colombo,Sri Lanka,31.1,38.6,2,34.0,ED_MODERATE_SAFE,1,hot_but_safe
Suva,Fiji Islands,25.2,27.9,1,2.6999999999999957,ED_VERY_SAFE,1,lof
Porto-Novo,Benin,31.2,31.2,5,63.3,ED_DANGEROUS,1,iso_forest
Ouagadougou,Burkina Faso,23.4,23.4,6,54.9,ED_CAUTION,1,iso_forest
Beijing,China,-0.2,-0.2,6,50.3,ED_CAUTION,1,iso_forest
Copenhagen,Denmark,9.2,9.2,1,0.0,ED_VERY_SAFE,1,iso_forest
Tallinn,Estonia,5.9,5.9,1,0.0,ED_VERY_SAFE,1,iso_forest
Tokyo,Japan,7.7,7.7,3,18.0,ED_MODERATE_SAFE,1,iso_forest
Bamako,Mali,24.3,24.3,5,49.0,ED_CAUTION,1,iso_forest
Rabat,Morocco,18.6,18.6,3,18.0,ED_MODERATE_SAFE,1,lof
Windhoek,Namibia,32.0,32.0,1,27.0,ED_MODERATE_SAFE,1,iso_forest
Niamey,Niger,22.6,22.6,4,37.3,ED_CAUTION,1,iso_forest
Banjul,Gambia,23.2,24.1,5,45.3,ED_CAUTION,1,iso_forest
N'djamena,Chad,27.1,27.1,5,52.95,ED_CAUTION,1,iso_forest
Pyongyang,North Korea,-2.3,-2.3,2,11.45,ED_VERY_SAFE,1,iso_forest
Nouakchott,Mauritania,23.4,23.4,5,45.0,ED_CAUTION,1,iso_forest
Tashkent,Uzbekistan,0.2,0.2,2,10.043799742586053,ED_VERY_SAFE,1,iso_forest
Algiers,Algeria,14.2,14.9,2,8.0,ED_VERY_SAFE,1,lof
Minsk,Belarus,1.3,1.3,1,7.356235788355205,ED_VERY_SAFE,1,iso_forest
Beijing,China,2.2,2.2,5,46.67212532039895,ED_CAUTION,1,iso_forest
Tallinn,Estonia,3.4,3.4,1,3.6039937726952402,ED_VERY_SAFE,1,iso_forest
Suva,Fiji Islands,24.2,26.3,1,0.0,ED_VERY_SAFE,1,lof
Helsinki,Finland,1.2,1.2,1,5.696501136736629,ED_VERY_SAFE,1,iso_forest
New Delhi,India,22.4,22.4,5,45.0,ED_CAUTION,1,iso_forest
Astana,Kazakhstan,-9.9,-9.9,1,21.761647546281107,ED_MODERATE_SAFE,1,iso_forest
Kuwait City,Kuwait,15.4,15.4,4,34.4,ED_MODERATE_SAFE,1,iso_forest
Maputo,Mozambique,35.2,43.8,2,53.230769230769226,ED_CAUTION,1,lof
Ivory,Madagascar,40.3,40.4,1,41.0,ED_CAUTION,1,iso_forest
Windhoek,Namibia,31.3,31.3,1,24.900000000000002,ED_MODERATE_SAFE,1,iso_forest
Abuja,Nigeria,32.2,32.2,5,76.99583333333334,ED_VERY_DANGEROUS,1,iso_forest
Pyongyang,North Korea,-2.7,-2.7,2,19.858315620192528,ED_MODERATE_SAFE,1,iso_forest
Seoul,South Korea,-0.7,-0.7,3,25.947618522622154,ED_MODERATE_SAFE,1,iso_forest
Juba,Sudan,27.2,27.2,4,41.8,ED_CAUTION,1,iso_forest
Colombo,Sri Lanka,30.2,38.4,2,33.666666666666664,ED_MODERATE_SAFE,1,hot_but_safe
Nuku`Aloia,Tonga,23.3,25.3,1,0.0,ED_VERY_SAFE,1,lof
Tunis,Tunisia,16.1,16.1,2,8.0,ED_VERY_SAFE,1,lof
Tashkent,Uzbekistan,3.3,3.3,4,32.0,ED_MODERATE_SAFE,1,iso_forest
Ouagadougou,Burkina Faso,27.3,27.3,6,56.00000000000001,ED_DANGEROUS,1,iso_forest
Abuja,Nigeria,30.3,30.3,5,61.2,ED_DANGEROUS,1,iso_forest
Oslo,Norway,1.8,1.8,1,1.6341842208782502,ED_VERY_SAFE,1,iso_forest
'S Gravenjansdijk,Belgium,5.8,5.8,1,0.0,ED_VERY_SAFE,1,iso_forest
Khartoum,Sudan,24.8,24.8,4,39.65,ED_CAUTION,1,iso_forest
Vestmannaeyjar,Iceland,2.7,2.7,1,2.7926520036854505,ED_VERY_SAFE,1,iso_forest
Kuwait City,Kuwait,17.6,17.6,5,47.4,ED_CAUTION,1,iso_forest
Bishkek,Kyrghyzstan,-4.5,-4.5,3,24.75,ED_MODERATE_SAFE,1,iso_forest
Laos,Indonesia,21.7,21.7,2,8.0,ED_VERY_SAFE,1,lof
Nouakchott,Mauritania,19.9,19.9,5,45.0,ED_CAUTION,1,iso_forest
Ulaanbaatar,Mongolia,-18.6,-18.6,4,57.82560599621603,ED_DANGEROUS,1,iso_forest
Abuja,Nigeria,31.1,31.1,5,63.2,ED_DANGEROUS,1,iso_forest
Riyadh,Saudi Arabia,20.6,20.6,6,54.5,ED_CAUTION,1,iso_forest
Seoul,South Korea,-2.1,-2.1,2,19.52194692658026,ED_MODERATE_SAFE,1,iso_forest
Juba,Sudan,24.6,24.6,4,41.1,ED_CAUTION,1,iso_forest
Canberra,Australia,18.0,18.0,2,8.0,ED_VERY_SAFE,1,lof
N'djamena,Chad,26.0,26.0,5,51.15,ED_CAUTION,1,iso_forest
N'djamena,Chad,27.3,27.3,5,52.95,ED_CAUTION,1,iso_forest
Beijing,China,-0.5,-0.5,5,45.75,ED_CAUTION,1,iso_forest
Tallinn,Estonia,2.9,2.9,1,4.452674267710828,ED_VERY_SAFE,1,iso_forest
Helsinki,Finland,3.1,3.1,1,4.548511237854049,ED_VERY_SAFE,1,iso_forest
New Delhi,India,22.7,23.0,6,50.0,ED_CAUTION,1,lof
Astana,Kazakhstan,-8.3,-8.3,1,20.453800139588203,ED_MODERATE_SAFE,1,iso_forest
Laos,Indonesia,24.0,26.4,2,8.0,ED_VERY_SAFE,1,lof
Riga,Latvia,2.6,2.6,2,11.768779441195623,ED_VERY_SAFE,1,iso_forest
Oslo,Norway,1.8,1.8,1,2.8251607153754215,ED_VERY_SAFE,1,iso_forest
Islamabad,Pakistan,18.2,18.2,5,45.0,ED_CAUTION,1,iso_forest
Beijing,China,-0.7,-0.7,3,24.688415659610573,ED_MODERATE_SAFE,1,iso_forest
Ouagadougou,Burkina Faso,25.9,25.9,5,51.75,ED_CAUTION,1,iso_forest
National,Bolivia,22.4,24.9,1,0.0,ED_VERY_SAFE,1,lof
Antananarivo,Madagascar,35.5,35.5,2,40.833333333333336,ED_CAUTION,1,lof
Dakar,Senegal,23.5,24.6,5,45.0,ED_CAUTION,1,iso_forest
Seoul,South Korea,-0.3,-0.3,4,32.45,ED_MODERATE_SAFE,1,iso_forest
Porto-Novo,Benin,30.5,30.5,6,66.1,ED_DANGEROUS,1,iso_forest
Ouagadougou,Burkina Faso,23.2,23.2,5,49.7,ED_CAUTION,1,iso_forest
N'djamena,Chad,25.4,25.4,5,51.6,ED_CAUTION,1,iso_forest
Copenhagen,Denmark,4.6,4.6,1,1.4819824599795908,ED_VERY_SAFE,1,iso_forest
Tallinn,Estonia,3.3,3.3,1,2.305155832115892,ED_VERY_SAFE,1,iso_forest
Vestmannaeyjar,Iceland,5.1,5.1,1,0.9663844258542156,ED_VERY_SAFE,1,iso_forest
Astana,Kazakhstan,-4.9,-4.9,1,17.408876168456683,ED_MODERATE_SAFE,1,iso_forest
Bishkek,Kyrghyzstan,-1.7,-1.7,3,25.891294841123905,ED_MODERATE_SAFE,1,iso_forest
Bamako,Mali,22.9,22.9,5,49.0,ED_CAUTION,1,iso_forest
Bras,Brazil,23.5,26.1,1,0.0,ED_VERY_SAFE,1,lof
Valletta,Malta,17.7,17.7,2,8.0,ED_VERY_SAFE,1,lof
Nouakchott,Mauritania,19.7,19.7,5,45.0,ED_CAUTION,1,iso_forest
Niamey,Niger,23.3,23.3,4,37.4,ED_CAUTION,1,iso_forest
Skopje,Macedonia,7.8,7.8,4,32.0,ED_MODERATE_SAFE,1,lof
Moscow,Russia,1.8,1.8,3,21.933749151808975,ED_MODERATE_SAFE,1,iso_forest
San Marino,San Marino,8.2,8.2,1,0.0,ED_VERY_SAFE,1,iso_forest
Belgrade,Serbia,6.1,6.1,4,32.0,ED_MODERATE_SAFE,1,lof
Seoul,South Korea,1.1,1.1,4,32.0,ED_MODERATE_SAFE,1,iso_forest
Juba,Sudan,26.9,26.9,4,40.1,ED_CAUTION,1,iso_forest
Stockholm,Sweden,-0.7,-0.7,1,8.981160808304535,ED_VERY_SAFE,1,iso_forest
Juba,Sudan,24.1,24.1,4,41.4,ED_CAUTION,1,iso_forest
London,United Kingdom,4.0,4.0,4,32.0,ED_MODERATE_SAFE,1,iso_forest
Saint John's,Antigua and Barbuda,24.3,25.7,1,0.0,ED_VERY_SAFE,1,lof
Astana,Kazakhstan,-6.8,-6.8,1,17.86914237865144,ED_MODERATE_SAFE,1,iso_forest
Brussels,Belgium,11.3,11.3,1,0.0,ED_VERY_SAFE,1,iso_forest
Sarajevo,Bosnia and Herzegovina,3.0,3.0,2,8.0,ED_VERY_SAFE,1,lof
Gaborone,Botswana,28.4,29.5,1,19.5,ED_MODERATE_SAFE,1,lof
Sofia,Bulgaria,2.7,2.7,4,32.0,ED_MODERATE_SAFE,1,iso_forest
Ivory,Madagascar,37.7,37.7,1,36.50000000000001,ED_CAUTION,1,iso_forest
Ottawa,Canada,-10.8,-10.8,1,21.313121333785176,ED_MODERATE_SAFE,1,iso_forest
Beijing,China,4.3,4.3,5,45.0,ED_CAUTION,1,iso_forest
Moroni,Comoros,24.6,26.6,1,10.3,ED_VERY_SAFE,1,lof
Georgetown,Guyana,22.2,24.6,2,8.0,ED_VERY_SAFE,1,lof
Dublin,Ireland,3.3,3.3,1,3.66332037967015,ED_VERY_SAFE,1,iso_forest
Bishkek,Kyrghyzstan,0.7,0.7,4,32.0,ED_MODERATE_SAFE,1,iso_forest
Stockholm,Sweden,-5.8,-5.8,1,16.644941751607007,ED_MODERATE_SAFE,1,iso_forest
Ulaanbaatar,Mongolia,-20.8,-20.8,4,56.0,ED_DANGEROUS,1,iso_forest
Maputo,Mozambique,36.3,42.0,1,43.15384615384615,ED_CAUTION,1,iso_forest
Amsterdam,Netherlands,1.2,1.2,2,12.986706332730204,ED_VERY_SAFE,1,iso_forest
Pyongyang,North Korea,0.2,0.2,4,32.0,ED_MODERATE_SAFE,1,iso_forest
Oslo,Norway,-8.3,-8.3,2,24.34879094202035,ED_MODERATE_SAFE,1,iso_forest
Apia,Samoa,25.2,27.9,1,2.6999999999999957,ED_VERY_SAFE,1,lof
'S Gravenjansdijk,Belgium,3.2,3.2,1,2.4971421243614618,ED_VERY_SAFE,1,iso_forest
Mogadishu,Somalia,29.1,30.5,3,39.7,ED_CAUTION,1,lof
Lusaka,Zambia,20.9,20.9,1,11.3,ED_VERY_SAFE,1,lof
Harare,Zimbabwe,21.7,21.7,1,12.0,ED_VERY_SAFE,1,lof
Minsk,Belarus,-4.8,-4.8,2,24.80220325030383,ED_MODERATE_SAFE,1,iso_forest
Seoul,South Korea,-1.6,-1.6,4,34.4,ED_MODERATE_SAFE,1,iso_forest
Baku,Azerbaijan,6.1,6.1,2,8.0,ED_VERY_SAFE,1,iso_forest
Minsk,Belarus,-2.7,-2.7,1,15.637931343799345,ED_MODERATE_SAFE,1,iso_forest
Astana,Kazakhstan,-0.7,-0.7,1,12.357260332581554,ED_VERY_SAFE,1,iso_forest
Nairobi,Kenya,24.1,24.8,1,12.0,ED_VERY_SAFE,1,iso_forest
Vaduz,Liechtenstein,-4.7,-4.7,1,7.050000000000001,ED_VERY_SAFE,1,iso_forest
Lilongwe,Malawi,22.2,24.6,1,12.0,ED_VERY_SAFE,1,lof
Nouakchott,Mauritania,18.0,18.0,4,32.3,ED_MODERATE_SAFE,1,iso_forest
Ulaanbaatar,Mongolia,-19.5,-19.5,4,58.42606358344789,ED_DANGEROUS,1,iso_forest
Wellington,New Zealand,14.4,14.4,1,0.0,ED_VERY_SAFE,1,iso_forest
Pyongyang,North Korea,-3.1,-3.1,3,27.724570152234946,ED_MODERATE_SAFE,1,iso_forest
Riyadh,Saudi Arabia,14.0,14.0,6,54.8,ED_CAUTION,1,iso_forest
Juba,Sudan,25.0,25.0,4,41.7,ED_CAUTION,1,iso_forest
Sarajevo,Bosnia and Herzegovina,-2.8,-2.8,3,22.2,ED_MODERATE_SAFE,1,iso_forest
Ljubljana,Slovenia,-2.6,-2.6,3,21.9,ED_MODERATE_SAFE,1,iso_forest
Ivory,Madagascar,36.7,36.7,1,34.83333333333334,ED_MODERATE_SAFE,1,iso_forest
Bangui,Central African Republic,37.7,37.7,4,71.025,ED_DANGEROUS,1,iso_forest
Beijing,China,3.3,3.3,6,50.0,ED_CAUTION,1,iso_forest
Zagreb,Croatia,-1.7,-1.7,3,20.549999999999997,ED_MODERATE_SAFE,1,iso_forest
Helsinki,Finland,-3.8,-3.8,1,12.292148106177477,ED_VERY_SAFE,1,iso_forest
Astana,Kazakhstan,-5.7,-5.7,1,17.351188400609892,ED_MODERATE_SAFE,1,iso_forest
Vilnius,Lithuania,-2.9,-2.9,1,14.710684101233973,ED_VERY_SAFE,1,iso_forest
Ulaanbaatar,Mongolia,-20.3,-20.3,4,59.85915673019457,ED_DANGEROUS,1,iso_forest
Windhoek,Namibia,23.4,25.1,1,12.0,ED_VERY_SAFE,1,lof
Riyadh,Saudi Arabia,17.3,17.3,3,22.6,ED_MODERATE_SAFE,1,lof
Vienna,Austria,2.2,2.2,3,18.0,ED_MODERATE_SAFE,1,iso_forest
Brussels,Belgium,11.3,11.3,1,0.0,ED_VERY_SAFE,1,iso_forest
Vienna,Austria,4.2,4.2,4,32.0,ED_MODERATE_SAFE,1,iso_forest
Baghdad,Iraq,12.1,12.1,5,48.0,ED_CAUTION,1,iso_forest
Baku,Azerbaijan,8.4,8.4,1,3.0,ED_VERY_SAFE,1,lof
Sofia,Bulgaria,2.4,2.4,3,21.0,ED_MODERATE_SAFE,1,lof
Ivory,Madagascar,38.9,38.9,1,38.5,ED_CAUTION,1,iso_forest
N'djamena,Chad,28.4,28.4,5,56.699999999999996,ED_DANGEROUS,1,iso_forest
Beijing,China,3.0,3.0,4,33.85824262627523,ED_MODERATE_SAFE,1,iso_forest
Tallinn,Estonia,0.0,0.0,1,9.63050130151553,ED_VERY_SAFE,1,iso_forest
Helsinki,Finland,-0.9,-0.9,1,11.739351013605571,ED_VERY_SAFE,1,iso_forest
Berlin,Germany,8.3,8.3,1,3.0,ED_VERY_SAFE,1,lof
New Delhi,India,16.1,16.1,4,38.0,ED_CAUTION,1,lof
Tehran,Iran,9.1,9.1,4,35.0,ED_CAUTION,1,iso_forest
Tarawa,Kiribati,27.3,30.7,2,19.099999999999998,ED_MODERATE_SAFE,1,lof
Khartoum,Sudan,22.9,22.9,4,40.25,ED_CAUTION,1,iso_forest
Majuro,Marshall Islands,28.3,32.3,2,23.499999999999993,ED_MODERATE_SAFE,1,lof
Ulaanbaatar,Mongolia,-14.9,-14.9,3,37.083333333333336,ED_CAUTION,1,iso_forest
Pyongyang,North Korea,-3.9,-3.9,3,31.01542311171084,ED_MODERATE_SAFE,1,iso_forest
Warsaw,Poland,5.2,5.2,2,8.0,ED_VERY_SAFE,1,lof
Riyadh,Saudi Arabia,18.3,18.3,6,54.0,ED_CAUTION,1,iso_forest
Juba,Sudan,24.7,24.7,4,38.0,ED_CAUTION,1,iso_forest
Bern,Switzerland,5.3,5.3,1,3.0,ED_VERY_SAFE,1,lof
Ashgabat,Turkmenistan,4.3,4.3,2,11.0,ED_VERY_SAFE,1,lof
London,United Kingdom,2.7,2.7,1,0.0,ED_VERY_SAFE,1,lof
Lusaka,Zambia,17.3,17.3,1,7.5,ED_VERY_SAFE,1,lof
Hanoi,Vietnam,23.2,23.9,6,50.0,ED_CAUTION,1,lof
Juba,Sudan,25.4,25.4,4,42.0,ED_CAUTION,1,iso_forest
Ivory,Madagascar,39.7,39.7,1,39.83333333333334,ED_CAUTION,1,iso_forest
Vestmannaeyjar,Iceland,-3.7,-3.7,1,16.348858369835813,ED_MODERATE_SAFE,1,iso_forest
Ottawa,Canada,-11.7,-11.7,1,19.79204433361059,ED_MODERATE_SAFE,1,iso_forest
N'djamena,Chad,27.0,27.0,5,52.05,ED_CAUTION,1,iso_forest
Beijing,China,3.1,3.1,5,45.55285086757583,ED_CAUTION,1,iso_forest
Copenhagen,Denmark,4.4,4.4,1,1.4063066150208918,ED_VERY_SAFE,1,iso_forest
Tallinn,Estonia,-4.9,-4.9,2,24.409667746686537,ED_MODERATE_SAFE,1,iso_forest
Mbabane,Swaziland,25.0,28.4,1,7.699999999999996,ED_VERY_SAFE,1,lof
Suva,Fiji Islands,25.4,28.1,1,3.3000000000000043,ED_VERY_SAFE,1,lof
Helsinki,Finland,-9.9,-9.9,2,29.700375256684225,ED_MODERATE_SAFE,1,iso_forest
Paris,France,11.4,11.4,1,0.0,ED_VERY_SAFE,1,iso_forest
Berlin,Germany,10.3,10.3,2,8.0,ED_VERY_SAFE,1,lof
Dublin,Ireland,1.3,1.3,1,3.6514350735551755,ED_VERY_SAFE,1,iso_forest
Riyadh,Saudi Arabia,19.1,19.1,6,54.9,ED_CAUTION,1,iso_forest
Tokyo,Japan,6.1,6.1,4,32.0,ED_MODERATE_SAFE,1,lof
Riga,Latvia,-3.0,-3.0,1,14.545722489549034,ED_VERY_SAFE,1,iso_forest
Vilnius,Lithuania,-2.7,-2.7,2,22.58589606287818,ED_MODERATE_SAFE,1,iso_forest
Rabat,Morocco,15.3,15.3,2,8.0,ED_VERY_SAFE,1,lof
Yaren,Turkey,5.1,5.1,2,8.0,ED_VERY_SAFE,1,lof
Pyongyang,North Korea,-2.5,-2.5,3,30.094654879113705,ED_MODERATE_SAFE,1,iso_forest
Oslo,Norway,-7.0,-7.0,1,17.69127098951205,ED_MODERATE_SAFE,1,iso_forest
National,Bolivia,22.0,22.0,1,0.0,ED_VERY_SAFE,1,lof
Warsaw,Poland,2.1,2.1,2,11.764452203657665,ED_VERY_SAFE,1,iso_forest
'S Gravenjansdijk,Belgium,12.0,12.0,1,0.0,ED_VERY_SAFE,1,iso_forest
Paris,France,0.3,0.3,4,33.87363164762351,ED_MODERATE_SAFE,1,iso_forest
Helsinki,Finland,-4.8,-4.8,1,14.657301505174477,ED_VERY_SAFE,1,iso_forest
Copenhagen,Denmark,1.3,1.3,1,8.084823595858891,ED_VERY_SAFE,1,iso_forest
N'djamena,Chad,28.3,28.3,5,56.400000000000006,ED_DANGEROUS,1,iso_forest
Ulaanbaatar,Mongolia,-20.8,-20.8,4,56.0,ED_DANGEROUS,1,iso_forest
Wellington,New Zealand,15.3,15.3,1,0.0,ED_VERY_SAFE,1,iso_forest
Moscow,Russia,0.1,0.1,3,26.014128426039928,ED_MODERATE_SAFE,1,iso_forest
Basseterre,Saint Kitts and Nevis,23.1,24.9,1,0.0,ED_VERY_SAFE,1,lof
Riyadh,Saudi Arabia,26.2,26.2,6,54.2,ED_CAUTION,1,iso_forest
Belgrade,Serbia,3.2,3.2,4,32.0,ED_MODERATE_SAFE,1,iso_forest
Juba,Sudan,24.6,24.6,4,41.3,ED_CAUTION,1,iso_forest
Khartoum,Sudan,26.0,26.0,4,40.85,ED_CAUTION,1,iso_forest
Vienna,Austria,3.4,3.4,4,32.0,ED_MODERATE_SAFE,1,iso_forest
Ivory,Madagascar,37.6,37.6,1,36.333333333333336,ED_CAUTION,1,iso_forest
Beijing,China,-0.9,-0.9,6,51.35,ED_CAUTION,1,iso_forest
Vaduz,Liechtenstein,-1.8,-1.8,1,7.939344866425522,ED_VERY_SAFE,1,iso_forest
Zagreb,Croatia,4.8,4.8,4,32.0,ED_MODERATE_SAFE,1,iso_forest
Suva,Fiji Islands,23.3,25.2,1,0.0,ED_VERY_SAFE,1,lof
Budapest,Hungary,3.8,3.8,4,32.0,ED_MODERATE_SAFE,1,iso_forest
Vestmannaeyjar,Iceland,-1.8,-1.8,1,13.953384606898686,ED_VERY_SAFE,1,iso_forest
Astana,Kazakhstan,-10.9,-10.9,1,18.505412274008172,ED_MODERATE_SAFE,1,iso_forest
Ulaanbaatar,Mongolia,-22.9,-22.9,4,62.1701637240276,ED_DANGEROUS,1,iso_forest
Windhoek,Namibia,29.2,29.2,1,18.599999999999998,ED_MODERATE_SAFE,1,iso_forest
Skopje,Macedonia,8.2,8.3,4,32.0,ED_MODERATE_SAFE,1,iso_forest
Bucharest,Romania,6.5,6.5,4,32.0,ED_MODERATE_SAFE,1,lof
Moscow,Russia,-0.7,-0.7,3,25.623134328102235,ED_MODERATE_SAFE,1,iso_forest
Luxembourg,Luxembourg,-1.8,-1.8,3,20.700000000000003,ED_MODERATE_SAFE,1,iso_forest
Budapest,Hungary,4.7,4.7,4,32.0,ED_MODERATE_SAFE,1,iso_forest
Beijing,China,3.0,3.0,6,50.0,ED_CAUTION,1,iso_forest
Basseterre,Saint Kitts and Nevis,24.4,25.7,1,0.0,ED_VERY_SAFE,1,lof
Nassau,Bahamas,22.4,24.7,1,0.0,ED_VERY_SAFE,1,lof
Brussels,Belgium,2.1,2.1,4,33.725582172823806,ED_MODERATE_SAFE,1,iso_forest
Sarajevo,Bosnia and Herzegovina,5.1,5.1,4,32.0,ED_MODERATE_SAFE,1,iso_forest
Beijing,China,0.3,0.3,6,53.38643290716415,ED_CAUTION,1,iso_forest
Zagreb,Croatia,3.2,3.2,4,32.0,ED_MODERATE_SAFE,1,iso_forest
Budapest,Hungary,4.8,4.8,4,32.0,ED_MODERATE_SAFE,1,iso_forest
Tokyo,Japan,9.1,9.1,4,32.0,ED_MODERATE_SAFE,1,iso_forest
Astana,Kazakhstan,-8.9,-8.9,1,20.64223375468469,ED_MODERATE_SAFE,1,iso_forest
Windhoek,Namibia,30.3,30.3,1,21.900000000000002,ED_MODERATE_SAFE,1,lof
Pyongyang,North Korea,0.1,0.1,4,36.67335223642614,ED_CAUTION,1,iso_forest
'S Gravenjansdijk,Belgium,3.1,3.1,4,32.0,ED_MODERATE_SAFE,1,iso_forest
Helsinki,Finland,1.2,1.2,1,7.390822138604535,ED_VERY_SAFE,1,iso_forest
Belgrade,Serbia,2.2,2.2,4,32.0,ED_MODERATE_SAFE,1,iso_forest
Victoria,Seychelles Islands,27.1,29.9,2,27.499999999999996,ED_MODERATE_SAFE,1,lof
Bratislava,Slovakia,4.2,4.2,4,32.0,ED_MODERATE_SAFE,1,iso_forest
Seoul,South Korea,0.0,0.0,4,32.0,ED_MODERATE_SAFE,1,iso_forest
Juba,Sudan,23.1,23.1,4,39.8,ED_CAUTION,1,iso_forest
Ivory,Madagascar,36.9,36.9,1,35.166666666666664,ED_CAUTION,1,iso_forest
Beijing,China,4.3,4.3,5,45.0,ED_CAUTION,1,iso_forest
Zagreb,Croatia,2.4,2.4,4,32.0,ED_MODERATE_SAFE,1,iso_forest
Tallinn,Estonia,3.2,3.2,1,3.911685269699511,ED_VERY_SAFE,1,iso_forest
Addis Ababa,Ethiopia,21.1,21.1,1,12.0,ED_VERY_SAFE,1,lof
Belgrade,Serbia,4.3,4.3,4,32.0,ED_MODERATE_SAFE,1,iso_forest
Bratislava,Slovakia,3.6,3.6,4,32.0,ED_MODERATE_SAFE,1,iso_forest
Juba,Sudan,23.4,23.4,4,41.1,ED_CAUTION,1,iso_forest
Windhoek,Namibia,28.7,28.7,1,17.099999999999998,ED_MODERATE_SAFE,1,lof
Tallinn,Estonia,-1.9,-1.9,1,9.22637805784926,ED_VERY_SAFE,1,iso_forest
Helsinki,Finland,-5.0,-5.0,1,14.29029357397067,ED_VERY_SAFE,1,iso_forest
Tehran,Iran,7.0,7.0,4,32.0,ED_MODERATE_SAFE,1,iso_forest
Kuwait City,Kuwait,19.3,19.3,4,34.4,ED_MODERATE_SAFE,1,iso_forest
Bishkek,Kyrghyzstan,0.3,0.3,3,18.0,ED_MODERATE_SAFE,1,iso_forest
Riga,Latvia,0.1,0.1,1,6.764090454577335,ED_VERY_SAFE,1,iso_forest
Maseru,Lesotho,31.1,31.1,2,32.300000000000004,ED_MODERATE_SAFE,1,lof
Nouakchott,Mauritania,18.2,18.2,4,32.3,ED_MODERATE_SAFE,1,iso_forest
Chi Chi Khvar,Iran,-0.1,-0.1,1,3.9708309138168594,ED_VERY_SAFE,1,iso_forest
Ulaanbaatar,Mongolia,-19.9,-19.9,4,55.25,ED_DANGEROUS,1,iso_forest
Pyongyang,North Korea,-2.5,-2.5,2,19.715666208819677,ED_MODERATE_SAFE,1,iso_forest
Khartoum,Sudan,24.1,24.1,4,41.1,ED_CAUTION,1,iso_forest
Riyadh,Saudi Arabia,15.1,15.1,6,55.5,ED_DANGEROUS,1,iso_forest
Victoria,Seychelles Islands,29.2,35.1,1,32.16666666666667,ED_MODERATE_SAFE,1,lof
Juba,Sudan,23.1,23.1,4,41.1,ED_CAUTION,1,iso_forest
Stockholm,Sweden,-5.0,-5.0,1,15.296042318197822,ED_MODERATE_SAFE,1,iso_forest
Ankara,Turkey,7.7,7.7,4,32.0,ED_MODERATE_SAFE,1,iso_forest
Hanoi,Vietnam,23.2,23.9,6,50.0,ED_CAUTION,1,lof
Ouagadougou,Burkina Faso,25.2,25.2,5,49.3,ED_CAUTION,1,iso_forest
Ivory,Madagascar,37.7,37.7,1,36.50000000000001,ED_CAUTION,1,iso_forest
Ottawa,Canada,-6.9,-6.9,1,18.917274189489376,ED_MODERATE_SAFE,1,iso_forest
N'djamena,Chad,31.2,31.2,5,65.69999999999999,ED_DANGEROUS,1,iso_forest
Beijing,China,3.1,3.1,5,45.0,ED_CAUTION,1,iso_forest
N'djamena,Chad,29.1,29.1,5,59.10000000000001,ED_DANGEROUS,1,iso_forest
Ottawa,Canada,-1.7,-1.7,1,13.019924848382473,ED_VERY_SAFE,1,iso_forest
Ouagadougou,Burkina Faso,26.3,26.3,5,49.3,ED_CAUTION,1,iso_forest
Minsk,Belarus,2.2,2.2,2,14.293170183217901,ED_VERY_SAFE,1,iso_forest
Ivory,Madagascar,39.7,39.7,1,39.83333333333334,ED_CAUTION,1,iso_forest
N'djamena,Chad,29.2,29.2,5,59.849999999999994,ED_DANGEROUS,1,iso_forest
Beijing,China,1.4,1.4,6,50.0,ED_CAUTION,1,iso_forest
Copenhagen,Denmark,8.1,8.1,1,0.0,ED_VERY_SAFE,1,iso_forest
Tallinn,Estonia,2.1,2.1,1,5.20723459100056,ED_VERY_SAFE,1,iso_forest
Helsinki,Finland,-0.8,-0.8,1,5.108040354503892,ED_VERY_SAFE,1,iso_forest
Budapest,Hungary,3.3,3.3,4,32.0,ED_MODERATE_SAFE,1,iso_forest
Vestmannaeyjar,Iceland,-4.7,-4.7,1,16.897430796259414,ED_MODERATE_SAFE,1,iso_forest
Riga,Latvia,4.1,4.1,1,1.9972556583704417,ED_VERY_SAFE,1,iso_forest
Nouakchott,Mauritania,18.8,18.8,4,32.0,ED_MODERATE_SAFE,1,iso_forest
Abuja,Nigeria,34.3,34.3,5,80.79583333333333,ED_VERY_DANGEROUS,1,iso_forest
Skopje,Macedonia,6.1,6.1,4,32.0,ED_MODERATE_SAFE,1,iso_forest
Oslo,Norway,-5.7,-5.7,1,15.634056215090363,ED_MODERATE_SAFE,1,iso_forest
Riyadh,Saudi Arabia,18.2,18.2,5,49.9,ED_CAUTION,1,iso_forest
Belgrade,Serbia,5.0,5.0,4,32.0,ED_MODERATE_SAFE,1,iso_forest
Colombo,Sri Lanka,24.2,26.4,2,8.0,ED_VERY_SAFE,1,lof
Khartoum,Sudan,23.1,23.1,4,40.7,ED_CAUTION,1,iso_forest
Stockholm,Sweden,-0.7,-0.7,1,6.797406524133102,ED_VERY_SAFE,1,iso_forest
Tashkent,Uzbekistan,3.4,3.4,4,32.0,ED_MODERATE_SAFE,1,iso_forest
Buenos Aires,Argentina,19.4,19.4,2,8.0,ED_VERY_SAFE,1,lof
Tunis,Tunisia,16.4,16.4,1,0.0,ED_VERY_SAFE,1,lof
Juba,Sudan,24.7,24.7,4,41.2,ED_CAUTION,1,iso_forest
Suva,Fiji Islands,26.3,29.6,1,7.800000000000004,ED_VERY_SAFE,1,lof
Gaborone,Botswana,36.3,36.3,2,42.166666666666664,ED_CAUTION,1,iso_forest
Kuala Lumpur,Malaysia,23.6,26.0,2,8.0,ED_VERY_SAFE,1,lof
Ulaanbaatar,Mongolia,-17.0,-17.0,2,28.833333333333332,ED_MODERATE_SAFE,1,iso_forest
Windhoek,Namibia,32.3,32.3,1,27.499999999999993,ED_MODERATE_SAFE,1,iso_forest
Aurora,Paraguay,27.7,29.7,1,8.099999999999998,ED_VERY_SAFE,1,lof
Warsaw,Poland,3.3,3.3,4,32.0,ED_MODERATE_SAFE,1,iso_forest
Ankara,Turkey,3.3,3.3,4,32.0,ED_MODERATE_SAFE,1,iso_forest
Kyiv,Ukraine,1.5,1.5,4,33.72706030697098,ED_MODERATE_SAFE,1,iso_forest
Harare,Zimbabwe,25.8,25.8,1,12.0,ED_VERY_SAFE,1,lof
Nassau,Bahamas,24.0,26.0,1,0.0,ED_VERY_SAFE,1,lof
Bridgetown,Barbados,28.2,30.6,1,10.800000000000004,ED_VERY_SAFE,1,lof
Vestmannaeyjar,Iceland,0.3,0.3,1,11.709128680100166,ED_VERY_SAFE,1,iso_forest
Vestmannaeyjar,Iceland,-5.7,-5.7,1,19.672879595932944,ED_MODERATE_SAFE,1,iso_forest
Astana,Kazakhstan,-10.0,-10.0,2,26.943602677813608,ED_MODERATE_SAFE,1,iso_forest
Antananarivo,Madagascar,22.3,24.7,1,10.6,ED_VERY_SAFE,1,lof
Lilongwe,Malawi,27.3,27.3,1,12.900000000000002,ED_VERY_SAFE,1,lof
Ulaanbaatar,Mongolia,-19.6,-19.6,4,55.0,ED_DANGEROUS,1,iso_forest
Windhoek,Namibia,30.1,30.1,1,21.300000000000004,ED_MODERATE_SAFE,1,iso_forest
Kingstown,Saint Vincent and the Grenadines,28.1,30.3,1,9.900000000000002,ED_VERY_SAFE,1,lof
Luanda,Angola,25.1,27.1,2,18.000000000000004,ED_MODERATE_SAFE,1,lof
Gaborone,Botswana,37.2,37.2,1,35.66666666666667,ED_CAUTION,1,iso_forest
Beijing,China,5.1,5.1,6,50.0,ED_CAUTION,1,iso_forest
Astana,Kazakhstan,-5.8,-5.8,2,23.66757329342287,ED_MODERATE_SAFE,1,iso_forest
Amman,Jordan,16.2,16.2,1,2.6999999999999997,ED_VERY_SAFE,1,lof
Kyiv,Ukraine,1.3,1.3,4,32.0,ED_MODERATE_SAFE,1,iso_forest
Ulaanbaatar,Mongolia,-18.7,-18.7,4,54.25,ED_CAUTION,1,iso_forest
Riyadh,Saudi Arabia,17.2,17.2,6,51.8,ED_CAUTION,1,iso_forest
Abu Dhabi,United Arab Emirates,29.3,34.2,3,37.26666666666667,ED_CAUTION,1,lof
Beijing,China,11.1,11.1,5,45.0,ED_CAUTION,1,iso_forest
Zagreb,Croatia,7.2,7.2,2,8.0,ED_VERY_SAFE,1,lof
Astana,Kazakhstan,-5.7,-5.7,4,46.31792334431053,ED_CAUTION,1,iso_forest
Laos,Indonesia,22.3,24.7,1,0.0,ED_VERY_SAFE,1,lof
Niamey,Niger,27.3,27.3,4,38.400000000000006,ED_CAUTION,1,iso_forest
Lisbon,Portugal,17.2,17.2,3,18.0,ED_MODERATE_SAFE,1,lof
Doha,Qatar,24.1,24.8,4,36.0,ED_CAUTION,1,lof
Moscow,Russia,1.3,1.3,4,34.528057166627626,ED_MODERATE_SAFE,1,iso_forest
Apia,Samoa,25.3,27.3,1,0.9000000000000021,ED_VERY_SAFE,1,lof
Montevideo,Uruguay,16.2,16.2,1,0.0,ED_VERY_SAFE,1,lof
Juba,Sudan,25.2,25.2,4,41.6,ED_CAUTION,1,iso_forest
Saint John's,Antigua and Barbuda,27.2,29.1,1,6.300000000000004,ED_VERY_SAFE,1,lof
Suva,Fiji Islands,23.2,25.5,1,0.0,ED_VERY_SAFE,1,lof
Tokyo,Japan,15.2,15.2,2,8.0,ED_VERY_SAFE,1,lof
Astana,Kazakhstan,-11.0,-11.0,2,26.390347987994666,ED_MODERATE_SAFE,1,iso_forest
Dhidhdhoo,Maldives,28.0,31.4,3,34.9,ED_MODERATE_SAFE,1,lof
Palikir,Micronesia,29.4,34.8,2,27.666666666666664,ED_MODERATE_SAFE,1,lof
National,Bolivia,21.8,21.8,1,0.0,ED_VERY_SAFE,1,lof
Aurora,Paraguay,24.0,26.9,1,0.0,ED_VERY_SAFE,1,lof
Warsaw,Poland,4.3,4.3,4,32.0,ED_MODERATE_SAFE,1,iso_forest
Apia,Samoa,25.1,26.9,1,0.0,ED_VERY_SAFE,1,lof
Lilongwe,Malawi,32.6,32.6,1,28.000000000000004,ED_MODERATE_SAFE,1,iso_forest
Windhoek,Namibia,32.3,32.3,1,27.499999999999993,ED_MODERATE_SAFE,1,iso_forest
Manila,Philippines,30.1,35.0,1,20.0,ED_MODERATE_SAFE,1,lof
Beijing,China,2.4,2.4,6,51.920762300561094,ED_CAUTION,1,iso_forest
Windhoek,Namibia,31.3,31.3,1,24.900000000000002,ED_MODERATE_SAFE,1,iso_forest
Amsterdam,Netherlands,5.4,5.4,2,8.0,ED_VERY_SAFE,1,lof
Warsaw,Poland,2.3,2.3,4,32.0,ED_MODERATE_SAFE,1,iso_forest
Moscow,Russia,-3.7,-3.7,3,28.57191891510144,ED_MODERATE_SAFE,1,iso_forest
Kingstown,Saint Vincent and the Grenadines,27.6,29.9,2,16.699999999999996,ED_MODERATE_SAFE,1,lof
Pretoria,South Africa,31.2,31.2,1,24.599999999999998,ED_MODERATE_SAFE,1,iso_forest
Juba,Sudan,26.7,26.7,4,41.7,ED_CAUTION,1,iso_forest
Lusaka,Zambia,34.4,34.4,1,30.999999999999996,ED_MODERATE_SAFE,1,iso_forest
Bras,Brazil,23.1,25.6,1,0.0,ED_VERY_SAFE,1,lof
Phnom Penh,Cambodia,32.4,38.8,1,26.33333333333333,ED_MODERATE_SAFE,1,hot_but_safe
Georgetown,Guyana,22.0,24.5,2,8.0,ED_VERY_SAFE,1,lof
Nouakchott,Mauritania,25.7,25.7,4,32.0,ED_MODERATE_SAFE,1,lof
Vestmannaeyjar,Iceland,-0.8,-0.8,1,9.812590507259644,ED_VERY_SAFE,1,iso_forest
Bishkek,Kyrghyzstan,3.2,3.2,4,32.0,ED_MODERATE_SAFE,1,iso_forest
Maseru,Lesotho,28.2,28.2,1,15.599999999999998,ED_MODERATE_SAFE,1,iso_forest
Majuro,Marshall Islands,29.4,37.0,1,23.333333333333336,ED_MODERATE_SAFE,1,lof
Nouakchott,Mauritania,24.6,24.6,5,45.0,ED_CAUTION,1,iso_forest
Ulaanbaatar,Mongolia,-21.9,-21.9,4,56.916666666666664,ED_DANGEROUS,1,iso_forest
National,Bolivia,21.9,21.9,1,0.0,ED_VERY_SAFE,1,lof
Aurora,Paraguay,25.6,27.5,1,1.5,ED_VERY_SAFE,1,lof
Warsaw,Poland,3.4,3.4,3,19.309942280538912,ED_MODERATE_SAFE,1,lof
Victoria,Seychelles Islands,30.0,37.1,1,26.200000000000003,ED_MODERATE_SAFE,1,lof
Maputo,Mozambique,36.3,39.2,1,39.00000000000001,ED_CAUTION,1,iso_forest
Bishkek,Kyrghyzstan,3.6,3.6,4,32.0,ED_MODERATE_SAFE,1,iso_forest
Kingstown,Saint Vincent and the Grenadines,27.8,31.0,2,20.0,ED_MODERATE_SAFE,1,lof
Ulaanbaatar,Mongolia,-17.8,-17.8,3,39.5,ED_CAUTION,1,iso_forest
Riyadh,Saudi Arabia,20.0,20.0,6,54.6,ED_CAUTION,1,iso_forest
Pretoria,South Africa,31.4,31.4,1,25.199999999999996,ED_MODERATE_SAFE,1,iso_forest
Dodoma,Tanzania,21.6,21.6,1,9.7,ED_VERY_SAFE,1,lof
Nuku`Aloia,Tonga,25.2,28.2,1,3.599999999999998,ED_VERY_SAFE,1,lof
Lusaka,Zambia,33.4,33.4,1,29.333333333333332,ED_MODERATE_SAFE,1,iso_forest
Bridgetown,Barbados,27.4,28.9,2,13.699999999999996,ED_VERY_SAFE,1,lof
Sarajevo,Bosnia and Herzegovina,3.2,3.2,4,32.0,ED_MODERATE_SAFE,1,iso_forest
Gaborone,Botswana,38.1,38.1,1,37.16666666666667,ED_CAUTION,1,iso_forest
Beijing,China,5.0,5.0,6,50.0,ED_CAUTION,1,iso_forest
Astana,Kazakhstan,-10.9,-10.9,1,20.625835035802005,ED_MODERATE_SAFE,1,iso_forest
Windhoek,Namibia,34.4,34.4,1,30.999999999999996,ED_MODERATE_SAFE,1,iso_forest
Tokyo,Japan,14.2,14.2,3,18.0,ED_MODERATE_SAFE,1,lof
Oslo,Norway,-4.9,-4.9,2,15.350000000000001,ED_MODERATE_SAFE,1,iso_forest
Castries,Saint Lucia,28.2,31.1,2,20.300000000000004,ED_MODERATE_SAFE,1,lof
Kingstown,Saint Vincent and the Grenadines,27.7,29.7,2,16.099999999999998,ED_MODERATE_SAFE,1,lof
Riyadh,Saudi Arabia,24.2,24.2,6,54.6,ED_CAUTION,1,iso_forest
Juba,Sudan,26.7,26.7,4,41.4,ED_CAUTION,1,iso_forest
Nuku`Aloia,Tonga,26.0,29.8,1,8.400000000000002,ED_VERY_SAFE,1,lof
Lusaka,Zambia,33.8,33.8,1,29.999999999999996,ED_MODERATE_SAFE,1,iso_forest
Ottawa,Canada,-0.7,-0.7,1,8.359491430926292,ED_VERY_SAFE,1,iso_forest
Beijing,China,2.3,2.3,5,47.67008792124626,ED_CAUTION,1,iso_forest
Vestmannaeyjar,Iceland,1.1,1.1,1,9.331672961408685,ED_VERY_SAFE,1,iso_forest
Juba,Sudan,26.0,26.0,4,41.3,ED_CAUTION,1,iso_forest
Aurora,Paraguay,30.8,33.6,1,17.666666666666668,ED_MODERATE_SAFE,1,lof
Honiara,Solomon Islands,26.4,30.0,1,9.0,ED_VERY_SAFE,1,lof
Vaduz,Liechtenstein,-9.1,-9.1,1,19.33034022748152,ED_MODERATE_SAFE,1,iso_forest
Gaborone,Botswana,34.8,34.8,2,39.666666666666664,ED_CAUTION,1,lof
Bandar Seri Begawan,Brunei Darussalam,30.3,38.4,2,33.666666666666664,ED_MODERATE_SAFE,1,hot_but_safe
Beijing,China,8.1,8.1,6,50.0,ED_CAUTION,1,iso_forest
Bogot,Bulgaria,4.1,4.1,1,2.9760416117152637,ED_VERY_SAFE,1,iso_forest
Tallinn,Estonia,-1.7,-1.7,1,11.74080192542786,ED_VERY_SAFE,1,iso_forest
Athens,Greece,20.4,20.4,1,0.0,ED_VERY_SAFE,1,lof
Vestmannaeyjar,Iceland,1.0,1.0,1,8.447273942983603,ED_VERY_SAFE,1,iso_forest
New Delhi,India,28.2,28.2,6,54.199999999999996,ED_CAUTION,1,iso_forest
Tehran,Iran,16.2,16.2,5,47.4,ED_CAUTION,1,iso_forest
Dublin,Ireland,13.2,13.2,1,0.0,ED_VERY_SAFE,1,iso_forest
Ulaanbaatar,Mongolia,-10.0,-10.0,2,27.98115701275814,ED_MODERATE_SAFE,1,iso_forest
Bern,Switzerland,-6.8,-6.8,1,10.2,ED_VERY_SAFE,1,iso_forest
Riyadh,Saudi Arabia,23.1,23.4,5,50.0,ED_CAUTION,1,iso_forest
Stockholm,Sweden,-1.9,-1.9,1,10.372553357694077,ED_VERY_SAFE,1,iso_forest
Tirana,Albania,6.2,6.2,1,0.0,ED_VERY_SAFE,1,lof
Ivory,Madagascar,35.0,35.0,2,40.0,ED_CAUTION,1,lof
Phnom Penh,Cambodia,33.2,39.4,1,29.73333333333333,ED_MODERATE_SAFE,1,hot_but_safe
Addis Ababa,Ethiopia,18.3,18.3,3,28.4,ED_MODERATE_SAFE,1,lof
Port-Au-Prince,Haiti,22.0,22.0,3,18.0,ED_MODERATE_SAFE,1,lof
Vestmannaeyjar,Iceland,-1.3,-1.3,1,12.84556544108787,ED_VERY_SAFE,1,iso_forest
Dublin,Ireland,9.3,9.3,1,0.0,ED_VERY_SAFE,1,iso_forest
Astana,Kazakhstan,-3.9,-3.9,2,19.13790959595051,ED_MODERATE_SAFE,1,iso_forest
Sarajevo,Bosnia and Herzegovina,-3.8,-3.8,3,23.7,ED_MODERATE_SAFE,1,iso_forest
Riyadh,Saudi Arabia,27.1,27.1,5,50.7,ED_CAUTION,1,iso_forest
Maputo,Mozambique,29.0,31.5,2,31.8,ED_MODERATE_SAFE,1,lof
Sofia,Bulgaria,3.4,3.4,2,8.0,ED_VERY_SAFE,1,lof
Port Louis,Mauritius,25.8,28.7,1,17.099999999999998,ED_MODERATE_SAFE,1,lof
Yangon,Myanmar,33.2,38.1,2,33.46666666666667,ED_MODERATE_SAFE,1,hot_but_safe
Oslo,Norway,-2.7,-2.7,1,9.359280858699002,ED_VERY_SAFE,1,iso_forest
National,Bolivia,22.0,22.0,1,0.0,ED_VERY_SAFE,1,lof
Warsaw,Poland,2.2,2.2,2,11.879005410008102,ED_VERY_SAFE,1,iso_forest
Riyadh,Saudi Arabia,28.2,28.2,6,58.89999999999999,ED_DANGEROUS,1,iso_forest
Juba,Sudan,22.0,22.0,3,23.3,ED_MODERATE_SAFE,1,iso_forest
Kyiv,Ukraine,0.9,0.9,1,5.80629537150071,ED_VERY_SAFE,1,iso_forest
Nassau,Bahamas,22.3,24.7,1,0.0,ED_VERY_SAFE,1,lof
Minsk,Belarus,-0.7,-0.7,2,18.176290667968242,ED_MODERATE_SAFE,1,iso_forest
Beijing,China,12.3,12.3,6,50.0,ED_CAUTION,1,iso_forest
Bucharest,Romania,6.0,6.0,2,8.0,ED_VERY_SAFE,1,lof
Prague,Czech Republic,0.4,0.4,2,15.928783079204393,ED_MODERATE_SAFE,1,iso_forest
Tallinn,Estonia,-2.0,-2.0,1,12.398380207803978,ED_VERY_SAFE,1,iso_forest
Helsinki,Finland,-0.0,-0.0,1,8.9730012145314,ED_VERY_SAFE,1,iso_forest
Astana,Kazakhstan,-2.6,-2.6,1,7.10666492311272,ED_VERY_SAFE,1,iso_forest
Riga,Latvia,0.1,0.1,2,16.294747248290363,ED_MODERATE_SAFE,1,iso_forest
Vaduz,Liechtenstein,-10.2,-10.2,1,15.166666666666666,ED_MODERATE_SAFE,1,iso_forest
Vilnius,Lithuania,-0.9,-0.9,2,18.003341881721695,ED_MODERATE_SAFE,1,iso_forest
Valletta,Malta,22.0,24.6,1,0.0,ED_VERY_SAFE,1,lof
Port Louis,Mauritius,27.1,29.5,1,19.5,ED_MODERATE_SAFE,1,lof
Airai,Palau,29.3,35.3,1,20.499999999999996,ED_MODERATE_SAFE,1,lof
Valletta,Malta,17.1,17.1,1,0.0,ED_VERY_SAFE,1,lof
Windhoek,Namibia,29.1,29.1,1,13.050000000000004,ED_VERY_SAFE,1,lof
Windhoek,Namibia,30.1,30.1,1,21.300000000000004,ED_MODERATE_SAFE,1,iso_forest
Singapore,Singapore,25.3,28.1,1,3.3000000000000043,ED_VERY_SAFE,1,lof
Riyadh,Saudi Arabia,28.1,28.1,6,59.00000000000001,ED_DANGEROUS,1,iso_forest
Singapore,Singapore,25.1,27.0,2,8.0,ED_VERY_SAFE,1,lof
Colombo,Sri Lanka,27.2,32.0,2,23.0,ED_MODERATE_SAFE,1,lof
Ankara,Turkey,1.3,1.3,2,10.410629862530445,ED_VERY_SAFE,1,lof
Funafuti,Tuvalu,30.0,36.1,2,29.833333333333336,ED_MODERATE_SAFE,1,lof
Buenos Aires,Argentina,20.1,20.1,2,8.0,ED_VERY_SAFE,1,lof
Tehran,Iran,14.4,14.4,4,32.0,ED_MODERATE_SAFE,1,lof
Tokyo,Japan,17.0,17.0,3,18.0,ED_MODERATE_SAFE,1,lof
Ulaanbaatar,Mongolia,-7.6,-7.6,1,20.722160368599294,ED_MODERATE_SAFE,1,iso_forest
Aurora,Paraguay,28.4,30.2,1,9.599999999999998,ED_VERY_SAFE,1,lof
Juba,Sudan,22.8,22.8,4,39.5,ED_CAUTION,1,iso_forest
Kuala Lumpur,Malaysia,29.2,37.6,3,42.333333333333336,ED_CAUTION,1,lof
Colombo,Sri Lanka,27.0,30.6,2,19.400000000000006,ED_MODERATE_SAFE,1,lof
Ankara,Turkey,1.2,1.2,4,32.0,ED_MODERATE_SAFE,1,iso_forest
Kampala,Uganda,20.4,20.4,2,17.2,ED_MODERATE_SAFE,1,lof
Manama,Bahrain,22.1,24.6,3,21.7,ED_MODERATE_SAFE,1,lof
Gaborone,Botswana,29.2,29.2,1,18.599999999999998,ED_MODERATE_SAFE,1,iso_forest
Ivory,Madagascar,38.0,38.2,1,34.43333333333334,ED_MODERATE_SAFE,1,hot_but_safe
Phnom Penh,Cambodia,30.1,33.7,1,17.83333333333334,ED_MODERATE_SAFE,1,lof
Tokyo,Japan,13.1,13.1,2,8.0,ED_VERY_SAFE,1,lof
Kuwait City,Kuwait,17.5,17.5,4,32.6,ED_MODERATE_SAFE,1,iso_forest
Laos,Indonesia,21.8,21.8,2,8.0,ED_VERY_SAFE,1,lof
Mexico City,Mexico,8.3,8.3,4,32.0,ED_MODERATE_SAFE,1,iso_forest
Jakarta,Indonesia,32.3,38.4,5,81.72916666666666,ED_VERY_DANGEROUS,1,iso_forest
Yaren,Turkey,7.2,7.2,2,8.0,ED_VERY_SAFE,1,iso_forest
Beijing,China,5.1,5.1,4,32.0,ED_MODERATE_SAFE,1,iso_forest
Pyongyang,North Korea,7.2,7.2,4,32.0,ED_MODERATE_SAFE,1,iso_forest
Skopje,Macedonia,3.4,3.4,3,18.0,ED_MODERATE_SAFE,1,iso_forest
Oslo,Norway,-4.0,-4.0,1,9.502364686744382,ED_VERY_SAFE,1,iso_forest
Airai,Palau,29.2,35.0,1,20.0,ED_MODERATE_SAFE,1,lof
Lisbon,Portugal,16.3,16.3,2,8.0,ED_VERY_SAFE,1,lof
Bucharest,Romania,1.1,1.1,3,21.43463552934592,ED_MODERATE_SAFE,1,iso_forest
Pretoria,South Africa,25.0,25.3,3,28.2,ED_MODERATE_SAFE,1,lof
London,United Kingdom,16.0,16.0,1,0.0,ED_VERY_SAFE,1,iso_forest
Saint John's,Antigua and Barbuda,28.1,32.0,1,15.0,ED_MODERATE_SAFE,1,lof
Buenos Aires,Argentina,22.3,24.8,2,8.0,ED_VERY_SAFE,1,lof
Addis Ababa,Ethiopia,20.4,20.4,3,28.6,ED_MODERATE_SAFE,1,lof
Ivory,Madagascar,38.1,38.1,1,37.16666666666667,ED_CAUTION,1,iso_forest
Tegucigalpa,Honduras,17.2,17.2,2,8.0,ED_VERY_SAFE,1,lof
Vestmannaeyjar,Iceland,-2.6,-2.6,1,15.170161237927863,ED_MODERATE_SAFE,1,iso_forest
Jakarta,Indonesia,32.9,36.9,5,79.22916666666666,ED_VERY_DANGEROUS,1,iso_forest
Tarawa,Kiribati,28.4,31.7,2,22.099999999999998,ED_MODERATE_SAFE,1,lof
Airai,Palau,29.1,35.0,1,20.0,ED_MODERATE_SAFE,1,lof
Manila,Philippines,32.2,38.8,1,26.33333333333333,ED_MODERATE_SAFE,1,hot_but_safe
Bucharest,Romania,4.1,4.1,4,32.0,ED_MODERATE_SAFE,1,iso_forest
Riyadh,Saudi Arabia,27.2,27.2,6,53.3,ED_CAUTION,1,iso_forest
Honiara,Solomon Islands,30.2,38.2,1,25.33333333333334,ED_MODERATE_SAFE,1,hot_but_safe
Buenos Aires,Argentina,22.4,24.8,1,0.0,ED_VERY_SAFE,1,lof
Sanaa,Yemen,22.2,22.2,1,9.8,ED_VERY_SAFE,1,lof
Lusaka,Zambia,36.0,36.0,1,33.66666666666667,ED_MODERATE_SAFE,1,iso_forest
Brussels,Belgium,10.3,10.3,1,0.0,ED_VERY_SAFE,1,iso_forest
Jakarta,Indonesia,27.3,29.6,2,15.800000000000004,ED_MODERATE_SAFE,1,lof
Bras,Brazil,23.9,26.6,2,8.0,ED_VERY_SAFE,1,lof
Ouagadougou,Burkina Faso,32.1,32.1,5,79.32916666666668,ED_VERY_DANGEROUS,1,iso_forest
Ottawa,Canada,-7.5,-7.5,2,23.453141225152635,ED_MODERATE_SAFE,1,iso_forest
N'djamena,Chad,29.2,29.2,5,59.099999999999994,ED_DANGEROUS,1,iso_forest
Beijing,China,3.2,3.2,4,33.39747627585425,ED_MODERATE_SAFE,1,iso_forest
Zagreb,Croatia,1.0,1.0,4,32.0,ED_MODERATE_SAFE,1,iso_forest
Copenhagen,Denmark,3.4,3.4,2,11.08273346284085,ED_VERY_SAFE,1,lof
Santo Domingo,Dominican Republic,22.3,24.7,1,0.0,ED_VERY_SAFE,1,lof
Helsinki,Finland,0.1,0.1,1,8.579914730639109,ED_VERY_SAFE,1,iso_forest
Tbilisi,Georgia,1.1,1.1,1,7.586644351139249,ED_VERY_SAFE,1,iso_forest
Maseru,Lesotho,32.4,32.4,1,27.666666666666664,ED_MODERATE_SAFE,1,iso_forest
Harare,Zimbabwe,34.8,34.8,1,31.666666666666664,ED_MODERATE_SAFE,1,iso_forest
Luxembourg,Luxembourg,-1.6,-1.6,3,27.054163996101153,ED_MODERATE_SAFE,1,iso_forest
Chi Chi Khvar,Iran,-4.8,-4.8,1,16.755438245774307,ED_MODERATE_SAFE,1,iso_forest
Windhoek,Namibia,31.1,31.1,1,24.300000000000004,ED_MODERATE_SAFE,1,iso_forest
Moscow,Russia,-4.6,-4.6,3,32.55034336144739,ED_MODERATE_SAFE,1,iso_forest
Riyadh,Saudi Arabia,20.3,20.3,5,49.3,ED_CAUTION,1,iso_forest
Pretoria,South Africa,33.4,33.4,1,29.333333333333332,ED_MODERATE_SAFE,1,iso_forest
Seoul,South Korea,-1.6,-1.6,3,27.81539250925716,ED_MODERATE_SAFE,1,iso_forest
Juba,Sudan,27.3,27.3,4,41.75000000000001,ED_CAUTION,1,iso_forest
Colombo,Sri Lanka,30.0,38.2,2,33.33333333333334,ED_MODERATE_SAFE,1,hot_but_safe
Stockholm,Sweden,1.1,1.1,1,6.188314392480738,ED_VERY_SAFE,1,iso_forest
Yerevan,Armenia,1.1,1.1,1,6.38027242765842,ED_VERY_SAFE,1,iso_forest
Lusaka,Zambia,37.4,37.4,1,36.0,ED_CAUTION,1,iso_forest
Kyiv,Ukraine,-3.9,-3.9,2,22.52739412630205,ED_MODERATE_SAFE,1,iso_forest
Astana,Kazakhstan,-5.0,-5.0,2,25.016808913174557,ED_MODERATE_SAFE,1,iso_forest
Gaborone,Botswana,38.4,38.4,1,37.666666666666664,ED_CAUTION,1,iso_forest
Ivory,Madagascar,38.8,39.9,1,40.166666666666664,ED_CAUTION,1,iso_forest
Phnom Penh,Cambodia,27.1,30.3,1,9.900000000000002,ED_VERY_SAFE,1,lof
Ottawa,Canada,-9.9,-9.9,1,17.883506380443578,ED_MODERATE_SAFE,1,iso_forest
Beijing,China,2.2,2.2,2,11.023158448723873,ED_VERY_SAFE,1,iso_forest
Zagreb,Croatia,1.3,1.3,4,32.0,ED_MODERATE_SAFE,1,iso_forest
Havana,Cuba,21.3,21.3,1,0.0,ED_VERY_SAFE,1,lof
Georgetown,Guyana,23.3,25.6,1,0.0,ED_VERY_SAFE,1,lof
Budapest,Hungary,2.3,2.3,4,32.62717340966107,ED_MODERATE_SAFE,1,iso_forest
Vestmannaeyjar,Iceland,-2.9,-2.9,1,15.977027656978464,ED_MODERATE_SAFE,1,iso_forest
Laos,Indonesia,21.5,21.5,2,8.0,ED_VERY_SAFE,1,lof
Kyiv,Ukraine,-2.8,-2.8,1,14.016319659095544,ED_VERY_SAFE,1,iso_forest
Valletta,Malta,20.2,20.2,2,10.100000000000001,ED_VERY_SAFE,1,lof
Ulaanbaatar,Mongolia,-20.1,-20.1,4,55.41666666666667,ED_DANGEROUS,1,iso_forest
National,Bolivia,22.8,25.2,1,0.0,ED_VERY_SAFE,1,lof
Aurora,Paraguay,29.9,32.1,1,15.16666666666667,ED_MODERATE_SAFE,1,lof
Warsaw,Poland,1.3,1.3,3,18.0,ED_MODERATE_SAFE,1,iso_forest
Moscow,Russia,-6.9,-6.9,2,27.055562710446484,ED_MODERATE_SAFE,1,iso_forest
Belgrade,Serbia,3.4,3.4,4,32.0,ED_MODERATE_SAFE,1,iso_forest
Bratislava,Slovakia,0.1,0.1,3,22.67335223642614,ED_MODERATE_SAFE,1,iso_forest
Seoul,South Korea,1.4,1.4,3,22.24378402488798,ED_MODERATE_SAFE,1,iso_forest
Ashgabat,Turkmenistan,14.0,14.0,2,8.0,ED_VERY_SAFE,1,lof
Ashgabat,Turkmenistan,9.0,9.0,3,18.0,ED_MODERATE_SAFE,1,lof
Yerevan,Armenia,1.0,1.0,1,0.0,ED_VERY_SAFE,1,iso_forest
Gaborone,Botswana,37.3,37.3,1,35.83333333333333,ED_CAUTION,1,iso_forest
Tehran,Iran,3.3,3.3,4,32.0,ED_MODERATE_SAFE,1,iso_forest
Andorra La Vella,Andorra,4.5,4.5,1,0.0,ED_VERY_SAFE,1,lof
Minsk,Belarus,6.1,6.1,1,0.0,ED_VERY_SAFE,1,iso_forest
Ivory,Madagascar,39.4,39.4,1,39.33333333333333,ED_CAUTION,1,iso_forest
Ottawa,Canada,-4.9,-4.9,2,21.269901063838095,ED_MODERATE_SAFE,1,iso_forest
N'djamena,Chad,26.2,26.2,5,51.9,ED_CAUTION,1,iso_forest
Beijing,China,6.1,6.1,5,45.0,ED_CAUTION,1,iso_forest
Tallinn,Estonia,4.4,4.4,1,2.6317174566062977,ED_VERY_SAFE,1,iso_forest
Helsinki,Finland,2.1,2.1,1,6.31773335983752,ED_VERY_SAFE,1,iso_forest
Paris,France,9.3,9.3,2,8.0,ED_VERY_SAFE,1,lof
Libreville,Gabon,29.3,33.3,2,35.16666666666666,ED_CAUTION,1,lof
Bishkek,Kyrghyzstan,-4.6,-4.6,2,19.985902594320805,ED_MODERATE_SAFE,1,iso_forest
Tashkent,Uzbekistan,-3.6,-3.6,1,10.607907304557173,ED_VERY_SAFE,1,iso_forest
Riga,Latvia,6.3,6.3,1,0.0,ED_VERY_SAFE,1,iso_forest
Vilnius,Lithuania,6.2,6.2,1,0.0,ED_VERY_SAFE,1,iso_forest
Luxembourg,Luxembourg,7.2,7.2,1,0.0,ED_VERY_SAFE,1,lof
Valletta,Malta,14.3,14.3,1,0.0,ED_VERY_SAFE,1,lof
Nouakchott,Mauritania,26.0,26.0,5,45.0,ED_CAUTION,1,iso_forest
Palikir,Micronesia,28.0,32.2,2,23.333333333333336,ED_MODERATE_SAFE,1,lof
Monaco,Monaco,13.3,13.9,1,0.0,ED_VERY_SAFE,1,lof
Maputo,Mozambique,34.2,40.7,2,49.50000000000001,ED_CAUTION,1,lof
Windhoek,Namibia,31.8,31.8,1,26.400000000000002,ED_MODERATE_SAFE,1,iso_forest
Riyadh,Saudi Arabia,14.3,14.3,6,54.6,ED_CAUTION,1,iso_forest
Algiers,Algeria,12.2,12.6,2,8.0,ED_VERY_SAFE,1,lof
Ashgabat,Turkmenistan,3.4,3.4,1,0.0,ED_VERY_SAFE,1,lof
Nassau,Bahamas,23.4,25.5,1,0.0,ED_VERY_SAFE,1,lof
Kuwait City,Kuwait,16.3,16.3,6,53.1,ED_CAUTION,1,iso_forest
Minsk,Belarus,0.3,0.3,2,16.393565924780432,ED_MODERATE_SAFE,1,iso_forest
Sarajevo,Bosnia and Herzegovina,5.1,5.1,4,32.0,ED_MODERATE_SAFE,1,iso_forest
Ivory,Madagascar,38.9,38.9,1,38.5,ED_CAUTION,1,iso_forest
Ottawa,Canada,-9.4,-9.4,2,26.00548494450384,ED_MODERATE_SAFE,1,iso_forest
N'djamena,Chad,28.2,28.2,5,55.64999999999999,ED_DANGEROUS,1,iso_forest
Beijing,China,6.1,6.1,4,32.0,ED_MODERATE_SAFE,1,iso_forest
Zagreb,Croatia,1.2,1.2,4,32.0,ED_MODERATE_SAFE,1,iso_forest
Tallinn,Estonia,-2.6,-2.6,1,15.045504889994676,ED_MODERATE_SAFE,1,iso_forest
Helsinki,Finland,-6.0,-6.0,1,18.089837227528204,ED_MODERATE_SAFE,1,iso_forest
Vestmannaeyjar,Iceland,2.3,2.3,1,7.2704624945435015,ED_VERY_SAFE,1,iso_forest
Riga,Latvia,2.1,2.1,1,6.1241846544007394,ED_VERY_SAFE,1,iso_forest
Colombo,Sri Lanka,28.3,31.3,2,20.900000000000002,ED_MODERATE_SAFE,1,lof
Maseru,Lesotho,32.2,32.2,1,27.333333333333336,ED_MODERATE_SAFE,1,iso_forest
Chi Chi Khvar,Iran,-2.2,-2.2,1,6.422179276360817,ED_VERY_SAFE,1,iso_forest
Ulaanbaatar,Mongolia,-16.6,-16.6,4,52.5,ED_CAUTION,1,iso_forest
Lisbon,Portugal,9.3,9.3,2,8.0,ED_VERY_SAFE,1,lof
Doha,Qatar,21.1,21.1,4,35.7,ED_CAUTION,1,iso_forest
Apia,Samoa,25.3,27.1,1,0.30000000000000426,ED_VERY_SAFE,1,lof
Riyadh,Saudi Arabia,14.1,14.1,6,54.5,ED_CAUTION,1,iso_forest
Honiara,Solomon Islands,25.1,27.5,1,1.5,ED_VERY_SAFE,1,lof
Seoul,South Korea,0.2,0.2,3,24.198326280434035,ED_MODERATE_SAFE,1,iso_forest
Juba,Sudan,24.3,24.3,5,54.2,ED_CAUTION,1,iso_forest
Sarajevo,Bosnia and Herzegovina,2.1,2.1,4,32.0,ED_MODERATE_SAFE,1,iso_forest
Brussels,Belgium,1.0,1.0,4,33.96180747571262,ED_MODERATE_SAFE,1,iso_forest
Minsk,Belarus,-4.6,-4.6,1,15.7418926602442,ED_MODERATE_SAFE,1,iso_forest
Kingstown,Saint Vincent and the Grenadines,27.5,29.8,2,16.400000000000002,ED_MODERATE_SAFE,1,lof
Victoria,Seychelles Islands,27.1,30.2,1,12.299999999999997,ED_VERY_SAFE,1,lof
Ashgabat,Turkmenistan,3.2,3.2,1,2.728297551064383,ED_VERY_SAFE,1,iso_forest
Phnom Penh,Cambodia,30.2,33.0,1,16.666666666666668,ED_MODERATE_SAFE,1,lof
Beijing,China,3.3,3.3,5,45.0,ED_CAUTION,1,iso_forest
Georgetown,Guyana,24.1,26.4,1,0.0,ED_VERY_SAFE,1,lof
Dublin,Ireland,5.4,5.4,1,0.0,ED_VERY_SAFE,1,lof
Laos,Indonesia,21.9,21.9,2,8.0,ED_VERY_SAFE,1,lof
Maseru,Lesotho,34.3,34.3,1,30.83333333333333,ED_MODERATE_SAFE,1,iso_forest
Pyongyang,North Korea,-1.1,-1.1,3,19.65,ED_MODERATE_SAFE,1,iso_forest
Moscow,Russia,-0.8,-0.8,4,33.2,ED_MODERATE_SAFE,1,iso_forest
Riyadh,Saudi Arabia,28.2,28.2,4,38.699999999999996,ED_CAUTION,1,lof
Nouakchott,Mauritania,22.5,22.9,5,45.0,ED_CAUTION,1,iso_forest
Singapore,Singapore,28.2,33.7,2,25.83333333333334,ED_MODERATE_SAFE,1,lof
Juba,Sudan,31.0,31.0,4,52.4,ED_CAUTION,1,iso_forest
Dushanbe,Tajikistan,-5.2,-5.2,2,15.8,ED_MODERATE_SAFE,1,iso_forest
Tashkent,Uzbekistan,1.1,1.1,2,9.421931163103785,ED_VERY_SAFE,1,iso_forest
Beijing,China,3.6,3.6,5,45.0,ED_CAUTION,1,iso_forest
Georgetown,Guyana,24.4,26.9,1,0.0,ED_VERY_SAFE,1,lof
Jakarta,Indonesia,28.3,30.1,2,17.300000000000004,ED_MODERATE_SAFE,1,lof
Kuwait City,Kuwait,24.1,24.7,5,45.0,ED_CAUTION,1,iso_forest
Laos,Indonesia,21.5,21.5,1,0.0,ED_VERY_SAFE,1,lof
Maseru,Lesotho,35.6,35.6,1,33.0,ED_MODERATE_SAFE,1,iso_forest
Ulaanbaatar,Mongolia,-18.8,-18.8,4,54.333333333333336,ED_CAUTION,1,iso_forest
Antananarivo,Madagascar,31.4,31.4,1,25.199999999999996,ED_MODERATE_SAFE,1,iso_forest
Nassau,Bahamas,22.4,24.7,2,8.0,ED_VERY_SAFE,1,lof
'S Gravenjansdijk,Belgium,10.1,10.1,1,0.0,ED_VERY_SAFE,1,iso_forest
Beijing,China,2.1,2.1,2,10.188410148032544,ED_VERY_SAFE,1,iso_forest
Havana,Cuba,23.0,25.0,2,8.0,ED_VERY_SAFE,1,lof
Addis Ababa,Ethiopia,20.0,20.0,2,19.9,ED_MODERATE_SAFE,1,lof
Vestmannaeyjar,Iceland,-2.9,-2.9,1,15.977027656978464,ED_MODERATE_SAFE,1,iso_forest
Dublin,Ireland,6.4,6.4,1,0.0,ED_VERY_SAFE,1,iso_forest
Astana,Kazakhstan,-9.9,-9.9,1,20.391334709670915,ED_MODERATE_SAFE,1,iso_forest
Ulaanbaatar,Mongolia,-16.2,-16.2,4,55.767303286205376,ED_DANGEROUS,1,iso_forest
Rabat,Morocco,16.1,16.1,2,8.0,ED_VERY_SAFE,1,lof
Amsterdam,Netherlands,10.2,10.2,1,0.0,ED_VERY_SAFE,1,iso_forest
Port Moresby,Papua New Guinea,25.4,27.9,1,2.6999999999999957,ED_VERY_SAFE,1,lof
Riyadh,Saudi Arabia,26.2,26.2,5,49.8,ED_CAUTION,1,iso_forest
Bishkek,Kyrghyzstan,-5.6,-5.6,1,16.119539064717195,ED_MODERATE_SAFE,1,iso_forest
Pretoria,South Africa,32.2,32.2,1,27.333333333333336,ED_MODERATE_SAFE,1,iso_forest
London,United Kingdom,6.2,6.2,1,0.0,ED_VERY_SAFE,1,iso_forest
Sanaa,Yemen,20.6,20.6,2,17.9,ED_MODERATE_SAFE,1,lof
Sarajevo,Bosnia and Herzegovina,2.2,2.2,2,8.0,ED_VERY_SAFE,1,lof
Gaborone,Botswana,32.4,32.4,1,27.666666666666664,ED_MODERATE_SAFE,1,lof
Ouagadougou,Burkina Faso,27.2,27.2,5,49.8,ED_CAUTION,1,iso_forest
Ivory,Madagascar,34.8,34.9,2,39.83333333333333,ED_CAUTION,1,lof
Phnom Penh,Cambodia,32.1,35.4,1,20.666666666666664,ED_MODERATE_SAFE,1,lof
Ottawa,Canada,1.4,1.4,1,4.443954190050675,ED_VERY_SAFE,1,iso_forest
Beijing,China,2.5,2.5,5,45.0,ED_CAUTION,1,iso_forest
Windhoek,Namibia,34.2,34.2,1,30.66666666666667,ED_MODERATE_SAFE,1,iso_forest
Pyongyang,North Korea,-0.4,-0.4,4,32.6,ED_MODERATE_SAFE,1,iso_forest
Oslo,Norway,-3.8,-3.8,2,13.7,ED_VERY_SAFE,1,iso_forest
Vestmannaeyjar,Iceland,6.4,6.4,1,0.0,ED_VERY_SAFE,1,iso_forest
Tashkent,Uzbekistan,4.1,4.1,4,32.0,ED_MODERATE_SAFE,1,iso_forest
Lusaka,Zambia,34.7,34.7,1,31.500000000000007,ED_MODERATE_SAFE,1,iso_forest
Harare,Zimbabwe,31.7,31.7,1,26.099999999999998,ED_MODERATE_SAFE,1,iso_forest
Brussels,Belgium,2.3,2.3,4,32.0,ED_MODERATE_SAFE,1,iso_forest
Belmopan,Belize,21.4,21.4,1,0.0,ED_VERY_SAFE,1,lof
Gaborone,Botswana,36.3,36.3,1,34.166666666666664,ED_MODERATE_SAFE,1,iso_forest
Ivory,Madagascar,38.4,39.2,1,39.00000000000001,ED_CAUTION,1,iso_forest
N'djamena,Chad,30.4,30.4,4,50.599999999999994,ED_CAUTION,1,iso_forest
Beijing,China,3.4,3.4,6,50.0,ED_CAUTION,1,iso_forest
Tallinn,Estonia,-0.9,-0.9,1,12.75738664621607,ED_VERY_SAFE,1,iso_forest
Jakarta,Indonesia,31.3,33.1,2,24.833333333333336,ED_MODERATE_SAFE,1,lof
Panama City,Panama,24.1,26.7,2,8.0,ED_VERY_SAFE,1,lof
Bishkek,Kyrghyzstan,-1.2,-1.2,3,19.799999999999997,ED_MODERATE_SAFE,1,iso_forest
Maseru,Lesotho,34.7,34.7,2,39.50000000000001,ED_CAUTION,1,iso_forest
Ulaanbaatar,Mongolia,-22.9,-22.9,4,57.75,ED_DANGEROUS,1,iso_forest
Oslo,Norway,-3.7,-3.7,2,16.680355446125066,ED_MODERATE_SAFE,1,iso_forest
Mogadishu,Somalia,29.3,32.0,3,44.3,ED_CAUTION,1,lof
Juba,Sudan,27.9,27.9,4,43.699999999999996,ED_CAUTION,1,iso_forest
Ashgabat,Turkmenistan,15.3,15.3,2,8.0,ED_VERY_SAFE,1,lof
Lusaka,Zambia,35.0,35.0,1,32.0,ED_MODERATE_SAFE,1,iso_forest
Buenos Aires,Argentina,21.0,21.0,1,0.0,ED_VERY_SAFE,1,lof
Vienna,Austria,1.3,1.3,3,22.056382097248196,ED_MODERATE_SAFE,1,iso_forest
Dili,Timor-Leste,25.0,27.7,1,2.099999999999998,ED_VERY_SAFE,1,lof
Dushanbe,Tajikistan,4.4,4.4,4,32.0,ED_MODERATE_SAFE,1,iso_forest
Paramaribo,Suriname,24.4,27.1,2,8.300000000000004,ED_VERY_SAFE,1,lof
Colombo,Sri Lanka,30.3,38.7,1,26.16666666666667,ED_MODERATE_SAFE,1,hot_but_safe
Riyadh,Saudi Arabia,21.4,21.4,6,54.6,ED_CAUTION,1,iso_forest
Victoria,Seychelles Islands,30.3,38.1,1,32.06666666666667,ED_MODERATE_SAFE,1,hot_but_safe
Pretoria,South Africa,31.0,31.0,2,32.0,ED_MODERATE_SAFE,1,iso_forest
Seoul,South Korea,2.0,2.0,4,32.0,ED_MODERATE_SAFE,1,iso_forest
Juba,Sudan,28.6,28.6,4,45.900000000000006,ED_CAUTION,1,iso_forest
Ban Lom,Vietnam,20.1,20.1,3,18.0,ED_MODERATE_SAFE,1,lof
Tashkent,Uzbekistan,0.3,0.3,3,18.0,ED_MODERATE_SAFE,1,iso_forest
Nassau,Bahamas,24.8,26.7,2,8.0,ED_VERY_SAFE,1,lof
Sarajevo,Bosnia and Herzegovina,4.3,4.3,4,32.0,ED_MODERATE_SAFE,1,iso_forest
N'djamena,Chad,33.2,33.2,4,65.575,ED_DANGEROUS,1,iso_forest
Beijing,China,3.3,3.3,5,45.0,ED_CAUTION,1,iso_forest
Vestmannaeyjar,Iceland,4.4,4.4,1,3.1298176883357893,ED_VERY_SAFE,1,iso_forest
Bishkek,Kyrghyzstan,-4.2,-4.2,3,24.3,ED_MODERATE_SAFE,1,iso_forest
Palikir,Micronesia,27.2,30.2,2,17.599999999999998,ED_MODERATE_SAFE,1,lof
Ulaanbaatar,Mongolia,-13.9,-13.9,4,50.25,ED_CAUTION,1,iso_forest
Windhoek,Namibia,32.4,32.4,1,26.866666666666664,ED_MODERATE_SAFE,1,lof
Oslo,Norway,-8.0,-8.0,2,23.554213071952354,ED_MODERATE_SAFE,1,iso_forest
Moscow,Russia,-4.8,-4.8,3,33.67280272966831,ED_MODERATE_SAFE,1,iso_forest
Riyadh,Saudi Arabia,20.2,20.2,5,49.7,ED_CAUTION,1,iso_forest
Seoul,South Korea,2.4,2.4,4,32.0,ED_MODERATE_SAFE,1,iso_forest
Juba,Sudan,28.0,28.0,4,44.5,ED_CAUTION,1,iso_forest
Ivory,Madagascar,40.6,40.8,1,41.666666666666664,ED_CAUTION,1,iso_forest
Beijing,China,-1.8,-1.8,2,18.598875623066583,ED_MODERATE_SAFE,1,iso_forest
Copenhagen,Denmark,5.3,5.3,1,0.6036066162094524,ED_VERY_SAFE,1,iso_forest
Moscow,Russia,-1.7,-1.7,4,34.55,ED_MODERATE_SAFE,1,iso_forest
Beijing,China,1.0,1.0,4,38.37906576694279,ED_CAUTION,1,iso_forest
Paris,France,0.1,0.1,4,36.207059812912796,ED_CAUTION,1,iso_forest
Budapest,Hungary,0.2,0.2,4,32.0,ED_MODERATE_SAFE,1,iso_forest
Vestmannaeyjar,Iceland,1.3,1.3,1,10.439148253148833,ED_VERY_SAFE,1,iso_forest
Tokyo,Japan,6.3,6.3,3,18.0,ED_MODERATE_SAFE,1,iso_forest
Astana,Kazakhstan,-4.9,-4.9,1,14.989878246355588,ED_VERY_SAFE,1,iso_forest
Luxembourg,Luxembourg,-3.8,-3.8,4,41.65832678861903,ED_CAUTION,1,iso_forest
Pyongyang,North Korea,-10.6,-10.6,2,29.486572249169875,ED_MODERATE_SAFE,1,iso_forest
Port Moresby,Papua New Guinea,25.3,28.4,2,12.199999999999996,ED_VERY_SAFE,1,lof
Warsaw,Poland,3.2,3.2,4,32.0,ED_MODERATE_SAFE,1,iso_forest
Kigali,Rwanda,19.3,19.3,3,30.0,ED_MODERATE_SAFE,1,lof
Montevideo,Uruguay,23.0,25.0,1,0.0,ED_VERY_SAFE,1,lof
'S Gravenjansdijk,Belgium,3.1,3.1,3,20.300164315242423,ED_MODERATE_SAFE,1,lof
Riyadh,Saudi Arabia,23.3,23.3,5,51.0,ED_CAUTION,1,iso_forest
Mogadishu,Somalia,28.1,30.3,2,29.900000000000002,ED_MODERATE_SAFE,1,lof
Seoul,South Korea,-8.8,-8.8,2,28.320513522737347,ED_MODERATE_SAFE,1,iso_forest
Juba,Sudan,29.4,29.4,4,50.3,ED_CAUTION,1,iso_forest
Baku,Azerbaijan,7.1,7.1,1,0.0,ED_VERY_SAFE,1,iso_forest
Dhaka,Bangladesh,28.9,28.9,6,55.699999999999996,ED_DANGEROUS,1,iso_forest
Minsk,Belarus,-1.9,-1.9,2,10.850000000000001,ED_VERY_SAFE,1,iso_forest
Sarajevo,Bosnia and Herzegovina,1.3,1.3,3,18.0,ED_MODERATE_SAFE,1,iso_forest
N'djamena,Chad,30.3,30.3,4,51.7,ED_CAUTION,1,iso_forest
Saint John's,Antigua and Barbuda,24.1,26.0,2,8.0,ED_VERY_SAFE,1,lof
Dodoma,Tanzania,25.6,27.2,2,20.599999999999998,ED_MODERATE_SAFE,1,lof
Zagreb,Croatia,3.1,3.1,4,32.0,ED_MODERATE_SAFE,1,iso_forest
Freetown,Sierra Leone,24.2,24.5,4,35.0,ED_CAUTION,1,lof
Tarawa,Kiribati,27.0,29.8,2,16.400000000000002,ED_MODERATE_SAFE,1,lof
Bishkek,Kyrghyzstan,-0.6,-0.6,3,18.9,ED_MODERATE_SAFE,1,iso_forest
Valletta,Malta,16.2,16.2,4,32.3,ED_MODERATE_SAFE,1,lof
Nouakchott,Mauritania,18.2,18.2,4,34.1,ED_MODERATE_SAFE,1,iso_forest
Port Louis,Mauritius,30.3,37.8,1,34.56666666666666,ED_MODERATE_SAFE,1,lof
Palikir,Micronesia,28.4,32.0,2,23.0,ED_MODERATE_SAFE,1,lof
Abuja,Nigeria,33.2,33.2,5,79.8125,ED_VERY_DANGEROUS,1,iso_forest
Pyongyang,North Korea,-3.2,-3.2,4,36.8,ED_CAUTION,1,iso_forest
Port Moresby,Papua New Guinea,27.1,30.9,2,19.699999999999996,ED_MODERATE_SAFE,1,lof
Riyadh,Saudi Arabia,18.1,18.1,6,55.9,ED_DANGEROUS,1,iso_forest
Juba,Sudan,26.8,26.8,4,42.9,ED_CAUTION,1,iso_forest
Juba,Sudan,27.8,27.8,4,45.7,ED_CAUTION,1,iso_forest
Port Vila,Vanuatu,28.2,32.7,1,16.16666666666667,ED_MODERATE_SAFE,1,lof
Ouagadougou,Burkina Faso,24.3,24.3,5,49.4,ED_CAUTION,1,iso_forest
Ottawa,Canada,-12.7,-12.7,2,28.75574870155309,ED_MODERATE_SAFE,1,iso_forest
Prague,Czech Republic,0.0,0.0,4,32.0,ED_MODERATE_SAFE,1,iso_forest
Paris,France,3.3,3.3,4,32.0,ED_MODERATE_SAFE,1,iso_forest
Astana,Kazakhstan,-5.8,-5.8,2,22.869700238667722,ED_MODERATE_SAFE,1,iso_forest
Lilongwe,Malawi,21.0,21.0,1,4.3,ED_VERY_SAFE,1,lof
Amsterdam,Netherlands,3.2,3.2,4,32.0,ED_MODERATE_SAFE,1,iso_forest
Honiara,Solomon Islands,25.4,27.7,1,2.099999999999998,ED_VERY_SAFE,1,lof
Seoul,South Korea,-6.0,-6.0,2,25.815073925342656,ED_MODERATE_SAFE,1,iso_forest
Moroni,Comoros,24.7,26.6,2,20.0,ED_MODERATE_SAFE,1,lof
Prague,Czech Republic,0.3,0.3,3,20.579451828891884,ED_MODERATE_SAFE,1,iso_forest
Vestmannaeyjar,Iceland,2.4,2.4,1,4.562143204646869,ED_VERY_SAFE,1,iso_forest
Managua,Nicaragua,22.1,24.6,1,0.0,ED_VERY_SAFE,1,lof
Helsinki,Finland,2.3,2.3,2,10.39605619984534,ED_VERY_SAFE,1,lof
Tehran,Iran,10.3,10.3,3,18.9,ED_MODERATE_SAFE,1,lof
Dublin,Ireland,6.2,6.2,1,0.0,ED_VERY_SAFE,1,lof
Jerusalem,Israel,14.2,14.2,1,4.0,ED_VERY_SAFE,1,lof
Tokyo,Japan,7.4,7.4,2,8.0,ED_VERY_SAFE,1,lof
Amman,Jordan,7.3,7.3,1,3.2,ED_VERY_SAFE,1,iso_forest
Riga,Latvia,3.2,3.2,3,18.0,ED_MODERATE_SAFE,1,iso_forest
Maseru,Lesotho,27.8,27.8,1,11.900000000000002,ED_VERY_SAFE,1,lof
Yaren,Turkey,4.4,4.4,1,1.7245113374937224,ED_VERY_SAFE,1,iso_forest
Amsterdam,Netherlands,5.2,5.2,2,8.0,ED_VERY_SAFE,1,lof
National,Bolivia,22.0,22.0,1,0.0,ED_VERY_SAFE,1,lof
Sofia,Bulgaria,2.3,2.3,3,18.6,ED_MODERATE_SAFE,1,iso_forest
'S Gravenjansdijk,Belgium,4.0,4.0,2,8.0,ED_VERY_SAFE,1,lof
Riyadh,Saudi Arabia,27.4,27.4,6,56.4,ED_DANGEROUS,1,iso_forest
Belgrade,Serbia,3.2,3.2,4,32.0,ED_MODERATE_SAFE,1,iso_forest
Bratislava,Slovakia,6.3,6.3,2,8.0,ED_VERY_SAFE,1,lof
Ljubljana,Slovenia,1.2,1.2,3,18.604051278969635,ED_MODERATE_SAFE,1,iso_forest
Juba,Sudan,27.0,27.0,4,42.7,ED_CAUTION,1,iso_forest
Khartoum,Sudan,27.7,27.7,4,43.8,ED_CAUTION,1,iso_forest
Damascus,Syria,7.7,7.7,1,3.8,ED_VERY_SAFE,1,lof
Dodoma,Tanzania,24.6,26.2,2,14.3,ED_VERY_SAFE,1,lof
Kyiv,Ukraine,-0.3,-0.3,2,13.549242310849234,ED_VERY_SAFE,1,iso_forest
N'djamena,Chad,30.2,30.2,5,63.8,ED_DANGEROUS,1,iso_forest
Bandar Seri Begawan,Brunei Darussalam,24.3,26.8,2,8.0,ED_VERY_SAFE,1,lof
Copenhagen,Denmark,6.4,6.4,2,8.0,ED_VERY_SAFE,1,lof
Seoul,South Korea,-8.0,-8.0,2,27.630738650698767,ED_MODERATE_SAFE,1,iso_forest
Suva,Fiji Islands,26.0,29.8,1,8.400000000000002,ED_VERY_SAFE,1,lof
Paris,France,5.2,5.2,3,18.0,ED_MODERATE_SAFE,1,iso_forest
Conakry,Guinea,25.0,26.3,4,35.3,ED_CAUTION,1,lof
Vestmannaeyjar,Iceland,3.4,3.4,1,5.359413474217593,ED_VERY_SAFE,1,iso_forest
Luxembourg,Luxembourg,0.1,0.1,2,8.0,ED_VERY_SAFE,1,iso_forest
Niamey,Niger,30.3,30.3,4,47.900000000000006,ED_CAUTION,1,iso_forest
Warsaw,Poland,3.1,3.1,4,32.0,ED_MODERATE_SAFE,1,iso_forest
Riyadh,Saudi Arabia,24.0,24.0,6,55.7,ED_DANGEROUS,1,iso_forest
Belgrade,Serbia,2.2,2.2,3,18.919085864278745,ED_MODERATE_SAFE,1,iso_forest
Ljubljana,Slovenia,2.3,2.3,3,18.0,ED_MODERATE_SAFE,1,iso_forest
Juba,Sudan,30.2,30.2,4,52.3,ED_CAUTION,1,iso_forest
Sarajevo,Bosnia and Herzegovina,2.3,2.3,3,18.0,ED_MODERATE_SAFE,1,iso_forest
Dili,Timor-Leste,27.1,30.6,1,10.800000000000004,ED_VERY_SAFE,1,lof
Montevideo,Uruguay,24.4,26.5,1,0.0,ED_VERY_SAFE,1,lof
Lusaka,Zambia,21.2,21.2,1,10.4,ED_VERY_SAFE,1,lof
Yerevan,Armenia,3.0,3.0,2,8.0,ED_VERY_SAFE,1,lof
Baku,Azerbaijan,7.1,7.1,1,0.0,ED_VERY_SAFE,1,iso_forest
Nassau,Bahamas,22.2,24.6,2,8.0,ED_VERY_SAFE,1,lof
Manama,Bahrain,23.3,24.7,3,18.0,ED_MODERATE_SAFE,1,lof
Dhaka,Bangladesh,30.4,30.4,5,55.199999999999996,ED_DANGEROUS,1,iso_forest
Minsk,Belarus,-1.6,-1.6,3,24.105534391304353,ED_MODERATE_SAFE,1,iso_forest
Brussels,Belgium,4.4,4.4,2,8.0,ED_VERY_SAFE,1,lof
Astana,Kazakhstan,-2.7,-2.7,1,11.556299897973876,ED_VERY_SAFE,1,iso_forest
Banjul,Gambia,23.0,23.9,4,35.0,ED_CAUTION,1,iso_forest
Helsinki,Finland,1.0,1.0,1,4.07630741396439,ED_VERY_SAFE,1,iso_forest
N'djamena,Chad,29.0,29.0,4,48.1,ED_CAUTION,1,iso_forest
Windhoek,Namibia,31.0,31.0,1,24.0,ED_MODERATE_SAFE,1,iso_forest
Yaren,Turkey,5.2,5.2,3,18.0,ED_MODERATE_SAFE,1,lof
Pyongyang,North Korea,-7.0,-7.0,2,26.730365266756948,ED_MODERATE_SAFE,1,iso_forest
Oslo,Norway,1.2,1.2,2,8.0,ED_VERY_SAFE,1,iso_forest
'S Gravenjansdijk,Belgium,9.3,9.3,1,0.0,ED_VERY_SAFE,1,iso_forest
Victoria,Seychelles Islands,31.2,39.9,1,34.766666666666666,ED_MODERATE_SAFE,1,hot_but_safe
Singapore,Singapore,28.3,33.6,2,25.666666666666668,ED_MODERATE_SAFE,1,lof
Juba,Sudan,26.3,26.3,4,43.2,ED_CAUTION,1,iso_forest
Khartoum,Sudan,26.8,26.8,4,41.6,ED_CAUTION,1,iso_forest
Dhaka,Bangladesh,27.5,27.5,6,51.5,ED_CAUTION,1,iso_forest
Beijing,China,-2.0,-2.0,5,48.0,ED_CAUTION,1,iso_forest
Port Louis,Mauritius,30.4,38.3,1,25.499999999999996,ED_MODERATE_SAFE,1,hot_but_safe
Helsinki,Finland,3.2,3.2,2,10.839854052863481,ED_VERY_SAFE,1,iso_forest
Bishkek,Kyrghyzstan,-0.4,-0.4,4,32.6,ED_MODERATE_SAFE,1,iso_forest
Ulaanbaatar,Mongolia,-17.0,-17.0,3,43.0472064102989,ED_CAUTION,1,iso_forest
Pyongyang,North Korea,-11.3,-11.3,2,27.535681046692368,ED_MODERATE_SAFE,1,iso_forest
Manila,Philippines,28.4,31.7,1,14.099999999999998,ED_VERY_SAFE,1,lof
Victoria,Seychelles Islands,29.4,35.4,2,39.06666666666666,ED_CAUTION,1,lof
Honiara,Solomon Islands,26.1,29.8,1,8.400000000000002,ED_VERY_SAFE,1,lof
Pretoria,South Africa,31.1,31.1,2,32.300000000000004,ED_MODERATE_SAFE,1,lof
Seoul,South Korea,-4.8,-4.8,2,23.36867543998826,ED_MODERATE_SAFE,1,iso_forest
Juba,Sudan,23.5,23.5,4,43.3,ED_CAUTION,1,iso_forest
Ulaanbaatar,Mongolia,-22.6,-22.6,4,57.5,ED_DANGEROUS,1,iso_forest
Dhidhdhoo,Maldives,25.9,28.7,3,23.099999999999998,ED_MODERATE_SAFE,1,lof
Hanoi,Vietnam,19.0,19.0,4,32.0,ED_MODERATE_SAFE,1,lof
London,United Kingdom,6.3,6.3,1,0.0,ED_VERY_SAFE,1,iso_forest
Vestmannaeyjar,Iceland,0.1,0.1,1,5.845972461839125,ED_VERY_SAFE,1,iso_forest
Dublin,Ireland,7.3,7.3,1,0.0,ED_VERY_SAFE,1,lof
Laos,Indonesia,24.4,27.2,1,0.5999999999999979,ED_VERY_SAFE,1,lof
Maseru,Lesotho,31.5,31.5,1,25.5,ED_MODERATE_SAFE,1,iso_forest
Luxembourg,Luxembourg,10.3,10.3,1,0.0,ED_VERY_SAFE,1,iso_forest
Ulaanbaatar,Mongolia,-21.6,-21.6,4,56.66666666666667,ED_DANGEROUS,1,iso_forest
Yaren,Turkey,5.4,5.4,3,18.3,ED_MODERATE_SAFE,1,lof
'S Gravenjansdijk,Belgium,10.2,10.2,1,0.0,ED_VERY_SAFE,1,iso_forest
Juba,Sudan,24.9,24.9,4,43.1,ED_CAUTION,1,iso_forest
Stockholm,Sweden,-1.9,-1.9,2,16.542100884431996,ED_MODERATE_SAFE,1,iso_forest
Andorra La Vella,Andorra,-1.1,-1.1,1,5.632412500969108,ED_VERY_SAFE,1,lof
Bishkek,Kyrghyzstan,-1.2,-1.2,4,33.8,ED_MODERATE_SAFE,1,iso_forest
Buenos Aires,Argentina,22.4,24.7,1,0.0,ED_VERY_SAFE,1,lof
Brussels,Belgium,8.3,8.3,1,0.0,ED_VERY_SAFE,1,iso_forest
Ouagadougou,Burkina Faso,29.4,29.4,4,47.599999999999994,ED_CAUTION,1,iso_forest
Ivory,Madagascar,23.4,25.7,1,0.0,ED_VERY_SAFE,1,lof
Praia,Cape Verde,25.4,27.0,4,36.3,ED_CAUTION,1,lof
N'djamena,Chad,29.1,29.1,4,48.7,ED_CAUTION,1,iso_forest
Beijing,China,-3.9,-3.9,2,20.13677488141753,ED_MODERATE_SAFE,1,iso_forest
Georgetown,Guyana,24.1,26.6,1,0.0,ED_VERY_SAFE,1,lof
Vestmannaeyjar,Iceland,0.2,0.2,1,6.391764934039699,ED_VERY_SAFE,1,iso_forest
Astana,Kazakhstan,-10.8,-10.8,2,30.166405540974004,ED_MODERATE_SAFE,1,iso_forest
Khartoum,Sudan,23.8,23.8,4,42.8,ED_CAUTION,1,iso_forest
Saint John's,Antigua and Barbuda,26.1,28.8,2,13.400000000000002,ED_VERY_SAFE,1,lof
Santo Domingo,Dominican Republic,21.0,21.0,2,8.0,ED_VERY_SAFE,1,lof
Bucharest,Romania,7.3,7.3,4,32.0,ED_MODERATE_SAFE,1,lof
Praia,Cape Verde,21.3,21.3,4,32.0,ED_MODERATE_SAFE,1,iso_forest
Beijing,China,-0.9,-0.9,6,51.35,ED_CAUTION,1,iso_forest
Vestmannaeyjar,Iceland,4.3,4.3,1,4.492407628842329,ED_VERY_SAFE,1,iso_forest
Bishkek,Kyrghyzstan,-1.7,-1.7,2,13.27699354687429,ED_VERY_SAFE,1,iso_forest
Maseru,Lesotho,32.7,32.7,1,28.16666666666667,ED_MODERATE_SAFE,1,iso_forest
Nouakchott,Mauritania,18.1,18.1,5,46.8,ED_CAUTION,1,iso_forest
Port Louis,Mauritius,28.1,30.9,1,22.299999999999997,ED_MODERATE_SAFE,1,lof
Abuja,Nigeria,32.7,32.7,5,79.12916666666668,ED_VERY_DANGEROUS,1,iso_forest
Skopje,Macedonia,7.1,7.1,4,32.0,ED_MODERATE_SAFE,1,iso_forest
Oslo,Norway,-7.7,-7.7,1,11.55,ED_VERY_SAFE,1,iso_forest
Victoria,Seychelles Islands,31.1,38.3,2,44.6,ED_CAUTION,1,lof
Juba,Sudan,24.0,24.0,4,42.9,ED_CAUTION,1,iso_forest
Honiara,Solomon Islands,25.1,28.1,1,3.3000000000000043,ED_VERY_SAFE,1,lof
Mogadishu,Somalia,28.1,29.6,1,19.800000000000004,ED_MODERATE_SAFE,1,lof
Pretoria,South Africa,32.2,32.2,3,45.333333333333336,ED_CAUTION,1,lof
Seoul,South Korea,0.2,0.2,4,32.0,ED_MODERATE_SAFE,1,iso_forest
Juba,Sudan,25.2,25.2,4,42.9,ED_CAUTION,1,iso_forest
Montevideo,Uruguay,18.4,18.4,2,8.0,ED_VERY_SAFE,1,lof
Port Vila,Vanuatu,28.4,35.9,1,21.5,ED_MODERATE_SAFE,1,lof
Sarajevo,Bosnia and Herzegovina,1.1,1.1,3,18.0,ED_MODERATE_SAFE,1,lof
Ouagadougou,Burkina Faso,25.0,25.0,5,49.7,ED_CAUTION,1,iso_forest
Beijing,China,0.2,0.2,6,56.681404041979604,ED_DANGEROUS,1,iso_forest
Buenos Aires,Argentina,19.2,19.2,1,0.0,ED_VERY_SAFE,1,lof
Seoul,South Korea,0.3,0.3,4,32.0,ED_MODERATE_SAFE,1,iso_forest
Bras,Brazil,22.7,25.2,1,0.0,ED_VERY_SAFE,1,lof
Sarajevo,Bosnia and Herzegovina,5.2,5.2,2,8.0,ED_VERY_SAFE,1,lof
N'djamena,Chad,29.2,29.2,4,48.39999999999999,ED_CAUTION,1,iso_forest
Beijing,China,-4.7,-4.7,4,39.05,ED_CAUTION,1,iso_forest
Vestmannaeyjar,Iceland,3.3,3.3,1,6.528939692445189,ED_VERY_SAFE,1,iso_forest
Ulaanbaatar,Mongolia,-21.6,-21.6,4,61.70250509782889,ED_DANGEROUS,1,iso_forest
Pyongyang,North Korea,-11.5,-11.5,2,24.25,ED_MODERATE_SAFE,1,iso_forest
Oslo,Norway,-1.0,-1.0,3,19.5,ED_MODERATE_SAFE,1,iso_forest
Riyadh,Saudi Arabia,17.1,17.1,6,54.9,ED_CAUTION,1,iso_forest
Seoul,South Korea,-2.0,-2.0,2,11.0,ED_VERY_SAFE,1,iso_forest
Juba,Sudan,23.2,23.2,4,43.0,ED_CAUTION,1,iso_forest
Khartoum,Sudan,24.9,24.9,4,42.5,ED_CAUTION,1,iso_forest
Sofia,Bulgaria,3.2,3.2,3,18.0,ED_MODERATE_SAFE,1,lof
Pretoria,South Africa,32.0,32.0,3,45.0,ED_CAUTION,1,lof
Ivory,Madagascar,31.6,35.3,1,30.999999999999996,ED_MODERATE_SAFE,1,lof
Ottawa,Canada,-11.8,-11.8,2,24.5,ED_MODERATE_SAFE,1,iso_forest
N'djamena,Chad,28.3,28.3,4,45.7,ED_CAUTION,1,iso_forest
New Delhi,India,24.3,24.3,6,50.0,ED_CAUTION,1,lof
Astana,Kazakhstan,-13.8,-13.8,2,29.953016732484702,ED_MODERATE_SAFE,1,iso_forest
Bishkek,Kyrghyzstan,-3.8,-3.8,2,13.7,ED_VERY_SAFE,1,iso_forest
Ulaanbaatar,Mongolia,-20.8,-20.8,4,56.0,ED_DANGEROUS,1,iso_forest
Airai,Palau,27.2,30.4,2,18.199999999999996,ED_MODERATE_SAFE,1,lof
Moscow,Russia,2.4,2.4,4,33.63977580096156,ED_MODERATE_SAFE,1,iso_forest
Riyadh,Saudi Arabia,17.2,17.2,6,55.9,ED_DANGEROUS,1,iso_forest
London,United Kingdom,4.2,4.2,2,8.0,ED_VERY_SAFE,1,lof
Montevideo,Uruguay,21.1,21.1,1,0.0,ED_VERY_SAFE,1,lof
Hanoi,Vietnam,16.2,16.2,4,32.0,ED_MODERATE_SAFE,1,lof
Riga,Latvia,-6.8,-6.8,2,23.57124856886035,ED_MODERATE_SAFE,1,iso_forest
N'djamena,Chad,29.0,29.0,4,48.0,ED_CAUTION,1,iso_forest
Beijing,China,3.3,3.3,6,50.0,ED_CAUTION,1,iso_forest
Bogot,Bulgaria,0.4,0.4,2,13.599711995748926,ED_VERY_SAFE,1,iso_forest
Copenhagen,Denmark,2.3,2.3,1,5.4886089554370905,ED_VERY_SAFE,1,iso_forest
Tallinn,Estonia,-2.8,-2.8,2,17.194567860841612,ED_MODERATE_SAFE,1,iso_forest
Addis Ababa,Ethiopia,23.3,23.7,2,20.0,ED_MODERATE_SAFE,1,iso_forest
Helsinki,Finland,-4.0,-4.0,2,19.862949062738156,ED_MODERATE_SAFE,1,iso_forest
Berlin,Germany,0.4,0.4,2,15.662123029316025,ED_MODERATE_SAFE,1,iso_forest
Tehran,Iran,4.4,4.4,4,35.2,ED_CAUTION,1,iso_forest
Astana,Kazakhstan,-6.9,-6.9,1,17.906405768473142,ED_MODERATE_SAFE,1,iso_forest
Vilnius,Lithuania,-7.9,-7.9,2,26.10896703518236,ED_MODERATE_SAFE,1,iso_forest
Sofia,Bulgaria,1.3,1.3,3,20.371389062122088,ED_MODERATE_SAFE,1,iso_forest
Ulaanbaatar,Mongolia,-17.8,-17.8,1,21.5,ED_MODERATE_SAFE,1,iso_forest
Oslo,Norway,-6.8,-6.8,2,18.2,ED_MODERATE_SAFE,1,iso_forest
National,Bolivia,21.9,21.9,1,0.0,ED_VERY_SAFE,1,lof
Warsaw,Poland,-5.6,-5.6,2,23.90920060072913,ED_MODERATE_SAFE,1,iso_forest
Bucharest,Romania,0.1,0.1,3,24.867858196307008,ED_MODERATE_SAFE,1,iso_forest
Riyadh,Saudi Arabia,22.3,23.4,6,56.15,ED_DANGEROUS,1,iso_forest
Belgrade,Serbia,4.3,4.3,2,8.0,ED_VERY_SAFE,1,iso_forest
Seoul,South Korea,1.2,1.2,4,32.0,ED_MODERATE_SAFE,1,iso_forest
Juba,Sudan,27.4,27.4,4,44.199999999999996,ED_CAUTION,1,iso_forest
Stockholm,Sweden,-2.9,-2.9,2,12.350000000000001,ED_VERY_SAFE,1,iso_forest
Ouagadougou,Burkina Faso,30.0,30.0,5,59.3,ED_DANGEROUS,1,iso_forest
Bras,Brazil,22.0,22.0,1,0.0,ED_VERY_SAFE,1,lof
Montevideo,Uruguay,23.3,25.1,1,0.0,ED_VERY_SAFE,1,lof
National,Bolivia,21.0,21.0,1,0.0,ED_VERY_SAFE,1,lof
Copenhagen,Denmark,2.1,2.1,1,5.315806525404733,ED_VERY_SAFE,1,iso_forest
Malabo,Equatorial Guinea,33.4,46.2,2,52.25,ED_CAUTION,1,lof
Tallinn,Estonia,-1.7,-1.7,2,10.549999999999999,ED_VERY_SAFE,1,iso_forest
Tehran,Iran,3.1,3.1,4,32.0,ED_MODERATE_SAFE,1,iso_forest
Astana,Kazakhstan,-11.8,-11.8,1,22.72717907745202,ED_MODERATE_SAFE,1,iso_forest
Vilnius,Lithuania,-7.9,-7.9,2,23.965112082414542,ED_MODERATE_SAFE,1,iso_forest
Ulaanbaatar,Mongolia,-11.6,-11.6,3,39.00748682714337,ED_CAUTION,1,iso_forest
Abuja,Nigeria,33.1,33.1,5,79.79583333333333,ED_VERY_DANGEROUS,1,iso_forest
Pyongyang,North Korea,-5.2,-5.2,2,15.8,ED_MODERATE_SAFE,1,iso_forest
Oslo,Norway,-7.0,-7.0,2,22.636007037383656,ED_MODERATE_SAFE,1,iso_forest
Warsaw,Poland,-0.6,-0.6,3,25.439186843342842,ED_MODERATE_SAFE,1,iso_forest
Sarajevo,Bosnia and Herzegovina,2.1,2.1,4,32.0,ED_MODERATE_SAFE,1,iso_forest
Bucharest,Romania,1.0,1.0,3,21.21795875585707,ED_MODERATE_SAFE,1,iso_forest
Moscow,Russia,-3.8,-3.8,4,41.16012186336843,ED_CAUTION,1,iso_forest
'S Gravenjansdijk,Belgium,2.3,2.3,3,22.154470885655215,ED_MODERATE_SAFE,1,lof
Riyadh,Saudi Arabia,19.3,19.3,6,55.9,ED_DANGEROUS,1,iso_forest
Bratislava,Slovakia,4.3,4.3,3,18.0,ED_MODERATE_SAFE,1,lof
Seoul,South Korea,-2.0,-2.0,4,35.0,ED_CAUTION,1,iso_forest
Juba,Sudan,27.2,27.2,4,43.89999999999999,ED_CAUTION,1,iso_forest
Kyiv,Ukraine,-2.6,-2.6,3,27.366110028721025,ED_MODERATE_SAFE,1,iso_forest
Port Vila,Vanuatu,27.2,31.0,1,12.0,ED_VERY_SAFE,1,lof
Minsk,Belarus,-5.9,-5.9,2,24.01036633514382,ED_MODERATE_SAFE,1,iso_forest
Kyiv,Ukraine,-2.7,-2.7,2,17.679040732622667,ED_MODERATE_SAFE,1,iso_forest
Lusaka,Zambia,24.5,26.4,1,12.0,ED_VERY_SAFE,1,lof
Minsk,Belarus,-1.9,-1.9,2,17.734530839665844,ED_MODERATE_SAFE,1,iso_forest
Nairobi,Kenya,23.1,24.9,1,12.0,ED_VERY_SAFE,1,lof
Minsk,Belarus,-2.8,-2.8,4,42.60127478761507,ED_CAUTION,1,iso_forest
Ottawa,Canada,-9.8,-9.8,1,22.40082281387041,ED_MODERATE_SAFE,1,iso_forest
N'djamena,Chad,28.1,28.1,5,57.300000000000004,ED_DANGEROUS,1,iso_forest
Beijing,China,9.2,9.2,5,45.0,ED_CAUTION,1,iso_forest
Santo Domingo,Dominican Republic,21.0,21.0,2,8.0,ED_VERY_SAFE,1,lof
Addis Ababa,Ethiopia,23.3,23.3,2,20.0,ED_MODERATE_SAFE,1,iso_forest
Suva,Fiji Islands,26.0,29.2,1,6.599999999999998,ED_VERY_SAFE,1,lof
Vestmannaeyjar,Iceland,4.1,4.1,1,4.7800693276601205,ED_VERY_SAFE,1,iso_forest
Port Royal,Jamaica,26.2,29.3,1,6.900000000000002,ED_VERY_SAFE,1,lof
Astana,Kazakhstan,-4.6,-4.6,1,17.86651302691924,ED_MODERATE_SAFE,1,iso_forest
Chi Chi Khvar,Iran,2.3,2.3,3,22.2,ED_MODERATE_SAFE,1,lof
Juba,Sudan,26.4,26.4,5,54.7,ED_CAUTION,1,iso_forest
Abuja,Nigeria,34.3,34.3,5,82.39583333333333,ED_VERY_DANGEROUS,1,iso_forest
Pyongyang,North Korea,-2.2,-2.2,4,38.422179276360815,ED_CAUTION,1,iso_forest
Bucharest,Romania,3.1,3.1,4,32.0,ED_MODERATE_SAFE,1,iso_forest
Moscow,Russia,-7.6,-7.6,4,49.10384543102265,ED_CAUTION,1,iso_forest
Kyiv,Ukraine,-1.2,-1.2,3,24.869270994703896,ED_MODERATE_SAFE,1,iso_forest
Yerevan,Armenia,1.1,1.1,2,12.425096746893898,ED_VERY_SAFE,1,lof
Belmopan,Belize,21.5,21.5,1,0.0,ED_VERY_SAFE,1,lof
Beijing,China,11.3,11.3,6,50.0,ED_CAUTION,1,iso_forest
Havana,Cuba,23.2,25.6,1,0.0,ED_VERY_SAFE,1,lof
Santo Domingo,Dominican Republic,22.3,24.8,1,0.0,ED_VERY_SAFE,1,lof
Kyiv,Ukraine,-2.6,-2.6,3,25.10666492311272,ED_MODERATE_SAFE,1,iso_forest
Bratislava,Slovakia,0.1,0.1,2,16.372284957452255,ED_MODERATE_SAFE,1,iso_forest
Minsk,Belarus,-7.9,-7.9,3,33.96511208241454,ED_MODERATE_SAFE,1,iso_forest
Tokyo,Japan,12.0,12.0,3,18.0,ED_MODERATE_SAFE,1,lof
Belmopan,Belize,21.7,21.7,1,0.0,ED_VERY_SAFE,1,lof
Sofia,Bulgaria,2.0,2.0,3,18.0,ED_MODERATE_SAFE,1,iso_forest
Ouagadougou,Burkina Faso,33.5,33.5,4,64.125,ED_DANGEROUS,1,iso_forest
N'djamena,Chad,28.1,28.1,5,57.7,ED_DANGEROUS,1,iso_forest
Beijing,China,5.0,5.0,2,8.0,ED_VERY_SAFE,1,iso_forest
Bogot,Bulgaria,0.4,0.4,2,13.17089300960681,ED_VERY_SAFE,1,iso_forest
Tallinn,Estonia,-5.0,-5.0,1,15.574716570164684,ED_MODERATE_SAFE,1,iso_forest
Addis Ababa,Ethiopia,23.3,23.8,1,12.0,ED_VERY_SAFE,1,iso_forest
Berlin,Germany,-3.0,-3.0,3,30.647936980456727,ED_MODERATE_SAFE,1,iso_forest
Tehran,Iran,8.2,8.2,4,35.4,ED_CAUTION,1,iso_forest
Astana,Kazakhstan,-8.9,-8.9,1,20.425751553352043,ED_MODERATE_SAFE,1,iso_forest
Belgrade,Serbia,3.1,3.1,2,11.529205690616617,ED_VERY_SAFE,1,iso_forest
Bishkek,Kyrghyzstan,-0.3,-0.3,4,35.430419686741004,ED_CAUTION,1,iso_forest
Riga,Latvia,-5.0,-5.0,3,30.687900119802983,ED_MODERATE_SAFE,1,iso_forest
Vaduz,Liechtenstein,7.3,7.3,1,0.0,ED_VERY_SAFE,1,lof
Vilnius,Lithuania,-9.8,-9.8,2,27.003886938544753,ED_MODERATE_SAFE,1,iso_forest
Ulaanbaatar,Mongolia,-12.7,-12.7,2,25.25,ED_MODERATE_SAFE,1,iso_forest
Oslo,Norway,-4.8,-4.8,2,15.2,ED_MODERATE_SAFE,1,iso_forest
Warsaw,Poland,-2.7,-2.7,2,20.363635995658637,ED_MODERATE_SAFE,1,iso_forest
Bucharest,Romania,-0.9,-0.9,3,24.4610981279249,ED_MODERATE_SAFE,1,iso_forest
Castries,Saint Lucia,24.0,25.9,2,8.0,ED_VERY_SAFE,1,lof
Riyadh,Saudi Arabia,25.2,25.2,6,56.15,ED_DANGEROUS,1,iso_forest
Kinshasa,Democratic Republic of Congo,26.1,27.0,2,20.0,ED_MODERATE_SAFE,1,lof
Brazzaville,Congo,26.1,26.9,2,20.0,ED_MODERATE_SAFE,1,lof
Bogot,Bulgaria,1.1,1.1,2,11.434635529345918,ED_VERY_SAFE,1,iso_forest
N'djamena,Chad,31.4,31.4,5,67.05,ED_DANGEROUS,1,iso_forest
Juba,Sudan,25.3,25.3,4,42.4,ED_CAUTION,1,iso_forest
Colombo,Sri Lanka,32.2,40.2,4,69.29166666666667,ED_DANGEROUS,1,lof
Khartoum,Sudan,26.5,26.5,5,55.1,ED_DANGEROUS,1,iso_forest
Stockholm,Sweden,1.3,1.3,1,3.073104403760958,ED_VERY_SAFE,1,lof
Dili,Timor-Leste,26.1,29.1,1,6.300000000000004,ED_VERY_SAFE,1,lof
Kyiv,Ukraine,-0.7,-0.7,2,15.623134328102235,ED_MODERATE_SAFE,1,iso_forest
Port Vila,Vanuatu,24.0,26.1,1,0.0,ED_VERY_SAFE,1,lof
Vienna,Austria,3.1,3.1,2,11.033185584087102,ED_VERY_SAFE,1,iso_forest
Minsk,Belarus,-3.9,-3.9,2,22.413182685652536,ED_MODERATE_SAFE,1,iso_forest
Sofia,Bulgaria,1.1,1.1,2,11.035631594382924,ED_VERY_SAFE,1,iso_forest
Beijing,China,-1.9,-1.9,3,25.40372816802887,ED_MODERATE_SAFE,1,iso_forest
Riyadh,Saudi Arabia,18.2,18.2,6,56.0,ED_DANGEROUS,1,iso_forest
Bogot,Bulgaria,1.4,1.4,2,11.872024772425341,ED_VERY_SAFE,1,iso_forest
Moroni,Comoros,26.3,29.3,2,26.900000000000002,ED_MODERATE_SAFE,1,lof
Tallinn,Estonia,-1.6,-1.6,2,17.7296312428978,ED_MODERATE_SAFE,1,iso_forest
Tokyo,Japan,6.2,6.2,2,8.0,ED_VERY_SAFE,1,iso_forest
Riga,Latvia,-1.9,-1.9,2,18.67874850961035,ED_MODERATE_SAFE,1,iso_forest
Vilnius,Lithuania,-3.8,-3.8,2,22.642413420338706,ED_MODERATE_SAFE,1,iso_forest
Valletta,Malta,13.1,13.1,1,0.0,ED_VERY_SAFE,1,lof
Chi Chi Khvar,Iran,-1.9,-1.9,1,13.878580617221886,ED_VERY_SAFE,1,iso_forest
Ulaanbaatar,Mongolia,-16.6,-16.6,4,52.5,ED_CAUTION,1,iso_forest
Niamey,Niger,31.1,31.1,4,50.1,ED_CAUTION,1,iso_forest
Belgrade,Serbia,6.2,6.2,2,8.0,ED_VERY_SAFE,1,iso_forest
Bucharest,Romania,2.2,2.2,2,10.581108277271234,ED_VERY_SAFE,1,iso_forest
Beijing,China,-0.9,-0.9,6,51.35,ED_CAUTION,1,iso_forest
Port-Au-Prince,Haiti,15.7,15.7,2,8.0,ED_VERY_SAFE,1,lof
Sarajevo,Bosnia and Herzegovina,1.2,1.2,3,18.0,ED_MODERATE_SAFE,1,iso_forest
Sofia,Bulgaria,1.4,1.4,2,10.949282577477753,ED_VERY_SAFE,1,iso_forest
Ivory,Madagascar,33.3,36.2,1,26.10000000000001,ED_MODERATE_SAFE,1,lof
Ottawa,Canada,-5.8,-5.8,1,17.992927308335155,ED_MODERATE_SAFE,1,iso_forest
N'djamena,Chad,29.3,29.3,5,61.00000000000001,ED_DANGEROUS,1,iso_forest
Bogot,Bulgaria,1.8,1.8,2,11.933749151808973,ED_VERY_SAFE,1,iso_forest
Copenhagen,Denmark,2.3,2.3,1,3.9551030653150114,ED_VERY_SAFE,1,lof
Tallinn,Estonia,0.1,0.1,2,13.348313852330445,ED_VERY_SAFE,1,lof
Helsinki,Finland,-0.8,-0.8,1,6.869181222403052,ED_VERY_SAFE,1,lof
Berlin,Germany,2.0,2.0,2,11.738267743049263,ED_VERY_SAFE,1,lof
Budapest,Hungary,2.0,2.0,4,32.0,ED_MODERATE_SAFE,1,iso_forest
Warsaw,Poland,1.3,1.3,2,13.209752613363497,ED_VERY_SAFE,1,iso_forest
Vestmannaeyjar,Iceland,2.2,2.2,1,6.838736255938844,ED_VERY_SAFE,1,iso_forest
Tokyo,Japan,6.2,6.2,3,18.0,ED_MODERATE_SAFE,1,iso_forest
Amman,Jordan,7.0,7.0,1,4.4,ED_VERY_SAFE,1,lof
Kuwait City,Kuwait,19.1,19.1,5,49.2,ED_CAUTION,1,iso_forest
Riga,Latvia,0.1,0.1,2,14.764090454577335,ED_VERY_SAFE,1,lof
Nouakchott,Mauritania,19.4,19.4,4,33.8,ED_MODERATE_SAFE,1,iso_forest
Ulaanbaatar,Mongolia,-21.9,-21.9,3,47.62182888662412,ED_CAUTION,1,iso_forest
Yaren,Turkey,3.2,3.2,1,2.9598753043313417,ED_VERY_SAFE,1,lof
Abuja,Nigeria,33.9,33.9,5,81.42916666666666,ED_VERY_DANGEROUS,1,iso_forest
Oslo,Norway,-4.9,-4.9,2,15.350000000000001,ED_MODERATE_SAFE,1,iso_forest
Abuja,Nigeria,34.0,34.0,5,81.29583333333333,ED_VERY_DANGEROUS,1,iso_forest
Pyongyang,North Korea,-7.5,-7.5,2,25.45377282806757,ED_MODERATE_SAFE,1,iso_forest
Manila,Philippines,28.1,31.8,1,14.400000000000002,ED_VERY_SAFE,1,lof
Juba,Sudan,27.6,27.6,4,44.800000000000004,ED_CAUTION,1,iso_forest
Ulaanbaatar,Mongolia,-14.8,-14.8,3,41.815384437202226,ED_CAUTION,1,iso_forest
Yaren,Turkey,3.3,3.3,1,1.8455451105548555,ED_VERY_SAFE,1,lof
Niamey,Niger,31.1,31.1,4,49.00000000000001,ED_CAUTION,1,iso_forest
Abuja,Nigeria,33.0,33.0,5,80.07916666666667,ED_VERY_DANGEROUS,1,iso_forest
Oslo,Norway,-6.8,-6.8,1,14.837991393297427,ED_VERY_SAFE,1,iso_forest
Warsaw,Poland,-1.9,-1.9,2,18.485910939423775,ED_MODERATE_SAFE,1,iso_forest
Bucharest,Romania,0.4,0.4,2,13.599711995748926,ED_VERY_SAFE,1,iso_forest
Riyadh,Saudi Arabia,16.4,16.4,5,51.3,ED_CAUTION,1,iso_forest
Belgrade,Serbia,2.1,2.1,2,12.850127603622173,ED_VERY_SAFE,1,iso_forest
Singapore,Singapore,25.1,26.9,2,8.0,ED_VERY_SAFE,1,lof
Khartoum,Sudan,27.0,27.0,4,42.3,ED_CAUTION,1,iso_forest
Warsaw,Poland,0.4,0.4,2,15.360622538522861,ED_MODERATE_SAFE,1,iso_forest
Ashgabat,Turkmenistan,0.1,0.1,2,11.883516226837127,ED_VERY_SAFE,1,lof
Kyiv,Ukraine,-2.1,-2.1,2,17.48173512207114,ED_MODERATE_SAFE,1,iso_forest
Lusaka,Zambia,22.1,24.6,2,11.8,ED_VERY_SAFE,1,lof
Buenos Aires,Argentina,24.2,26.0,1,0.0,ED_VERY_SAFE,1,lof
Dhaka,Bangladesh,29.3,29.3,5,51.900000000000006,ED_CAUTION,1,iso_forest
Minsk,Belarus,-8.8,-8.8,2,25.762650532127026,ED_MODERATE_SAFE,1,iso_forest
Sarajevo,Bosnia and Herzegovina,1.1,1.1,4,32.77517269065761,ED_MODERATE_SAFE,1,iso_forest
Sofia,Bulgaria,-1.7,-1.7,3,23.57699354687429,ED_MODERATE_SAFE,1,iso_forest
Ottawa,Canada,-12.0,-12.0,2,28.212535038714222,ED_MODERATE_SAFE,1,iso_forest
N'djamena,Chad,32.3,32.3,4,66.02499999999999,ED_DANGEROUS,1,iso_forest
Vilnius,Lithuania,-6.7,-6.7,2,24.887593842883195,ED_MODERATE_SAFE,1,iso_forest
Riga,Latvia,-1.9,-1.9,2,17.503534775645708,ED_MODERATE_SAFE,1,iso_forest
Astana,Kazakhstan,-10.8,-10.8,3,38.414020993925554,ED_CAUTION,1,iso_forest
Helsinki,Finland,-2.9,-2.9,2,15.902865485100408,ED_MODERATE_SAFE,1,iso_forest
Bucharest,Romania,-3.0,-3.0,2,21.033003879399622,ED_MODERATE_SAFE,1,iso_forest
Riyadh,Saudi Arabia,18.2,18.2,5,51.0,ED_CAUTION,1,iso_forest
Belgrade,Serbia,5.3,5.3,2,8.0,ED_VERY_SAFE,1,iso_forest
Victoria,Seychelles Islands,27.0,30.0,1,21.0,ED_MODERATE_SAFE,1,lof
Bratislava,Slovakia,1.0,1.0,2,15.278142704848385,ED_MODERATE_SAFE,1,iso_forest
Ljubljana,Slovenia,0.3,0.3,4,32.0,ED_MODERATE_SAFE,1,iso_forest
Seoul,South Korea,-5.7,-5.7,2,23.721766610354504,ED_MODERATE_SAFE,1,iso_forest
Juba,Sudan,25.8,25.8,4,41.5,ED_CAUTION,1,iso_forest
Khartoum,Sudan,26.5,26.5,4,42.6,ED_CAUTION,1,iso_forest
Dili,Timor-Leste,26.3,29.2,1,6.599999999999998,ED_VERY_SAFE,1,lof
Tunis,Tunisia,13.0,13.0,2,8.0,ED_VERY_SAFE,1,lof
Kyiv,Ukraine,-1.8,-1.8,2,17.646556660455545,ED_MODERATE_SAFE,1,iso_forest
Baku,Azerbaijan,2.3,2.3,1,5.958494497970172,ED_VERY_SAFE,1,iso_forest
Dhaka,Bangladesh,27.2,27.2,5,45.599999999999994,ED_CAUTION,1,iso_forest
Minsk,Belarus,-6.6,-6.6,2,24.307546591314967,ED_MODERATE_SAFE,1,iso_forest
Sarajevo,Bosnia and Herzegovina,4.3,4.3,4,32.0,ED_MODERATE_SAFE,1,iso_forest
Ottawa,Canada,-8.8,-8.8,2,26.102383705980607,ED_MODERATE_SAFE,1,iso_forest
Beijing,China,-0.6,-0.6,4,35.6842366893532,ED_CAUTION,1,iso_forest
Bogot,Bulgaria,-0.1,-0.1,2,13.950888154490288,ED_VERY_SAFE,1,iso_forest
Tallinn,Estonia,-3.7,-3.7,2,17.485671301796415,ED_MODERATE_SAFE,1,iso_forest
Suva,Fiji Islands,26.4,30.1,1,9.300000000000004,ED_VERY_SAFE,1,lof
Copenhagen,Denmark,4.0,4.0,1,2.5005441069988184,ED_VERY_SAFE,1,iso_forest
Beijing,China,-3.8,-3.8,2,23.058611992002618,ED_MODERATE_SAFE,1,iso_forest
N'djamena,Chad,29.0,29.0,4,47.9,ED_CAUTION,1,iso_forest
Beijing,China,3.3,3.3,4,32.0,ED_MODERATE_SAFE,1,iso_forest
Seoul,South Korea,2.1,2.1,4,34.2755427788408,ED_MODERATE_SAFE,1,iso_forest
Paramaribo,Suriname,22.1,24.6,2,8.0,ED_VERY_SAFE,1,lof
Bern,Switzerland,-3.7,-3.7,2,18.78457473502162,ED_MODERATE_SAFE,1,iso_forest
Kyiv,Ukraine,-1.7,-1.7,2,18.694360675113217,ED_MODERATE_SAFE,1,iso_forest
Harare,Zimbabwe,24.9,26.1,2,20.0,ED_MODERATE_SAFE,1,lof
Canberra,Australia,19.4,19.4,2,8.0,ED_VERY_SAFE,1,lof
Sarajevo,Bosnia and Herzegovina,-3.0,-3.0,4,36.5,ED_CAUTION,1,iso_forest
Gaborone,Botswana,29.8,30.2,1,21.599999999999998,ED_MODERATE_SAFE,1,lof
Sofia,Bulgaria,-1.6,-1.6,4,34.4,ED_MODERATE_SAFE,1,iso_forest
Ottawa,Canada,-10.0,-10.0,1,21.205494379668032,ED_MODERATE_SAFE,1,iso_forest
Zagreb,Croatia,-1.8,-1.8,4,34.7,ED_MODERATE_SAFE,1,iso_forest
Bratislava,Slovakia,1.4,1.4,3,18.0,ED_MODERATE_SAFE,1,iso_forest
Djibouti,Djibouti,31.3,36.0,2,38.96666666666667,ED_CAUTION,1,lof
Mbabane,Swaziland,27.3,29.0,2,23.6,ED_MODERATE_SAFE,1,lof
Paris,France,4.4,4.4,4,32.0,ED_MODERATE_SAFE,1,iso_forest
Vestmannaeyjar,Iceland,8.0,8.0,1,0.0,ED_VERY_SAFE,1,iso_forest
Tokyo,Japan,9.3,9.3,3,18.0,ED_MODERATE_SAFE,1,iso_forest
Astana,Kazakhstan,-9.6,-9.6,2,29.321183839347963,ED_MODERATE_SAFE,1,iso_forest
Maseru,Lesotho,25.3,25.3,1,12.0,ED_VERY_SAFE,1,lof
Ulaanbaatar,Mongolia,-18.8,-18.8,4,54.333333333333336,ED_CAUTION,1,iso_forest
Pyongyang,North Korea,-6.1,-6.1,2,23.42076486873247,ED_MODERATE_SAFE,1,iso_forest
Islamabad,Pakistan,19.1,19.1,5,45.0,ED_CAUTION,1,iso_forest
Mogadishu,Somalia,29.1,32.1,1,24.26666666666667,ED_MODERATE_SAFE,1,lof
Riyadh,Saudi Arabia,16.1,16.1,6,55.3,ED_DANGEROUS,1,iso_forest
Belgrade,Serbia,-2.8,-2.8,4,36.2,ED_CAUTION,1,iso_forest
Havana,Cuba,17.2,17.2,2,8.0,ED_VERY_SAFE,1,lof
Riyadh,Saudi Arabia,16.2,16.2,6,55.1,ED_DANGEROUS,1,iso_forest
Seoul,South Korea,1.3,1.3,4,32.0,ED_MODERATE_SAFE,1,iso_forest
Juba,Sudan,23.3,23.3,4,42.1,ED_CAUTION,1,iso_forest
Bern,Switzerland,-2.0,-2.0,2,18.140173816402317,ED_MODERATE_SAFE,1,iso_forest
Buenos Aires,Argentina,23.1,24.7,1,0.0,ED_VERY_SAFE,1,lof
Vienna,Austria,-0.9,-0.9,3,21.915648787173982,ED_MODERATE_SAFE,1,iso_forest
Baku,Azerbaijan,8.2,8.2,2,8.0,ED_VERY_SAFE,1,lof
Brussels,Belgium,1.4,1.4,3,20.5006407389364,ED_MODERATE_SAFE,1,iso_forest
Belmopan,Belize,21.3,21.3,1,0.0,ED_VERY_SAFE,1,lof
Ivory,Madagascar,36.9,38.5,1,34.93333333333334,ED_MODERATE_SAFE,1,hot_but_safe
Prague,Czech Republic,-2.0,-2.0,2,14.550528025811989,ED_VERY_SAFE,1,iso_forest
'S Gravenjansdijk,Belgium,1.0,1.0,3,22.908268796769434,ED_MODERATE_SAFE,1,iso_forest
Mbabane,Swaziland,26.2,27.2,1,12.599999999999998,ED_VERY_SAFE,1,lof
Vestmannaeyjar,Iceland,7.3,7.3,1,0.0,ED_VERY_SAFE,1,iso_forest
Astana,Kazakhstan,-4.8,-4.8,2,22.09980373410228,ED_MODERATE_SAFE,1,iso_forest
Nairobi,Kenya,26.1,26.1,1,12.0,ED_VERY_SAFE,1,lof
Maseru,Lesotho,22.0,23.1,2,20.0,ED_MODERATE_SAFE,1,lof
Vaduz,Liechtenstein,-1.8,-1.8,1,2.700000000000001,ED_VERY_SAFE,1,iso_forest
Luxembourg,Luxembourg,-1.9,-1.9,2,10.850000000000001,ED_VERY_SAFE,1,iso_forest
Ulaanbaatar,Mongolia,-23.8,-23.8,4,58.5,ED_DANGEROUS,1,iso_forest
Maputo,Mozambique,30.1,33.0,1,28.666666666666668,ED_MODERATE_SAFE,1,lof
National,Bolivia,22.6,25.2,1,0.0,ED_VERY_SAFE,1,lof
National,Bolivia,21.7,21.7,1,0.0,ED_VERY_SAFE,1,lof
Ljubljana,Slovenia,0.3,0.3,4,32.0,ED_MODERATE_SAFE,1,iso_forest
'S Gravenjansdijk,Belgium,2.4,2.4,3,18.0,ED_MODERATE_SAFE,1,iso_forest
Copenhagen,Denmark,4.3,4.3,2,8.0,ED_VERY_SAFE,1,lof
Pretoria,South Africa,25.4,26.2,2,20.0,ED_MODERATE_SAFE,1,out_of_range
Juba,Sudan,26.4,26.4,4,40.1,ED_CAUTION,1,iso_forest
London,United Kingdom,7.1,7.1,4,32.0,ED_MODERATE_SAFE,1,iso_forest
Montevideo,Uruguay,22.4,24.7,1,0.0,ED_VERY_SAFE,1,lof
Sarajevo,Bosnia and Herzegovina,-0.9,-0.9,4,33.35,ED_MODERATE_SAFE,1,iso_forest
Sofia,Bulgaria,-2.7,-2.7,4,36.05,ED_CAUTION,1,iso_forest
Ouagadougou,Burkina Faso,26.2,26.2,5,49.4,ED_CAUTION,1,iso_forest
Ottawa,Canada,-6.7,-6.7,2,18.05,ED_MODERATE_SAFE,1,iso_forest
Beijing,China,0.4,0.4,6,50.0,ED_CAUTION,1,iso_forest
Zagreb,Croatia,0.1,0.1,4,32.0,ED_MODERATE_SAFE,1,iso_forest
Paris,France,0.1,0.1,3,18.0,ED_MODERATE_SAFE,1,iso_forest
Victoria,Seychelles Islands,26.3,28.8,1,16.200000000000003,ED_MODERATE_SAFE,1,lof
Athens,Greece,12.3,12.3,2,8.899999999999999,ED_VERY_SAFE,1,lof
Budapest,Hungary,0.0,0.0,4,32.0,ED_MODERATE_SAFE,1,iso_forest
Tokyo,Japan,5.1,5.1,4,32.0,ED_MODERATE_SAFE,1,iso_forest
Astana,Kazakhstan,-5.6,-5.6,1,17.7429285831615,ED_MODERATE_SAFE,1,iso_forest
Kuwait City,Kuwait,20.5,20.5,5,48.4,ED_CAUTION,1,iso_forest
Vaduz,Liechtenstein,0.0,0.0,1,0.0,ED_VERY_SAFE,1,iso_forest
Valletta,Malta,17.3,17.3,1,0.0,ED_VERY_SAFE,1,lof
Nouakchott,Mauritania,16.3,16.3,4,32.3,ED_MODERATE_SAFE,1,iso_forest
Ulaanbaatar,Mongolia,-18.6,-18.6,4,54.16666666666667,ED_CAUTION,1,iso_forest
Amsterdam,Netherlands,0.3,0.3,3,20.974638236308664,ED_MODERATE_SAFE,1,iso_forest
Bratislava,Slovakia,3.0,3.0,3,18.0,ED_MODERATE_SAFE,1,iso_forest
Belgrade,Serbia,-0.9,-0.9,4,33.35,ED_MODERATE_SAFE,1,iso_forest
Seoul,South Korea,-3.7,-3.7,2,21.499180845398964,ED_MODERATE_SAFE,1,iso_forest
Djibouti,Djibouti,29.1,30.9,3,37.949999999999996,ED_CAUTION,1,lof
Port Vila,Vanuatu,23.3,25.3,1,0.0,ED_VERY_SAFE,1,lof
Harare,Zimbabwe,25.6,26.8,2,20.0,ED_MODERATE_SAFE,1,lof
Brussels,Belgium,2.1,2.1,3,18.0,ED_MODERATE_SAFE,1,iso_forest
Sarajevo,Bosnia and Herzegovina,-4.8,-4.8,3,25.2,ED_MODERATE_SAFE,1,iso_forest
Sofia,Bulgaria,-0.9,-0.9,4,33.35,ED_MODERATE_SAFE,1,iso_forest
Ivory,Madagascar,33.9,35.1,1,32.16666666666667,ED_MODERATE_SAFE,1,lof
Phnom Penh,Cambodia,31.4,31.9,1,14.699999999999996,ED_VERY_SAFE,1,lof
Beijing,China,1.2,1.2,5,45.0,ED_CAUTION,1,iso_forest
Bogot,Bulgaria,1.8,1.8,3,18.0,ED_MODERATE_SAFE,1,iso_forest
Zagreb,Croatia,1.4,1.4,3,19.060108373161135,ED_MODERATE_SAFE,1,iso_forest
Conakry,Guinea,25.1,26.5,3,21.4,ED_MODERATE_SAFE,1,lof
Bucharest,Romania,3.2,3.2,3,18.0,ED_MODERATE_SAFE,1,iso_forest
Budapest,Hungary,0.2,0.2,3,18.0,ED_MODERATE_SAFE,1,iso_forest
Vestmannaeyjar,Iceland,8.3,8.3,1,0.0,ED_VERY_SAFE,1,iso_forest
Astana,Kazakhstan,-10.2,-10.2,1,22.079566503717853,ED_MODERATE_SAFE,1,iso_forest
Nairobi,Kenya,22.2,23.7,1,12.0,ED_VERY_SAFE,1,iso_forest
Bishkek,Kyrghyzstan,2.1,2.1,4,32.0,ED_MODERATE_SAFE,1,iso_forest
Dhidhdhoo,Maldives,27.6,31.1,1,12.300000000000004,ED_VERY_SAFE,1,lof
Nouakchott,Mauritania,19.0,19.1,5,45.0,ED_CAUTION,1,iso_forest
Ulaanbaatar,Mongolia,-17.9,-17.9,4,58.7182043035836,ED_DANGEROUS,1,iso_forest
Pyongyang,North Korea,-2.7,-2.7,4,42.30372691546019,ED_CAUTION,1,iso_forest
Skopje,Macedonia,2.1,2.1,4,32.0,ED_MODERATE_SAFE,1,iso_forest
San Marino,San Marino,6.4,6.4,1,0.0,ED_VERY_SAFE,1,iso_forest
Windhoek,Namibia,31.9,31.9,1,26.699999999999996,ED_MODERATE_SAFE,1,iso_forest
Majuro,Marshall Islands,29.4,35.9,2,29.5,ED_MODERATE_SAFE,1,lof
Yangon,Myanmar,30.0,30.3,2,17.900000000000002,ED_MODERATE_SAFE,1,lof
N'djamena,Chad,28.4,28.4,4,44.75,ED_CAUTION,1,iso_forest
Beijing,China,2.1,2.1,5,45.0,ED_CAUTION,1,iso_forest
Roseau,Dominica,20.2,20.2,1,0.0,ED_VERY_SAFE,1,lof
Astana,Kazakhstan,-5.8,-5.8,1,17.653282459145878,ED_MODERATE_SAFE,1,iso_forest
Bishkek,Kyrghyzstan,-1.3,-1.3,3,19.950000000000003,ED_MODERATE_SAFE,1,iso_forest
Majuro,Marshall Islands,28.1,32.6,2,24.000000000000004,ED_MODERATE_SAFE,1,lof
Nouakchott,Mauritania,23.3,23.3,5,48.8,ED_CAUTION,1,iso_forest
Port Louis,Mauritius,30.2,36.6,1,24.466666666666672,ED_MODERATE_SAFE,1,lof
Ulaanbaatar,Mongolia,-16.8,-16.8,4,56.50196670864376,ED_DANGEROUS,1,iso_forest
Rabat,Morocco,18.2,18.2,2,8.3,ED_VERY_SAFE,1,lof
Pyongyang,North Korea,-7.8,-7.8,1,11.7,ED_VERY_SAFE,1,iso_forest
Ivory,Madagascar,39.9,39.9,1,40.166666666666664,ED_CAUTION,1,iso_forest
National,Bolivia,22.3,24.9,1,0.0,ED_VERY_SAFE,1,lof
Seoul,South Korea,-5.8,-5.8,2,20.582550097127946,ED_MODERATE_SAFE,1,iso_forest
Juba,Sudan,27.6,27.6,4,43.0,ED_CAUTION,1,iso_forest
Colombo,Sri Lanka,32.1,46.4,3,54.230769230769226,ED_CAUTION,1,lof
Nuku`Aloia,Tonga,24.4,25.8,1,0.0,ED_VERY_SAFE,1,lof
Funafuti,Tuvalu,29.2,33.1,2,24.833333333333336,ED_MODERATE_SAFE,1,lof
Brussels,Belgium,-0.9,-0.9,3,19.35,ED_MODERATE_SAFE,1,iso_forest
Sarajevo,Bosnia and Herzegovina,0.2,0.2,4,32.0,ED_MODERATE_SAFE,1,iso_forest
Ivory,Madagascar,40.5,40.6,1,41.333333333333336,ED_CAUTION,1,iso_forest
Beijing,China,-0.9,-0.9,5,46.35,ED_CAUTION,1,iso_forest
Ottawa,Canada,-12.6,-12.6,1,23.46923534367268,ED_MODERATE_SAFE,1,cold_but_safe
Ouagadougou,Burkina Faso,26.4,26.4,5,49.4,ED_CAUTION,1,iso_forest
Antananarivo,Madagascar,25.4,26.9,1,10.3,ED_VERY_SAFE,1,lof
Brussels,Belgium,0.0,0.0,2,15.568737225538516,ED_MODERATE_SAFE,1,iso_forest
Bishkek,Kyrghyzstan,-2.9,-2.9,2,16.778645379760388,ED_MODERATE_SAFE,1,iso_forest
Vilnius,Lithuania,0.3,0.3,2,15.095456710834014,ED_MODERATE_SAFE,1,iso_forest
Pyongyang,North Korea,-7.1,-7.1,2,27.440077673976198,ED_MODERATE_SAFE,1,iso_forest
Riyadh,Saudi Arabia,13.2,13.2,6,54.2,ED_CAUTION,1,iso_forest
Singapore,Singapore,31.3,38.2,2,33.33333333333334,ED_MODERATE_SAFE,1,hot_but_safe
Seoul,South Korea,-3.9,-3.9,2,23.351526244687,ED_MODERATE_SAFE,1,iso_forest
Juba,Sudan,24.9,24.9,4,42.1,ED_CAUTION,1,iso_forest
Stockholm,Sweden,2.0,2.0,1,4.036657632094855,ED_VERY_SAFE,1,iso_forest
Dushanbe,Tajikistan,9.4,9.6,4,32.0,ED_MODERATE_SAFE,1,iso_forest
Nuku`Aloia,Tonga,25.3,26.8,1,0.0,ED_VERY_SAFE,1,lof
Ouagadougou,Burkina Faso,29.8,29.8,4,48.2,ED_CAUTION,1,iso_forest
Nuku`Aloia,Tonga,22.4,24.7,1,0.0,ED_VERY_SAFE,1,lof
Ivory,Madagascar,39.7,40.1,1,40.5,ED_CAUTION,1,iso_forest
Beijing,China,0.2,0.2,4,35.70750562977754,ED_CAUTION,1,iso_forest
Bishkek,Kyrghyzstan,-1.7,-1.7,3,20.549999999999997,ED_MODERATE_SAFE,1,iso_forest
Ulaanbaatar,Mongolia,-18.9,-18.9,4,58.347560477566574,ED_DANGEROUS,1,iso_forest
Pyongyang,North Korea,-10.7,-10.7,1,23.26749393410838,ED_MODERATE_SAFE,1,iso_forest
Oslo,Norway,4.3,4.3,1,0.0,ED_VERY_SAFE,1,lof
Apia,Samoa,27.3,31.2,1,12.599999999999998,ED_VERY_SAFE,1,lof
Riyadh,Saudi Arabia,14.3,14.3,6,54.7,ED_CAUTION,1,iso_forest
Stockholm,Sweden,-0.7,-0.7,1,3.575312597248903,ED_VERY_SAFE,1,iso_forest
Ban Lom,Vietnam,17.3,17.3,3,18.0,ED_MODERATE_SAFE,1,lof
Zagreb,Croatia,-2.0,-2.0,4,35.0,ED_CAUTION,1,iso_forest
Copenhagen,Denmark,1.2,1.2,1,8.929713861512498,ED_VERY_SAFE,1,iso_forest
Helsinki,Finland,-2.7,-2.7,1,14.323529482829771,ED_VERY_SAFE,1,iso_forest
Canberra,Australia,22.2,24.6,2,8.0,ED_VERY_SAFE,1,lof
Abuja,Nigeria,31.9,31.9,5,65.6,ED_DANGEROUS,1,iso_forest
Oslo,Norway,-11.8,-11.8,2,24.5,ED_MODERATE_SAFE,1,iso_forest
Islamabad,Pakistan,17.4,17.4,5,45.0,ED_CAUTION,1,iso_forest
Moscow,Russia,-1.6,-1.6,4,34.4,ED_MODERATE_SAFE,1,iso_forest
Bratislava,Slovakia,2.0,2.0,1,6.465030664322006,ED_VERY_SAFE,1,iso_forest
Ljubljana,Slovenia,-3.7,-3.7,2,16.680355446125066,ED_MODERATE_SAFE,1,lof
Seoul,South Korea,-4.0,-4.0,4,38.0,ED_CAUTION,1,iso_forest
Juba,Sudan,21.5,21.5,4,41.8,ED_CAUTION,1,iso_forest
Khartoum,Sudan,21.3,21.3,4,40.7,ED_CAUTION,1,iso_forest
Andorra La Vella,Andorra,0.3,0.3,1,5.783659480508318,ED_VERY_SAFE,1,iso_forest
Brussels,Belgium,1.0,1.0,4,32.0,ED_MODERATE_SAFE,1,iso_forest
New Delhi,India,14.3,14.3,6,50.0,ED_CAUTION,1,lof
Beijing,China,5.0,5.0,6,50.0,ED_CAUTION,1,iso_forest
Moroni,Comoros,24.3,26.6,2,16.1,ED_MODERATE_SAFE,1,lof
Prague,Czech Republic,-0.9,-0.9,1,6.33423405884308,ED_VERY_SAFE,1,iso_forest
Copenhagen,Denmark,1.0,1.0,1,6.075812425325351,ED_VERY_SAFE,1,lof
Vestmannaeyjar,Iceland,6.0,6.0,1,0.0,ED_VERY_SAFE,1,iso_forest
Tokyo,Japan,7.3,7.3,4,32.0,ED_MODERATE_SAFE,1,iso_forest
Astana,Kazakhstan,-9.8,-9.8,3,36.6451599963071,ED_CAUTION,1,iso_forest
Bishkek,Kyrghyzstan,2.3,2.3,4,32.0,ED_MODERATE_SAFE,1,iso_forest
Vaduz,Liechtenstein,-1.7,-1.7,1,8.60877236388642,ED_VERY_SAFE,1,iso_forest
Luxembourg,Luxembourg,0.7,0.7,2,12.748703767697151,ED_VERY_SAFE,1,iso_forest
Windhoek,Namibia,30.0,30.0,1,21.0,ED_MODERATE_SAFE,1,iso_forest
Ulaanbaatar,Mongolia,-17.9,-17.9,4,53.58333333333333,ED_CAUTION,1,iso_forest
Astana,Kazakhstan,-10.9,-10.9,3,36.84270352945809,ED_CAUTION,1,iso_forest
Vestmannaeyjar,Iceland,7.2,7.2,1,0.0,ED_VERY_SAFE,1,iso_forest
Astana,Kazakhstan,-9.9,-9.9,2,26.845189999006394,ED_MODERATE_SAFE,1,iso_forest
Nouakchott,Mauritania,21.2,21.2,5,45.0,ED_CAUTION,1,iso_forest
Ulaanbaatar,Mongolia,-20.6,-20.6,4,59.72695501497132,ED_DANGEROUS,1,iso_forest
Windhoek,Namibia,29.1,29.1,1,18.300000000000004,ED_MODERATE_SAFE,1,iso_forest
Pyongyang,North Korea,-5.0,-5.0,3,25.5,ED_MODERATE_SAFE,1,iso_forest
Manila,Philippines,28.3,32.6,1,16.000000000000004,ED_MODERATE_SAFE,1,lof
Riyadh,Saudi Arabia,21.0,21.0,6,53.8,ED_CAUTION,1,iso_forest
Juba,Sudan,23.8,23.8,4,41.8,ED_CAUTION,1,iso_forest
Hanoi,Vietnam,18.1,18.1,3,18.0,ED_MODERATE_SAFE,1,lof
Andorra La Vella,Andorra,-4.1,-4.1,1,14.901538745657806,ED_VERY_SAFE,1,iso_forest
Vienna,Austria,2.0,2.0,1,5.881924374276471,ED_VERY_SAFE,1,iso_forest
Brussels,Belgium,2.0,2.0,3,18.0,ED_MODERATE_SAFE,1,iso_forest
Bras,Brazil,23.4,25.9,1,0.0,ED_VERY_SAFE,1,lof
Ivory,Madagascar,39.8,39.8,1,40.0,ED_CAUTION,1,iso_forest
Ottawa,Canada,-9.6,-9.6,1,18.20048425713778,ED_MODERATE_SAFE,1,iso_forest
Beijing,China,1.3,1.3,4,32.0,ED_MODERATE_SAFE,1,iso_forest
Moroni,Comoros,22.1,24.7,1,0.0,ED_VERY_SAFE,1,lof
Copenhagen,Denmark,0.3,0.3,1,8.39356592478043,ED_VERY_SAFE,1,iso_forest
Tallinn,Estonia,-2.6,-2.6,1,15.558584011685022,ED_MODERATE_SAFE,1,iso_forest
Helsinki,Finland,-6.8,-6.8,1,19.443614604182958,ED_MODERATE_SAFE,1,iso_forest
Paris,France,2.2,2.2,3,18.0,ED_MODERATE_SAFE,1,iso_forest
Pyongyang,North Korea,-0.8,-0.8,3,22.290505417194733,ED_MODERATE_SAFE,1,iso_forest
Riyadh,Saudi Arabia,19.2,19.2,6,55.1,ED_DANGEROUS,1,iso_forest
Ouagadougou,Burkina Faso,29.4,29.4,4,45.349999999999994,ED_CAUTION,1,iso_forest
Ulaanbaatar,Mongolia,-11.0,-11.0,4,52.91433956844811,ED_CAUTION,1,iso_forest
Port Vila,Vanuatu,27.1,30.6,1,10.800000000000004,ED_VERY_SAFE,1,lof
Dhaka,Bangladesh,28.0,28.0,6,53.0,ED_CAUTION,1,iso_forest
Praia,Cape Verde,22.0,24.6,1,0.0,ED_VERY_SAFE,1,lof
Ottawa,Canada,-10.9,-10.9,2,30.012475446529777,ED_MODERATE_SAFE,1,iso_forest
N'djamena,Chad,31.0,31.0,4,52.85,ED_CAUTION,1,iso_forest
Beijing,China,-2.6,-2.6,6,53.9,ED_CAUTION,1,iso_forest
Budapest,Hungary,1.2,1.2,4,34.97035618910442,ED_MODERATE_SAFE,1,iso_forest
Vestmannaeyjar,Iceland,3.1,3.1,1,7.461700028755896,ED_VERY_SAFE,1,iso_forest
Dublin,Ireland,5.0,5.0,1,0.0007712549418901204,ED_VERY_SAFE,1,iso_forest
Tarawa,Kiribati,27.2,29.3,2,14.900000000000002,ED_VERY_SAFE,1,lof
Yaren,Turkey,9.1,9.1,3,18.3,ED_MODERATE_SAFE,1,lof
Bratislava,Slovakia,-1.9,-1.9,4,39.24741929731612,ED_CAUTION,1,iso_forest
Skopje,Macedonia,3.3,3.3,4,32.0,ED_MODERATE_SAFE,1,iso_forest
Oslo,Norway,-4.0,-4.0,1,14.272679296752504,ED_VERY_SAFE,1,iso_forest
Port Moresby,Papua New Guinea,25.0,28.2,2,11.599999999999998,ED_VERY_SAFE,1,lof
Moscow,Russia,-3.8,-3.8,3,32.02164040002789,ED_MODERATE_SAFE,1,iso_forest
Riyadh,Saudi Arabia,19.3,19.3,5,49.6,ED_CAUTION,1,iso_forest
Dakar,Senegal,21.1,21.1,2,10.7,ED_VERY_SAFE,1,lof
Victoria,Seychelles Islands,28.2,32.9,2,33.349999999999994,ED_MODERATE_SAFE,1,lof
Bratislava,Slovakia,0.4,0.4,3,24.38414920716184,ED_MODERATE_SAFE,1,iso_forest
Seoul,South Korea,0.2,0.2,4,32.0,ED_MODERATE_SAFE,1,iso_forest
Juba,Sudan,28.2,28.2,4,45.49999999999999,ED_CAUTION,1,iso_forest
Juba,Sudan,29.8,29.8,4,50.60000000000001,ED_CAUTION,1,iso_forest
Belgrade,Serbia,1.3,1.3,4,32.0,ED_MODERATE_SAFE,1,iso_forest
Ashgabat,Turkmenistan,9.2,9.2,2,8.0,ED_VERY_SAFE,1,lof
Zagreb,Croatia,1.4,1.4,4,32.0,ED_MODERATE_SAFE,1,iso_forest
Riyadh,Saudi Arabia,21.3,21.3,6,55.0,ED_DANGEROUS,1,iso_forest
Belgrade,Serbia,-0.8,-0.8,4,33.2,ED_MODERATE_SAFE,1,iso_forest
Ljubljana,Slovenia,-0.9,-0.9,4,33.35,ED_MODERATE_SAFE,1,iso_forest
Juba,Sudan,30.2,30.2,4,51.599999999999994,ED_CAUTION,1,iso_forest
Khartoum,Sudan,30.1,30.1,4,51.10000000000001,ED_CAUTION,1,iso_forest
Dhaka,Bangladesh,27.9,27.9,6,52.699999999999996,ED_CAUTION,1,iso_forest
Bridgetown,Barbados,27.2,30.1,1,9.300000000000004,ED_VERY_SAFE,1,lof
Ottawa,Canada,-14.5,-14.5,2,30.4904165638496,ED_MODERATE_SAFE,1,iso_forest
N'djamena,Chad,31.0,31.0,4,53.0,ED_CAUTION,1,iso_forest
Beijing,China,0.1,0.1,6,50.0,ED_CAUTION,1,iso_forest
Budapest,Hungary,-0.7,-0.7,4,33.05,ED_MODERATE_SAFE,1,iso_forest
Dakar,Senegal,20.3,20.3,2,10.7,ED_VERY_SAFE,1,lof
Vestmannaeyjar,Iceland,2.1,2.1,1,7.383533521594989,ED_VERY_SAFE,1,iso_forest
Tehran,Iran,7.3,7.3,4,34.1,ED_MODERATE_SAFE,1,iso_forest
Bishkek,Kyrghyzstan,-4.7,-4.7,2,23.741353347464077,ED_MODERATE_SAFE,1,iso_forest
Bamako,Mali,27.0,27.0,3,18.0,ED_MODERATE_SAFE,1,lof
Majuro,Marshall Islands,26.0,28.6,2,12.800000000000004,ED_VERY_SAFE,1,lof
Chi Chi Khvar,Iran,-1.1,-1.1,3,25.69662864440847,ED_MODERATE_SAFE,1,iso_forest
Ulaanbaatar,Mongolia,-15.0,-15.0,4,54.77541184041762,ED_CAUTION,1,iso_forest
Oslo,Norway,-4.9,-4.9,3,25.35,ED_MODERATE_SAFE,1,iso_forest
Warsaw,Poland,3.0,3.0,5,45.0,ED_CAUTION,1,iso_forest
Riyadh,Saudi Arabia,16.1,16.1,5,49.8,ED_CAUTION,1,iso_forest
Khartoum,Sudan,29.1,29.1,4,48.0,ED_CAUTION,1,iso_forest
Harare,Zimbabwe,20.2,20.2,1,12.0,ED_VERY_SAFE,1,lof
Belgrade,Serbia,-2.0,-2.0,4,35.0,ED_CAUTION,1,iso_forest
Suva,Fiji Islands,26.3,29.9,1,8.699999999999996,ED_VERY_SAFE,1,lof
Pyongyang,North Korea,2.3,2.3,3,18.0,ED_MODERATE_SAFE,1,iso_forest
Skopje,Macedonia,5.2,5.2,4,32.0,ED_MODERATE_SAFE,1,iso_forest
National,Bolivia,21.8,21.8,1,0.0,ED_VERY_SAFE,1,lof
Port Moresby,Papua New Guinea,25.2,28.0,2,11.0,ED_VERY_SAFE,1,lof
Riyadh,Saudi Arabia,21.3,21.3,6,54.7,ED_CAUTION,1,iso_forest
Juba,Sudan,24.3,24.3,4,43.0,ED_CAUTION,1,iso_forest
Madrid,Spain,8.1,8.1,1,0.0,ED_VERY_SAFE,1,lof
Port Vila,Vanuatu,26.2,29.3,1,6.900000000000002,ED_VERY_SAFE,1,lof
Ouagadougou,Burkina Faso,31.1,31.1,4,49.2,ED_CAUTION,1,iso_forest
Ivory,Madagascar,22.9,25.2,1,1.1999999999999997,ED_VERY_SAFE,1,lof
Vestmannaeyjar,Iceland,1.3,1.3,1,7.194999926069824,ED_VERY_SAFE,1,iso_forest
Tehran,Iran,10.1,10.1,4,32.0,ED_MODERATE_SAFE,1,iso_forest
Dublin,Ireland,6.1,6.1,1,0.0,ED_VERY_SAFE,1,iso_forest
Astana,Kazakhstan,-12.6,-12.6,2,29.125473946646842,ED_MODERATE_SAFE,1,iso_forest
Tarawa,Kiribati,26.7,28.8,2,13.400000000000002,ED_VERY_SAFE,1,lof
Ulaanbaatar,Mongolia,-21.9,-21.9,3,47.39387216861779,ED_CAUTION,1,iso_forest
Windhoek,Namibia,33.3,33.3,1,29.16666666666666,ED_MODERATE_SAFE,1,iso_forest
Wellington,New Zealand,16.2,16.2,1,0.0,ED_VERY_SAFE,1,iso_forest
Bucharest,Romania,5.4,5.4,4,32.0,ED_MODERATE_SAFE,1,iso_forest
Juba,Sudan,25.0,25.0,4,43.1,ED_CAUTION,1,iso_forest
Hanoi,Vietnam,15.0,15.0,2,8.0,ED_VERY_SAFE,1,lof
Brussels,Belgium,10.1,10.1,1,0.0,ED_VERY_SAFE,1,iso_forest
Windhoek,Namibia,32.0,32.0,1,27.0,ED_MODERATE_SAFE,1,iso_forest
Vestmannaeyjar,Iceland,1.2,1.2,1,8.687323112943504,ED_VERY_SAFE,1,iso_forest
Buenos Aires,Argentina,22.2,24.6,1,0.0,ED_VERY_SAFE,1,lof
Amsterdam,Netherlands,7.3,7.3,1,0.0,ED_VERY_SAFE,1,iso_forest
Dhaka,Bangladesh,27.9,27.9,6,52.699999999999996,ED_CAUTION,1,iso_forest
Brussels,Belgium,7.2,7.2,1,0.0,ED_VERY_SAFE,1,iso_forest
Praia,Cape Verde,22.2,24.6,1,0.0,ED_VERY_SAFE,1,lof
Ottawa,Canada,-14.6,-14.6,1,23.470585902945498,ED_MODERATE_SAFE,1,cold_but_safe
N'djamena,Chad,31.1,31.1,4,53.60000000000001,ED_CAUTION,1,iso_forest
Beijing,China,1.2,1.2,6,50.0,ED_CAUTION,1,iso_forest
Vestmannaeyjar,Iceland,1.2,1.2,1,4.537394762451866,ED_VERY_SAFE,1,iso_forest
Dublin,Ireland,6.3,6.3,1,0.0,ED_VERY_SAFE,1,iso_forest
Dhidhdhoo,Maldives,27.0,30.0,2,17.0,ED_MODERATE_SAFE,1,lof
Ulaanbaatar,Mongolia,-10.6,-10.6,2,28.01121180364244,ED_MODERATE_SAFE,1,iso_forest
Pyongyang,North Korea,0.3,0.3,4,34.974638236308664,ED_MODERATE_SAFE,1,iso_forest
Helsinki,Finland,3.2,3.2,1,4.086338729928096,ED_VERY_SAFE,1,iso_forest
'S Gravenjansdijk,Belgium,7.4,7.4,1,0.0,ED_VERY_SAFE,1,iso_forest
Seoul,South Korea,2.3,2.3,4,32.0,ED_MODERATE_SAFE,1,iso_forest
Juba,Sudan,25.4,25.4,4,41.9,ED_CAUTION,1,iso_forest
Khartoum,Sudan,26.4,26.4,4,41.8,ED_CAUTION,1,iso_forest
Bangkok,Thailand,34.2,34.3,5,74.89583333333333,ED_DANGEROUS,1,iso_forest
Sucre,Bolivia,12.4,12.7,1,0.0,ED_VERY_SAFE,1,lof
Ivory,Madagascar,28.6,30.5,1,10.5,ED_VERY_SAFE,1,lof
Ottawa,Canada,-16.6,-16.6,3,38.5,ED_CAUTION,1,iso_forest
Beijing,China,1.3,1.3,6,50.0,ED_CAUTION,1,iso_forest
Mbabane,Swaziland,24.1,25.5,1,12.0,ED_VERY_SAFE,1,lof
'S Gravenjansdijk,Belgium,-0.8,-0.8,4,38.7194719009706,ED_CAUTION,1,iso_forest
Moscow,Russia,-5.0,-5.0,3,31.447656527708055,ED_MODERATE_SAFE,1,iso_forest
National,Bolivia,20.5,20.5,1,0.0,ED_VERY_SAFE,1,lof
Zagreb,Croatia,-0.8,-0.8,4,33.2,ED_MODERATE_SAFE,1,iso_forest
Bratislava,Slovakia,-1.9,-1.9,4,39.6045609866616,ED_CAUTION,1,iso_forest
Ljubljana,Slovenia,-0.9,-0.9,3,19.35,ED_MODERATE_SAFE,1,iso_forest
Honiara,Solomon Islands,28.4,33.8,1,17.999999999999996,ED_MODERATE_SAFE,1,lof
Seoul,South Korea,2.2,2.2,4,32.0,ED_MODERATE_SAFE,1,iso_forest
Juba,Sudan,29.7,29.7,4,50.39999999999999,ED_CAUTION,1,iso_forest
Colombo,Sri Lanka,30.1,38.7,2,34.16666666666667,ED_MODERATE_SAFE,1,hot_but_safe
Ankara,Turkey,5.2,5.2,4,32.0,ED_MODERATE_SAFE,1,lof
Sarajevo,Bosnia and Herzegovina,-2.9,-2.9,4,36.35,ED_CAUTION,1,iso_forest
Bandar Seri Begawan,Brunei Darussalam,30.2,38.3,1,25.499999999999996,ED_MODERATE_SAFE,1,hot_but_safe
Beijing,China,4.1,4.1,5,45.0,ED_CAUTION,1,iso_forest
Roseau,Dominica,26.0,27.8,2,10.400000000000002,ED_VERY_SAFE,1,lof
'S Gravenjansdijk,Belgium,0.3,0.3,3,23.57325039804854,ED_MODERATE_SAFE,1,iso_forest
Santo Domingo,Dominican Republic,22.3,24.8,1,0.0,ED_VERY_SAFE,1,lof
Mbabane,Swaziland,27.1,27.6,3,31.800000000000004,ED_MODERATE_SAFE,1,lof
Budapest,Hungary,-2.6,-2.6,4,35.9,ED_CAUTION,1,iso_forest
Vestmannaeyjar,Iceland,1.2,1.2,1,9.096705000910125,ED_VERY_SAFE,1,iso_forest
Tehran,Iran,6.4,6.4,4,32.0,ED_MODERATE_SAFE,1,lof
Bishkek,Kyrghyzstan,0.8,0.8,4,32.0,ED_MODERATE_SAFE,1,iso_forest
Laos,Indonesia,24.2,27.0,2,8.0,ED_VERY_SAFE,1,lof
Luxembourg,Luxembourg,-4.0,-4.0,3,24.0,ED_MODERATE_SAFE,1,iso_forest
Majuro,Marshall Islands,29.2,35.4,2,28.666666666666664,ED_MODERATE_SAFE,1,lof
Ulaanbaatar,Mongolia,-10.8,-10.8,4,51.48259517018451,ED_CAUTION,1,iso_forest
Belgrade,Serbia,-2.0,-2.0,4,35.0,ED_CAUTION,1,iso_forest
Bucharest,Romania,2.4,2.4,4,32.00786147669046,ED_MODERATE_SAFE,1,iso_forest
Pyongyang,North Korea,2.2,2.2,4,32.0,ED_MODERATE_SAFE,1,iso_forest
Beijing,China,6.2,6.2,6,50.0,ED_CAUTION,1,iso_forest
Ljubljana,Slovenia,0.3,0.3,3,20.144143984161417,ED_MODERATE_SAFE,1,iso_forest
Mogadishu,Somalia,28.6,30.7,1,22.799999999999997,ED_MODERATE_SAFE,1,lof
Seoul,South Korea,0.3,0.3,4,32.0,ED_MODERATE_SAFE,1,iso_forest
Colombo,Sri Lanka,32.2,38.5,2,33.833333333333336,ED_MODERATE_SAFE,1,hot_but_safe
Sanaa,Yemen,22.4,22.4,1,10.5,ED_VERY_SAFE,1,lof
Luanda,Angola,26.3,29.3,2,24.300000000000004,ED_MODERATE_SAFE,1,lof
Vienna,Austria,-1.6,-1.6,3,26.002899784884168,ED_MODERATE_SAFE,1,iso_forest
Brussels,Belgium,-0.7,-0.7,4,37.624202387736695,ED_CAUTION,1,iso_forest
Sarajevo,Bosnia and Herzegovina,-2.9,-2.9,3,22.35,ED_MODERATE_SAFE,1,iso_forest
Sofia,Bulgaria,-3.8,-3.8,3,23.7,ED_MODERATE_SAFE,1,iso_forest
Moroni,Comoros,24.8,26.8,1,12.0,ED_VERY_SAFE,1,lof
Skopje,Macedonia,1.0,1.0,4,32.0,ED_MODERATE_SAFE,1,iso_forest
Zagreb,Croatia,0.3,0.3,4,32.0,ED_MODERATE_SAFE,1,iso_forest
Prague,Czech Republic,0.3,0.3,3,20.144143984161417,ED_MODERATE_SAFE,1,iso_forest
Addis Ababa,Ethiopia,21.3,21.3,1,12.0,ED_VERY_SAFE,1,lof
Berlin,Germany,-1.8,-1.8,3,20.700000000000003,ED_MODERATE_SAFE,1,iso_forest
Budapest,Hungary,0.4,0.4,3,18.0,ED_MODERATE_SAFE,1,iso_forest
Maseru,Lesotho,26.3,26.3,1,12.0,ED_VERY_SAFE,1,lof
Nouakchott,Mauritania,16.9,16.9,4,32.9,ED_MODERATE_SAFE,1,iso_forest
Ulaanbaatar,Mongolia,-18.7,-18.7,4,58.690994676637686,ED_DANGEROUS,1,iso_forest
Windhoek,Namibia,30.3,30.3,1,21.900000000000002,ED_MODERATE_SAFE,1,iso_forest
Amsterdam,Netherlands,-0.8,-0.8,4,37.10804035450389,ED_CAUTION,1,iso_forest
Yaren,Turkey,3.2,3.2,3,18.3,ED_MODERATE_SAFE,1,lof
Skopje,Macedonia,-0.8,-0.8,4,33.5,ED_MODERATE_SAFE,1,iso_forest
Port Moresby,Papua New Guinea,29.4,38.1,1,25.16666666666667,ED_MODERATE_SAFE,1,hot_but_safe
Sarajevo,Bosnia and Herzegovina,2.3,2.3,4,32.0,ED_MODERATE_SAFE,1,iso_forest
Kathmandu,Nepal,12.4,12.6,4,32.0,ED_MODERATE_SAFE,1,lof
Skopje,Macedonia,0.1,0.1,4,32.0,ED_MODERATE_SAFE,1,iso_forest
Warsaw,Poland,0.2,0.2,4,34.983132239170644,ED_MODERATE_SAFE,1,iso_forest
Riyadh,Saudi Arabia,19.4,19.4,5,49.5,ED_CAUTION,1,iso_forest
Belgrade,Serbia,-0.9,-0.9,4,36.462522563285475,ED_CAUTION,1,iso_forest
Ljubljana,Slovenia,-0.9,-0.9,4,33.35,ED_MODERATE_SAFE,1,iso_forest
Juba,Sudan,27.5,27.5,4,42.2,ED_CAUTION,1,iso_forest
Nassau,Bahamas,23.1,25.6,1,0.0,ED_VERY_SAFE,1,lof
Brussels,Belgium,-0.7,-0.7,4,38.10354894962515,ED_CAUTION,1,iso_forest
Sucre,Bolivia,9.4,9.4,1,0.0,ED_VERY_SAFE,1,lof
Gaborone,Botswana,31.9,31.9,1,26.699999999999996,ED_MODERATE_SAFE,1,iso_forest
Warsaw,Poland,0.3,0.3,4,32.0,ED_MODERATE_SAFE,1,iso_forest
Sofia,Bulgaria,2.2,2.2,4,32.0,ED_MODERATE_SAFE,1,iso_forest
Ottawa,Canada,-15.8,-15.8,2,27.833333333333336,ED_MODERATE_SAFE,1,iso_forest
Beijing,China,1.0,1.0,5,45.0,ED_CAUTION,1,iso_forest
Zagreb,Croatia,-0.8,-0.8,4,33.2,ED_MODERATE_SAFE,1,iso_forest
Tallinn,Estonia,-2.9,-2.9,1,15.271004334734972,ED_MODERATE_SAFE,1,iso_forest
Helsinki,Finland,-3.7,-3.7,1,16.412144466960807,ED_MODERATE_SAFE,1,iso_forest
Paris,France,-0.7,-0.7,4,36.118488271103985,ED_CAUTION,1,iso_forest
Luxembourg,Luxembourg,-2.7,-2.7,4,36.05,ED_CAUTION,1,iso_forest
Ulaanbaatar,Mongolia,-17.7,-17.7,4,57.91537292891346,ED_DANGEROUS,1,iso_forest
Windhoek,Namibia,30.6,30.6,1,22.800000000000004,ED_MODERATE_SAFE,1,iso_forest
Windhoek,Namibia,31.2,31.2,1,24.599999999999998,ED_MODERATE_SAFE,1,iso_forest
Ulaanbaatar,Mongolia,-15.6,-15.6,3,37.666666666666664,ED_CAUTION,1,iso_forest
Luxembourg,Luxembourg,-2.7,-2.7,4,36.05,ED_CAUTION,1,iso_forest
Laos,Indonesia,24.5,27.3,2,8.900000000000002,ED_VERY_SAFE,1,lof
Bucharest,Romania,3.2,3.2,4,32.0,ED_MODERATE_SAFE,1,iso_forest
'S Gravenjansdijk,Belgium,-0.9,-0.9,4,36.19760092441713,ED_CAUTION,1,iso_forest
Belgrade,Serbia,-1.0,-1.0,4,33.5,ED_MODERATE_SAFE,1,iso_forest
Ljubljana,Slovenia,-1.8,-1.8,3,20.700000000000003,ED_MODERATE_SAFE,1,iso_forest
Juba,Sudan,30.1,30.1,4,51.400000000000006,ED_CAUTION,1,iso_forest
Montevideo,Uruguay,22.1,24.6,1,0.0,ED_VERY_SAFE,1,lof
Buenos Aires,Argentina,18.0,18.0,2,8.0,ED_VERY_SAFE,1,lof
Vienna,Austria,-1.7,-1.7,3,29.287221473123452,ED_MODERATE_SAFE,1,iso_forest
Nassau,Bahamas,23.2,25.8,1,0.0,ED_VERY_SAFE,1,lof
Brussels,Belgium,-0.8,-0.8,4,33.2,ED_MODERATE_SAFE,1,iso_forest
Sarajevo,Bosnia and Herzegovina,0.2,0.2,4,32.0,ED_MODERATE_SAFE,1,iso_forest
Gaborone,Botswana,32.0,32.3,3,45.49999999999999,ED_CAUTION,1,lof
Sofia,Bulgaria,-3.9,-3.9,3,23.85,ED_MODERATE_SAFE,1,iso_forest
Ivory,Madagascar,34.3,35.0,1,32.0,ED_MODERATE_SAFE,1,lof
Beijing,China,3.7,3.7,6,50.0,ED_CAUTION,1,iso_forest
Zagreb,Croatia,-0.9,-0.9,4,33.35,ED_MODERATE_SAFE,1,iso_forest
Santo Domingo,Dominican Republic,21.4,21.4,1,0.0,ED_VERY_SAFE,1,lof
Paris,France,-0.6,-0.6,4,32.9,ED_MODERATE_SAFE,1,iso_forest
Budapest,Hungary,-1.7,-1.7,4,38.03256156534415,ED_CAUTION,1,iso_forest
Tokyo,Japan,11.0,11.0,4,32.0,ED_MODERATE_SAFE,1,lof
Astana,Kazakhstan,-2.0,-2.0,1,13.72346186672258,ED_VERY_SAFE,1,iso_forest
Port Of Spain,Trinidad and Tobago,24.1,24.1,1,0.0,ED_VERY_SAFE,1,lof
