location_name,cluster,air_quality_PM2.5,temperature_celsius,air_quality_us-epa-index,uv_index
25.20_44.00,2,35.606125827828464,23.43128165145988,2.845802919708029,3.0
25.20_44.40,2,35.09825684990876,23.59338463503652,2.815693430656934,3.0
25.20_44.80,5,34.714266897445256,23.562008594890536,2.822080291970803,3.0
25.20_45.20,5,37.76703129680657,23.510386806569365,3.0875912408759123,3.0
25.20_45.60,2,39.1483212814781,23.513542718978123,3.190693430656934,3.0
25.20_46.00,2,40.97078889279197,23.347265027372288,3.303832116788321,3.0
25.20_46.40,5,48.51718457454379,23.518932080291997,3.6824817518248176,3.0
25.20_46.80,5,55.75264260775548,23.6771562682482,3.875,3.0
25.20_47.20,2,40.43891357718978,23.469160830291997,3.333029197080292,3.0
25.20_47.60,2,36.22959981916058,23.502735145985422,3.041058394160584,3.0
25.20_48.00,5,57.24383195027372,23.73322068430659,3.9817518248175183,3.0
25.20_48.40,5,52.28238866459854,24.08727307481754,3.721715328467153,3.0
25.20_48.80,2,45.53637421660584,24.19473219890513,3.3649635036496357,3.0
25.20_49.20,2,44.63347036998175,24.38588326642338,3.1496350364963503,3.0
25.20_49.60,2,40.36494871432482,24.53096114051097,2.77007299270073,3.0
25.20_50.00,2,36.85539691405109,24.52786057481754,2.571167883211679,3.0
25.20_50.40,2,40.07191450638686,24.827287582116814,2.706204379562044,3.0
25.20_50.80,2,44.99109337363139,25.54049565693433,3.0875912408759123,3.0
25.20_51.20,2,42.792406275091246,26.199332445255497,3.045620437956204,3.0
25.20_51.60,1,36.60346867837592,25.783236970802943,2.5903284671532845,3.0
25.20_52.00,1,33.634327836678835,25.700674753649658,2.4306569343065694,3.0
25.20_52.40,1,36.44367041970803,25.8726916332117,2.5437956204379564,3.0
25.20_52.80,1,50.45139348804744,26.08328144160586,2.927919708029197,3.0
25.20_53.20,1,39.92915550739051,26.22501948905112,2.646897810218978,3.0
25.20_53.60,1,33.769288264689784,26.372030556569367,2.43521897810219,3.0
25.20_54.00,1,33.24010309032847,26.405626587591264,2.412408759124088,3.0
25.20_54.40,1,34.02317021660584,26.40660595802922,2.460766423357664,3.0
25.20_54.80,1,33.17096059972628,26.37134015510951,2.3987226277372264,3.0
25.20_55.20,1,38.78520746368613,26.027075583941627,2.661496350364964,3.0
25.20_55.60,2,38.64065110346715,26.05053468065696,2.6998175182481754,3.0
25.20_56.00,2,36.157365314324814,25.85411260036499,2.70985401459854,3.0
25.20_56.40,1,34.14134746268248,26.116345410583964,2.447992700729927,3.0
25.20_56.80,1,31.39596319744525,26.22737166058396,2.3074817518248176,3.0
25.20_57.20,1,28.99039299790146,26.29896241788323,2.2135036496350367,3.0
25.20_57.60,1,27.29980555082117,26.26165927007301,2.1541970802919708,3.0
25.20_58.00,1,26.2236883439781,26.063067691605863,2.1149635036496357,3.0
25.20_58.40,1,25.1334952459854,25.96724412408761,2.06478102189781,3.0
25.20_58.80,1,24.266826511496348,25.790910757299294,2.041970802919708,3.0
25.20_59.20,1,23.37531986560219,25.777383366788342,2.0036496350364965,3.0
25.20_59.60,1,22.916756623266423,25.593142782846737,1.9726277372262773,3.0
25.20_60.00,1,22.540891025821168,25.665450246350385,1.958029197080292,3.0
25.20_60.40,1,20.62001680082117,25.50963569343068,1.8868613138686128,3.0
25.20_60.80,1,20.17404346742701,25.23803792883214,1.8795620437956204,3.0
25.20_61.20,1,22.804086997901457,25.03490072080294,2.0875912408759123,3.0
25.20_61.60,1,22.65725562463504,25.28350020985404,2.1012773722627736,3.0
25.20_62.00,1,22.23534205228102,25.66783583941608,2.093065693430657,3.0
25.20_62.40,1,23.645378273448905,25.072600583941625,2.156021897810219,3.0
25.20_62.80,1,21.72941202828467,24.9245412682482,2.0136861313868613,3.0
25.20_63.20,1,22.90005860930657,24.99861031934309,2.08029197080292,3.0
25.20_63.60,1,23.72969706259124,25.09615640510951,2.1094890510948905,3.0
25.20_64.00,1,23.037098239324816,25.18212580291973,2.065693430656934,3.0
25.60_44.00,2,33.52160610136861,23.50336561131389,2.6952554744525545,3.0
25.60_44.40,5,34.02191869160584,23.53468578467156,2.75,3.0
25.60_44.80,4,35.4424957915146,23.49616936131389,2.896897810218978,3.0
25.60_45.20,5,38.4310435560584,23.36713915145988,3.1432481751824817,3.0
25.60_45.60,5,38.58384869543796,23.443434297445275,3.1551094890510947,3.0
25.60_46.00,2,40.071060172171535,23.514630538321192,3.3056569343065694,3.0
25.60_46.40,5,46.06585514990876,23.455426925182504,3.6012773722627736,3.0
25.60_46.80,2,45.07807805593066,23.313840866788343,3.612226277372263,3.0
25.60_47.20,2,41.01093608987226,23.374099160583963,3.437956204379562,3.0
25.60_47.60,2,39.42753199160584,23.605874571167902,3.347627737226277,3.0
25.60_48.00,5,50.07622628001825,23.78389984489053,3.783759124087591,3.0
25.60_48.40,5,48.930807120437954,23.992265702554768,3.6350364963503647,3.0
25.60_48.80,2,46.10348250474453,24.12594122262776,3.416970802919708,3.0
25.60_49.20,2,46.754218389781016,24.35473720802922,3.271897810218978,3.0
25.60_49.60,2,44.12712512974453,24.72592659671535,2.998175182481752,3.0
25.60_50.00,2,39.40450269114964,24.782275675182504,2.6742700729927007,3.0
25.60_50.40,1,38.72348137773723,24.874591240875937,2.6094890510948905,3.0
25.60_50.80,1,40.19973075958029,25.752521405109512,2.7572992700729926,3.0
25.60_51.20,1,35.74102422718978,26.113239525547467,2.589416058394161,3.0
25.60_51.60,1,33.15937532007299,25.538453850364988,2.4005474452554743,3.0
25.60_52.00,1,35.67194266925183,25.706531824817542,2.5264598540145986,3.0
25.60_52.40,1,39.01527077189781,25.87004565693433,2.666970802919708,3.0
25.60_52.80,1,37.44890737910584,26.09213878649637,2.5985401459854014,3.0
25.60_53.20,1,34.8025802665146,26.193601359489072,2.458941605839416,3.0
25.60_53.60,1,33.88009882034672,26.33742955291973,2.4096715328467155,3.0
25.60_54.00,1,33.64823273540146,26.38337725364966,2.4005474452554743,3.0
25.60_54.40,1,34.887776599087594,26.481403968978125,2.498175182481752,3.0
25.60_54.80,1,31.880116492427003,26.49380731751827,2.3485401459854014,3.0
25.60_55.20,1,33.50699436167883,26.289338357664256,2.413321167883212,3.0
25.60_55.60,1,39.4478584069343,26.182866706204404,2.666058394160584,3.0
25.60_56.00,1,32.82095813366789,25.684460720802942,2.3850364963503647,3.0
25.60_56.40,1,28.19125876031022,25.7117751642336,2.1751824817518246,3.0
25.60_56.80,1,28.205778014324817,25.85919801094893,2.19434306569343,3.0
25.60_57.20,1,26.30121473421533,25.910651386861336,2.1067518248175183,3.0
25.60_57.60,1,23.60645677417883,25.85563661496353,2.0072992700729926,3.0
25.60_58.00,1,21.41720686806569,25.692514844890532,1.9005474452554745,3.0
25.60_58.40,1,20.370505277828467,25.51572631386864,1.8558394160583944,3.0
25.60_58.80,1,19.775245928467157,25.44109709854017,1.8567518248175183,3.0
25.60_59.20,4,18.609389844708023,25.75709929744528,1.8056569343065692,3.0
25.60_59.60,4,18.22604737609489,25.74803532846718,1.8147810218978104,3.0
25.60_60.00,4,17.84566896669708,25.66640345802922,1.7974452554744529,3.0
25.60_60.40,4,18.022080232572996,25.64043319343068,1.791970802919708,3.0
25.60_60.80,4,20.353479220072995,25.510294333941623,1.9726277372262773,3.0
25.60_61.20,4,28.796955473448907,25.4623764872263,2.635948905109489,3.0
25.60_61.60,4,32.099085520620434,25.62443113138688,2.707116788321168,3.0
25.60_62.00,2,27.892494181113136,25.73656963503652,2.5875912408759123,3.0
25.60_62.40,4,32.965073854835765,25.54328683394163,2.83029197080292,3.0
25.60_62.80,4,27.65063633640511,25.401322016423386,2.3996350364963503,3.0
25.60_63.20,4,26.036497977372264,25.11380702554747,2.2992700729927007,3.0
25.60_63.60,4,26.401177611770077,25.13866247262776,2.270985401459854,3.0
25.60_64.00,4,22.891827106843067,24.49320184306572,2.0921532846715327,3.0
26.00_44.00,4,35.30857876760949,23.45446807481754,2.8585766423357666,3.0
26.00_44.40,4,33.43244315784671,23.44511071167885,2.730839416058394,3.0
26.00_44.80,5,38.90354020428832,23.440305191605862,3.1541970802919708,3.0
26.00_45.20,5,41.076094743065696,23.27861123175185,3.321167883211679,3.0
26.00_45.60,2,38.229485851277374,23.165722591240897,3.184306569343066,3.0
26.00_46.00,2,38.84146331961679,23.25270114051097,3.227189781021898,3.0
26.00_46.40,2,37.60112936076642,23.23790698905112,3.1085766423357666,3.0
26.00_46.80,2,43.394027577554745,23.178990766423382,3.541058394160584,3.0
26.00_47.20,5,49.22190417372263,23.443483895985423,3.79014598540146,3.0
26.00_47.60,2,42.28574019826642,23.736983120437976,3.4753649635036497,3.0
26.00_48.00,2,44.17183419708029,23.764261423357688,3.520985401459854,3.0
26.00_48.40,5,51.1353016089416,23.891598485401484,3.70985401459854,3.0
26.00_48.80,5,54.97715591788321,24.08254750000002,3.7253649635036497,3.0
26.00_49.20,2,49.39007082390511,24.43246429744528,3.413321167883212,3.0
26.00_49.60,2,44.23144550866788,24.601781432481776,3.0072992700729926,3.0
26.00_50.00,1,42.41116526779197,24.692892080291998,2.7664233576642334,3.0
26.00_50.40,1,42.32596413959854,24.64853720802922,2.7746350364963503,3.0
26.00_50.80,1,38.01203449315693,24.97055999087593,2.64507299270073,3.0
26.00_51.20,1,34.4407247395073,25.256541158759145,2.4698905109489053,3.0
26.00_51.60,1,33.89348341870438,25.49130140510951,2.437043795620438,3.0
26.00_52.00,1,35.90124858759124,25.6650730291971,2.522810218978102,3.0
26.00_52.40,1,36.235158638229926,25.90364263686133,2.5474452554744524,3.0
26.00_52.80,1,35.4810133859489,26.082952974452574,2.508211678832117,3.0
26.00_53.20,1,34.11052091104015,26.12077093065696,2.4324817518248176,3.0
26.00_53.60,1,33.052382916514595,26.26770168795623,2.363138686131387,3.0
26.00_54.00,1,32.60865279333942,26.306053458029226,2.355839416058394,3.0
26.00_54.40,1,29.62274402983577,26.380580109489078,2.258211678832117,3.0
26.00_54.80,1,28.66441329370438,26.375675748175205,2.22992700729927,3.0
26.00_55.20,1,27.944887870072996,26.173314187956223,2.1697080291970803,3.0
26.00_55.60,1,29.513998049270075,25.857806660583964,2.2427007299270074,3.0
26.00_56.00,1,29.65910316870438,25.760621113138708,2.238138686131387,3.0
26.00_56.40,1,25.469994726551096,25.95873853102192,2.058394160583941,3.0
26.00_56.80,1,26.86337373056569,25.72756152372265,2.14507299270073,3.0
26.00_57.20,1,24.643484881660584,25.751790912408783,2.0474452554744524,3.0
26.00_57.60,1,20.06090778850365,25.046287810219003,1.8604014598540144,3.0
26.00_58.00,4,18.042991277372263,24.81507861313871,1.7591240875912408,3.0
26.00_58.40,4,17.568212143613138,24.64428968065696,1.7554744525547443,3.0
26.00_58.80,4,17.288160564598538,24.86874152372265,1.7618613138686132,3.0
26.00_59.20,4,17.13204289242701,25.45591414233579,1.75,3.0
26.00_59.60,4,16.739563917125913,25.63327790145988,1.7308394160583942,3.0
26.00_60.00,4,16.522647212682482,25.09650882299272,1.7052919708029195,3.0
26.00_60.40,4,16.656784686131388,24.749913540146007,1.7226277372262773,3.0
26.00_60.80,4,19.369319425456204,24.92386750000002,1.9507299270072995,3.0
26.00_61.20,4,29.745344935492703,25.10698318430659,2.684306569343066,3.0
26.00_61.60,4,29.7484179959854,25.323017481751847,2.662408759124088,3.0
26.00_62.00,4,28.75613498804745,25.544604963503676,2.548357664233577,3.0
26.00_62.40,4,33.00242654771898,25.39300087591243,2.783759124087591,3.0
26.00_62.80,4,29.378783591788324,24.944808631386884,2.5447080291970803,3.0
26.00_63.20,4,27.744378968613137,24.544814306569368,2.4324817518248176,3.0
26.00_63.60,5,37.624756959306566,23.885882782846732,2.934306569343066,3.0
26.00_64.00,4,30.626835453375914,23.24129171532849,2.656021897810219,3.0
26.40_44.00,4,33.641113091240875,23.369564461678856,2.702554744525548,3.0
26.40_44.40,4,32.47600018001825,23.091536204379587,2.687956204379562,3.0
26.40_44.80,2,37.52142687226277,23.03937765510951,3.114051094890511,3.0
26.40_45.20,2,38.59631039498176,23.06429062043798,3.1751824817518246,3.0
26.40_45.60,2,35.11224107937956,22.984315328467176,2.927919708029197,3.0
26.40_46.00,2,33.74953769142336,23.01643614051097,2.8375912408759123,3.0
26.40_46.40,4,33.63970052198905,23.092641532846734,2.8001824817518246,3.0
26.40_46.80,2,38.825037805839415,23.26291447992703,3.197992700729927,3.0
26.40_47.20,5,44.88253571432482,23.394428740875934,3.56478102189781,3.0
26.40_47.60,2,41.35530103786496,23.68568604014601,3.3895985401459856,3.0
26.40_48.00,5,44.77681815720803,23.746869881386885,3.5556569343065694,3.0
26.40_48.40,5,59.12983914279197,23.965439206204405,3.869525547445256,3.0
26.40_48.80,5,63.38780199187957,24.30943572080294,3.875,3.0
26.40_49.20,5,52.57059488321168,24.518254507299293,3.571167883211679,3.0
26.40_49.60,2,50.697078156021895,24.51966510036499,3.333941605839416,3.0
26.40_50.00,2,48.660802063868616,24.683720383211703,3.021897810218978,3.0
26.40_50.40,1,44.23119218375912,24.68176802007301,2.8421532846715327,3.0
26.40_50.80,1,37.22196957208029,24.995897308394184,2.585766423357664,3.0
26.40_51.20,1,36.18212322883212,25.222030054744547,2.5447080291970803,3.0
26.40_51.60,1,37.490722463777374,25.48064293795623,2.616788321167883,3.0
26.40_52.00,1,38.05320151633212,25.68259986313871,2.6295620437956204,3.0
26.40_52.40,1,36.37795733987226,25.90741166970805,2.558394160583941,3.0
26.40_52.80,1,34.03150696441606,26.03187664233579,2.429744525547445,3.0
26.40_53.20,1,33.620790644069345,26.142663120437977,2.413321167883212,3.0
26.40_53.60,1,31.323573956569344,26.160278549270096,2.3202554744525545,3.0
26.40_54.00,1,30.938575129105843,26.11030455291973,2.3056569343065694,3.0
26.40_54.40,1,28.720148059124085,26.026134452554768,2.2153284671532845,3.0
26.40_54.80,1,28.349474725,25.872598284671557,2.197080291970803,3.0
26.40_55.20,1,27.552501555109487,25.816334051094916,2.1742700729927007,3.0
26.40_55.60,1,27.23546095483577,25.85101789233579,2.1578467153284677,3.0
26.40_56.00,1,26.34440607837591,26.15956388686133,2.1122262773722627,3.0
26.40_56.40,1,31.876409307025547,26.14873133211681,2.239051094890511,3.0
26.40_56.80,1,32.47962429908759,25.84880308394163,2.220802919708029,3.0
26.40_57.20,1,23.317242494160585,25.318807107664256,2.0,3.0
26.40_57.60,4,18.55431220510949,23.990794762773746,1.784671532846715,3.0
26.40_58.00,4,16.300318107572995,22.96993326642338,1.6952554744525548,3.0
26.40_58.40,4,15.867984179927008,23.343872600364985,1.6961678832116789,3.0
26.40_58.80,4,16.02854927919708,23.7429688412409,1.7007299270072993,3.0
26.40_59.20,4,15.941069109069344,24.05208921532849,1.7043795620437956,3.0
26.40_59.60,4,15.659208368078463,23.92606026459856,1.686131386861314,3.0
26.40_60.00,4,15.450167186031022,23.115662208029217,1.6852189781021898,3.0
26.40_60.40,4,15.322721531651458,22.35593308394163,1.6487226277372262,3.0
26.40_60.80,4,15.903590181386862,22.45843512773725,1.6797445255474452,3.0
26.40_61.20,4,20.085698055994527,22.590882801094917,1.9397810218978104,3.0
26.40_61.60,4,24.139641614051094,22.778280036496376,2.2354014598540144,3.0
26.40_62.00,4,26.138222737226275,23.15381436131389,2.332116788321168,3.0
26.40_62.40,4,26.041326913959853,23.17230094890513,2.31021897810219,3.0
26.40_62.80,4,24.587641814872264,22.74018171532849,2.198905109489051,3.0
26.40_63.20,4,29.330678962773725,22.79786415145988,2.5985401459854014,3.0
26.40_63.60,5,42.98329841286497,22.4635722262774,3.227189781021898,3.0
26.40_64.00,5,34.393569665510945,22.292590301094915,2.897810218978102,3.0
26.80_44.00,4,31.259358341788325,23.004571368613163,2.5885036496350367,3.0
26.80_44.40,2,31.481710086952557,22.81736831204382,2.6578467153284677,3.0
26.80_44.80,2,33.85588139479928,22.811413275547466,2.875,3.0
26.80_45.20,2,34.23278296322993,22.810637262773746,2.8822992700729926,3.0
26.80_45.60,2,33.558171929835765,22.892940720802944,2.835766423357664,3.0
26.80_46.00,2,33.18547480857664,23.07408806569345,2.791970802919708,3.0
26.80_46.40,2,34.84162072810219,23.25997077554747,2.9215328467153285,3.0
26.80_46.80,2,37.643450985401465,23.40424372262776,3.1286496350364965,3.0
26.80_47.20,2,39.57368045821168,23.48484510036499,3.261861313868613,3.0
26.80_47.60,2,41.53729330948905,23.6912098722628,3.394160583941606,3.0
26.80_48.00,5,48.155468229470806,23.945762299270097,3.6578467153284673,3.0
26.80_48.40,5,60.96158022189781,24.447388010948927,3.875,3.0
26.80_48.80,5,61.59926532645986,24.570039981751847,3.824817518248176,3.0
26.80_49.20,2,52.96252551916058,24.46654047445258,3.5666058394160585,3.0
26.80_49.60,2,54.1007192814781,24.36948129562046,3.2427007299270074,3.0
26.80_50.00,1,47.87093177007299,24.578499279197104,2.994525547445256,3.0
26.80_50.40,1,38.30165722536496,24.882772591240897,2.634124087591241,3.0
26.80_50.80,1,36.662499106843065,25.13316250912411,2.573905109489051,3.0
26.80_51.20,1,35.64351556569343,25.357268366788343,2.520985401459854,3.0
26.80_51.60,1,35.04260312490876,25.506140091240898,2.47992700729927,3.0
26.80_52.00,1,35.398929232025544,25.66964411496353,2.5164233576642334,3.0
26.80_52.40,1,34.90637885027372,26.07012196167885,2.491788321167883,3.0
26.80_52.80,1,33.463461865875914,26.20969930656937,2.4005474452554743,3.0
26.80_53.20,1,35.09030448959854,25.695955100364987,2.4854014598540144,3.0
26.80_53.60,2,29.7193004209854,24.91341306569345,2.2600364963503647,3.0
26.80_54.00,4,27.91982513476277,24.289856624087616,2.222627737226277,3.0
26.80_54.40,4,27.120751648175183,24.27946944343068,2.1806569343065694,3.0
26.80_54.80,4,25.97888741341241,24.297836423357687,2.1286496350364965,3.0
26.80_55.20,4,26.150526114808397,25.1025512682482,2.1085766423357666,3.0
26.80_55.60,4,26.77777082910584,25.730389498175207,2.1414233576642334,3.0
26.80_56.00,1,28.49807170976277,25.786253996350386,2.1888686131386863,3.0
26.80_56.40,1,29.67551067125913,25.7051948722628,2.1888686131386863,3.0
26.80_56.80,1,26.91018233368796,25.387011131386885,2.082116788321168,3.0
26.80_57.20,4,20.768969119251825,24.91393955291973,1.864963503649635,3.0
26.80_57.60,4,17.910810181751827,22.37415861313871,1.756386861313869,3.0
26.80_58.00,4,15.901932523987226,21.20136506386864,1.697080291970803,3.0
26.80_58.40,4,15.9282201367427,23.147589233576664,1.7144160583941606,3.0
26.80_58.80,4,16.925031521879564,24.060851888686155,1.808394160583941,3.0
26.80_59.20,4,17.265015919726277,24.309520145985427,1.8193430656934304,3.0
26.80_59.60,4,16.624446797755475,24.113465246350387,1.7682481751824817,3.0
26.80_60.00,4,15.803500705629562,23.445578211678853,1.6916058394160585,3.0
26.80_60.40,4,15.02024617263686,22.38100986313871,1.6277372262773722,3.0
26.80_60.80,4,15.199155876532846,21.75797709854017,1.6386861313868613,3.0
26.80_61.20,4,15.84181982182482,20.546138713503677,1.657846715328467,3.0
26.80_61.60,4,17.619120085930657,20.259682883211703,1.7527372262773722,3.0
26.80_62.00,4,19.281618610401463,20.64611386861316,1.8485401459854012,3.0
26.80_62.40,4,20.207387046076644,20.64186448905112,1.8932481751824817,3.0
26.80_62.80,4,21.963538812773724,20.596408996350387,2.058394160583941,3.0
26.80_63.20,4,27.728943594251824,21.07306198905112,2.542883211678832,3.0
26.80_63.60,5,51.58454282536496,21.53421309306572,3.4215328467153285,3.0
26.80_64.00,5,42.94790917801095,21.094653010948928,3.3248175182481754,3.0
27.20_44.00,4,29.4641848757573,22.40395235401462,2.5246350364963503,3.0
27.20_44.40,4,31.04621323476277,22.586114114963525,2.6605839416058394,3.0
27.20_44.80,2,32.65799476706204,22.76048822992703,2.804744525547445,3.0
27.20_45.20,2,35.45012405994525,22.80835020985404,3.062043795620438,3.0
27.20_45.60,2,34.9676724225365,22.943452363138707,3.0355839416058394,3.0
27.20_46.00,2,34.339222064142334,23.195094242700755,2.948905109489051,3.0
27.20_46.40,2,35.37354312481752,23.34264713503652,3.0127737226277373,3.0
27.20_46.80,2,37.619628414689785,23.42197812043798,3.1605839416058394,3.0
27.20_47.20,5,40.3543236055292,23.551656888686157,3.3257299270072997,3.0
27.20_47.60,5,44.06525685475365,23.75715508211681,3.5127737226277373,3.0
27.20_48.00,5,49.99163580410584,24.27907958941608,3.6925182481751824,3.0
27.20_48.40,5,65.29889596843066,24.64781062043798,3.948905109489051,3.0
27.20_48.80,5,52.27251125684307,24.509559151459875,3.4936131386861318,3.0
27.20_49.20,2,43.933739171167886,24.25432785583944,2.8895985401459856,3.0
27.20_49.60,1,51.83938514233577,24.1065718521898,3.1432481751824817,3.0
27.20_50.00,1,40.04051146167883,24.736459616788345,2.690693430656934,3.0
27.20_50.40,1,37.456868081204384,25.007401468978127,2.5921532846715327,3.0
27.20_50.80,1,35.882955376551095,25.219552226277397,2.521897810218978,3.0
27.20_51.20,1,35.05633386578467,25.32698840328469,2.491788321167883,3.0
27.20_51.60,1,34.54714901012774,25.549886231751845,2.4762773722627736,3.0
27.20_52.00,1,34.45949740155109,25.99842415145988,2.4635036496350367,3.0
27.20_52.40,1,32.470446669890514,26.04043574817521,2.3877737226277373,3.0
27.20_52.80,2,31.24654302071168,24.80533914233579,2.3202554744525545,3.0
27.20_53.20,2,29.186395010127736,23.39544314781024,2.2317518248175183,3.0
27.20_53.60,4,26.91688757691606,22.1737564872263,2.167883211678832,3.0
27.20_54.00,4,24.38033343372263,21.64225333941608,2.114051094890511,3.0
27.20_54.40,4,24.630499014790143,22.345611441605865,2.095802919708029,3.0
27.20_54.80,4,23.27958199529197,22.921017500000023,2.0273722627737225,3.0
27.20_55.20,4,23.78680566663321,23.740807947080317,2.015510948905109,3.0
27.20_55.60,4,26.5273481670073,25.153129708029223,2.1322992700729926,3.0
27.20_56.00,4,31.84484307737226,25.925710337591266,2.345802919708029,3.0
27.20_56.40,4,29.51315453932482,26.15436989051097,2.2354014598540144,3.0
27.20_56.80,4,22.65158090821168,25.526053220802943,1.948905109489051,3.0
27.20_57.20,4,20.725043829981757,24.654825793795645,1.8686131386861315,3.0
27.20_57.60,4,18.181807077691605,23.60265422445258,1.7718978102189782,3.0
27.20_58.00,4,16.254254471177006,23.85599770072995,1.7116788321167884,3.0
27.20_58.40,4,21.20486857419708,25.11882321167885,2.0784671532846715,3.0
27.20_58.80,4,19.51485010159672,25.64640285583944,1.9644160583941608,3.0
27.20_59.20,4,22.444802380693428,25.77420080291973,2.0921532846715327,3.0
27.20_59.60,4,19.00577059689781,25.45551594890513,1.907846715328467,3.0
27.20_60.00,4,17.600179796806568,24.968006186131408,1.781021897810219,3.0
27.20_60.40,4,16.344556448722628,24.779684908759144,1.6797445255474452,3.0
27.20_60.80,4,15.241911641879565,23.082138202554766,1.6122262773722629,3.0
27.20_61.20,4,14.88109904685219,20.438567572992724,1.6067518248175183,3.0
27.20_61.60,4,15.6357513329927,19.697559954379585,1.6514598540145986,3.0
27.20_62.00,4,17.08899795658759,20.214852281021923,1.7235401459854014,3.0
27.20_62.40,4,18.338271265392336,20.06166747262776,1.801094890510949,3.0
27.20_62.80,4,19.283060333804745,20.081042490875937,1.905109489051095,3.0
27.20_63.20,4,20.734361804835768,20.819821003649658,2.0255474452554743,3.0
27.20_63.60,4,26.439616091240875,21.33465675182484,2.468978102189781,3.0
27.20_64.00,4,28.072985815784676,20.787446213503674,2.572080291970803,3.0
27.60_44.00,5,33.00801023923358,22.24098715328469,2.958941605839416,3.0
27.60_44.40,2,35.96417737390511,22.605980036496373,3.1377737226277373,3.0
27.60_44.80,2,34.5429957294708,22.82402899635039,3.039233576642336,3.0
27.60_45.20,2,35.30501554990876,22.98772767335769,3.096715328467153,3.0
27.60_45.60,2,34.33744665091241,22.98624527372265,3.0173357664233578,3.0
27.60_46.00,2,34.97906495565694,23.029644689781048,3.0145985401459856,3.0
27.60_46.40,2,36.52583522490876,23.206747500000024,3.134124087591241,3.0
27.60_46.80,2,38.83947418321168,23.501606286496376,3.269160583941606,3.0
27.60_47.20,5,39.60108840903285,23.77319822992703,3.292883211678832,3.0
27.60_47.60,5,43.66507773202554,24.21475081204382,3.545620437956204,3.0
27.60_48.00,2,46.11680476186132,24.21850867700732,3.502737226277372,3.0
27.60_48.40,5,51.88008812436132,24.63790179744528,3.5994525547445257,3.0
27.60_48.80,2,39.61656627591241,24.7833961222628,2.802007299270073,3.0
27.60_49.20,1,38.921010977737225,23.922666432481773,2.677919708029197,3.0
27.60_49.60,1,37.96413501487226,24.436253038321187,2.6551094890510947,3.0
27.60_50.00,1,35.820468817335765,24.792335000000023,2.553832116788321,3.0
27.60_50.40,1,35.53780458120438,24.98398483576645,2.54014598540146,3.0
27.60_50.80,1,34.83741229242701,25.08016687043798,2.494525547445256,3.0
27.60_51.20,1,34.29219230063868,25.123757189781045,2.4434306569343067,3.0
27.60_51.60,1,33.8088810415146,25.42001085766426,2.447992700729927,3.0
27.60_52.00,1,36.13449278841241,25.29126297445258,2.52007299270073,3.0
27.60_52.40,1,34.80878218266424,24.175247965328488,2.480839416058394,3.0
27.60_52.80,2,32.534492288959854,22.349414662408783,2.3850364963503647,3.0
27.60_53.20,4,27.47619517892336,21.629268859489077,2.177919708029197,3.0
27.60_53.60,4,23.97947124160584,21.797574562043817,2.0447080291970803,3.0
27.60_54.00,4,22.180438252563867,21.208329507299293,1.9744525547445253,3.0
27.60_54.40,4,22.54403491981478,21.16607184306572,2.0072992700729926,3.0
27.60_54.80,4,22.32945277472628,22.069084671532867,1.9717153284671531,3.0
27.60_55.20,4,21.629135741852192,22.799311085766448,1.947080291970803,3.0
27.60_55.60,4,21.50001705243677,23.510210364963527,1.9242700729927007,3.0
27.60_56.00,4,21.85200727721989,23.623060364963525,1.9425182481751824,3.0
27.60_56.40,4,21.83125924899635,23.157112874087616,1.9324817518248176,3.0
27.60_56.80,4,21.55237206301095,23.355223850364982,1.916058394160584,3.0
27.60_57.20,4,21.2487586532573,23.439668403284696,1.8996350364963503,3.0
27.60_57.60,4,19.645640525638683,23.281343275547467,1.8485401459854012,3.0
27.60_58.00,0,17.89814583281022,24.35602599452557,1.7983576642335766,3.0
27.60_58.40,0,17.432199280930657,25.37062843065696,1.7764598540145986,3.0
27.60_58.80,4,17.907595277217155,25.384643129562065,1.8576642335766425,3.0
27.60_59.20,4,19.737413067153284,25.39444285583944,1.968978102189781,3.0
27.60_59.60,4,18.192880733485403,24.40771504562046,1.8768248175182485,3.0
27.60_60.00,4,15.570419579744526,23.382889498175206,1.6815693430656935,3.0
27.60_60.40,4,14.820269962043795,22.78364986313871,1.6012773722627738,3.0
27.60_60.80,4,14.496850578649637,20.93412081204382,1.5857664233576645,3.0
27.60_61.20,0,14.187853272335769,18.94852434306572,1.5684306569343065,3.0
27.60_61.60,0,14.564971057527371,18.72346621350367,1.5994525547445255,3.0
27.60_62.00,4,15.545084106240877,18.949793886861336,1.6423357664233578,3.0
27.60_62.40,4,17.443480560492702,20.1404643521898,1.7937956204379562,3.0
27.60_62.80,4,23.38307274680657,21.986978786496373,2.3248175182481754,3.0
27.60_63.20,5,31.459675794525545,22.99365064781024,2.7992700729927007,3.0
27.60_63.60,5,33.869027304105835,23.272255666058417,2.8604014598540144,3.0
27.60_64.00,5,32.53976006560219,22.890943458029216,2.791970802919708,3.0
28.00_44.00,2,31.259768914324816,22.218903202554767,2.8184306569343067,3.0
28.00_44.40,2,34.299089321350365,22.270325145985424,3.072992700729927,3.0
28.00_44.80,2,35.08508663978102,22.53053296532849,3.1104014598540144,3.0
28.00_45.20,2,33.90118458521898,22.780667071167905,2.9872262773722627,3.0
28.00_45.60,2,33.87767381970803,22.82714833941608,2.958941605839416,3.0
28.00_46.00,2,34.82887621186131,22.83827230839418,3.0301094890510947,3.0
28.00_46.40,2,35.580419939872264,23.023780684306598,3.077554744525548,3.0
28.00_46.80,2,37.66810111040146,23.28640874087593,3.241788321167883,3.0
28.00_47.20,2,38.697837988047446,23.744126350364983,3.2746350364963503,3.0
28.00_47.60,2,40.990444537226274,24.14356622262776,3.27007299270073,3.0
28.00_48.00,2,49.822116851642335,24.252861806569367,3.633211678832117,3.0
28.00_48.40,2,45.438570538321166,24.79416017335769,3.218065693430657,3.0
28.00_48.80,2,40.09824753385037,24.7130554562044,2.752737226277372,3.0
28.00_49.20,1,42.242343568430655,24.21156458029199,2.81478102189781,3.0
28.00_49.60,1,39.75702308713503,24.55901687043798,2.7153284671532845,3.0
28.00_50.00,1,35.81071420355839,24.785946231751847,2.5447080291970803,3.0
28.00_50.40,1,34.94544564534672,24.93114248175185,2.509124087591241,3.0
28.00_50.80,1,34.318394002281025,24.872057381386885,2.4735401459854014,3.0
28.00_51.20,1,32.941427846259124,24.62105290145988,2.4215328467153285,3.0
28.00_51.60,2,31.96004413841241,23.94748131386864,2.355839416058394,3.0
28.00_52.00,2,37.90029544343066,22.979595218978123,2.623175182481752,3.0
28.00_52.40,2,31.296128214781024,22.296675483576664,2.335766423357664,3.0
28.00_52.80,4,25.702178190237227,21.892176614963528,2.096715328467153,3.0
28.00_53.20,4,24.2875405189781,21.38260542883214,2.041058394160584,3.0
28.00_53.60,4,22.386519921441607,20.895517007299294,1.969890510948905,3.0
28.00_54.00,4,21.58077437509124,20.17397842153287,1.9525547445255476,3.0
28.00_54.40,4,20.6527437092792,19.999704689781048,1.9023722627737227,3.0
28.00_54.80,4,19.42725186788321,21.178963895985422,1.822992700729927,3.0
28.00_55.20,4,19.185709960036498,21.67064903284674,1.8156934306569343,3.0
28.00_55.60,4,19.2923478592427,20.996426259124117,1.8284671532846717,3.0
28.00_56.00,4,18.749376599258213,20.70578728102192,1.8074817518248176,3.0
28.00_56.40,4,17.755558634881385,20.26531228102192,1.7536496350364963,3.0
28.00_56.80,4,16.795592464470804,20.334464771897835,1.697080291970803,3.0
28.00_57.20,4,17.260616192427005,21.48793645072995,1.72992700729927,3.0
28.00_57.60,0,18.59567687214416,23.32599828467156,1.8357664233576645,3.0
28.00_58.00,0,17.72848890310219,24.28301111313871,1.7636861313868613,3.0
28.00_58.40,4,16.479152215145987,23.684677335766448,1.719890510948905,3.0
28.00_58.80,4,17.372766898485402,22.849871687956227,1.829379562043796,3.0
28.00_59.20,4,15.289867142390513,22.52759431569345,1.6432481751824817,3.0
28.00_59.60,4,14.214858805748175,21.64462532846717,1.5775547445255471,3.0
28.00_60.00,0,13.63670471080292,20.171331998175205,1.5291970802919708,3.0
28.00_60.40,0,13.02422615558394,19.340095155109516,1.5045620437956204,3.0
28.00_60.80,0,13.5478962675,18.69927254562046,1.522810218978102,3.0
28.00_61.20,0,14.38774911171533,18.26172929744528,1.6085766423357664,3.0
28.00_61.60,0,14.605498229470804,17.92646122262776,1.64507299270073,3.0
28.00_62.00,4,15.573784883850363,19.007323129562064,1.687043795620438,3.0
28.00_62.40,4,19.000725459032846,21.667233275547467,1.9762773722627736,3.0
28.00_62.80,4,25.36998689270073,23.5964361222628,2.429744525547445,3.0
28.00_63.20,4,27.204835519160586,23.84636901459856,2.433394160583941,3.0
28.00_63.60,4,26.60393579337591,23.4866022262774,2.327554744525548,3.0
28.00_64.00,4,26.81430764242701,23.255923476277395,2.3074817518248176,3.0
28.40_44.00,2,34.18016410027372,22.05515546532849,3.096715328467153,3.0
28.40_44.40,2,35.76580180921533,22.339988120437976,3.208941605839416,3.0
28.40_44.80,2,34.091470747171535,22.52064552007301,3.028284671532847,3.0
28.40_45.20,2,33.13715597983577,22.551445218978124,2.9416058394160585,3.0
28.40_45.60,2,33.08350191012774,22.6336925182482,2.9023722627737225,3.0
28.40_46.00,2,34.82134722071168,22.80121027372265,3.0127737226277373,3.0
28.40_46.40,2,34.93076109069343,22.891370866788343,3.0492700729927007,3.0
28.40_46.80,2,37.86379350410584,23.04147929744528,3.31021897810219,3.0
28.40_47.20,2,39.92403934927008,23.552269260948925,3.395985401459854,3.0
28.40_47.60,2,49.336909547901456,23.967197728102214,3.650547445255474,3.0
28.40_48.00,2,55.24395276824818,24.33628928832119,3.646897810218978,3.0
28.40_48.40,2,43.79902883786496,24.902725620437977,2.9835766423357666,3.0
28.40_48.80,1,42.03944028038321,23.93893345802922,2.827554744525548,3.0
28.40_49.20,1,42.42502990830292,24.285141742700752,2.87043795620438,3.0
28.40_49.60,1,40.458044380474455,24.62384040145988,2.761861313868613,3.0
28.40_50.00,1,37.37704195109489,24.76197254562046,2.605839416058394,3.0
28.40_50.40,1,35.91031251140511,24.74066008211681,2.537408759124088,3.0
28.40_50.80,1,33.85068061888686,24.59750895985404,2.4616788321167884,3.0
28.40_51.20,2,31.692203442335767,23.799356541970827,2.329379562043796,3.0
28.40_51.60,2,29.892148239872263,22.92022822992703,2.272810218978102,3.0
28.40_52.00,2,26.12138327226277,22.042605291970823,2.1432481751824817,3.0
28.40_52.40,4,23.167985775784672,21.426414990875934,2.009124087591241,3.0
28.40_52.80,4,21.444996265145985,19.83825878649637,1.954379562043796,3.0
28.40_53.20,4,21.057011694206203,19.469437983576665,1.9315693430656933,3.0
28.40_53.60,4,20.86826825180657,19.14052142335769,1.9087591240875912,3.0
28.40_54.00,0,19.56844878165146,19.1224075182482,1.8476277372262773,3.0
28.40_54.40,0,20.020694058850367,19.195566560219,1.8631386861313868,3.0
28.40_54.80,4,17.84678161313869,18.297734078467176,1.756386861313869,3.0
28.40_55.20,4,17.37314308923358,17.84722508211681,1.7326642335766422,3.0
28.40_55.60,4,16.860010410538322,18.45765204379564,1.6925182481751824,3.0
28.40_56.00,4,16.39673957760949,19.438578366788345,1.6943430656934306,3.0
28.40_56.40,0,15.344329851683394,19.0184928832117,1.6213503649635037,3.0
28.40_56.80,0,14.169529154041973,17.519348476277397,1.5447080291970805,3.0
28.40_57.20,0,14.210305807928831,18.391960638686157,1.552007299270073,3.0
28.40_57.60,4,15.797850002281022,21.618151113138712,1.635036496350365,3.0
28.40_58.00,0,15.37657565158759,20.53741194343068,1.604014598540146,3.0
28.40_58.40,0,13.830701219708027,19.136364762773745,1.5383211678832116,3.0
28.40_58.80,0,13.632107273813869,21.48879275547448,1.552919708029197,3.0
28.40_59.20,0,13.721894605748176,22.27818076642338,1.5574817518248176,3.0
28.40_59.60,0,13.262832624635037,22.59260075729929,1.520985401459854,3.0
28.40_60.00,0,12.420586653385037,20.648472445255496,1.45985401459854,3.0
28.40_60.40,0,11.930261086840328,18.432776049270096,1.4297445255474452,3.0
28.40_60.80,0,12.403046874589416,16.95676247262776,1.4552919708029195,3.0
28.40_61.20,0,13.482440308923357,16.610294945255497,1.5766423357664234,3.0
28.40_61.60,4,14.998368333485402,19.052791815693453,1.6916058394160585,3.0
28.40_62.00,4,16.479907678832117,21.4767478832117,1.770985401459854,3.0
28.40_62.40,4,21.63169167335766,22.965361012773748,2.1122262773722627,3.0
28.40_62.80,5,29.26463363558394,23.887921322992725,2.5328467153284677,3.0
28.40_63.20,5,32.70786873567518,23.85927565693433,2.6523722627737225,3.0
28.40_63.60,4,29.30564180620438,23.45326806569345,2.468978102189781,3.0
28.40_64.00,4,25.64325375437956,22.449818239051115,2.33029197080292,3.0
28.80_44.00,2,35.809988274999995,22.038541040146008,3.2125912408759123,3.0
28.80_44.40,2,35.438292043156935,22.34326879562046,3.16514598540146,3.0
28.80_44.80,2,34.691573786131386,22.413435145985424,3.0985401459854014,3.0
28.80_45.20,2,33.422019840237226,22.442886167883238,2.954379562043796,3.0
28.80_45.60,2,32.14627975018249,22.5506179562044,2.802007299270073,3.0
28.80_46.00,2,33.21732489625912,22.709814981751848,2.89507299270073,3.0
28.80_46.40,2,35.06284129260949,22.83202531934309,3.093978102189781,3.0
28.80_46.80,2,41.28471634206204,22.952332098540168,3.54014598540146,3.0
28.80_47.20,2,41.21536232837591,23.37112434306572,3.4963503649635035,3.0
28.80_47.60,2,47.409130492700726,23.86970032846717,3.5182481751824817,3.0
28.80_48.00,2,66.48896778467153,24.56185263686133,3.776459854014599,3.0
28.80_48.40,2,49.64102485218978,24.31813731751827,3.2682481751824817,3.0
28.80_48.80,1,42.47742126770073,23.94192732664236,2.912408759124088,3.0
28.80_49.20,1,42.357576882755474,24.262472791970826,2.8567518248175183,3.0
28.80_49.60,1,41.02642223357664,24.573460191605864,2.781021897810219,3.0
28.80_50.00,1,36.27702423038321,24.583029069343088,2.551094890510949,3.0
28.80_50.40,1,34.47341640145985,24.48945129562046,2.4826642335766422,3.0
28.80_50.80,1,32.70214073239051,23.946017016423383,2.3677007299270074,3.0
28.80_51.20,2,30.18753145821168,22.986157116788345,2.2855839416058394,3.0
28.80_51.60,2,26.34173730629562,21.28092302007301,2.1523722627737225,3.0
28.80_52.00,4,22.312086548631388,20.045071231751848,2.0045620437956204,3.0
28.80_52.40,4,20.229235011259124,17.303215228102214,1.8923357664233575,3.0
28.80_52.80,0,18.98097527169525,15.834255775547469,1.831204379562044,3.0
28.80_53.20,0,20.096256604502734,17.00298156934309,1.8458029197080288,3.0
28.80_53.60,0,19.553116269607663,17.353210000000022,1.8202554744525548,3.0
28.80_54.00,0,17.400501781532846,17.062959790146007,1.7627737226277371,3.0
28.80_54.40,0,17.211356993737226,16.729005620437977,1.7463503649635037,3.0
28.80_54.80,0,15.692106467427008,15.632168521897832,1.6587591240875912,3.0
28.80_55.20,0,14.536202138058394,15.372932664233598,1.582116788321168,3.0
28.80_55.60,0,13.920779921441603,16.096802609489075,1.541058394160584,3.0
28.80_56.00,0,13.777145905072992,15.700220711678854,1.5392335766423355,3.0
28.80_56.40,0,13.03202181729562,15.024619087591264,1.4762773722627738,3.0
28.80_56.80,0,12.657720620749089,15.073231386861336,1.4507299270072993,3.0
28.80_57.20,0,12.729277787013366,15.855265748175206,1.457116788321168,3.0
28.80_57.60,0,13.922296003211676,16.47065683394163,1.5355839416058394,3.0
28.80_58.00,0,13.78880974781478,15.741265994525572,1.5383211678832116,3.0
28.80_58.40,0,13.122620137956204,19.017642609489076,1.5173357664233578,3.0
28.80_58.80,0,12.970538725729927,22.83256103102192,1.522810218978102,3.0
28.80_59.20,0,12.99690130830292,23.961416879562066,1.520985401459854,3.0
28.80_59.60,0,12.633154180200728,23.878898667883234,1.4826642335766422,3.0
28.80_60.00,0,11.932564521186132,20.990189014598563,1.436131386861314,3.0
28.80_60.40,0,11.363834269187956,17.48458577554747,1.4105839416058394,3.0
28.80_60.80,0,11.584530350078468,15.479554051094912,1.416970802919708,3.0
28.80_61.20,0,12.466595753713502,16.740967262773744,1.500912408759124,3.0
28.80_61.60,4,14.92501199562044,20.37119050182484,1.6843065693430657,3.0
28.80_62.00,4,25.32296254899635,21.869135866788344,2.454379562043796,3.0
28.80_62.40,5,33.83341584069343,22.55017858576645,2.698905109489051,3.0
28.80_62.80,5,28.071497250547445,22.63456938868616,2.4963503649635035,3.0
28.80_63.20,5,31.091324062956204,22.82710914233579,2.633211678832117,3.0
28.80_63.60,4,26.439145495766425,22.71622658759126,2.3485401459854014,3.0
28.80_64.00,4,23.165161865547443,21.69034164233579,2.187956204379562,3.0
29.20_44.00,5,35.52152235821168,22.069864762773747,3.1697080291970803,3.0
29.20_44.40,2,38.05637330264598,22.34340535583944,3.3284671532846715,3.0
29.20_44.80,2,37.00443561459854,22.48666544708032,3.291058394160584,3.0
29.20_45.20,2,32.287738322080294,22.506596240875933,2.865875912408759,3.0
29.20_45.60,2,31.11698532691605,22.584616350364985,2.707116788321168,3.0
29.20_46.00,2,31.446912772536496,22.64544410583944,2.687956204379562,3.0
29.20_46.40,2,33.12422624434307,22.746899607664258,2.85492700729927,3.0
29.20_46.80,2,41.7534020560219,22.941922226277395,3.576642335766423,3.0
29.20_47.20,2,38.980221641788326,23.32909664233579,3.346715328467153,3.0
29.20_47.60,2,48.21942903968978,24.140819434306596,3.7673357664233578,3.0
29.20_48.00,2,63.17422036131388,24.023465793795644,4.019160583941606,3.0
29.20_48.40,2,48.11598952308394,23.37888075729929,3.2855839416058394,3.0
29.20_48.80,1,43.45415466788321,23.63227022810221,2.9616788321167884,3.0
29.20_49.20,1,41.65406124142336,24.202256149635065,2.798357664233577,3.0
29.20_49.60,1,39.58262706569344,24.328916441605863,2.707116788321168,3.0
29.20_50.00,1,35.54753768540146,24.21424645985404,2.5036496350364965,3.0
29.20_50.40,1,34.32043993266423,23.89631062043798,2.4507299270072997,3.0
29.20_50.80,2,31.525799735036497,23.276328229927028,2.315693430656934,3.0
29.20_51.20,2,26.521207910948903,21.929219671532863,2.1596715328467155,3.0
29.20_51.60,4,22.84767113768248,20.06971293795623,2.0328467153284677,3.0
29.20_52.00,4,19.35691087244525,16.58069330291973,1.85492700729927,3.0
29.20_52.40,0,18.21979021986314,14.24360258211681,1.792883211678832,3.0
29.20_52.80,4,24.71074281748175,14.752561177007324,1.977189781021898,3.0
29.20_53.20,4,30.65583126523723,15.34555618613141,2.2947080291970803,3.0
29.20_53.60,0,18.13761815564325,15.668377326642355,1.7518248175182485,3.0
29.20_54.00,0,16.222303236857666,15.627539844890537,1.7125912408759123,3.0
29.20_54.40,0,14.681600260596715,14.769711395985423,1.6158759124087592,3.0
29.20_54.80,0,13.508197460713504,14.439792655109512,1.5255474452554745,3.0
29.20_55.20,0,12.538934646250548,14.90985735401462,1.4635036496350364,3.0
29.20_55.60,0,12.842539290170622,15.28392936131389,1.4844890510948905,3.0
29.20_56.00,0,11.916674925328469,14.569843850364986,1.416970802919708,3.0
29.20_56.40,0,11.746869590282849,11.880423604014622,1.4114963503649636,3.0
29.20_56.80,0,11.460408909464416,11.565122043795643,1.3868613138686132,3.0
29.20_57.20,0,11.00181925441606,11.389222080291992,1.3512773722627738,3.0
29.20_57.60,0,11.931101095383212,12.300251277372286,1.416970802919708,3.0
29.20_58.00,0,12.947699863124088,16.901664124087613,1.4954379562043796,3.0
29.20_58.40,0,12.720495653740876,20.772954187956227,1.493613138686131,3.0
29.20_58.80,0,12.669399864233576,23.72187897810221,1.4917883211678833,3.0
29.20_59.20,0,12.633402991989051,24.71519944343068,1.4963503649635037,3.0
29.20_59.60,0,12.258475779288322,24.126082901459878,1.4552919708029195,3.0
29.20_60.00,0,11.74592801158759,19.837654680656957,1.4333941605839415,3.0
29.20_60.40,0,11.5237358395073,16.538004005474477,1.4142335766423355,3.0
29.20_60.80,0,12.158079886186131,16.151128567518274,1.4607664233576645,3.0
29.20_61.20,0,12.475582227518249,18.00825463503652,1.499087591240876,3.0
29.20_61.60,4,19.785240349452557,20.554377445255497,2.119525547445256,3.0
29.20_62.00,5,33.656862868540145,21.501327582116808,2.7363138686131387,3.0
29.20_62.40,5,34.532754737189784,20.869137198905133,2.7755474452554743,3.0
29.20_62.80,4,27.76514374915146,20.60504219890513,2.4899635036496357,3.0
29.20_63.20,5,32.0759469774635,19.75054660583944,2.8403284671532845,3.0
29.20_63.60,4,27.152529836770075,19.453149726277395,2.548357664233577,3.0
29.20_64.00,4,20.31494373998175,19.65128970802922,2.0063868613138687,3.0
29.60_44.00,5,38.75204541268248,22.015072609489074,3.35492700729927,3.0
29.60_44.40,5,39.96058690583942,22.23794103102192,3.416970802919708,3.0
29.60_44.80,2,38.485457979927006,22.486524607664258,3.37043795620438,3.0
29.60_45.20,2,34.22662463293796,22.588815246350386,3.048357664233577,3.0
29.60_45.60,2,33.45012061341241,22.6671438412409,2.972627737226277,3.0
29.60_46.00,2,32.8980367629562,22.700568631386883,2.829379562043796,3.0
29.60_46.40,2,31.37897005091241,22.769630903284696,2.6505474452554743,3.0
29.60_46.80,2,38.280590103010944,23.06623630474455,3.3248175182481754,3.0
29.60_47.20,2,45.17057365593066,23.43790234489053,3.711678832116789,3.0
29.60_47.60,5,54.77027796259125,24.148906259124107,4.010036496350365,3.0
29.60_48.00,5,77.70220508485401,24.28327534671535,4.360401459854015,3.0
29.60_48.40,2,46.51871906313868,23.106096551094915,3.265510948905109,3.0
29.60_48.80,1,41.98671995072993,23.46029024635039,2.855839416058394,3.0
29.60_49.20,1,39.05681595109489,23.753199981751848,2.683394160583941,3.0
29.60_49.60,1,38.72991421122263,23.736676551094916,2.6505474452554743,3.0
29.60_50.00,1,39.13187448759124,23.790146432481773,2.653284671532847,3.0
29.60_50.40,2,38.40443871523723,23.39670114963506,2.62043795620438,3.0
29.60_50.80,2,31.10226989543796,22.32984047445257,2.2828467153284677,3.0
29.60_51.20,4,25.109495324178837,20.602511733576662,2.113138686131387,3.0
29.60_51.60,4,20.54927879388686,17.15576064781024,1.913321167883212,3.0
29.60_52.00,0,17.61446579191606,13.444267509124112,1.7673357664233578,3.0
29.60_52.40,0,22.15162189752737,13.470985784671557,1.9105839416058397,3.0
29.60_52.80,0,24.230196095483574,14.749004379562066,1.9863138686131387,3.0
29.60_53.20,0,21.7613108585219,15.46024937043798,1.91514598540146,3.0
29.60_53.60,0,16.2823547567179,15.483498421532868,1.6925182481751824,3.0
29.60_54.00,0,14.78019744017509,15.34479985401462,1.6204379562043796,3.0
29.60_54.40,0,13.350981142387774,14.555864580291994,1.5246350364963503,3.0
29.60_54.80,0,12.0982208019573,14.49968856751827,1.4333941605839415,3.0
29.60_55.20,0,11.828090618666604,14.993505793795643,1.4005474452554745,3.0
29.60_55.60,0,11.635021446766425,14.80143178832119,1.3895985401459854,3.0
29.60_56.00,0,11.023032238810218,12.322667682481772,1.3585766423357664,3.0
29.60_56.40,0,10.78868174346989,9.838481916058416,1.3293795620437956,3.0
29.60_56.80,0,10.443382462875,10.381321204379583,1.311131386861314,3.0
29.60_57.20,0,10.146056504046896,10.366861651459876,1.2956204379562044,3.0
29.60_57.60,0,11.116419472861317,12.351680830291992,1.3768248175182485,3.0
29.60_58.00,0,12.336270470164234,18.177229698905133,1.4744525547445255,3.0
29.60_58.40,0,12.600957996122265,23.01287587591243,1.4954379562043796,3.0
29.60_58.80,0,12.399570919221716,24.762000072992723,1.4726277372262773,3.0
29.60_59.20,0,12.03909785416834,24.96281982664236,1.448905109489051,3.0
29.60_59.60,0,11.629071152445256,23.483819698905133,1.4206204379562044,3.0
29.60_60.00,0,11.285351339069344,18.431633503649657,1.3996350364963503,3.0
29.60_60.40,0,11.366594968074816,16.413605374087613,1.409671532846715,3.0
29.60_60.80,0,12.595211597737226,17.259198093065717,1.4927007299270072,3.0
29.60_61.20,4,17.592488992828468,19.67209422445257,1.999087591240876,3.0
29.60_61.60,5,36.6179000660584,21.973445821167907,2.778284671532847,3.0
29.60_62.00,5,54.34665805342153,22.37769614963506,3.051094890510949,3.0
29.60_62.40,5,41.15749597619525,21.76433946167885,2.9452554744525545,3.0
29.60_62.80,5,33.818857522737225,20.60650928832119,2.8567518248175183,3.0
29.60_63.20,5,34.415975664963504,19.319874060219,3.011861313868613,3.0
29.60_63.60,5,33.646789748996355,17.98852959854017,3.059306569343066,3.0
29.60_64.00,4,29.3508542980073,18.159776277372284,2.808394160583941,3.0
30.00_44.00,5,40.6914115955292,21.979832983576664,3.427919708029197,3.0
30.00_44.40,5,41.33551109972628,22.184234854014623,3.472627737226277,3.0
30.00_44.80,5,42.5657254464416,22.46861849452557,3.56478102189781,3.0
30.00_45.20,5,43.4123166625,22.75897513686133,3.622262773722628,3.0
30.00_45.60,5,46.794870193430654,22.963043220802945,3.7746350364963503,3.0
30.00_46.00,5,38.20680799379562,23.07211053832119,3.288321167883212,3.0
30.00_46.40,2,33.383505687408764,23.16338184306572,2.8385036496350367,3.0
30.00_46.80,5,47.88321707016424,23.468206195255497,3.841240875912409,3.0
30.00_47.20,5,56.1701523459854,23.877419133211703,4.052007299270073,3.0
30.00_47.60,5,58.17193461770073,24.29595145985404,4.069343065693431,3.0
30.00_48.00,2,75.03604717427007,24.76675002737229,3.914233576642336,3.0
30.00_48.40,2,41.51396813001825,24.62587739051097,2.8877737226277373,3.0
30.00_48.80,2,31.353778162591244,24.506744242700755,2.3567518248175183,3.0
30.00_49.20,1,32.85432072518248,23.335587235401483,2.412408759124088,3.0
30.00_49.60,1,35.27005821888687,23.028490839416083,2.4963503649635035,3.0
30.00_50.00,1,36.6086733375,23.11404936131389,2.553832116788321,3.0
30.00_50.40,2,37.83477349881387,22.65522153284674,2.6268248175182483,3.0
30.00_50.80,4,36.376527218886864,20.785402454379582,2.5638686131386863,3.0
30.00_51.20,0,25.93548885091241,18.41962020072995,2.105839416058394,3.0
30.00_51.60,0,17.030934599069344,14.38940123175185,1.7244525547445255,3.0
30.00_52.00,0,14.594757618184309,11.44663928832119,1.592153284671533,3.0
30.00_52.40,0,14.649442866167885,12.63136019160586,1.5766423357664234,3.0
30.00_52.80,0,16.663552245301094,13.648245100364989,1.6952554744525548,3.0
30.00_53.20,0,16.000522680255475,13.764420830291996,1.6751824817518248,3.0
30.00_53.60,0,13.915386007876188,12.558740894160604,1.5492700729927007,3.0
30.00_54.00,0,12.98935607707573,12.992374324817542,1.4972627737226278,3.0
30.00_54.40,0,12.709350417457443,15.382977043795645,1.4863138686131387,3.0
30.00_54.80,0,11.64942983685657,15.497885739051116,1.3804744525547443,3.0
30.00_55.20,0,11.746140473695256,14.548773941605862,1.4032846715328466,3.0
30.00_55.60,0,12.006181194051097,13.151958184306592,1.4343065693430657,3.0
30.00_56.00,0,11.423173126970804,11.843620593065715,1.3914233576642336,3.0
30.00_56.40,0,10.61453014459854,12.489692892335787,1.3430656934306568,3.0
30.00_56.80,0,10.87006595576186,13.570924133211705,1.364963503649635,3.0
30.00_57.20,0,11.098889322025547,12.542208658759147,1.3932481751824817,3.0
30.00_57.60,0,11.901965128624088,14.452508330291993,1.4315693430656935,3.0
30.00_58.00,0,12.661094539571168,20.91344353102192,1.4872262773722629,3.0
30.00_58.40,0,12.434551470164234,24.44518770985404,1.4835766423357664,3.0
30.00_58.80,0,11.68237831284124,24.53591562043798,1.4224452554744529,3.0
30.00_59.20,0,11.170120607510036,23.956757262773746,1.3932481751824817,3.0
30.00_59.60,0,10.905193040857664,21.75513100364966,1.374087591240876,3.0
30.00_60.00,0,10.78051193321168,18.082904954379583,1.374087591240876,3.0
30.00_60.40,0,10.947307988111314,17.530550802919734,1.385948905109489,3.0
30.00_60.80,0,12.14131841580292,19.666564835766444,1.479014598540146,3.0
30.00_61.20,4,15.213999863868612,21.923855583941627,1.749087591240876,3.0
30.00_61.60,4,19.60508809841241,22.618347025547465,2.124087591240876,3.0
30.00_62.00,5,27.5586637595073,22.32556867700732,2.5666058394160585,3.0
30.00_62.40,5,37.88250289919708,22.036178010948927,2.8686131386861318,3.0
30.00_62.80,5,38.13514149538321,21.51566787408761,2.890510948905109,3.0
30.00_63.20,5,39.80212315865876,20.620519470802943,3.083029197080292,3.0
30.00_63.60,5,42.12747835858404,19.713249452554766,3.2937956204379564,3.0
30.00_64.00,5,36.82262529578468,19.62345104014601,3.1377737226277373,3.0
30.40_44.00,5,41.65171729343066,21.92017027372265,3.447992700729927,3.0
30.40_44.40,5,42.18935312290146,22.25079094890513,3.510948905109489,3.0
30.40_44.80,5,44.61807549187956,22.57453785583944,3.6003649635036497,3.0
30.40_45.20,5,47.1517242089416,22.834480912408782,3.697080291970803,3.0
30.40_45.60,5,48.28381935593065,23.203855145985425,3.77007299270073,3.0
30.40_46.00,2,39.00617108631387,23.495329516423386,3.29014598540146,3.0
30.40_46.40,5,45.81865795793796,23.685175145985426,3.696167883211679,3.0
30.40_46.80,5,54.29025029434307,23.99513335766426,4.009124087591241,3.0
30.40_47.20,5,50.5899164134124,24.305570958029215,3.8594890510948905,3.0
30.40_47.60,2,44.550818613959855,24.648934160583966,3.278284671532847,3.0
30.40_48.00,2,38.82076163859489,24.725135419708053,2.7627737226277373,3.0
30.40_48.40,2,30.906824035948905,24.76761437043798,2.346715328467153,3.0
30.40_48.80,2,30.5289211544708,24.8069899452555,2.343978102189781,3.0
30.40_49.20,2,35.6161270830292,24.468398485401483,2.5246350364963503,3.0
30.40_49.60,2,35.17303409489051,23.80339232664236,2.5164233576642334,3.0
30.40_50.00,2,38.47398234124088,23.000749032846738,2.666970802919708,3.0
30.40_50.40,2,33.70812184270073,21.205044306569366,2.447080291970803,3.0
30.40_50.80,2,26.112818510948905,18.091843166058418,2.144160583941606,3.0
30.40_51.20,0,18.9729097145073,14.781665392335787,1.840328467153285,3.0
30.40_51.60,0,15.635969063166058,10.936982682481776,1.6523722627737227,3.0
30.40_52.00,0,13.155595183618614,9.0323264872263,1.5246350364963503,3.0
30.40_52.40,0,12.968551481274634,10.30476611313871,1.5127737226277371,3.0
30.40_52.80,0,12.37704273748084,10.464872262773746,1.4644160583941606,3.0
30.40_53.20,0,12.721266169625,10.794698248175203,1.4908759124087592,3.0
30.40_53.60,0,11.879414868453466,11.72839694343068,1.4288321167883211,3.0
30.40_54.00,0,12.020840424711386,14.436337034671554,1.4416058394160585,3.0
30.40_54.40,0,12.190695782893796,16.05234024635039,1.4452554744525548,3.0
30.40_54.80,0,11.280521081438868,13.8084201642336,1.3695255474452557,3.0
30.40_55.20,0,11.394429885254562,12.686576441605862,1.3795620437956204,3.0
30.40_55.60,0,11.724955170275546,14.26644039233579,1.3996350364963503,3.0
30.40_56.00,0,12.128294902071168,15.493271523722653,1.437043795620438,3.0
30.40_56.40,0,12.5443517370073,15.10590220802922,1.4680656934306568,3.0
30.40_56.80,0,14.442214201459857,13.983853129562068,1.5684306569343065,3.0
30.40_57.20,0,13.91160701685219,14.170989005474476,1.542883211678832,3.0
30.40_57.60,0,13.078805469616787,18.902644032846737,1.5191605839416058,3.0
30.40_58.00,0,12.786067487403413,23.564288175182504,1.5027372262773722,3.0
30.40_58.40,0,11.855785641934306,24.33427776459856,1.4461678832116789,3.0
30.40_58.80,0,10.94539082382938,24.28529845802922,1.3841240875912408,3.0
30.40_59.20,0,10.452914892490057,23.086598394160607,1.342153284671533,3.0
30.40_59.60,0,10.200561883922784,21.02875997262776,1.332116788321168,3.0
30.40_60.00,0,10.29169461459854,18.026562372262795,1.343978102189781,3.0
30.40_60.40,0,10.39936889481752,17.826051131386883,1.3531021897810218,3.0
30.40_60.80,0,11.5900873045073,20.43421450729929,1.438868613138686,3.0
30.40_61.20,0,13.873915050930655,22.072300218978125,1.60492700729927,3.0
30.40_61.60,0,17.28473097544708,22.081586514598563,1.8932481751824817,3.0
30.40_62.00,5,39.89038599038321,21.91964091240878,2.874087591240876,3.0
30.40_62.40,5,65.74682870826643,21.66558074817521,3.1487226277372264,3.0
30.40_62.80,5,51.50698407874088,21.249761231751847,3.122262773722628,3.0
30.40_63.20,5,44.83431185394161,20.930076386861334,3.0748175182481754,3.0
30.40_63.60,5,35.23923534604927,20.51427258211681,2.886861313868613,3.0
30.40_64.00,5,30.081038155948903,20.15547875000002,2.6861313868613137,3.0
30.80_44.00,5,41.19629763010949,21.94598530109491,3.458029197080292,3.0
30.80_44.40,5,42.14257212801095,22.300088968978123,3.4635036496350367,3.0
30.80_44.80,5,44.71895291076642,22.688405510948925,3.579379562043796,3.0
30.80_45.20,5,45.04983369662409,23.13142666970805,3.571167883211679,3.0
30.80_45.60,5,42.69048243613139,23.655564197080317,3.4753649635036497,3.0
30.80_46.00,5,39.56513772171533,23.95823537408761,3.244525547445256,3.0
30.80_46.40,5,37.61535687728102,24.32551577554747,3.042883211678832,3.0
30.80_46.80,4,35.40283572837591,24.52648452554747,2.839416058394161,3.0
30.80_47.20,2,35.76713136432482,24.72293687043798,2.656934306569343,3.0
30.80_47.60,2,37.42151566633212,24.75128102189783,2.6551094890510947,3.0
30.80_48.00,2,39.858582936496354,24.403826961678856,2.7116788321167884,3.0
30.80_48.40,2,33.631685854744525,24.583463813868637,2.454379562043796,3.0
30.80_48.80,2,34.83138983859489,24.43845175182484,2.511861313868613,3.0
30.80_49.20,2,37.53377583321168,24.072329397810243,2.6395985401459856,3.0
30.80_49.60,2,38.60642307846715,23.612424762773745,2.6523722627737225,3.0
30.80_50.00,2,33.508057469434306,21.302348038321192,2.43521897810219,3.0
30.80_50.40,2,23.18049024790146,17.885027189781045,2.0301094890510947,3.0
30.80_50.80,0,17.748874656843064,13.476952500000024,1.784671532846715,3.0
30.80_51.20,0,16.962550611861314,9.855223412408783,1.7025547445255471,3.0
30.80_51.60,0,14.832978395118612,8.188915939781044,1.614963503649635,3.0
30.80_52.00,0,12.584997494320255,7.848797937956228,1.5045620437956204,3.0
30.80_52.40,0,12.163644359739964,8.91143020072995,1.4726277372262773,3.0
30.80_52.80,0,11.501010753305655,9.748383667883234,1.4197080291970805,3.0
30.80_53.20,0,11.694284444479926,12.187732746350388,1.427007299270073,3.0
30.80_53.60,0,11.5373874602573,14.872638403284691,1.407846715328467,3.0
30.80_54.00,0,11.630891258541055,15.966782819343088,1.409671532846715,3.0
30.80_54.40,0,11.403580165202372,15.046841660583963,1.3914233576642336,3.0
30.80_54.80,0,11.64153569729562,14.04595349452557,1.4087591240875912,3.0
30.80_55.20,0,11.611034937318978,15.441665191605864,1.3932481751824817,3.0
30.80_55.60,0,12.294244808260036,16.803774680656957,1.4434306569343065,3.0
30.80_56.00,0,12.912348333330293,16.110067153284696,1.489051094890511,3.0
30.80_56.40,0,13.895729067198904,14.250150939781044,1.54014598540146,3.0
30.80_56.80,0,14.17392784995073,13.939482007299292,1.5602189781021898,3.0
30.80_57.20,0,12.900584098987226,16.353915063868637,1.5027372262773722,3.0
30.80_57.60,0,12.870548914562043,21.651675894160608,1.510948905109489,3.0
30.80_58.00,0,11.877449723607793,24.15633409671535,1.4215328467153283,3.0
30.80_58.40,0,11.079795826783888,24.079292509124112,1.395985401459854,3.0
30.80_58.80,0,10.52248202549708,23.67139306569345,1.3604014598540146,3.0
30.80_59.20,0,10.124357758269069,21.83884482664236,1.3293795620437956,3.0
30.80_59.60,0,9.855276910843068,20.265537299270097,1.3147810218978102,3.0
30.80_60.00,0,9.894073955419708,18.17728518248177,1.3147810218978102,3.0
30.80_60.40,0,10.123244776824816,18.41331823905112,1.3275547445255471,3.0
30.80_60.80,0,11.409850788472628,20.68876285583944,1.4224452554744529,3.0
30.80_61.20,0,15.958278737837592,21.860017618613163,1.7837591240875912,3.0
30.80_61.60,4,18.283549198941603,21.83547577554747,1.9516423357664237,3.0
30.80_62.00,5,28.23430017377737,21.747872098540167,2.45529197080292,3.0
30.80_62.40,5,46.25852463859489,21.390036760948927,2.954379562043796,3.0
30.80_62.80,5,40.21523516712591,20.87834982664236,2.95985401459854,3.0
30.80_63.20,5,31.22445177861314,20.655985666058417,2.7335766423357666,3.0
30.80_63.60,5,25.80006364458577,20.711652463503672,2.489051094890511,3.0
30.80_64.00,4,23.418182505643248,20.681653485401483,2.309306569343066,3.0
31.20_44.00,5,42.8008525370438,21.955641532846737,3.521897810218978,3.0
31.20_44.40,5,40.71537202335766,22.43160669708032,3.3585766423357666,3.0
31.20_44.80,5,39.47907512436132,23.04441361313871,3.2372262773722627,3.0
31.20_45.20,4,34.2397034625,23.63141047445258,2.765510948905109,3.0
31.20_45.60,4,30.869148900465326,24.00996758211681,2.4872262773722627,3.0
31.20_46.00,2,32.7472255729927,24.18023768248177,2.490875912408759,3.0
31.20_46.40,4,30.35060258877737,24.41772296532849,2.383211678832117,3.0
31.20_46.80,4,28.87727545095803,24.53746233576645,2.339416058394161,3.0
31.20_47.20,2,36.07283037527372,24.75887734489053,2.602189781021898,3.0
31.20_47.60,2,37.43851915611314,24.51105874087593,2.667883211678832,3.0
31.20_48.00,2,44.37119987682482,24.245929260948927,2.8914233576642334,3.0
31.20_48.40,2,38.03425450903285,24.43436193430659,2.716240875912409,3.0
31.20_48.80,2,44.37364819945255,24.27479656934309,3.031934306569343,3.0
31.20_49.20,2,43.55440690328467,23.66555367700732,2.9023722627737225,3.0
31.20_49.60,2,30.624637125000003,22.59039470802922,2.3649635036496357,3.0
31.20_50.00,0,22.57628454857664,17.551329498175207,2.04014598540146,3.0
31.20_50.40,0,18.79354480565693,12.792351742700752,1.812043795620438,3.0
31.20_50.80,0,17.403190222286494,10.366486441605865,1.7372262773722629,3.0
31.20_51.20,0,16.019468650879563,8.659609571167907,1.6423357664233578,3.0
31.20_51.60,0,13.18317351237135,7.897110273722651,1.5191605839416058,3.0
31.20_52.00,0,11.483946127607664,8.217822600364988,1.4315693430656935,3.0
31.20_52.40,0,11.761348748567515,10.40180243613141,1.447080291970803,3.0
31.20_52.80,0,12.22958326939781,12.49984258211681,1.4543795620437956,3.0
31.20_53.20,0,13.684136491536496,15.151540666058418,1.5866788321167884,3.0
31.20_53.60,0,12.315939049692885,15.672906916058416,1.5054744525547443,3.0
31.20_54.00,0,11.435702642194345,13.9427650182482,1.405109489051095,3.0
31.20_54.40,0,12.044109521475,13.840496076642358,1.4434306569343065,3.0
31.20_54.80,0,12.337273135349452,15.543336386861338,1.4434306569343065,3.0
31.20_55.20,0,12.183100973109031,17.043752737226303,1.4352189781021898,3.0
31.20_55.60,0,12.753171884702557,17.343282636861336,1.4762773722627738,3.0
31.20_56.00,0,11.732674705296532,15.227824753649656,1.405109489051095,3.0
31.20_56.40,0,11.859299235634124,13.408082864963529,1.4242700729927007,3.0
31.20_56.80,0,13.133029388184308,16.152269041970825,1.5136861313868613,3.0
31.20_57.20,0,13.346716762436133,19.922233512773744,1.5337591240875912,3.0
31.20_57.60,0,12.464735343787538,23.014330282846736,1.4854014598540146,3.0
31.20_58.00,0,10.995780633751773,23.68038473540148,1.375912408759124,3.0
31.20_58.40,0,10.59745775542303,23.585396313868635,1.3594890510948905,3.0
31.20_58.80,0,10.089724008343069,22.30814569343068,1.3293795620437956,3.0
31.20_59.20,0,9.885186516020983,20.134843558394184,1.312956204379562,3.0
31.20_59.60,0,9.61575756613595,18.82658446167885,1.2965328467153283,3.0
31.20_60.00,0,9.674877493184306,17.774869114963526,1.2883211678832116,3.0
31.20_60.40,0,9.904914973823905,19.14808928832119,1.3083941605839415,3.0
31.20_60.80,0,10.49565186408303,20.791328029197103,1.3567518248175183,3.0
31.20_61.20,4,20.961524585875917,21.462843248175204,2.241788321167883,3.0
31.20_61.60,4,17.852207845647808,21.528310766423377,2.083029197080292,3.0
31.20_62.00,4,19.007270911085765,21.54078965328469,1.9434306569343065,3.0
31.20_62.40,5,24.151631645675185,21.573398895985424,2.173357664233577,3.0
31.20_62.80,5,27.564069067801096,21.117614160583965,2.4616788321167884,3.0
31.20_63.20,4,19.31304262975365,20.41106986313871,2.037408759124088,3.0
31.20_63.60,4,18.458442892600257,20.04745497262776,1.9908759124087592,3.0
31.20_64.00,4,19.17547805609489,20.17439682481754,2.0145985401459856,3.0
31.60_44.00,5,40.3345768225365,22.043497728102214,3.375,3.0
31.60_44.40,2,34.85654290264599,22.893126806569366,2.8485401459854014,3.0
31.60_44.80,4,32.4055561470803,23.493361487226306,2.585766423357664,3.0
31.60_45.20,4,31.06006787504562,23.85317534671535,2.447992700729927,3.0
31.60_45.60,4,30.28162516313869,23.833586779197105,2.395985401459854,3.0
31.60_46.00,2,33.455553222718976,23.951654260948928,2.511861313868613,3.0
31.60_46.40,4,29.262018917518247,24.148818321167905,2.309306569343066,3.0
31.60_46.80,4,27.80662234379562,24.18234099452557,2.2518248175182483,3.0
31.60_47.20,2,32.01168820218978,24.371416505474475,2.548357664233577,3.0
31.60_47.60,2,37.128012872627735,24.11455372262776,2.803832116788321,3.0
31.60_48.00,2,40.4296412310219,23.99592256386864,2.9854014598540144,3.0
31.60_48.40,2,39.92527302326642,24.08677791970805,2.895985401459854,3.0
31.60_48.80,2,48.137781110401455,23.912639333941627,3.308394160583941,3.0
31.60_49.20,2,49.55250118175182,22.499426085766444,3.0866788321167884,3.0
31.60_49.60,4,24.6759796129562,20.251940775547467,2.10492700729927,3.0
31.60_50.00,0,19.851437374114965,14.61628511861316,1.906021897810219,3.0
31.60_50.40,0,17.270414510369523,9.77727095802922,1.7317518248175183,3.0
31.60_50.80,0,16.430959658695254,9.011560364963527,1.655109489051095,3.0
31.60_51.20,0,14.639521913544709,7.973778202554767,1.5930656934306568,3.0
31.60_51.60,0,12.342087823289232,7.999419625912432,1.4708029197080292,3.0
31.60_52.00,0,11.793977967563867,10.162921094890534,1.4516423357664234,3.0
31.60_52.40,0,12.528008129615875,12.777833631386883,1.4854014598540146,3.0
31.60_52.80,0,13.188107536546532,14.71737459854017,1.5155109489051095,3.0
31.60_53.20,0,11.834927194791971,15.1746764872263,1.4434306569343065,3.0
31.60_53.60,0,11.958827818587226,13.238317983576664,1.4927007299270072,3.0
31.60_54.00,0,12.119720113995438,12.87272187043798,1.4744525547445255,3.0
31.60_54.40,0,15.108217891859487,14.938131770073015,1.6268248175182485,3.0
31.60_54.80,0,13.870993724707391,16.542667144160607,1.5593065693430657,3.0
31.60_55.20,0,13.199072720287226,18.041922755474477,1.522810218978102,3.0
31.60_55.60,0,12.305155645842154,16.85619270072995,1.4343065693430657,3.0
31.60_56.00,0,11.682539342375913,14.513923138686154,1.3941605839416058,3.0
31.60_56.40,0,11.88541657905748,14.983737335766447,1.4215328467153283,3.0
31.60_56.80,0,12.891871081332118,18.673703312043816,1.506386861313869,3.0
31.60_57.20,0,13.069093571661496,21.48572819343068,1.5155109489051095,3.0
31.60_57.60,0,11.786491355001488,22.252009279197104,1.4315693430656935,3.0
31.60_58.00,0,10.483767726437172,22.49570035583944,1.3503649635036497,3.0
31.60_58.40,0,10.150263747017464,22.550519260948928,1.3293795620437956,3.0
31.60_58.80,0,9.657807133759125,20.699085364963526,1.2956204379562044,3.0
31.60_59.20,0,9.543545960333942,18.128330839416083,1.291058394160584,3.0
31.60_59.60,0,9.229741636766423,16.48891197992703,1.2664233576642336,3.0
31.60_60.00,0,9.318289827062044,15.98859581204382,1.27007299270073,3.0
31.60_60.40,0,9.43962045303741,17.602002226277392,1.2773722627737227,3.0
31.60_60.80,0,9.867559853309034,19.447890155109512,1.3065693430656935,3.0
31.60_61.20,4,17.729674910282846,20.95879792883214,2.102189781021898,3.0
31.60_61.60,0,13.289473102709854,21.37664223540148,1.6797445255474452,3.0
31.60_62.00,0,15.111276485958028,21.30018489051097,1.7472627737226278,3.0
31.60_62.40,4,16.04064307862106,21.222570228102214,1.7454379562043796,3.0
31.60_62.80,4,17.899944955439782,20.71923603102192,1.9516423357664237,3.0
31.60_63.20,0,13.069513366623063,20.096978850364987,1.5291970802919708,3.0
31.60_63.60,0,14.59613818082106,19.492255675182506,1.7144160583941606,3.0
31.60_64.00,0,15.222806907910584,19.10765929744528,1.760948905109489,3.0
32.00_44.00,5,37.6677055580292,22.09546986313871,3.187043795620438,3.0
32.00_44.40,2,33.97481644096715,23.17902844890513,2.69434306569343,3.0
32.00_44.80,2,32.77645387235402,23.34629569343068,2.5355839416058394,3.0
32.00_45.20,2,31.754458825456204,23.421434717153307,2.4844890510948905,3.0
32.00_45.60,2,30.76835102481752,23.473338330291995,2.4078467153284677,3.0
32.00_46.00,2,30.231640339872264,23.72402218065696,2.3585766423357666,3.0
32.00_46.40,2,28.78033054060219,23.725031925182503,2.312043795620438,3.0
32.00_46.80,2,30.245781814963504,23.60409482664236,2.426094890510949,3.0
32.00_47.20,5,39.904608775547445,23.49752290145988,3.105839416058394,3.0
32.00_47.60,2,46.77960257664234,23.085184324817543,3.323905109489051,3.0
32.00_48.00,5,41.59053172153285,22.90217311131389,3.071167883211679,3.0
32.00_48.40,5,40.28081262791971,22.933533275547468,2.928832116788321,3.0
32.00_48.80,2,34.96736881870438,22.71803145985404,2.653284671532847,3.0
32.00_49.20,2,35.79666727937956,21.16480790145988,2.5638686131386863,3.0
32.00_49.60,0,20.900275235766426,17.55898568430659,1.927007299270073,3.0
32.00_50.00,0,16.556529195127737,11.15438425182484,1.7253649635036497,3.0
32.00_50.40,0,13.966989379850364,7.191308585766446,1.572992700729927,3.0
32.00_50.80,0,14.153194829803832,7.92193599452557,1.5666058394160585,3.0
32.00_51.20,0,14.423544876104016,8.740157627737249,1.5912408759124088,3.0
32.00_51.60,0,17.400180916286498,10.461828704379585,1.7308394160583942,3.0
32.00_52.00,0,14.7998810370146,12.622353822992723,1.6277372262773722,3.0
32.00_52.40,0,15.187447585392336,14.410383594890533,1.6487226277372262,3.0
32.00_52.80,0,15.442290161405111,15.543318677007322,1.750912408759124,3.0
32.00_53.20,0,11.699509605290146,14.03479811131389,1.4498175182481752,3.0
32.00_53.60,0,12.097242878398076,12.864795739051118,1.4507299270072993,3.0
32.00_54.00,0,13.148945805487228,15.797492372262797,1.5218978102189782,3.0
32.00_54.40,0,15.565869187945257,16.491393531021924,1.6633211678832116,3.0
32.00_54.80,0,13.952647199216788,16.54193678832119,1.5675182481751824,3.0
32.00_55.20,0,13.622033440259765,18.404362910583966,1.5319343065693432,3.0
32.00_55.60,0,12.255730063107118,16.486606085766446,1.4352189781021898,3.0
32.00_56.00,0,12.540654484943795,15.785721833941627,1.4708029197080292,3.0
32.00_56.40,0,12.79087269874095,17.97683725364966,1.4708029197080292,3.0
32.00_56.80,0,12.5734049237354,19.2796459762774,1.465328467153285,3.0
32.00_57.20,0,11.834959996368614,20.46582375912411,1.4343065693430657,3.0
32.00_57.60,0,11.409557197071804,21.42375187043798,1.4087591240875912,3.0
32.00_58.00,0,10.120999116677137,21.649155027372288,1.3248175182481752,3.0
32.00_58.40,0,9.706680511563995,20.96709978102192,1.2855839416058394,3.0
32.00_58.80,0,9.24885159245438,19.037586687956228,1.2518248175182485,3.0
32.00_59.20,0,9.04881026420438,15.947697116788342,1.2326642335766422,3.0
32.00_59.60,0,8.934124019356114,14.06248592153287,1.2408759124087592,3.0
32.00_60.00,0,8.912171128080292,14.390512363138708,1.22992700729927,3.0
32.00_60.40,0,9.051388060530108,16.020747080291994,1.256386861313869,3.0
32.00_60.80,0,9.559380121645138,18.455624242700758,1.2965328467153283,3.0
32.00_61.20,0,9.873905977953925,20.303878020073014,1.313868613138686,3.0
32.00_61.60,0,10.07838424346469,20.77003694343068,1.3193430656934306,3.0
32.00_62.00,0,10.807448795073633,20.735019425182507,1.3722627737226278,3.0
32.00_62.40,0,11.214456789844434,20.38393790145988,1.3841240875912408,3.0
32.00_62.80,0,11.033414945301825,19.590759416058415,1.3822992700729928,3.0
32.00_63.20,0,10.633177172782736,19.2497353832117,1.3558394160583942,3.0
32.00_63.60,0,10.278872616971588,18.733854270073017,1.3458029197080292,3.0
32.00_64.00,0,10.037505509937846,17.78834815693433,1.3284671532846717,3.0
32.40_44.00,2,36.91146412217154,22.31628474452557,3.062043795620438,3.0
32.40_44.40,2,34.157011763412406,23.05106026459856,2.64507299270073,3.0
32.40_44.80,2,33.32407272718978,22.88800522810221,2.5465328467153285,3.0
32.40_45.20,2,32.33903979169708,23.13487065693433,2.519160583941606,3.0
32.40_45.60,2,34.47337780437956,23.31448116788324,2.589416058394161,3.0
32.40_46.00,2,32.626754771715326,23.2665364872263,2.5264598540145986,3.0
32.40_46.40,2,33.20743091094891,23.201178859489072,2.60492700729927,3.0
32.40_46.80,5,45.96231822636861,22.79524145985404,3.366788321167883,3.0
32.40_47.20,5,50.109037347810215,22.10174395072995,3.488138686131387,3.0
32.40_47.60,5,40.47676572828467,21.76940609489053,3.051094890510949,3.0
32.40_48.00,4,33.55905821304744,21.82627723540148,2.6322992700729926,3.0
32.40_48.40,2,29.89964472709854,21.391031934306596,2.390510948905109,3.0
32.40_48.80,4,24.0019115885219,20.191913822992724,2.1350364963503647,3.0
32.40_49.20,0,20.065750164826643,17.798664233576666,1.8914233576642336,3.0
32.40_49.60,0,15.850819609753652,12.401777500000025,1.6706204379562044,3.0
32.40_50.00,0,12.80312343970803,6.127338175182505,1.510036496350365,3.0
32.40_50.40,0,11.58580793142792,5.736801797445278,1.438868613138686,3.0
32.40_50.80,0,13.6181346729927,8.6116277372263,1.534671532846715,3.0
32.40_51.20,0,16.007877724370438,10.700497755474476,1.6587591240875912,3.0
32.40_51.60,0,23.6994474317427,12.93174826642338,1.9945255474452557,3.0
32.40_52.00,0,18.705128822372263,14.149812125912431,1.8093065693430657,3.0
32.40_52.40,0,16.08542490676916,14.656451021897832,1.7363138686131387,3.0
32.40_52.80,0,19.67706532827865,14.661531350364983,2.06478102189781,3.0
32.40_53.20,0,13.757137987974453,14.832115447080314,1.5857664233576645,3.0
32.40_53.60,0,13.63183187529106,16.506343467153307,1.5492700729927007,3.0
32.40_54.00,0,14.427670979257298,18.1353689872263,1.5912408759124088,3.0
32.40_54.40,0,14.10139538154209,16.61853656934309,1.5602189781021898,3.0
32.40_54.80,0,14.143403122977649,16.633630620437977,1.572992700729927,3.0
32.40_55.20,0,14.513848642944344,17.987215958029218,1.5775547445255471,3.0
32.40_55.60,0,13.99199507564439,17.183073777372282,1.5593065693430657,3.0
32.40_56.00,0,14.040408764540604,18.490186149635058,1.5383211678832116,3.0
32.40_56.40,0,13.23233976338771,18.83040486313871,1.4863138686131387,3.0
32.40_56.80,0,12.51190518046989,18.019625629562068,1.458029197080292,3.0
32.40_57.20,0,11.78672388870438,18.75056409671535,1.4324817518248176,3.0
32.40_57.60,0,11.546517690925182,19.771859224452577,1.4114963503649636,3.0
32.40_58.00,0,9.885576079318888,20.215498330291997,1.3093065693430657,3.0
32.40_58.40,0,9.67189222723762,18.895694151459875,1.2773722627737227,3.0
32.40_58.80,0,9.328624977819343,17.064683959854037,1.2518248175182485,3.0
32.40_59.20,0,9.0988433376323,14.460492500000022,1.2417883211678833,3.0
32.40_59.60,0,9.112978725089144,12.947146359489071,1.249087591240876,3.0
32.40_60.00,0,8.827606077965328,13.440978330291992,1.2226277372262773,3.0
32.40_60.40,0,8.817554519570713,15.344598111313893,1.2335766423357664,3.0
32.40_60.80,0,9.353123362022874,17.99353360401462,1.2755474452554745,3.0
32.40_61.20,0,9.41877369353239,19.04794902372265,1.2782846715328466,3.0
32.40_61.60,0,9.520452053135676,19.4648811222628,1.2974452554744529,3.0
32.40_62.00,0,10.39029897804051,19.65986409671535,1.3366788321167884,3.0
32.40_62.40,0,10.635755250417883,18.857403029197105,1.343978102189781,3.0
32.40_62.80,0,10.36925341604708,17.770996213503672,1.3248175182481752,3.0
32.40_63.20,0,9.85551898091478,17.108598786496373,1.3047445255474452,3.0
32.40_63.60,0,9.243838478031478,15.994516414233598,1.272810218978102,3.0
32.40_64.00,0,8.785135170494078,14.248039908759146,1.2445255474452557,3.0
32.80_44.00,2,32.31107040392336,22.473400410583967,2.701642335766423,3.0
32.80_44.40,2,34.274044319981755,22.84116386861316,2.6186131386861318,3.0
32.80_44.80,2,33.940365250547444,22.865086770073017,2.5885036496350367,3.0
32.80_45.20,2,31.83221963677007,22.86446421532849,2.4826642335766422,3.0
32.80_45.60,2,32.833712024635034,22.482446697080317,2.5501824817518246,3.0
32.80_46.00,2,33.76980937965329,22.52991357664236,2.6715328467153285,3.0
32.80_46.40,2,33.49266654927007,22.10576520985404,2.6888686131386863,3.0
32.80_46.80,5,39.53159275118613,20.12401837591243,3.166058394160584,3.0
32.80_47.20,5,43.14090001240876,18.387790209854035,3.4078467153284677,3.0
32.80_47.60,5,36.49593158631387,18.397789799270093,3.033759124087591,3.0
32.80_48.00,4,27.929772043521897,18.21917422445258,2.4187956204379564,3.0
32.80_48.40,0,21.039149288905108,17.0410838412409,1.967153284671533,3.0
32.80_48.80,0,18.738732297791973,15.72975970802922,1.8156934306569343,3.0
32.80_49.20,0,16.004291548895985,12.807708695255496,1.687956204379562,3.0
32.80_49.60,0,12.67415035940146,7.94499208941608,1.5127737226277371,3.0
32.80_50.00,0,10.461725526219892,4.82232474452557,1.3968978102189782,3.0
32.80_50.40,0,10.697465167436132,6.166902636861336,1.3786496350364963,3.0
32.80_50.80,0,12.583920736888686,8.841713640510973,1.458029197080292,3.0
32.80_51.20,0,13.980501749224452,11.876365118613162,1.5291970802919708,3.0
32.80_51.60,0,22.60669500556569,13.861544689781043,1.9425182481751824,3.0
32.80_52.00,0,14.115982415332118,13.47368672445258,1.5875912408759123,3.0
32.80_52.40,0,12.635359136675184,11.938108859489072,1.4835766423357664,3.0
32.80_52.80,0,13.831614195861311,11.956028056569366,1.583941605839416,3.0
32.80_53.20,0,13.449179757043796,16.10557549270075,1.5483576642335766,3.0
32.80_53.60,0,13.82701437081916,18.504197974452577,1.5757299270072993,3.0
32.80_54.00,0,14.278200119761223,18.349217034671558,1.5766423357664234,3.0
32.80_54.40,0,14.39486098409407,18.640346423357688,1.5748175182481752,3.0
32.80_54.80,0,14.940738057071169,19.191208439781043,1.6012773722627738,3.0
32.80_55.20,0,15.580666848719252,17.689737071167905,1.6322992700729928,3.0
32.80_55.60,0,16.441012017299634,17.3060651642336,1.687043795620438,3.0
32.80_56.00,0,15.395306111671076,18.654229516423374,1.602189781021898,3.0
32.80_56.40,0,13.449656059299729,17.622417253649655,1.5,3.0
32.80_56.80,0,13.216841052862229,18.60084895985404,1.5045620437956204,3.0
32.80_57.20,0,12.08029865120164,19.53217899635039,1.438868613138686,3.0
32.80_57.60,0,11.645955782116788,18.9968606021898,1.409671532846715,3.0
32.80_58.00,0,9.927439073553192,19.181953695255498,1.291058394160584,3.0
32.80_58.40,0,9.719915329145072,17.568650428832143,1.27007299270073,3.0
32.80_58.80,0,9.586553696298358,15.473675903284692,1.2591240875912408,3.0
32.80_59.20,0,9.330692173776642,13.239704771897832,1.2481751824817515,3.0
32.80_59.60,0,8.949660421258212,11.549888448905133,1.2335766423357664,3.0
32.80_60.00,0,8.700513509782846,12.172698567518273,1.218978102189781,3.0
32.80_60.40,0,9.04173396224135,15.319546195255498,1.249087591240876,3.0
32.80_60.80,0,9.34861990573437,17.991747910583964,1.2618613138686132,3.0
32.80_61.20,0,8.981744531140576,17.917216094890534,1.2463503649635037,3.0
32.80_61.60,0,9.169497504939596,17.45739197080294,1.2527372262773722,3.0
32.80_62.00,0,9.589502978979198,17.25861425182484,1.2965328467153283,3.0
32.80_62.40,0,9.352255128466242,16.991727846715353,1.260948905109489,3.0
32.80_62.80,0,9.169639791812044,16.74166975364966,1.2536496350364963,3.0
32.80_63.20,0,9.04269902425675,15.641124589416082,1.25,3.0
32.80_63.60,0,8.458741036094708,12.947128978102214,1.219890510948905,3.0
32.80_64.00,0,7.79121612074343,9.123975209854038,1.1961678832116789,3.0
33.20_44.00,2,34.42644807372263,22.368220793795643,2.781021897810219,3.0
33.20_44.40,2,42.37107098604015,22.95139430656937,2.934306569343066,3.0
33.20_44.80,2,35.452356605200734,22.66606878649637,2.625912408759124,3.0
33.20_45.20,2,33.12045822737226,22.192630255474477,2.521897810218978,3.0
33.20_45.60,2,36.089024205839415,21.91858712591243,2.7627737226277373,3.0
33.20_46.00,2,38.24657272755474,21.16185812043798,3.093978102189781,3.0
33.20_46.40,5,37.56211664580292,18.177604717153308,3.1322992700729926,3.0
33.20_46.80,4,34.900718902645984,15.475362189781045,3.0346715328467155,3.0
33.20_47.20,4,25.37588515242701,14.959676879562068,2.2755474452554743,3.0
33.20_47.60,0,23.560291678932483,15.58467822992703,2.12043795620438,3.0
33.20_48.00,0,19.77828386653285,14.492494872262796,1.905109489051095,3.0
33.20_48.40,0,16.388753540050182,12.12044497262776,1.7281021897810218,3.0
33.20_48.80,0,14.577821994080292,10.881539379562064,1.6113138686131387,3.0
33.20_49.20,0,12.809292787998174,8.414279425182503,1.5191605839416058,3.0
33.20_49.60,0,11.013401240198176,6.416256259124111,1.416970802919708,3.0
33.20_50.00,0,9.963971799437044,6.525431505474476,1.354014598540146,3.0
33.20_50.40,0,10.317545201756388,7.934612299270095,1.354014598540146,3.0
33.20_50.80,0,12.063134674635036,9.898630492700752,1.437043795620438,3.0
33.20_51.20,0,12.045050276937957,11.519069534671557,1.436131386861314,3.0
33.20_51.60,0,12.555251910620438,11.646111897810242,1.467153284671533,3.0
33.20_52.00,0,14.727435305036495,12.188832791970826,1.593978102189781,3.0
33.20_52.40,0,12.538543057886862,12.929175437956228,1.4552919708029195,3.0
33.20_52.80,0,12.869861917536497,13.951035739051118,1.4881386861313868,3.0
33.20_53.20,0,13.437503167636862,16.909233731751847,1.5483576642335766,3.0
33.20_53.60,0,13.676452066304744,17.328047490875935,1.5465328467153283,3.0
33.20_54.00,0,14.06462855728604,17.655844625912433,1.5675182481751824,3.0
33.20_54.40,0,14.984851913426434,18.891683585766444,1.6195255474452557,3.0
33.20_54.80,0,16.091666980507433,18.561017700729952,1.6797445255474452,3.0
33.20_55.20,0,17.29190128596259,18.02585536496353,1.7326642335766422,3.0
33.20_55.60,0,18.508747500428832,18.618069543795645,1.7864963503649636,3.0
33.20_56.00,0,16.67697992459991,18.180493558394183,1.676094890510949,3.0
33.20_56.40,0,14.368564618553467,17.55439081204382,1.562956204379562,3.0
33.20_56.80,0,14.79907966768248,19.68125050182484,1.592153284671533,3.0
33.20_57.20,0,11.246546904781937,18.810413476277397,1.385948905109489,3.0
33.20_57.60,0,10.940629930009123,16.95004607664236,1.375912408759124,3.0
33.20_58.00,0,10.027871924032846,16.893819616788345,1.312043795620438,3.0
33.20_58.40,0,9.288453125222627,15.938664543795644,1.249087591240876,3.0
33.20_58.80,0,9.074324724981022,14.413448211678856,1.2335766423357664,3.0
33.20_59.20,0,8.831640597382455,12.29800611313871,1.2116788321167884,3.0
33.20_59.60,0,8.642645458406568,10.087976678832138,1.208029197080292,3.0
33.20_60.00,0,8.609320489010493,10.934527381386884,1.219890510948905,3.0
33.20_60.40,0,9.146521383521897,15.132353476277396,1.2463503649635037,3.0
33.20_60.80,0,9.184963504596716,17.469590520073016,1.2527372262773722,3.0
33.20_61.20,0,8.56353968106615,17.02974450729929,1.218978102189781,3.0
33.20_61.60,0,8.681686409338413,16.296851322992726,1.218978102189781,3.0
33.20_62.00,0,8.736654888610401,15.536485784671552,1.227189781021898,3.0
33.20_62.40,0,8.258347603069343,15.405432372262796,1.197080291970803,3.0
33.20_62.80,0,8.089992277745894,14.709710647810242,1.1925182481751824,3.0
33.20_63.20,0,8.183408345218249,13.22874724452557,1.197080291970803,3.0
33.20_63.60,0,8.002067689665722,12.465632773722652,1.2007299270072993,3.0
33.20_64.00,0,7.152225613477764,8.88447849452557,1.1633211678832116,3.0
33.60_44.00,2,34.12326218841241,21.96175338503652,2.7563868613138687,3.0
33.60_44.40,2,35.228629502554746,22.50908012773725,2.6861313868613137,3.0
33.60_44.80,2,33.442701871259125,22.27573076642338,2.619525547445256,3.0
33.60_45.20,2,39.34057255392336,21.83921031934309,2.855839416058394,3.0
33.60_45.60,2,41.8691425810219,21.10205412408761,3.053832116788321,3.0
33.60_46.00,5,36.41152347381387,18.06946458941608,3.0684306569343067,3.0
33.60_46.40,4,31.269457505383212,13.78743534671535,2.7563868613138687,3.0
33.60_46.80,0,24.090238550410582,13.245986715328488,2.1998175182481754,3.0
33.60_47.20,0,19.129494370088505,13.784284005474476,1.8622262773722629,3.0
33.60_47.60,0,17.60590502876186,13.487173594890534,1.7572992700729928,3.0
33.60_48.00,0,17.854387489218066,12.442006277372286,1.7764598540145986,3.0
33.60_48.40,0,16.188545944781023,10.412132627737249,1.6742700729927007,3.0
33.60_48.80,0,13.98751644609489,9.77759065693433,1.5812043795620438,3.0
33.60_49.20,0,12.768652839768247,8.968200364963527,1.5218978102189782,3.0
33.60_49.60,0,11.36251795627646,8.457765656934331,1.4352189781021898,3.0
33.60_50.00,0,10.72111997092062,9.458621596715352,1.3895985401459854,3.0
33.60_50.40,0,10.89237333765146,11.208536633211702,1.3914233576642336,3.0
33.60_50.80,0,11.175965850945255,11.094664352189804,1.4124087591240877,3.0
33.60_51.20,0,11.622688879260949,9.92336247262776,1.4315693430656935,3.0
33.60_51.60,0,12.36714480225365,10.829122791970825,1.469890510948905,3.0
33.60_52.00,0,15.306368195401458,14.64484804744528,1.631386861313869,3.0
33.60_52.40,0,14.83591978184854,17.07801819343068,1.6131386861313868,3.0
33.60_52.80,0,18.12978177222628,17.102876341240897,1.7454379562043796,3.0
33.60_53.20,0,13.532148085027371,17.48812375000002,1.5383211678832116,3.0
33.60_53.60,0,13.708508292032846,17.434598138686155,1.541970802919708,3.0
33.60_54.00,0,14.606986408583667,18.120164598540168,1.590328467153285,3.0
33.60_54.40,0,15.83311115083212,17.54014080291973,1.656021897810219,3.0
33.60_54.80,0,16.748599711107026,17.17408682481754,1.70985401459854,3.0
33.60_55.20,0,18.699685672089416,18.695189078467177,1.803832116788321,3.0
33.60_55.60,4,26.062212857186587,19.47916532846717,2.1541970802919708,3.0
33.60_56.00,0,18.54009867291697,18.406401614963528,1.8394160583941608,3.0
33.60_56.40,0,15.928999014666058,18.08146065693433,1.6797445255474452,3.0
33.60_56.80,0,13.987601844872264,18.69297198905112,1.5647810218978102,3.0
33.60_57.20,0,11.236297738770986,16.646544945255496,1.4005474452554745,3.0
33.60_57.60,0,10.892498102578466,16.06294100364966,1.3804744525547443,3.0
33.60_58.00,0,10.257783324368612,16.51060152372265,1.3293795620437956,3.0
33.60_58.40,0,10.052261417426278,14.923743850364986,1.3056569343065694,3.0
33.60_58.80,0,10.278831448998355,13.294037454379586,1.3193430656934306,3.0
33.60_59.20,0,10.035317592995805,12.564223996350387,1.3047445255474452,3.0
33.60_59.60,0,8.886436018645073,12.70403951642338,1.219890510948905,3.0
33.60_60.00,0,9.548921962381389,13.829785255474476,1.2746350364963503,3.0
33.60_60.40,0,9.417631169005476,16.5334516332117,1.2664233576642336,3.0
33.60_60.80,0,8.827455657775548,17.467880447080315,1.229014598540146,3.0
33.60_61.20,0,8.268189837777555,16.686107682481772,1.2025547445255471,3.0
33.60_61.60,0,8.311240033428833,15.802191322992725,1.2016423357664234,3.0
33.60_62.00,0,8.243287943290346,14.792833421532867,1.187956204379562,3.0
33.60_62.40,0,7.902034403945255,13.105842417883236,1.1706204379562044,3.0
33.60_62.80,0,7.586687132084214,10.062795912408784,1.156021897810219,3.0
33.60_63.20,0,7.188469435555018,7.779903357664256,1.159671532846715,3.0
33.60_63.60,0,7.306315558042929,8.164608020073015,1.1614963503649636,3.0
33.60_64.00,0,6.835605057545529,7.33119455291973,1.1368613138686132,3.0
34.00_44.00,5,37.66861901815693,21.48062304744528,2.956204379562044,3.0
34.00_44.40,4,33.5516477165146,21.832352746350384,2.6313868613138687,3.0
34.00_44.80,2,36.99064712417884,21.740335428832143,2.917883211678832,3.0
34.00_45.20,2,50.40632303667883,21.090858375912436,3.3613138686131387,3.0
34.00_45.60,2,47.80910746943431,19.48521219890513,3.248175182481752,3.0
34.00_46.00,4,34.40766004114963,14.950410301094912,3.0246350364963503,3.0
34.00_46.40,0,21.701107912271898,11.538083293795644,2.053832116788321,3.0
34.00_46.80,0,19.007790676509583,12.300430912408782,1.8567518248175183,3.0
34.00_47.20,0,16.189287206478102,12.348549835766445,1.7025547445255471,3.0
34.00_47.60,0,14.720980338297446,11.480641231751848,1.6085766423357664,3.0
34.00_48.00,0,13.795896798899635,10.367337947080316,1.5565693430656935,3.0
34.00_48.40,0,12.943927767587592,9.123365520073015,1.5045620437956204,3.0
34.00_48.80,0,13.33988331169708,9.306338083941627,1.5218978102189782,3.0
34.00_49.20,0,14.53996783928832,9.31433368613141,1.562043795620438,3.0
34.00_49.60,0,14.756804830063867,9.374676395985423,1.551094890510949,3.0
34.00_50.00,0,12.752695672322991,11.068377509124112,1.5036496350364963,3.0
34.00_50.40,0,12.588836698944345,12.345933229927027,1.4708029197080292,3.0
34.00_50.80,0,12.160396212445256,11.488641998175206,1.448905109489051,3.0
34.00_51.20,0,13.755785799051091,12.99248265510951,1.5355839416058394,3.0
34.00_51.60,0,15.986455221788322,16.05048091240878,1.66514598540146,3.0
34.00_52.00,0,14.611624753850364,16.80150050182484,1.6167883211678833,3.0
34.00_52.40,0,13.532640043293796,16.556127718978125,1.5474452554744529,3.0
34.00_52.80,0,13.606831930364963,16.909566569343088,1.541970802919708,3.0
34.00_53.20,0,13.316616510091242,17.968024616788345,1.532846715328467,3.0
34.00_53.60,0,13.748341331685218,18.504162983576663,1.5465328467153283,3.0
34.00_54.00,0,14.89719454521624,18.62559400547448,1.6058394160583942,3.0
34.00_54.40,0,16.38309199826825,17.698801313868636,1.6906934306569343,3.0
34.00_54.80,0,17.88339353471624,17.638758184306592,1.77007299270073,3.0
34.00_55.20,0,21.29304037550456,18.308016989051115,1.954379562043796,3.0
34.00_55.60,4,27.816557739026187,18.95899628649637,2.281021897810219,3.0
34.00_56.00,0,19.0698509222792,18.84263678832119,1.831204379562044,3.0
34.00_56.40,0,16.604149517208942,18.33044994525549,1.7116788321167884,3.0
34.00_56.80,0,13.710438628244528,17.723759051094913,1.563868613138686,3.0
34.00_57.20,0,12.477302127618612,16.647248220802943,1.4881386861313868,3.0
34.00_57.60,0,11.607501134856022,17.618126140510974,1.437043795620438,3.0
34.00_58.00,0,10.392722182596716,16.43388479014601,1.332116788321168,3.0
34.00_58.40,0,10.054320031595072,13.265096733576664,1.301094890510949,3.0
34.00_58.80,0,10.59412217975,13.039586104014624,1.3558394160583942,3.0
34.00_59.20,0,10.244008423643248,13.803917609489076,1.333941605839416,3.0
34.00_59.60,0,9.681719875372265,14.992117782846735,1.2755474452554745,3.0
34.00_60.00,0,9.904418699881386,16.218061697080316,1.2956204379562044,3.0
34.00_60.40,0,9.156668407904196,16.993559306569367,1.2417883211678833,3.0
34.00_60.80,0,8.763818691476278,16.691225602189803,1.2144160583941606,3.0
34.00_61.20,0,8.318720980535948,15.674759178832138,1.2025547445255471,3.0
34.00_61.60,0,8.191907873234673,14.393774543795644,1.188868613138686,3.0
34.00_62.00,0,8.20482275399042,13.847887500000024,1.1843065693430657,3.0
34.00_62.40,0,7.710794763670985,12.344160428832142,1.1514598540145986,3.0
34.00_62.80,0,7.632646755769161,9.102243257299293,1.1505474452554745,3.0
34.00_63.20,0,7.352600551969708,7.098662217153306,1.1532846715328466,3.0
34.00_63.60,0,7.310616260994343,6.12206622262776,1.166970802919708,3.0
34.00_64.00,0,6.847115001407665,5.034531350364986,1.1386861313868613,3.0
34.40_44.00,5,40.14321585419708,20.94804963503652,3.053832116788321,3.0
34.40_44.40,4,34.729327418156934,21.02542394160586,2.729014598540146,3.0
34.40_44.80,5,35.939189559972625,20.69564479927009,2.9388686131386863,3.0
34.40_45.20,4,38.1522215419708,20.12456784671535,2.8713503649635035,3.0
34.40_45.60,4,32.167483927919704,18.280014616788343,2.5255474452554743,3.0
34.40_46.00,0,21.44898408135219,13.597583321167908,2.0164233576642334,3.0
34.40_46.40,0,18.013999102518248,10.707608640510973,1.8284671532846717,3.0
34.40_46.80,0,16.98641349390876,11.487856040146008,1.749087591240876,3.0
34.40_47.20,0,15.244442653777371,10.73817062043798,1.6322992700729928,3.0
34.40_47.60,0,14.307028087326644,10.513637381386884,1.592153284671533,3.0
34.40_48.00,0,13.576091178248175,10.570217755474474,1.5465328467153283,3.0
34.40_48.40,0,12.623957779096717,9.485785666058415,1.4881386861313868,3.0
34.40_48.80,0,12.2865325597354,9.75847929744528,1.4744525547445255,3.0
34.40_49.20,0,12.84650670459854,10.567683275547468,1.47992700729927,3.0
34.40_49.60,0,13.593922121058394,10.313449534671555,1.5054744525547443,3.0
34.40_50.00,0,12.986053844684308,10.879890155109512,1.499087591240876,3.0
34.40_50.40,0,13.98581823694708,12.878826861313891,1.541970802919708,3.0
34.40_50.80,0,13.93563379078467,13.954343403284694,1.5456204379562044,3.0
34.40_51.20,0,14.74552137620438,16.087123813868637,1.6158759124087592,3.0
34.40_51.60,0,19.30632936122256,17.767860091240898,1.8047445255474448,3.0
34.40_52.00,0,16.435448972426936,17.28357645985404,1.6833941605839415,3.0
34.40_52.40,0,13.306814105054672,17.093284270073013,1.54014598540146,3.0
34.40_52.80,0,12.836673600770547,17.677526350364985,1.5027372262773722,3.0
34.40_53.20,0,12.79865856986688,18.40163806569345,1.4981751824817515,3.0
34.40_53.60,0,14.202090041489324,18.444690812043817,1.562956204379562,3.0
34.40_54.00,0,14.139395228186403,18.514886213503672,1.5647810218978102,3.0
34.40_54.40,0,16.512378885965877,18.45342366788324,1.6943430656934306,3.0
34.40_54.80,0,18.565764310981752,18.39448637773725,1.8622262773722629,3.0
34.40_55.20,4,22.613649218434308,18.25178819343068,2.0921532846715327,3.0
34.40_55.60,4,23.30335273872614,18.544002746350387,2.0757299270072997,3.0
34.40_56.00,4,24.050621573536425,18.78870171532849,2.089416058394161,3.0
34.40_56.40,4,21.02667412753649,18.5799318521898,2.010948905109489,3.0
34.40_56.80,0,13.63856136929927,18.07822386861316,1.5702554744525548,3.0
34.40_57.20,0,15.088552884460768,17.17861160583944,1.6751824817518248,3.0
34.40_57.60,0,17.393001409534673,17.691868695255497,1.8613138686131387,3.0
34.40_58.00,0,11.113266296988138,16.12642606751827,1.395985401459854,3.0
34.40_58.40,0,10.817749295969891,14.051340447080314,1.3503649635036497,3.0
34.40_58.80,0,11.954394116726275,15.018496496350387,1.4854014598540146,3.0
34.40_59.20,0,10.135811244847629,15.591424233576667,1.3156934306569343,3.0
34.40_59.60,0,9.977847195770984,15.82005924270075,1.3056569343065694,3.0
34.40_60.00,0,9.82528286198905,15.665644571167904,1.281021897810219,3.0
34.40_60.40,0,9.12466997146898,15.045949333941628,1.2527372262773722,3.0
34.40_60.80,0,9.22510958005584,15.232086697080312,1.239051094890511,3.0
34.40_61.20,0,8.66443363957938,15.307718521897833,1.2144160583941606,3.0
34.40_61.60,0,8.26130613338823,14.225605155109513,1.1897810218978102,3.0
34.40_62.00,0,8.314452804758211,13.575296724452578,1.1916058394160585,3.0
34.40_62.40,0,7.646131767906935,12.711156669708052,1.1487226277372262,3.0
34.40_62.80,0,7.894140524932482,10.016797737226302,1.1742700729927007,3.0
34.40_63.20,0,7.7780013526749086,8.148864379562067,1.1569343065693432,3.0
34.40_63.60,0,7.2940510082971715,6.605087472627759,1.1405109489051095,3.0
34.40_64.00,0,6.872197212498997,5.170458357664257,1.131386861313869,3.0
34.80_44.00,5,40.46156473841241,20.23302291058397,2.997262773722628,3.0
34.80_44.40,5,37.751654452527376,20.221521587591266,3.019160583941606,3.0
34.80_44.80,5,34.27017069073905,19.510402755474477,2.927007299270073,3.0
34.80_45.20,4,27.480991277445256,18.36097974452557,2.394160583941606,3.0
34.80_45.60,4,24.09919253040146,16.887971021897833,2.1505474452554743,3.0
34.80_46.00,0,19.450344806934304,13.42122247262776,1.9014598540145984,3.0
34.80_46.40,0,16.053603734925183,9.939466021897832,1.7180656934306568,3.0
34.80_46.80,0,15.010523452092157,9.551991012773746,1.6432481751824817,3.0
34.80_47.20,0,13.11289780993613,9.31975000912411,1.522810218978102,3.0
34.80_47.60,0,12.390321937636864,9.259308056569363,1.4872262773722629,3.0
34.80_48.00,0,12.606793907919709,9.613345602189804,1.5036496350364963,3.0
34.80_48.40,0,12.181634798786495,9.125231532846737,1.467153284671533,3.0
34.80_48.80,0,11.707150307892336,10.09453095802922,1.437043795620438,3.0
34.80_49.20,0,11.661672583143249,11.12009801094893,1.4197080291970805,3.0
34.80_49.60,0,11.733509478695256,10.47306027372265,1.4324817518248176,3.0
34.80_50.00,0,12.163944922737226,10.987242928832138,1.4333941605839415,3.0
34.80_50.40,0,14.822024307928832,14.634318430656958,1.602189781021898,3.0
34.80_50.80,0,16.39709710711679,16.67024959854017,1.659671532846715,3.0
34.80_51.20,0,16.553789707755474,17.252902700729948,1.6925182481751824,3.0
34.80_51.60,0,17.385833553284673,17.012207956204403,1.7208029197080292,3.0
34.80_52.00,0,15.49184622243613,16.883388430656957,1.6432481751824817,3.0
34.80_52.40,0,12.98079123415146,17.035063001824838,1.5045620437956204,3.0
34.80_52.80,0,12.754361369333942,16.951198293795642,1.4781021897810218,3.0
34.80_53.20,0,12.626239346067518,17.237761760948928,1.4908759124087592,3.0
34.80_53.60,0,13.322001270536497,17.407448923357688,1.5264598540145986,3.0
34.80_54.00,0,12.487103930333944,17.751509525547466,1.477189781021898,3.0
34.80_54.40,0,14.07778268604927,18.048602217153302,1.5711678832116789,3.0
34.80_54.80,0,16.524999664838504,18.194973312043818,1.7636861313868613,3.0
34.80_55.20,4,22.57441898170621,18.135634233576663,2.163321167883212,3.0
34.80_55.60,4,27.9461001520073,18.187693585766446,2.3257299270072997,3.0
34.80_56.00,5,35.52075274498176,18.263647874087614,2.625912408759124,3.0
34.80_56.40,5,32.032462102910586,18.41349614963506,2.5684306569343067,3.0
34.80_56.80,0,14.560255367552465,17.953219315693456,1.6386861313868613,3.0
34.80_57.20,0,18.029061225668524,16.833846085766446,1.8905109489051093,3.0
34.80_57.60,4,23.178905079963503,16.68189114963506,2.250912408759124,3.0
34.80_58.00,0,16.186240729233578,16.635536195255497,1.7992700729927007,3.0
34.80_58.40,0,12.073190708958029,16.072756478102214,1.479014598540146,3.0
34.80_58.80,0,12.949700650790149,15.834649689781044,1.582116788321168,3.0
34.80_59.20,0,10.015621016740877,15.366231231751849,1.3083941605839415,3.0
34.80_59.60,0,9.889449949152372,14.547912983576666,1.3001824817518248,3.0
34.80_60.00,0,9.710786299087593,12.749865565693456,1.291970802919708,3.0
34.80_60.40,0,9.459114256566606,12.707889689781044,1.2782846715328466,3.0
34.80_60.80,0,9.576150221044708,14.475626240875936,1.2773722627737227,3.0
34.80_61.20,0,8.923062787300639,14.95560217153287,1.2381386861313868,3.0
34.80_61.60,0,8.427010184857664,13.811127746350389,1.1952554744525548,3.0
34.80_62.00,0,8.249382920748449,12.969211788321193,1.1952554744525548,3.0
34.80_62.40,0,7.848528091413231,12.227245072992725,1.1797445255474452,3.0
34.80_62.80,0,7.885040025241788,10.807894489051115,1.1733576642335766,3.0
34.80_63.20,0,7.582418767081204,9.72269611313871,1.156021897810219,3.0
34.80_63.60,0,7.108126315334854,8.372288777372285,1.1368613138686132,3.0
34.80_64.00,0,6.8508438446458575,6.814988731751847,1.1304744525547443,3.0
35.20_44.00,5,42.21613482490876,19.543930456204404,3.073905109489051,3.0
35.20_44.40,4,39.39048363029197,19.1734114872263,2.9863138686131387,3.0
35.20_44.80,4,31.43939138111314,17.635182956204403,2.5903284671532845,3.0
35.20_45.20,4,25.140968235191608,16.185994452554766,2.1861313868613137,3.0
35.20_45.60,0,23.65955226317062,15.64032512773725,2.072080291970803,3.0
35.20_46.00,0,19.80181871586679,13.292492454379586,1.8822992700729928,3.0
35.20_46.40,0,15.408500774498174,9.312331687956226,1.666970802919708,3.0
35.20_46.80,0,13.359084195547446,7.750563576642358,1.5492700729927007,3.0
35.20_47.20,0,13.033477065346716,8.729736760948928,1.531021897810219,3.0
35.20_47.60,0,11.757673284343063,9.020469680656957,1.4562043795620438,3.0
35.20_48.00,0,11.16663206784398,9.164165428832138,1.4032846715328466,3.0
35.20_48.40,0,11.32211435834854,9.466472189781046,1.4014598540145986,3.0
35.20_48.80,0,10.82698357906022,10.067521824817542,1.3594890510948905,3.0
35.20_49.20,0,10.58382568812956,9.801830775547469,1.3613138686131387,3.0
35.20_49.60,0,10.487748652819343,9.057563439781044,1.3476277372262773,3.0
35.20_50.00,0,10.680241737406934,10.572945255474476,1.3567518248175183,3.0
35.20_50.40,0,13.32234150328467,13.79064731751827,1.5036496350364963,3.0
35.20_50.80,0,16.866013863777372,15.418055656934328,1.6624087591240877,3.0
35.20_51.20,0,19.556651428467152,16.369395447080315,1.791058394160584,3.0
35.20_51.60,0,16.57890369662409,16.42676527372265,1.6824817518248176,3.0
35.20_52.00,0,13.70736872180657,16.086549717153307,1.5593065693430657,3.0
35.20_52.40,0,12.85248211881387,15.621829881386883,1.5218978102189782,3.0
35.20_52.80,0,12.27846401899635,15.380080264598565,1.4981751824817515,3.0
35.20_53.20,0,11.981224707837592,15.950323613138709,1.4607664233576645,3.0
35.20_53.60,0,11.36213469240511,16.151838266423383,1.4133211678832116,3.0
35.20_54.00,0,11.12507643197062,15.583325255474476,1.3886861313868613,3.0
35.20_54.40,0,11.518848088651003,15.813357427007324,1.427919708029197,3.0
35.20_54.80,0,11.593752792210584,16.984042189781047,1.427007299270073,3.0
35.20_55.20,0,16.55274770659854,17.54343258211681,1.7591240875912408,3.0
35.20_55.60,4,29.057807150483576,17.929209005474476,2.4251824817518246,3.0
35.20_56.00,5,42.84905289826642,18.01882717153287,2.9653284671532845,3.0
35.20_56.40,5,36.621249662344894,17.670145875912432,2.701642335766423,3.0
35.20_56.80,0,13.415825065615875,16.844178658759144,1.5857664233576645,3.0
35.20_57.20,0,12.700584901763476,15.67891175182484,1.5091240875912408,3.0
35.20_57.60,0,13.672693902116787,15.454167609489074,1.6158759124087592,3.0
35.20_58.00,0,13.195450726624088,15.33708265510951,1.583029197080292,3.0
35.20_58.40,0,11.132946526332118,14.50760441605842,1.3822992700729928,3.0
35.20_58.80,0,10.570793279638686,13.293349598540168,1.3585766423357664,3.0
35.20_59.20,0,9.668000028583942,12.863878704379584,1.2956204379562044,3.0
35.20_59.60,0,9.43578586576095,11.6485616332117,1.270985401459854,3.0
35.20_60.00,0,9.535606914543797,10.109380675182503,1.2819343065693432,3.0
35.20_60.40,0,10.22433605978522,11.514169671532867,1.33485401459854,3.0
35.20_60.80,0,10.223072911313595,13.4211800912409,1.3248175182481752,3.0
35.20_61.20,0,9.812976909682115,14.241563731751848,1.2956204379562044,3.0
35.20_61.60,0,9.153611660776551,14.512063996350388,1.256386861313869,3.0
35.20_62.00,0,9.05348905467728,14.467286003649658,1.239963503649635,3.0
35.20_62.40,0,8.901692225985402,14.664194233576664,1.2344890510948905,3.0
35.20_62.80,0,8.695319308551095,14.06630057481754,1.215328467153285,3.0
35.20_63.20,0,8.30530156620073,13.255005072992724,1.207116788321168,3.0
35.20_63.60,0,7.666201988143249,11.394282071167906,1.1715328467153283,3.0
35.20_64.00,0,7.175639276376031,8.264991642335788,1.145985401459854,3.0
35.60_44.00,4,43.77503826669708,18.70320721715331,2.948905109489051,3.0
35.60_44.40,4,32.11793777335766,17.665376094890533,2.498175182481752,3.0
35.60_44.80,4,24.96805094717153,16.15766576642338,2.163321167883212,3.0
35.60_45.20,0,23.04882880214416,14.1272639872263,2.054744525547445,3.0
35.60_45.60,0,20.56166281922445,12.753358403284697,1.905109489051095,3.0
35.60_46.00,0,16.896217146560222,11.089837308394182,1.739051094890511,3.0
35.60_46.40,0,13.356224089,8.125679990875936,1.5264598540145986,3.0
35.60_46.80,0,11.069088381839231,6.8317545164233815,1.4124087591240877,3.0
35.60_47.20,0,10.881206416642335,7.748266341240898,1.405109489051095,3.0
35.60_47.60,0,10.589591790862226,8.726390711678855,1.3722627737226278,3.0
35.60_48.00,0,9.996950584869523,9.353250109489071,1.3248175182481752,3.0
35.60_48.40,0,10.049070440642335,9.12406581204382,1.323905109489051,3.0
35.60_48.80,0,9.847614993549271,8.447903467153306,1.2992700729927007,3.0
35.60_49.20,0,10.23134397062956,8.346650985401483,1.3357664233576645,3.0
35.60_49.60,0,9.811339442898722,8.985233950729949,1.3093065693430657,3.0
35.60_50.00,0,10.50917032840876,10.387029051094911,1.333941605839416,3.0
35.60_50.40,0,15.35382350589416,12.500563175182505,1.6094890510948905,3.0
35.60_50.80,0,22.37144678580292,14.03742474452557,1.938868613138686,3.0
35.60_51.20,2,30.46189651487226,14.842181003649658,2.2937956204379564,3.0
35.60_51.60,2,20.433028865145985,13.561310328467176,1.872262773722628,3.0
35.60_52.00,0,13.656332626733576,10.414166879562066,1.5556569343065694,3.0
35.60_52.40,0,11.640711670319345,8.722831177007322,1.465328467153285,3.0
35.60_52.80,0,10.687158189835763,8.99636879562046,1.3877737226277371,3.0
35.60_53.20,0,11.167096835428833,10.633946195255495,1.409671532846715,3.0
35.60_53.60,0,10.953247481772811,12.26927822992703,1.406021897810219,3.0
35.60_54.00,0,10.550242646413777,13.07619750912411,1.3704379562043796,3.0
35.60_54.40,0,10.686551602162409,14.188760282846737,1.3804744525547443,3.0
35.60_54.80,0,10.634315149873176,14.855975328467176,1.3631386861313868,3.0
35.60_55.20,0,10.315767698056089,14.973440465328489,1.340328467153285,3.0
35.60_55.60,0,14.228179697782846,15.638795830291995,1.6113138686131387,3.0
35.60_56.00,0,14.784609809908758,16.838484680656954,1.6432481751824817,3.0
35.60_56.40,0,11.046238646792885,16.566709005474475,1.4023722627737227,3.0
35.60_56.80,0,10.151940703500456,15.057195364963526,1.344890510948905,3.0
35.60_57.20,0,9.927299278465329,14.030344124087616,1.3248175182481752,3.0
35.60_57.60,0,9.75868191274197,12.902950994525568,1.3065693430656935,3.0
35.60_58.00,0,9.60093988873084,11.814031779197103,1.2874087591240877,3.0
35.60_58.40,0,9.468660875054743,11.02593747262776,1.2874087591240877,3.0
35.60_58.80,0,8.921101370305657,10.4874976642336,1.227189781021898,3.0
35.60_59.20,0,8.969320148618705,9.802344771897832,1.239963503649635,3.0
35.60_59.60,0,8.893787762942063,9.157252919708052,1.239051094890511,3.0
35.60_60.00,0,9.028920380213505,9.918069525547468,1.2463503649635037,3.0
35.60_60.40,0,9.62094225476095,11.200081779197102,1.2974452554744529,3.0
35.60_60.80,0,10.736700290503922,12.113655282846738,1.405109489051095,3.0
35.60_61.20,0,11.790166957190692,13.972926040146008,1.493613138686131,3.0
35.60_61.60,0,10.000627962528284,14.95507489963506,1.3074817518248176,3.0
35.60_62.00,0,9.27684306781031,15.076394270073015,1.2673357664233578,3.0
35.60_62.40,0,9.061538402082482,15.383987773722652,1.2463503649635037,3.0
35.60_62.80,0,8.836301517963138,15.16668849452557,1.2372262773722629,3.0
35.60_63.20,0,8.710046981788322,14.628343941605864,1.2354014598540146,3.0
35.60_63.60,0,8.281482229390512,13.122657290146009,1.207116788321168,3.0
35.60_64.00,0,7.854013541546533,10.509206505474474,1.1897810218978102,3.0
36.00_44.00,4,25.261462326487223,17.590557153284692,2.179744525547445,3.0
36.00_44.40,4,23.177479109297444,16.498629151459877,2.0994525547445257,3.0
36.00_44.80,0,21.582072682427007,15.325550419708051,1.9854014598540144,3.0
36.00_45.20,0,19.164587732634125,12.856131478102212,1.8366788321167884,3.0
36.00_45.60,0,16.60241143745438,9.754250830291994,1.7262773722627738,3.0
36.00_46.00,0,14.245736889259124,7.930335757299293,1.5967153284671534,3.0
36.00_46.40,0,11.914005141725363,7.279590556569366,1.4662408759124088,3.0
36.00_46.80,0,10.53393924659398,7.181500337591264,1.3877737226277371,3.0
36.00_47.20,0,10.63305685569708,7.585597983576665,1.3777372262773722,3.0
36.00_47.60,0,10.395493479958942,8.639277217153309,1.364963503649635,3.0
36.00_48.00,0,10.35080277029562,9.919044598540168,1.3631386861313868,3.0
36.00_48.40,0,9.33586609656478,9.774046806569366,1.2837591240875912,3.0
36.00_48.80,0,9.745758234231296,8.245263895985424,1.3074817518248176,3.0
36.00_49.20,0,10.519414185574815,8.528757536496375,1.3567518248175183,3.0
36.00_49.60,0,12.16171596656022,10.98405622262776,1.4562043795620438,3.0
36.00_50.00,0,13.978614756989051,13.629288640510971,1.551094890510949,3.0
36.00_50.40,0,15.429538091131388,13.91905879562046,1.6104014598540146,3.0
36.00_50.80,0,15.59110909379562,9.436917034671556,1.6195255474452557,3.0
36.00_51.20,0,14.908443862180658,5.262322445255497,1.6213503649635037,3.0
36.00_51.60,0,13.332792831885948,3.382447372262797,1.5602189781021898,3.0
36.00_52.00,0,11.53230278864781,3.483403485401483,1.4498175182481752,3.0
36.00_52.40,0,9.619676764936132,4.635698302919731,1.3202554744525548,3.0
36.00_52.80,0,9.196485708202555,6.42548580291973,1.2956204379562044,3.0
36.00_53.20,0,9.522874949145072,7.317031140510972,1.322992700729927,3.0
36.00_53.60,0,9.523495880410584,7.804897937956228,1.311131386861314,3.0
36.00_54.00,0,10.140256796463047,10.54138217153287,1.3604014598540146,3.0
36.00_54.40,0,11.772304698395072,13.7691589872263,1.4406934306569343,3.0
36.00_54.80,0,11.527708899921532,14.665544279197103,1.4133211678832116,3.0
36.00_55.20,0,9.806238999828468,13.5837439142336,1.3312043795620438,3.0
36.00_55.60,0,9.317422240127646,12.976223777372285,1.29014598540146,3.0
36.00_56.00,0,9.66249871608646,14.268555410583964,1.3202554744525548,3.0
36.00_56.40,0,9.509324206346047,15.973081295620462,1.313868613138686,3.0
36.00_56.80,0,9.102834711381112,16.179285538321192,1.2591240875912408,3.0
36.00_57.20,0,9.30269726409398,15.089009041970826,1.272810218978102,3.0
36.00_57.60,0,9.412541124279198,13.533639260948927,1.2764598540145986,3.0
36.00_58.00,0,9.177583104024816,13.07358046532849,1.2591240875912408,3.0
36.00_58.40,0,9.40123444593978,12.931932892335787,1.2883211678832116,3.0
36.00_58.80,0,9.782497849990875,11.460252308394184,1.3093065693430657,3.0
36.00_59.20,0,9.919109933789231,9.879705593065715,1.3147810218978102,3.0
36.00_59.60,0,9.71250052730228,10.787312189781044,1.2819343065693432,3.0
36.00_60.00,0,9.244936724246898,12.318732910583964,1.2582116788321167,3.0
36.00_60.40,0,9.898836196753653,12.922913786496377,1.312043795620438,3.0
36.00_60.80,0,10.511165315590327,13.803367974452575,1.3531021897810218,3.0
36.00_61.20,0,10.921440447338322,15.14582553832119,1.3822992700729928,3.0
36.00_61.60,0,9.82609665654739,15.575000812043818,1.291970802919708,3.0
36.00_62.00,0,9.270335927892711,15.61658883211681,1.2582116788321167,3.0
36.00_62.40,0,9.319697516422764,16.09411872262776,1.2591240875912408,3.0
36.00_62.80,0,8.871668779284516,15.952171177007322,1.2262773722627738,3.0
36.00_63.20,0,8.468925343557848,15.439368868613162,1.2116788321167884,3.0
36.00_63.60,0,8.444012648731661,14.81674864963506,1.208941605839416,3.0
36.00_64.00,0,8.549268322989963,14.210189051094911,1.2107664233576645,3.0
36.40_44.00,0,22.26042334047445,16.075749507299292,1.9872262773722629,3.0
36.40_44.40,0,19.77538915440693,13.813851487226302,1.874087591240876,3.0
36.40_44.80,0,16.89347961118613,10.907223604014622,1.7335766423357664,3.0
36.40_45.20,0,15.373218085784671,8.925629096715351,1.6541970802919708,3.0
36.40_45.60,0,14.32697478834124,8.601468239051117,1.6058394160583942,3.0
36.40_46.00,0,13.155922444585766,8.80129993613141,1.5282846715328466,3.0
36.40_46.40,0,12.210701194963503,8.994105364963527,1.4808394160583942,3.0
36.40_46.80,0,10.73782298629927,8.023741496350386,1.3932481751824817,3.0
36.40_47.20,0,9.799599664681567,6.62859633211681,1.3257299270072993,3.0
36.40_47.60,0,9.362029557198904,7.097085027372285,1.2947080291970805,3.0
36.40_48.00,0,10.393701546900546,8.523831560219001,1.352189781021898,3.0
36.40_48.40,0,9.979430588385036,8.515308731751846,1.33485401459854,3.0
36.40_48.80,0,9.82555880074544,7.65027903284674,1.323905109489051,3.0
36.40_49.20,0,10.395262567673358,8.20119857664236,1.344890510948905,3.0
36.40_49.60,0,12.68135473904927,9.797443330291992,1.5,3.0
36.40_50.00,0,14.049316363895985,9.820737755474472,1.522810218978102,3.0
36.40_50.40,0,10.971325065928832,6.909102244525569,1.381386861313869,3.0
36.40_50.80,0,11.39114172038686,5.230704653284694,1.4005474452554745,3.0
36.40_51.20,0,10.664116436486314,5.5093642427007525,1.3777372262773722,3.0
36.40_51.60,0,9.696498918846714,7.29474187043798,1.33485401459854,3.0
36.40_52.00,0,10.240587184684308,9.931838357664256,1.3877737226277371,3.0
36.40_52.40,3,11.49425350263686,12.723997162408782,1.4443430656934306,3.0
36.40_52.80,3,12.216127733448904,14.415224124087612,1.4781021897810218,3.0
36.40_53.20,3,10.622368519534673,12.842221733576666,1.3576642335766422,3.0
36.40_53.60,0,9.831113179160583,9.80784243613141,1.3166058394160585,3.0
36.40_54.00,0,10.202254026418796,8.353806916058417,1.3512773722627738,3.0
36.40_54.40,0,10.062896630465328,9.059202290146008,1.3394160583941606,3.0
36.40_54.80,0,10.45801152796898,9.751627819343089,1.374087591240876,3.0
36.40_55.20,0,10.455167748354928,10.95411092153287,1.3622262773722629,3.0
36.40_55.60,0,9.307304452165418,12.021142791970826,1.2864963503649636,3.0
36.40_56.00,0,8.824395972842929,13.356496113138707,1.2673357664233578,3.0
36.40_56.40,0,8.609288718152937,14.591773375912432,1.2408759124087592,3.0
36.40_56.80,0,8.995710094031132,14.261623029197104,1.270985401459854,3.0
36.40_57.20,0,10.141154541665149,13.19597856751827,1.3394160583941606,3.0
36.40_57.60,0,11.469610575069344,12.805783375912434,1.427007299270073,3.0
36.40_58.00,0,10.404952366368612,12.548633886861335,1.3695255474452557,3.0
36.40_58.40,0,10.982673427335769,11.216571560219,1.381386861313869,3.0
36.40_58.80,0,11.461441114899635,9.378081021897833,1.4105839416058394,3.0
36.40_59.20,0,13.632517654160583,9.48569485401462,1.510948905109489,3.0
36.40_59.60,0,20.992548935583944,11.02264690693433,1.8558394160583944,3.0
36.40_60.00,0,13.078125227902373,11.721839206204404,1.4717153284671534,3.0
36.40_60.40,0,11.201881845766424,13.314558129562066,1.416970802919708,3.0
36.40_60.80,0,13.135455777396896,15.651092034671557,1.5583941605839415,3.0
36.40_61.20,0,11.990574201428831,16.645135994525567,1.4625912408759123,3.0
36.40_61.60,0,9.520646469756342,16.68815697992703,1.2746350364963503,3.0
36.40_62.00,0,8.975853480144242,16.482050702554766,1.2408759124087592,3.0
36.40_62.40,0,8.795331270534344,16.253000182481774,1.2326642335766422,3.0
36.40_62.80,0,8.391192119673393,15.39551189781024,1.20985401459854,3.0
36.40_63.20,0,8.269570314668057,14.57988966240878,1.20985401459854,3.0
36.40_63.60,0,8.38246511775405,14.062756669708053,1.2043795620437956,3.0
36.40_64.00,0,8.67639797078741,14.149584735401485,1.2253649635036497,3.0
36.80_44.00,0,17.879406638220804,13.315753412408782,1.7737226277372262,3.0
36.80_44.40,0,17.017170757755473,11.316183804744549,1.7208029197080292,3.0
36.80_44.80,0,13.468593420593065,7.184928147810242,1.530109489051095,3.0
36.80_45.20,0,12.344829378193433,7.124848202554768,1.4607664233576645,3.0
36.80_45.60,0,11.833277926333029,8.748258321167906,1.4443430656934306,3.0
36.80_46.00,0,12.047469192326645,9.74425319343068,1.447080291970803,3.0
36.80_46.40,0,11.408145030766423,9.304913768248198,1.41514598540146,3.0
36.80_46.80,0,9.502594594911496,7.2009727281022125,1.3056569343065694,3.0
36.80_47.20,0,8.665321353237227,5.604909689781045,1.2627737226277371,3.0
36.80_47.60,0,8.98841841024635,7.494706031021919,1.256386861313869,3.0
36.80_48.00,0,10.353433254717151,8.828957618613162,1.3558394160583942,3.0
36.80_48.40,0,10.844393691172446,8.076707636861338,1.3987226277372262,3.0
36.80_48.80,0,10.430765526076645,7.954538750000023,1.3613138686131387,3.0
36.80_49.20,0,11.159562333111314,10.039938932481771,1.4233576642335766,3.0
36.80_49.60,0,13.488977481113135,11.506992509124112,1.5337591240875912,3.0
36.80_50.00,0,10.96770854403011,9.097003594890532,1.39507299270073,3.0
36.80_50.40,0,9.975555313770986,7.65935323905112,1.3312043795620438,3.0
36.80_50.80,3,10.287283581900548,11.611112910583962,1.3658759124087592,3.0
36.80_51.20,3,10.37058660698814,15.173190063868637,1.3704379562043796,3.0
36.80_51.60,3,10.493857316618612,16.742298813868636,1.3576642335766422,3.0
36.80_52.00,3,10.845925159017362,17.094934069343086,1.375912408759124,3.0
36.80_52.40,3,12.442454711498725,17.606580483576664,1.4498175182481752,3.0
36.80_52.80,3,11.990814107097629,17.05821922445258,1.4425182481751824,3.0
36.80_53.20,3,10.94864942296533,16.057140583941628,1.381386861313869,3.0
36.80_53.60,3,10.938654480118611,15.598380164233598,1.3768248175182485,3.0
36.80_54.00,3,10.760247380282848,13.388572992700752,1.3768248175182485,3.0
36.80_54.40,0,10.784347103248177,11.750507947080314,1.375912408759124,3.0
36.80_54.80,0,10.447881413330292,10.474035054744547,1.35492700729927,3.0
36.80_55.20,0,9.902898012707118,9.513611961678857,1.3312043795620438,3.0
36.80_55.60,0,9.295394011608575,11.14710735401462,1.2883211678832116,3.0
36.80_56.00,0,8.651370665143842,11.979668604014622,1.2454379562043796,3.0
36.80_56.40,0,8.459689191684763,13.277000711678854,1.2281021897810218,3.0
36.80_56.80,0,8.918737903714872,13.30018481751827,1.2664233576642336,3.0
36.80_57.20,0,9.38996923588686,12.41925247262776,1.302919708029197,3.0
36.80_57.60,0,9.252356650718069,11.35827314781024,1.2974452554744529,3.0
36.80_58.00,0,9.250785282922443,9.952155209854038,1.2947080291970805,3.0
36.80_58.40,0,10.076403811812044,9.099284315693454,1.3312043795620438,3.0
36.80_58.80,0,10.208623807948904,8.704172372262796,1.3366788321167884,3.0
36.80_59.20,0,10.705555094236312,8.941041240875936,1.3576642335766422,3.0
36.80_59.60,0,10.857201842294709,9.9535001642336,1.3786496350364963,3.0
36.80_60.00,0,10.739226890345805,12.484334589416084,1.3585766423357664,3.0
36.80_60.40,0,10.817958097241789,15.42557319343068,1.3804744525547443,3.0
36.80_60.80,0,15.271081369512771,16.78136709854017,1.7354014598540146,3.0
36.80_61.20,0,11.397224655548358,17.121856541970825,1.4315693430656935,3.0
36.80_61.60,0,8.844942805779517,17.19336967153287,1.2244525547445255,3.0
36.80_62.00,0,8.657577307092472,16.852942609489077,1.2235401459854014,3.0
36.80_62.40,0,8.650172922139872,16.590751496350386,1.2262773722627738,3.0
36.80_62.80,0,8.330614441059671,16.234010529197104,1.20985401459854,3.0
36.80_63.20,0,8.212313921430155,15.663691021897836,1.2107664233576645,3.0
36.80_63.60,0,8.344087754706552,15.4696976642336,1.2144160583941606,3.0
36.80_64.00,0,8.656400126094004,15.27324125912411,1.2335766423357664,3.0
37.20_44.00,0,11.30609819740876,7.432428275547467,1.3932481751824817,3.0
37.20_44.40,0,10.834263817226278,5.876415529197104,1.3832116788321167,3.0
37.20_44.80,0,11.14413368888686,7.334911797445279,1.409671532846715,3.0
37.20_45.20,0,10.85561787683394,8.403797217153308,1.3804744525547443,3.0
37.20_45.60,0,11.27266097640511,10.388013895985424,1.4041970802919708,3.0
37.20_46.00,0,11.652218840054744,11.035194041970826,1.4087591240875912,3.0
37.20_46.40,0,11.086734196187956,9.023727937956227,1.381386861313869,3.0
37.20_46.80,0,9.576595187080292,6.825519516423381,1.2974452554744529,3.0
37.20_47.20,0,9.457741726058394,7.805872655109513,1.2956204379562044,3.0
37.20_47.60,0,10.116444826409673,10.02245338503652,1.3284671532846717,3.0
37.20_48.00,0,10.052907584326642,10.266427837591264,1.3257299270072993,3.0
37.20_48.40,0,9.78679782826095,8.538069169708052,1.302919708029197,3.0
37.20_48.80,0,10.006504953485402,8.143510629562066,1.3202554744525548,3.0
37.20_49.20,0,11.789876604251823,11.546001167883237,1.437956204379562,3.0
37.20_49.60,3,13.79213082984489,14.31973645072995,1.5383211678832116,3.0
37.20_50.00,3,10.973189035346715,13.971559963503672,1.4187956204379562,3.0
37.20_50.40,3,9.587617745419708,15.08402843065696,1.3065693430656935,3.0
37.20_50.80,3,9.720506284023724,16.964937682481775,1.3047445255474452,3.0
37.20_51.20,3,9.50127410522283,17.48821902372265,1.2974452554744529,3.0
37.20_51.60,3,9.477333601490455,17.280396286496373,1.302919708029197,3.0
37.20_52.00,3,9.46723409582032,17.41592844890513,1.2983576642335766,3.0
37.20_52.40,3,9.495509888610629,17.32620367700732,1.311131386861314,3.0
37.20_52.80,3,9.445453227332251,17.18975010036499,1.312956204379562,3.0
37.20_53.20,3,9.474005830008194,17.172494644160608,1.3056569343065694,3.0
37.20_53.60,3,9.81953957235188,17.48863353102192,1.3175182481751824,3.0
37.20_54.00,3,10.168885912149635,17.417128740875935,1.3184306569343065,3.0
37.20_54.40,0,10.711235134494526,16.436756998175206,1.3677007299270072,3.0
37.20_54.80,0,11.480627900866788,16.454750401459876,1.409671532846715,3.0
37.20_55.20,0,10.514671595109489,14.435023020073016,1.3394160583941606,3.0
37.20_55.60,0,9.05305292768248,11.303023804744548,1.2536496350364963,3.0
37.20_56.00,0,8.376115650616242,10.870306760948928,1.2125912408759123,3.0
37.20_56.40,0,8.54855014151323,10.872074333941628,1.2308394160583942,3.0
37.20_56.80,0,8.968296842164644,11.412545082116807,1.2618613138686132,3.0
37.20_57.20,0,9.674113084313868,10.932109689781043,1.3202554744525548,3.0
37.20_57.60,0,9.576856789822992,9.71991458941608,1.322080291970803,3.0
37.20_58.00,0,9.38324871226688,8.689684051094913,1.302919708029197,3.0
37.20_58.40,0,9.730645923194343,8.153735702554767,1.312956204379562,3.0
37.20_58.80,0,9.597616158502737,9.013330191605862,1.301094890510949,3.0
37.20_59.20,0,9.732838677099451,10.218322600364989,1.2965328467153283,3.0
37.20_59.60,0,10.240192740513685,12.554741970802942,1.322992700729927,3.0
37.20_60.00,0,10.096124779529198,15.401116332116809,1.311131386861314,3.0
37.20_60.40,0,10.061747801468066,16.80655743613141,1.3038321167883211,3.0
37.20_60.80,0,9.755413074936133,16.700044452554767,1.2782846715328466,3.0
37.20_61.20,0,9.238270628487273,16.79638004562046,1.2472627737226278,3.0
37.20_61.60,0,8.847959848512819,16.58742861313871,1.2308394160583942,3.0
37.20_62.00,0,8.716164806797956,16.291012819343088,1.2335766423357664,3.0
37.20_62.40,0,8.555857218684581,16.564449844890536,1.2262773722627738,3.0
37.20_62.80,0,8.213091019442334,16.442600027372286,1.2135036496350364,3.0
37.20_63.20,0,8.261915365304297,16.450788448905133,1.2162408759124088,3.0
37.20_63.60,0,8.385059937446588,16.45833428832119,1.2235401459854014,3.0
37.20_64.00,0,8.974595733113594,16.547666049270095,1.2582116788321167,3.0
37.60_44.00,0,7.68786986655657,1.9510411040146216,1.2125912408759123,3.0
37.60_44.40,0,8.371097988197993,3.9555424178832346,1.2527372262773722,3.0
37.60_44.80,0,8.937020823667883,6.088469653284694,1.2755474452554745,3.0
37.60_45.20,0,10.808836667089416,9.904314096715352,1.3695255474452557,3.0
37.60_45.60,0,11.366441253644162,11.82080076642338,1.3968978102189782,3.0
37.60_46.00,0,10.24289783395073,8.756238020073015,1.3275547445255471,3.0
37.60_46.40,0,9.68483552139781,6.143964644160607,1.3056569343065694,3.0
37.60_46.80,0,10.082645384029195,6.354529543795644,1.3284671532846717,3.0
37.60_47.20,0,10.476745571263686,8.087632919708051,1.340328467153285,3.0
37.60_47.60,0,9.34839701409033,7.812747125912431,1.2837591240875912,3.0
37.60_48.00,0,8.717131633972627,8.030317290146009,1.249087591240876,3.0
37.60_48.40,0,9.030000414448905,8.219201277372285,1.250912408759124,3.0
37.60_48.80,0,9.864867754361311,8.486467974452577,1.340328467153285,3.0
37.60_49.20,3,10.971860328923356,14.31173095802922,1.3704379562043796,3.0
37.60_49.60,3,11.479112727369523,16.76723061131389,1.41514598540146,3.0
37.60_50.00,3,10.059363419566608,16.02124489051097,1.342153284671533,3.0
37.60_50.40,3,9.38672492481073,16.94364727189783,1.284671532846715,3.0
37.60_50.80,3,9.171165781738658,16.97033542883214,1.3001824817518248,3.0
37.60_51.20,3,9.15688700104084,17.044889233576665,1.2974452554744529,3.0
37.60_51.60,3,9.224341153742062,17.20110372262776,1.2974452554744529,3.0
37.60_52.00,3,9.284056034794087,17.154800483576665,1.3093065693430657,3.0
37.60_52.40,3,9.38070901248178,17.110127071167906,1.3184306569343065,3.0
37.60_52.80,3,9.58246001338614,16.978018448905132,1.3302919708029195,3.0
37.60_53.20,3,9.63236324143688,16.761200000000024,1.3284671532846717,3.0
37.60_53.60,3,9.80133195444522,16.525952417883236,1.3257299270072993,3.0
37.60_54.00,3,9.667347744204854,16.764962034671555,1.3156934306569343,3.0
37.60_54.40,0,10.148473638792884,17.167005054744546,1.3385036496350364,3.0
37.60_54.80,0,10.959559554984487,17.381872965328487,1.3868613138686132,3.0
37.60_55.20,0,10.39275829128832,17.082879051094913,1.333941605839416,3.0
37.60_55.60,0,9.021540936036496,14.06390819343068,1.2518248175182485,3.0
37.60_56.00,0,8.62344710588896,12.548294917883233,1.2326642335766422,3.0
37.60_56.40,0,8.816253177488742,12.068660903284696,1.2463503649635037,3.0
37.60_56.80,0,9.031248570399908,11.513853512773746,1.2773722627737227,3.0
37.60_57.20,0,9.505556880006388,10.703291003649657,1.302919708029197,3.0
37.60_57.60,0,9.357370129184307,9.267833312043818,1.3065693430656935,3.0
37.60_58.00,0,9.367525514861132,8.598983978102213,1.302007299270073,3.0
37.60_58.40,0,10.023334162290146,9.66788194343068,1.3275547445255471,3.0
37.60_58.80,0,10.151925004955292,11.863864908759146,1.322080291970803,3.0
37.60_59.20,0,10.16098425814781,14.545867463503672,1.292883211678832,3.0
37.60_59.60,0,9.837421293731753,16.472004872262794,1.2819343065693432,3.0
37.60_60.00,0,9.380297960237224,16.833611049270097,1.2645985401459854,3.0
37.60_60.40,0,9.394788661726276,16.70290534671535,1.27007299270073,3.0
37.60_60.80,0,8.956984841768294,16.712685337591264,1.243613138686131,3.0
37.60_61.20,0,8.833633597499134,16.641732363138708,1.2463503649635037,3.0
37.60_61.60,0,8.814915725545028,16.260398248175207,1.2372262773722629,3.0
37.60_62.00,0,8.75223354369416,16.061915529197105,1.2372262773722629,3.0
37.60_62.40,0,8.37822256684781,16.329044324817538,1.2226277372262773,3.0
37.60_62.80,0,8.182185922512636,16.542350209854035,1.215328467153285,3.0
37.60_63.20,0,8.22855092029905,16.687099397810243,1.208941605839416,3.0
37.60_63.60,0,8.493344542449965,16.780376359489075,1.2344890510948905,3.0
37.60_64.00,0,9.097253543860912,16.81210395985404,1.2764598540145986,3.0
38.00_44.00,0,6.034926075808394,1.1125088047445486,1.1213503649635037,3.0
38.00_44.40,0,6.735639911322993,3.477576240875935,1.1505474452554745,3.0
38.00_44.80,0,9.090633225675182,7.337079169708052,1.25,3.0
38.00_45.20,0,11.253796398448904,10.733438576642358,1.3777372262773722,3.0
38.00_45.60,0,12.51080568968978,10.805590638686152,1.4635036496350364,3.0
38.00_46.00,0,12.023012861122265,8.1457017062044,1.437956204379562,3.0
38.00_46.40,0,11.744874784215328,6.923907144160606,1.4242700729927007,3.0
38.00_46.80,0,11.64923247754106,7.190315009124111,1.406021897810219,3.0
38.00_47.20,0,10.216402994699818,7.002247308394183,1.3257299270072993,3.0
38.00_47.60,0,7.978598314212043,5.822663248175206,1.2135036496350364,3.0
38.00_48.00,0,8.15228754433303,5.772434206204402,1.2162408759124088,3.0
38.00_48.40,0,8.84324613119708,7.632297673357688,1.249087591240876,3.0
38.00_48.80,0,9.674980967006388,10.197516733576665,1.3293795620437956,3.0
38.00_49.20,3,9.722216737114053,15.447414352189805,1.2965328467153283,3.0
38.00_49.60,3,9.222744122775932,16.82403666970805,1.2956204379562044,3.0
38.00_50.00,3,8.873230561374179,16.126669397810243,1.272810218978102,3.0
38.00_50.40,3,8.901298819703129,16.80181165145988,1.281021897810219,3.0
38.00_50.80,3,8.888822112188686,16.646210118613162,1.2819343065693432,3.0
38.00_51.20,3,8.965835129473513,16.84045921532849,1.291058394160584,3.0
38.00_51.60,3,9.142102871310192,16.848452007299294,1.3047445255474452,3.0
38.00_52.00,3,9.303330344815082,16.79609379562046,1.3083941605839415,3.0
38.00_52.40,3,9.680809488836845,16.759491532846738,1.3266423357664234,3.0
38.00_52.80,3,10.04211638743875,16.468199762773743,1.3494525547445255,3.0
38.00_53.20,3,10.423724055785,16.046459708029218,1.3695255474452557,3.0
38.00_53.60,3,10.542168098458191,15.880378020073016,1.3832116788321167,3.0
38.00_54.00,3,10.323357484659672,16.381244160583964,1.3613138686131387,3.0
38.00_54.40,0,10.37395286937281,16.854446514598564,1.375912408759124,3.0
38.00_54.80,0,10.172263342054984,17.078069844890532,1.3585766423357664,3.0
38.00_55.20,0,9.861727343532756,16.81251689781024,1.3375912408759123,3.0
38.00_55.60,0,9.509515979108029,16.28874481751827,1.284671532846715,3.0
38.00_56.00,0,8.960795759246624,15.085562007299291,1.2518248175182485,3.0
38.00_56.40,0,8.530796694943978,13.37048323905112,1.2217153284671534,3.0
38.00_56.80,0,8.472943485274909,12.005708111313892,1.2372262773722629,3.0
38.00_57.20,0,8.580342202792153,10.822521523722653,1.2445255474452557,3.0
38.00_57.60,0,8.518433210676095,10.242861678832138,1.2354014598540146,3.0
38.00_58.00,0,10.015701735419707,11.851247189781043,1.311131386861314,3.0
38.00_58.40,0,11.416064298649635,13.812665711678855,1.397810218978102,3.0
38.00_58.80,0,9.90226235189781,15.335953293795644,1.2782846715328466,3.0
38.00_59.20,0,9.431700745805657,16.513889762773747,1.2627737226277371,3.0
38.00_59.60,0,8.886672507812044,16.834961925182505,1.2317518248175183,3.0
38.00_60.00,0,8.63109783358937,16.946541222627758,1.2217153284671534,3.0
38.00_60.40,0,8.58561346077103,16.913659297445278,1.219890510948905,3.0
38.00_60.80,0,8.350201892411542,16.724848421532872,1.2125912408759123,3.0
38.00_61.20,0,8.274989103514644,16.600485492700752,1.2144160583941606,3.0
38.00_61.60,0,8.222328088621524,16.416291131386885,1.2016423357664234,3.0
38.00_62.00,0,8.173165496396441,16.310642709854037,1.2062043795620438,3.0
38.00_62.40,0,8.08139055470949,16.406833750000025,1.2107664233576645,3.0
38.00_62.80,0,7.994479691213741,16.591022153284694,1.2016423357664234,3.0
38.00_63.20,0,8.084716911128677,16.581944105839437,1.2016423357664234,3.0
38.00_63.60,0,8.368418898197353,16.631016660583963,1.2208029197080292,3.0
38.00_64.00,0,8.910742393938175,16.57358549270075,1.2518248175182485,3.0
38.40_44.00,0,6.444704849402372,2.2429650912408983,1.1067518248175183,3.0
38.40_44.40,0,6.379890196660584,3.437997645985424,1.1158759124087592,3.0
38.40_44.80,0,8.971306310127737,7.210817208029219,1.2308394160583942,3.0
38.40_45.20,0,11.07601198084854,9.48443747262776,1.3768248175182485,3.0
38.40_45.60,0,11.012677364571168,9.083871888686152,1.3795620437956204,3.0
38.40_46.00,0,10.563431858995438,7.757547527372285,1.3567518248175183,3.0
38.40_46.40,0,10.207026870231752,6.965136596715351,1.3412408759124088,3.0
38.40_46.80,0,10.090284182552006,6.509823403284694,1.3302919708029195,3.0
38.40_47.20,0,9.876946821573904,7.066217609489073,1.3211678832116789,3.0
38.40_47.60,0,9.33818418527646,8.54162315693433,1.2819343065693432,3.0
38.40_48.00,0,8.07462427439416,7.901153704379586,1.2235401459854014,3.0
38.40_48.40,0,8.811264020925183,8.346638813868635,1.2591240875912408,3.0
38.40_48.80,3,10.363030460879562,12.303812180656957,1.3631386861313868,3.0
38.40_49.20,3,9.391469376787546,15.723691341240896,1.2864963503649636,3.0
38.40_49.60,3,8.779897703245593,16.22437958029199,1.260948905109489,3.0
38.40_50.00,3,8.58793736836791,16.246808877737248,1.2481751824817515,3.0
38.40_50.40,3,8.608862216184825,16.38808980839418,1.2645985401459854,3.0
38.40_50.80,3,8.702485968693011,16.31977089416061,1.2819343065693432,3.0
38.40_51.20,3,8.84314333242604,16.524104206204402,1.282846715328467,3.0
38.40_51.60,3,9.093805088505391,16.60648217153287,1.302919708029197,3.0
38.40_52.00,3,9.458545742666823,16.58962491788323,1.3275547445255471,3.0
38.40_52.40,3,10.02266921261874,16.35918705291973,1.364963503649635,3.0
38.40_52.80,3,10.790565738003542,15.898180939781044,1.4142335766423355,3.0
38.40_53.20,3,11.364785573902145,15.50213208941608,1.4452554744525548,3.0
38.40_53.60,3,11.770779007879671,15.460640620437978,1.4753649635036497,3.0
38.40_54.00,3,11.919996193000364,15.936832819343088,1.4972627737226278,3.0
38.40_54.40,0,11.198152511020346,16.446063777372284,1.458029197080292,3.0
38.40_54.80,0,11.450567815985249,16.62044804744528,1.520985401459854,3.0
38.40_55.20,0,11.66981300451022,16.206714616788343,1.5656934306569343,3.0
38.40_55.60,0,10.581283092123083,15.69329505474455,1.4507299270072993,3.0
38.40_56.00,0,9.165855245251551,15.172231459854038,1.2864963503649636,3.0
38.40_56.40,0,8.185242386715876,13.623867226277394,1.218978102189781,3.0
38.40_56.80,0,7.96996950500657,12.140710374087616,1.187043795620438,3.0
38.40_57.20,0,8.319478642713047,12.199247782846738,1.2025547445255471,3.0
38.40_57.60,0,9.278879253168432,14.540970337591263,1.256386861313869,3.0
38.40_58.00,0,9.618611931541972,16.516505866788343,1.2718978102189782,3.0
38.40_58.40,0,9.301592024635037,16.689645720802943,1.260948905109489,3.0
38.40_58.80,0,8.653332103582272,16.624456405109513,1.2317518248175183,3.0
38.40_59.20,0,8.662694223767463,16.513815976277396,1.22992700729927,3.0
38.40_59.60,0,8.515406599197911,16.75705979014601,1.2253649635036497,3.0
38.40_60.00,0,8.418105704118503,16.71826311131389,1.2217153284671534,3.0
38.40_60.40,0,8.269675885850813,16.457408585766448,1.2180656934306568,3.0
38.40_60.80,0,8.118358901573258,16.269840556569367,1.208941605839416,3.0
38.40_61.20,0,8.009990909817564,16.344835246350385,1.2034671532846717,3.0
38.40_61.60,0,7.989042583881661,16.18722342153287,1.2052919708029195,3.0
38.40_62.00,0,7.841444899730182,16.144386177007323,1.197080291970803,3.0
38.40_62.40,0,7.853710514489498,16.221654470802942,1.1925182481751824,3.0
38.40_62.80,0,7.950581113499863,16.233959607664254,1.2043795620437956,3.0
38.40_63.20,0,8.094820305169215,16.24452183394163,1.1961678832116789,3.0
38.40_63.60,0,8.403533361447629,16.275079635036516,1.217153284671533,3.0
38.40_64.00,0,8.87194501614051,16.297301633211703,1.239963503649635,3.0
38.80_44.00,0,7.477275713667884,3.118454799270096,1.1715328467153283,3.0
38.80_44.40,0,6.411775181617701,3.744999416058417,1.10492700729927,3.0
38.80_44.80,0,7.898030727043795,6.987306879562066,1.1751824817518248,3.0
38.80_45.20,0,10.899958804726277,9.634463832116811,1.3503649635036497,3.0
38.80_45.60,0,11.905399694388686,9.381762636861335,1.4105839416058394,3.0
38.80_46.00,0,11.06993705932938,7.925473056569366,1.3786496350364963,3.0
38.80_46.40,0,10.012378246406936,7.578362098540167,1.333029197080292,3.0
38.80_46.80,0,8.58792398446168,7.281308403284695,1.249087591240876,3.0
38.80_47.20,0,8.88969708751104,7.603368275547468,1.2691605839416058,3.0
38.80_47.60,0,9.145863706737684,9.282912600364986,1.2855839416058394,3.0
38.80_48.00,0,8.13681857200365,8.680858731751849,1.2253649635036497,3.0
38.80_48.40,0,8.986172603468978,9.061447344890531,1.2746350364963503,3.0
38.80_48.80,3,11.189041633576643,13.467220410583966,1.3905109489051095,3.0
38.80_49.20,3,9.208383000710969,15.82722841240878,1.2855839416058394,3.0
38.80_49.60,3,8.61208096906647,15.58716614963506,1.25,3.0
38.80_50.00,3,8.410630039827208,15.989491359489076,1.2481751824817515,3.0
38.80_50.40,3,8.424417518448932,15.984649306569365,1.2618613138686132,3.0
38.80_50.80,3,8.592531779999389,16.105370410583962,1.2791970802919708,3.0
38.80_51.20,3,8.802433129505037,16.24408796532849,1.302007299270073,3.0
38.80_51.60,3,9.10407680369654,16.24381534671535,1.312043795620438,3.0
38.80_52.00,3,9.539369207596131,16.23742099452557,1.3394160583941606,3.0
38.80_52.40,3,10.316289897545875,15.908243083941631,1.3868613138686132,3.0
38.80_52.80,3,11.145791363175237,15.431989598540168,1.4498175182481752,3.0
38.80_53.20,3,12.1597848001199,15.065220437956226,1.506386861313869,3.0
38.80_53.60,3,13.61898554447197,15.115237271897833,1.6414233576642336,3.0
38.80_54.00,4,18.39952891793166,15.726112819343086,2.036496350364964,3.0
38.80_54.40,0,16.359802786269526,16.09895049270075,1.9461678832116789,3.0
38.80_54.80,0,11.91221641595,15.814870018248197,1.5757299270072993,3.0
38.80_55.20,0,11.36398940128396,14.909247271897833,1.5492700729927007,3.0
38.80_55.60,0,12.648695772279837,14.14675500912411,1.719890510948905,3.0
38.80_56.00,0,12.351440732220071,14.330421660583966,1.6751824817518248,3.0
38.80_56.40,0,9.444639675462136,14.992649863138707,1.3047445255474452,3.0
38.80_56.80,0,9.180345825822991,15.572523622262796,1.27007299270073,3.0
38.80_57.20,0,8.938821087878832,16.37653178832119,1.239051094890511,3.0
38.80_57.60,0,8.818080653548394,16.844099197080318,1.2381386861313868,3.0
38.80_58.00,0,8.62950672321877,16.535659041970824,1.2354014598540146,3.0
38.80_58.40,0,8.543585590607208,16.22917558394163,1.227189781021898,3.0
38.80_58.80,0,8.446226656893138,16.261784114963525,1.2326642335766422,3.0
38.80_59.20,0,8.4584785139001,16.31213507299272,1.2354014598540146,3.0
38.80_59.60,0,8.360652139207547,16.21602801094893,1.2262773722627738,3.0
38.80_60.00,0,8.256048053513203,15.968235894160609,1.2253649635036497,3.0
38.80_60.40,0,8.078046365282098,15.945931049270094,1.2162408759124088,3.0
38.80_60.80,0,7.913930103235966,15.865302682481774,1.2062043795620438,3.0
38.80_61.20,0,7.806001317053056,15.838138239051116,1.1961678832116789,3.0
38.80_61.60,0,7.702979175381405,15.71367303832119,1.187043795620438,3.0
38.80_62.00,0,7.641491451056222,15.722813366788346,1.176094890510949,3.0
38.80_62.40,0,7.765612197917719,15.753609206204402,1.186131386861314,3.0
38.80_62.80,0,7.91472338149281,15.85218603102192,1.187043795620438,3.0
38.80_63.20,0,8.172427045467519,15.936545310219,1.2034671532846717,3.0
38.80_63.60,0,8.441278405850046,16.0318914872263,1.2034671532846717,3.0
38.80_64.00,0,8.817806439586269,16.1576805291971,1.2372262773722629,3.0
39.20_44.00,0,8.785030433339417,2.8734494343065924,1.260036496350365,3.0
39.20_44.40,0,7.9589489944890515,5.057628357664257,1.1934306569343065,3.0
39.20_44.80,0,9.641228757709854,8.498205629562067,1.280109489051095,3.0
39.20_45.20,0,11.381364606304745,10.718279936131408,1.3987226277372262,3.0
39.20_45.60,0,9.502123064069345,8.374433083941629,1.2874087591240877,3.0
39.20_46.00,0,7.721680671282846,5.731874306569366,1.1815693430656935,3.0
39.20_46.40,0,8.655760433540145,7.465476450729949,1.22992700729927,3.0
39.20_46.80,0,10.84228120015876,10.32211572992703,1.3677007299270072,3.0
39.20_47.20,0,11.828785109726278,11.335702636861337,1.4087591240875912,3.0
39.20_47.60,0,10.78493711553832,11.398998412408783,1.3631386861313868,3.0
39.20_48.00,0,9.881602045392336,11.348959060219,1.3257299270072993,3.0
39.20_48.40,3,11.103085655364962,12.265053713503672,1.3667883211678833,3.0
39.20_48.80,3,11.686281480629562,14.15449944343068,1.406021897810219,3.0
39.20_49.20,3,9.562122281088048,14.830375437956226,1.3102189781021898,3.0
39.20_49.60,3,8.56250758007801,14.922588448905133,1.25,3.0
39.20_50.00,3,8.33100210957865,15.551277107664257,1.2408759124087592,3.0
39.20_50.40,3,8.37423083184427,15.553423302919732,1.256386861313869,3.0
39.20_50.80,3,8.5166526265801,15.629532892335789,1.2655109489051095,3.0
39.20_51.20,3,8.65316569644855,15.807811085766446,1.281021897810219,3.0
39.20_51.60,3,8.85898375548833,15.862547563868636,1.2892335766423355,3.0
39.20_52.00,3,9.168388488104643,15.88771057481754,1.3074817518248176,3.0
39.20_52.40,3,9.581490914236944,15.585604397810243,1.323905109489051,3.0
39.20_52.80,3,10.077421840138305,15.09510322992703,1.3731751824817515,3.0
39.20_53.20,3,10.84317190133668,14.840162819343089,1.426094890510949,3.0
39.20_53.60,3,11.976609872491297,15.16358175182484,1.4908759124087592,3.0
39.20_54.00,4,13.903093812159304,15.719254543795644,1.6332116788321167,3.0
39.20_54.40,4,19.469094314982208,15.750668978102212,2.0346715328467155,3.0
39.20_54.80,0,18.401445419023723,15.245802043795644,2.073905109489051,3.0
39.20_55.20,0,13.181347073175184,14.671450319343087,1.70985401459854,3.0
39.20_55.60,0,13.039595106679744,14.51550978102192,1.7107664233576645,3.0
39.20_56.00,0,12.260183708760948,14.771306697080314,1.6158759124087592,3.0
39.20_56.40,0,9.416265032051186,15.460976012773743,1.3001824817518248,3.0
39.20_56.80,0,8.991540987649673,16.242939443430682,1.2737226277372262,3.0
39.20_57.20,0,8.737156296144908,16.380985392335788,1.25,3.0
39.20_57.60,0,8.639666156233412,16.19358562043798,1.2536496350364963,3.0
39.20_58.00,0,8.500122228472435,16.136515675182505,1.2518248175182485,3.0
39.20_58.40,0,8.376249878425137,16.14522769160586,1.2408759124087592,3.0
39.20_58.80,0,8.298243464545092,16.002622810219002,1.2354014598540146,3.0
39.20_59.20,0,8.238188648836825,15.653454808394184,1.2253649635036497,3.0
39.20_59.60,0,8.131468923344041,15.500811998175203,1.2244525547445255,3.0
39.20_60.00,0,8.002202264919589,15.45004019160586,1.218978102189781,3.0
39.20_60.40,0,7.859972539441935,15.405105291970823,1.217153284671533,3.0
39.20_60.80,0,7.734464707828312,15.254062007299291,1.2052919708029195,3.0
39.20_61.20,0,7.691202563340738,15.202353083941627,1.2043795620437956,3.0
39.20_61.60,0,7.605329239856533,15.17813270072995,1.1943430656934306,3.0
39.20_62.00,0,7.563908112547116,15.13468640510951,1.1852189781021898,3.0
39.20_62.40,0,7.662407354252336,15.252845255474476,1.1843065693430657,3.0
39.20_62.80,0,7.899363249185821,15.423776478102212,1.1961678832116789,3.0
39.20_63.20,0,8.274272334202143,15.507796806569363,1.2116788321167884,3.0
39.20_63.60,0,8.609724015779243,15.64727731751827,1.2326642335766422,3.0
39.20_64.00,0,8.826647983606433,15.75035152372265,1.2317518248175183,3.0
39.60_44.00,0,9.277502370748175,4.505264881386884,1.2755474452554745,3.0
39.60_44.40,0,10.977732534662408,7.399039105839438,1.364051094890511,3.0
39.60_44.80,0,10.1804020970073,8.5919654562044,1.3184306569343065,3.0
39.60_45.20,0,8.815391542445255,7.840059945255496,1.2235401459854014,3.0
39.60_45.60,0,6.69479489079562,4.614574470802944,1.124087591240876,3.0
39.60_46.00,0,6.533255680378649,2.4095936587591464,1.118613138686131,3.0
39.60_46.40,0,7.31055506274635,4.719599917883234,1.155109489051095,3.0
39.60_46.80,0,8.70222482470438,8.37908683394163,1.2308394160583942,3.0
39.60_47.20,0,10.7299535129927,11.068272636861336,1.340328467153285,3.0
39.60_47.60,0,12.368007771555655,13.005332408759148,1.4498175182481752,3.0
39.60_48.00,0,12.315990359114965,13.735815520073016,1.4333941605839415,3.0
39.60_48.40,0,12.479147315456204,14.169666715328493,1.426094890510949,3.0
39.60_48.80,0,11.151556644452556,14.522486797445278,1.374087591240876,3.0
39.60_49.20,3,9.895586927614051,14.538599680656956,1.3166058394160585,3.0
39.60_49.60,3,8.78579640429562,14.692977326642358,1.2536496350364963,3.0
39.60_50.00,3,8.399143797384271,14.825027326642358,1.2463503649635037,3.0
39.60_50.40,3,8.394212865642116,15.029659370437978,1.2518248175182485,3.0
39.60_50.80,3,8.499157162884782,15.243220729927032,1.2664233576642336,3.0
39.60_51.20,3,8.53898939877113,15.344965565693451,1.272810218978102,3.0
39.60_51.60,3,8.633481632419006,15.44334754562046,1.280109489051095,3.0
39.60_52.00,3,8.812599069605676,15.42303967153287,1.2755474452554745,3.0
39.60_52.40,3,9.047748939910766,15.194177691605862,1.291970802919708,3.0
39.60_52.80,3,9.337207635981478,14.839407655109513,1.2937956204379562,3.0
39.60_53.20,3,9.771169722664323,14.729943740875935,1.3156934306569343,3.0
39.60_53.60,0,10.670135977262316,15.279580218978126,1.4142335766423355,3.0
39.60_54.00,0,12.396697866662226,15.325254224452577,1.572992700729927,3.0
39.60_54.40,0,17.475967933245894,14.130555291970824,1.9616788321167884,3.0
39.60_54.80,0,17.070850079173084,13.73457383211681,2.041970802919708,3.0
39.60_55.20,0,14.668888391575548,14.679095921532868,1.881386861313869,3.0
39.60_55.60,0,13.184176971907482,15.32494550182484,1.6925182481751824,3.0
39.60_56.00,0,11.390707234411924,15.429614534671554,1.5191605839416058,3.0
39.60_56.40,0,9.27507618770001,15.522460155109512,1.302007299270073,3.0
39.60_56.80,0,9.031568111875556,15.582308476277396,1.2737226277372262,3.0
39.60_57.20,0,8.892361807226616,15.522801541970829,1.2655109489051095,3.0
39.60_57.60,0,8.72068290611646,15.475567335766446,1.2618613138686132,3.0
39.60_58.00,0,8.56403667187374,15.46468489963506,1.2572992700729928,3.0
39.60_58.40,0,8.421624943927418,15.250361879562067,1.2463503649635037,3.0
39.60_58.80,0,8.298682757082325,15.04797554744528,1.243613138686131,3.0
39.60_59.20,0,8.162730500321542,14.938483695255496,1.2354014598540146,3.0
39.60_59.60,0,7.97734720810427,14.852224607664256,1.227189781021898,3.0
39.60_60.00,0,7.808273785763632,14.647031040146008,1.2180656934306568,3.0
39.60_60.40,0,7.686590716653951,14.54461354014601,1.207116788321168,3.0
39.60_60.80,0,7.616741204966907,14.542736350364986,1.198905109489051,3.0
39.60_61.20,0,7.57142729656865,14.475195976277396,1.197992700729927,3.0
39.60_61.60,0,7.495122775280092,14.50205316605842,1.1843065693430657,3.0
39.60_62.00,0,7.483064806797519,14.552069279197102,1.1788321167883211,3.0
39.60_62.40,0,7.559006712949472,14.740219470802945,1.1824817518248176,3.0
39.60_62.80,0,7.7323499902503645,14.975291651459877,1.186131386861314,3.0
39.60_63.20,0,8.011882754852738,15.09236084854017,1.2007299270072993,3.0
39.60_63.60,0,8.437840469367755,15.265310447080315,1.2107664233576645,3.0
39.60_64.00,0,8.759434187486862,15.34954212591243,1.2417883211678833,3.0
40.00_44.00,0,11.42435098781934,7.799682062043819,1.4014598540145986,3.0
40.00_44.40,0,13.054413774087593,8.618415437956227,1.489963503649635,3.0
40.00_44.80,0,9.213757841751825,6.616879379562067,1.243613138686131,3.0
40.00_45.20,0,7.465707657125912,4.913967052919731,1.147810218978102,3.0
40.00_45.60,0,6.09807201519708,2.227430565693453,1.0885036496350364,3.0
40.00_46.00,0,5.91723628977281,1.825776596715352,1.0894160583941606,3.0
40.00_46.40,0,6.803984520729927,4.160203604014622,1.1231751824817515,3.0
40.00_46.80,0,8.935118246213504,8.551914352189804,1.2180656934306568,3.0
40.00_47.20,0,11.052760996265512,12.316161916058416,1.3485401459854014,3.0
40.00_47.60,0,12.237107102356752,13.99525250912411,1.4297445255474452,3.0
40.00_48.00,0,12.224513527137775,14.1163426642336,1.4251824817518248,3.0
40.00_48.40,0,12.315968407353102,14.281375410583966,1.4333941605839415,3.0
40.00_48.80,0,11.59964165740876,13.849874890510971,1.3987226277372262,3.0
40.00_49.20,3,10.773631812709851,13.79546728102192,1.3558394160583942,3.0
40.00_49.60,3,9.986203618624089,14.107678859489074,1.3184306569343065,3.0
40.00_50.00,3,9.252228366126824,14.194524005474474,1.2764598540145986,3.0
40.00_50.40,3,8.445830390709881,14.319501687956226,1.2582116788321167,3.0
40.00_50.80,3,8.420684829857665,14.57201235401462,1.2591240875912408,3.0
40.00_51.20,3,8.396213644219673,14.802779105839438,1.2627737226277371,3.0
40.00_51.60,3,8.434418494099809,15.024893120437978,1.2554744525547443,3.0
40.00_52.00,3,8.485852895351835,15.007348467153308,1.256386861313869,3.0
40.00_52.40,3,8.47601185290241,14.792424616788344,1.2454379562043796,3.0
40.00_52.80,3,8.582604904312683,14.466689635036518,1.2317518248175183,3.0
40.00_53.20,3,8.586288187604561,14.16902164233579,1.2208029197080292,3.0
40.00_53.60,0,8.813280281942792,14.536507408759146,1.2408759124087592,3.0
40.00_54.00,0,8.988231964031934,14.352303923357686,1.2618613138686132,3.0
40.00_54.40,0,9.244690088084033,13.487519534671556,1.282846715328467,3.0
40.00_54.80,0,9.753249427305704,13.434827381386883,1.3385036496350364,3.0
40.00_55.20,0,10.163913459127572,14.434658786496373,1.3877737226277371,3.0
40.00_55.60,0,10.905500516729765,14.43880107664236,1.4507299270072993,3.0
40.00_56.00,0,11.163729430926844,14.150491332116813,1.4844890510948905,3.0
40.00_56.40,0,9.60054706646334,14.315829333941627,1.3248175182481752,3.0
40.00_56.80,0,9.18770003521196,14.75804822992703,1.2937956204379562,3.0
40.00_57.20,0,9.062575086545984,14.859002947080317,1.2883211678832116,3.0
40.00_57.60,0,8.906300008762555,14.737882718978124,1.2791970802919708,3.0
40.00_58.00,0,8.794520208315967,14.567461177007322,1.2819343065693432,3.0
40.00_58.40,0,8.525810759682674,14.431614032846738,1.2618613138686132,3.0
40.00_58.80,0,8.341119666168074,14.297845830291994,1.25,3.0
40.00_59.20,0,8.106378830270147,14.163345903284696,1.2344890510948905,3.0
40.00_59.60,0,7.897295275292619,13.978477180656958,1.217153284671533,3.0
40.00_60.00,0,7.647858417027938,13.876602144160604,1.1943430656934306,3.0
40.00_60.40,0,7.476303480706314,13.823750000000024,1.1925182481751824,3.0
40.00_60.80,0,7.409220183560337,13.898579799270095,1.1897810218978102,3.0
40.00_61.20,0,7.38197638877166,13.930197299270096,1.188868613138686,3.0
40.00_61.60,0,7.366921045777564,13.995040419708053,1.1852189781021898,3.0
40.00_62.00,0,7.349150721462117,14.156228129562066,1.176094890510949,3.0
40.00_62.40,0,7.410997057364014,14.307324616788344,1.176094890510949,3.0
40.00_62.80,0,7.509318403238796,14.40930345802922,1.1724452554744529,3.0
40.00_63.20,0,7.686713591928001,14.520812810219,1.177919708029197,3.0
40.00_63.60,0,7.907949893121423,14.722908175182503,1.1833941605839415,3.0
40.00_64.00,0,8.317473646627136,14.821650492700751,1.2125912408759123,3.0
