location_name,country,latitude,longitude,temperature_celsius,humidity,wind_kph,uv_index,feels_like_celsius,air_quality_us-epa-index,pressure_mb,apparent_temp_c,wind_chill_c,ed_f_heat,ed_f_cold,ed_f_air,ed_f_uv,ed_f_synergy,ed_score,ed_category,temp_bin,aqi_bin,hum_bin,wind_bin,uv_bin,climate_zone
Beijing,China,39.9,116.4,6.6,51,12.3,6.0,6.7,1,1008.4,6.7,4.1437381433046125,0.0,0.0,0.0,6.0,0.0,6.0,ED_VERY_SAFE,TEMP_COLD,AQI_GOOD,HUM_COMFORTABLE,WIND_BREEZY,UV_HIGH,ZONE_TEMPERATE
Beijing,China,39.9,116.4,10.1,34,4.4,0.0,9.3,3,1008.5,10.1,10.1,0.0,0.0,18.0,0.0,0.0,18.0,ED_MODERATE_SAFE,TEMP_COOL,AQI_SENSITIVE,HUM_COMFORTABLE,WIND_CALM,UV_LOW,ZONE_TEMPERATE
Beijing,China,39.9,116.4,10.7,30,5.5,0.0,9.7,1,1033.5,10.7,10.7,0.0,0.0,0.0,0.0,0.0,0.0,ED_VERY_SAFE,TEMP_COOL,AQI_GOOD,HUM_COMFORTABLE,WIND_CALM,UV_LOW,ZONE_TEMPERATE
Beijing,China,39.9,116.4,15.7,47,6.5,1.2,15.5,3,1010.7,15.7,15.7,0.0,0.0,18.0,0.0,0.0,18.0,ED_MODERATE_SAFE,TEMP_COOL,AQI_SENSITIVE,HUM_COMFORTABLE,WIND_CALM,UV_LOW,ZONE_TEMPERATE
Beijing,China,39.9,116.4,7.2,42,6.4,3.0,6.7,1,1002.9,7.2,6.1348255675393,0.0,0.0,0.0,3.0,0.0,3.0,ED_VERY_SAFE,TEMP_COLD,AQI_GOOD,HUM_COMFORTABLE,WIND_CALM,UV_MODERATE,ZONE_TEMPERATE
Beijing,China,39.9,116.4,19.8,100,22.4,5.2,22.3,1,1014.4,22.3,19.8,0.0,0.0,0.0,5.2,0.0,5.2,ED_VERY_SAFE,TEMP_IDEAL,AQI_GOOD,HUM_VERY_HUMID,WIND_WINDY,UV_MODERATE,ZONE_TEMPERATE
Beijing,China,39.9,116.4,7.2,13,17.3,1.4,5.4,1,1004.0,7.2,4.1584214986283685,0.0,0.0,0.0,0.0,0.0,0.0,ED_VERY_SAFE,TEMP_COLD,AQI_GOOD,HUM_DRY,WIND_BREEZY,UV_LOW,ZONE_TEMPERATE
Beijing,China,39.9,116.4,14.1,57,18.6,0.5,14.4,4,1010.5,14.4,14.1,0.0,0.0,32.0,0.0,0.0,32.0,ED_MODERATE_SAFE,TEMP_COOL,AQI_UNHEALTHY,HUM_COMFORTABLE,WIND_BREEZY,UV_LOW,ZONE_TEMPERATE
Beijing,China,39.9,116.4,4.2,67,8.7,1.8,5.1,3,1019.7,5.1,2.0118452507677516,0.0,0.0,18.0,0.0,0.0,18.0,ED_MODERATE_SAFE,TEMP_COLD,AQI_SENSITIVE,HUM_HUMID,WIND_CALM,UV_LOW,ZONE_TEMPERATE
Beijing,China,39.9,116.4,15.1,24,9.4,4.1,13.8,4,1025.3,15.1,15.1,0.0,0.0,32.0,4.1,0.0,36.1,ED_CAUTION,TEMP_COOL,AQI_UNHEALTHY,HUM_DRY,WIND_CALM,UV_MODERATE,ZONE_TEMPERATE
Beijing,China,39.9,116.4,33.5,27,7.2,2.8,34.9,1,1001.6,34.9,33.5,19.833333333333332,0.0,0.0,2.3999999999999995,0.0,22.23333333333333,ED_MODERATE_SAFE,TEMP_HOT,AQI_GOOD,HUM_DRY,WIND_CALM,UV_LOW,ZONE_TEMPERATE
Beijing,China,39.9,116.4,19.5,63,10.1,7.4,20.2,1,1008.9,20.2,19.5,0.0,0.0,0.0,8.100000000000001,0.0,8.100000000000001,ED_VERY_SAFE,TEMP_IDEAL,AQI_GOOD,HUM_HUMID,WIND_BREEZY,UV_HIGH,ZONE_TEMPERATE
Beijing,China,39.9,116.4,12.0,36,14.4,6.5,11.3,4,1024.0,12.0,12.0,0.0,0.0,32.0,6.75,0.0,38.75,ED_CAUTION,TEMP_COOL,AQI_UNHEALTHY,HUM_COMFORTABLE,WIND_BREEZY,UV_HIGH,ZONE_TEMPERATE
Beijing,China,39.9,116.4,14.3,39,16.2,1.8,13.8,4,1001.3,14.3,14.3,0.0,0.0,32.0,0.0,0.0,32.0,ED_MODERATE_SAFE,TEMP_COOL,AQI_UNHEALTHY,HUM_COMFORTABLE,WIND_BREEZY,UV_LOW,ZONE_TEMPERATE
Beijing,China,39.9,116.4,-2.6,52,7.2,2.1,-2.5,5,1014.7,-2.5,-5.502848822196782,0.0,8.254273233295173,45.0,0.30000000000000027,0.0,53.55427323329517,ED_CAUTION,TEMP_FREEZING,AQI_VERY_UNHEALTHY,HUM_COMFORTABLE,WIND_CALM,UV_LOW,ZONE_TEMPERATE
Beijing,China,39.9,116.4,1.2,26,25.3,0.0,-0.0,1,1012.8,1.2,-4.402352456543322,0.0,6.603528684814982,0.0,0.0,0.0,6.603528684814982,ED_VERY_SAFE,TEMP_COLD,AQI_GOOD,HUM_DRY,WIND_WINDY,UV_LOW,ZONE_TEMPERATE
Beijing,China,39.9,116.4,13.9,36,5.7,3.0,13.2,5,1008.4,13.9,13.9,0.0,0.0,45.0,3.0,0.0,48.0,ED_CAUTION,TEMP_COOL,AQI_VERY_UNHEALTHY,HUM_COMFORTABLE,WIND_CALM,UV_MODERATE,ZONE_TEMPERATE
Beijing,China,39.9,116.4,10.8,52,9.9,6.4,10.8,1,1019.0,10.8,10.8,0.0,0.0,0.0,6.6000000000000005,0.0,6.6000000000000005,ED_VERY_SAFE,TEMP_COOL,AQI_GOOD,HUM_COMFORTABLE,WIND_CALM,UV_HIGH,ZONE_TEMPERATE
Beijing,China,39.9,116.4,8.5,73,25.3,7.2,9.6,1,1009.1,9.6,4.9882126669023465,0.0,0.0,0.0,7.800000000000001,0.0,7.800000000000001,ED_VERY_SAFE,TEMP_COLD,AQI_GOOD,HUM_HUMID,WIND_WINDY,UV_HIGH,ZONE_TEMPERATE
Beijing,China,39.9,116.4,18.8,79,18.4,0.0,20.3,3,1013.5,20.3,18.8,0.0,0.0,18.0,0.0,0.0,18.0,ED_MODERATE_SAFE,TEMP_IDEAL,AQI_SENSITIVE,HUM_HUMID,WIND_BREEZY,UV_LOW,ZONE_TEMPERATE
Beijing,China,39.9,116.4,16.5,27,15.6,2.5,15.3,1,1010.1,16.5,16.5,0.0,0.0,0.0,1.5,0.0,1.5,ED_VERY_SAFE,TEMP_COOL,AQI_GOOD,HUM_DRY,WIND_BREEZY,UV_LOW,ZONE_TEMPERATE
Beijing,China,39.9,116.4,16.6,66,14.7,0.0,17.4,1,1014.5,17.4,16.6,0.0,0.0,0.0,0.0,0.0,0.0,ED_VERY_SAFE,TEMP_COOL,AQI_GOOD,HUM_HUMID,WIND_BREEZY,UV_LOW,ZONE_TEMPERATE
Beijing,China,39.9,116.4,4.6,69,23.8,0.4,5.6,5,1017.9,5.6,0.12711064471766065,0.0,0.0,45.0,0.0,0.0,45.0,ED_CAUTION,TEMP_COLD,AQI_VERY_UNHEALTHY,HUM_HUMID,WIND_WINDY,UV_LOW,ZONE_TEMPERATE
Beijing,China,39.9,116.4,20.6,50,18.1,3.9,20.6,1,1007.3,20.6,20.6,0.0,0.0,0.0,3.9,0.0,3.9,ED_VERY_SAFE,TEMP_IDEAL,AQI_GOOD,HUM_COMFORTABLE,WIND_BREEZY,UV_MODERATE,ZONE_TEMPERATE
Beijing,China,39.9,116.4,14.3,21,20.5,7.0,12.9,3,1007.0,14.3,14.3,0.0,0.0,18.0,7.5,0.0,25.5,ED_MODERATE_SAFE,TEMP_COOL,AQI_SENSITIVE,HUM_DRY,WIND_WINDY,UV_HIGH,ZONE_TEMPERATE
Beijing,China,39.9,116.4,6.5,60,23.4,5.5,7.0,1,1028.2,7.0,2.598479743365485,0.0,0.0,0.0,5.5,0.0,5.5,ED_VERY_SAFE,TEMP_COLD,AQI_GOOD,HUM_HUMID,WIND_WINDY,UV_MODERATE,ZONE_TEMPERATE
Beijing,China,39.9,116.4,5.1,30,18.5,2.3,4.0,4,1034.9,5.1,1.3802827864798024,0.0,0.0,32.0,0.8999999999999995,0.0,32.9,ED_MODERATE_SAFE,TEMP_COLD,AQI_UNHEALTHY,HUM_COMFORTABLE,WIND_BREEZY,UV_LOW,ZONE_TEMPERATE
Beijing,China,39.9,116.4,13.8,17,9.7,0.0,12.2,5,1016.9,13.8,13.8,0.0,0.0,45.0,0.0,0.0,45.0,ED_CAUTION,TEMP_COOL,AQI_VERY_UNHEALTHY,HUM_DRY,WIND_CALM,UV_LOW,ZONE_TEMPERATE
Beijing,China,39.9,116.4,12.5,60,6.9,5.3,13.0,4,1005.6,13.0,12.5,0.0,0.0,32.0,5.3,0.0,37.3,ED_CAUTION,TEMP_COOL,AQI_UNHEALTHY,HUM_HUMID,WIND_CALM,UV_MODERATE,ZONE_TEMPERATE
Beijing,China,39.9,116.4,10.2,59,10.7,0.3,10.7,3,1014.2,10.7,10.2,0.0,0.0,18.0,0.0,0.0,18.0,ED_MODERATE_SAFE,TEMP_COOL,AQI_SENSITIVE,HUM_COMFORTABLE,WIND_BREEZY,UV_LOW,ZONE_TEMPERATE
Beijing,China,39.9,116.4,19.6,46,18.4,6.2,19.4,2,1020.2,19.6,19.6,0.0,0.0,8.0,6.300000000000001,0.0,14.3,ED_VERY_SAFE,TEMP_IDEAL,AQI_MODERATE,HUM_COMFORTABLE,WIND_BREEZY,UV_HIGH,ZONE_TEMPERATE
Beijing,China,39.9,116.4,9.7,51,12.1,4.5,9.7,4,1043.8,9.7,7.936331306358479,0.0,0.0,32.0,4.5,0.0,36.5,ED_CAUTION,TEMP_COLD,AQI_UNHEALTHY,HUM_COMFORTABLE,WIND_BREEZY,UV_MODERATE,ZONE_TEMPERATE
Beijing,China,39.9,116.4,21.3,65,11.9,3.5,22.0,2,1014.3,22.0,21.3,0.0,0.0,8.0,3.5,0.0,11.5,ED_VERY_SAFE,TEMP_IDEAL,AQI_MODERATE,HUM_HUMID,WIND_BREEZY,UV_MODERATE,ZONE_TEMPERATE
Beijing,China,39.9,116.4,8.2,44,6.4,5.1,7.9,1,1000.1,8.2,7.289945431132718,0.0,0.0,0.0,5.1,0.0,5.1,ED_VERY_SAFE,TEMP_COLD,AQI_GOOD,HUM_COMFORTABLE,WIND_CALM,UV_MODERATE,ZONE_TEMPERATE
Beijing,China,39.9,116.4,7.9,38,27.6,3.4,7.3,3,1032.1,7.9,4.0227319478087304,0.0,0.0,18.0,3.4,0.0,21.4,ED_MODERATE_SAFE,TEMP_COLD,AQI_SENSITIVE,HUM_COMFORTABLE,WIND_WINDY,UV_MODERATE,ZONE_TEMPERATE
Beijing,China,39.9,116.4,24.3,72,17.9,0.0,25.5,4,1014.5,25.5,24.3,0.0,0.0,32.0,0.0,0.0,32.0,ED_MODERATE_SAFE,TEMP_IDEAL,AQI_UNHEALTHY,HUM_HUMID,WIND_BREEZY,UV_LOW,ZONE_TEMPERATE
Beijing,China,39.9,116.4,10.6,12,5.1,8.0,8.7,1,1015.5,10.6,10.6,0.0,0.0,0.0,9.0,0.0,9.0,ED_VERY_SAFE,TEMP_COOL,AQI_GOOD,HUM_DRY,WIND_CALM,UV_VERY_HIGH,ZONE_TEMPERATE
Beijing,China,39.9,116.4,3.6,64,23.4,9.4,4.3,2,1021.3,4.3,-1.1080841379107036,0.0,1.6621262068660556,8.0,10.4,0.0,20.062126206866054,ED_MODERATE_SAFE,TEMP_COLD,AQI_MODERATE,HUM_HUMID,WIND_WINDY,UV_VERY_HIGH,ZONE_TEMPERATE
Beijing,China,39.9,116.4,8.9,19,8.3,8.6,7.4,2,1002.6,8.9,7.650347668998995,0.0,0.0,8.0,9.6,0.0,17.6,ED_MODERATE_SAFE,TEMP_COLD,AQI_MODERATE,HUM_DRY,WIND_CALM,UV_VERY_HIGH,ZONE_TEMPERATE
Beijing,China,39.9,116.4,12.7,5,2.9,1.7,10.4,2,1014.0,12.7,12.7,0.0,0.0,8.0,0.0,0.0,8.0,ED_VERY_SAFE,TEMP_COOL,AQI_MODERATE,HUM_DRY,WIND_CALM,UV_LOW,ZONE_TEMPERATE
Beijing,China,39.9,116.4,13.6,92,13.5,5.7,15.7,1,1011.4,15.7,13.6,0.0,0.0,0.0,5.7,0.0,5.7,ED_VERY_SAFE,TEMP_COOL,AQI_GOOD,HUM_VERY_HUMID,WIND_BREEZY,UV_MODERATE,ZONE_TEMPERATE
Beijing,China,39.9,116.4,13.7,58,11.0,7.8,14.0,2,1003.1,14.0,13.7,0.0,0.0,8.0,8.7,0.0,16.7,ED_MODERATE_SAFE,TEMP_COOL,AQI_MODERATE,HUM_COMFORTABLE,WIND_BREEZY,UV_HIGH,ZONE_TEMPERATE
Beijing,China,39.9,116.4,17.4,46,13.8,2.7,17.2,1,1009.1,17.4,17.4,0.0,0.0,0.0,2.1000000000000005,0.0,2.1000000000000005,ED_VERY_SAFE,TEMP_COOL,AQI_GOOD,HUM_COMFORTABLE,WIND_BREEZY,UV_LOW,ZONE_TEMPERATE
Beijing,China,39.9,116.4,14.5,63,6.8,1.2,15.2,1,1019.8,15.2,14.5,0.0,0.0,0.0,0.0,0.0,0.0,ED_VERY_SAFE,TEMP_COOL,AQI_GOOD,HUM_HUMID,WIND_CALM,UV_LOW,ZONE_TEMPERATE
Beijing,China,39.9,116.4,19.0,74,13.1,4.7,20.2,1,1017.4,20.2,19.0,0.0,0.0,0.0,4.7,0.0,4.7,ED_VERY_SAFE,TEMP_IDEAL,AQI_GOOD,HUM_HUMID,WIND_BREEZY,UV_MODERATE,ZONE_TEMPERATE
Beijing,China,39.9,116.4,9.0,9,3.2,4.6,7.0,4,1011.4,9.0,9.0,0.0,0.0,32.0,4.6,0.0,36.6,ED_CAUTION,TEMP_COLD,AQI_UNHEALTHY,HUM_DRY,WIND_CALM,UV_MODERATE,ZONE_TEMPERATE
Beijing,China,39.9,116.4,22.6,36,7.2,3.8,21.9,2,1008.8,22.6,22.6,0.0,0.0,8.0,3.8,0.0,11.8,ED_VERY_SAFE,TEMP_IDEAL,AQI_MODERATE,HUM_COMFORTABLE,WIND_CALM,UV_MODERATE,ZONE_TEMPERATE
Beijing,China,39.9,116.4,19.0,40,18.2,4.0,18.5,6,1012.0,19.0,19.0,0.0,0.0,50.0,4.0,0.0,54.0,ED_CAUTION,TEMP_IDEAL,AQI_HAZARDOUS,HUM_COMFORTABLE,WIND_BREEZY,UV_MODERATE,ZONE_TEMPERATE
Beijing,China,39.9,116.4,24.8,66,1.6,1.7,25.6,3,1019.2,25.6,24.8,0.0,0.0,18.0,0.0,0.0,18.0,ED_MODERATE_SAFE,TEMP_IDEAL,AQI_SENSITIVE,HUM_HUMID,WIND_CALM,UV_LOW,ZONE_TEMPERATE
Beijing,China,39.9,116.4,17.3,31,9.9,5.9,16.3,2,1011.8,17.3,17.3,0.0,0.0,8.0,5.9,0.0,13.9,ED_VERY_SAFE,TEMP_COOL,AQI_MODERATE,HUM_COMFORTABLE,WIND_CALM,UV_MODERATE,ZONE_TEMPERATE
Beijing,China,39.9,116.4,17.0,72,7.0,3.6,18.1,3,1022.2,18.1,17.0,0.0,0.0,18.0,3.6,0.0,21.6,ED_MODERATE_SAFE,TEMP_COOL,AQI_SENSITIVE,HUM_HUMID,WIND_CALM,UV_MODERATE,ZONE_TEMPERATE
Beijing,China,39.9,116.4,10.4,32,24.7,3.9,9.5,2,1024.8,10.4,10.4,0.0,0.0,8.0,3.9,0.0,11.9,ED_VERY_SAFE,TEMP_COOL,AQI_MODERATE,HUM_COMFORTABLE,WIND_WINDY,UV_MODERATE,ZONE_TEMPERATE
Beijing,China,39.9,116.4,11.5,45,5.6,2.9,11.2,1,1023.2,11.5,11.5,0.0,0.0,0.0,2.6999999999999997,0.0,2.6999999999999997,ED_VERY_SAFE,TEMP_COOL,AQI_GOOD,HUM_COMFORTABLE,WIND_CALM,UV_LOW,ZONE_TEMPERATE
Beijing,China,39.9,116.4,17.9,55,10.7,5.1,18.2,1,1009.8,18.2,17.9,0.0,0.0,0.0,5.1,0.0,5.1,ED_VERY_SAFE,TEMP_COOL,AQI_GOOD,HUM_COMFORTABLE,WIND_BREEZY,UV_MODERATE,ZONE_TEMPERATE
Beijing,China,39.9,116.4,13.7,65,14.1,3.2,14.4,3,1009.5,14.4,13.7,0.0,0.0,18.0,3.2,0.0,21.2,ED_MODERATE_SAFE,TEMP_COOL,AQI_SENSITIVE,HUM_HUMID,WIND_BREEZY,UV_MODERATE,ZONE_TEMPERATE
Beijing,China,39.9,116.4,24.4,69,31.7,9.6,25.4,1,1006.5,25.4,24.4,0.0,0.0,0.0,10.6,0.0,10.6,ED_VERY_SAFE,TEMP_IDEAL,AQI_GOOD,HUM_HUMID,WIND_WINDY,UV_VERY_HIGH,ZONE_TEMPERATE
Beijing,China,39.9,116.4,12.3,18,20.3,0.0,10.7,6,997.7,12.3,12.3,0.0,0.0,50.0,0.0,0.0,50.0,ED_CAUTION,TEMP_COOL,AQI_HAZARDOUS,HUM_DRY,WIND_WINDY,UV_LOW,ZONE_TEMPERATE
Beijing,China,39.9,116.4,15.5,56,19.6,0.0,15.8,5,1027.7,15.8,15.5,0.0,0.0,45.0,0.0,0.0,45.0,ED_CAUTION,TEMP_COOL,AQI_VERY_UNHEALTHY,HUM_COMFORTABLE,WIND_BREEZY,UV_LOW,ZONE_TEMPERATE
Beijing,China,39.9,116.4,12.8,39,12.5,0.0,12.3,6,1015.2,12.8,12.8,0.0,0.0,50.0,0.0,0.0,50.0,ED_CAUTION,TEMP_COOL,AQI_HAZARDOUS,HUM_COMFORTABLE,WIND_BREEZY,UV_LOW,ZONE_TEMPERATE
Beijing,China,39.9,116.4,15.0,5,4.5,3.0,12.7,4,1013.4,15.0,15.0,0.0,0.0,32.0,3.0,0.0,35.0,ED_CAUTION,TEMP_COOL,AQI_UNHEALTHY,HUM_DRY,WIND_CALM,UV_MODERATE,ZONE_TEMPERATE
Beijing,China,39.9,116.4,11.4,13,2.7,4.6,9.6,3,1006.4,11.4,11.4,0.0,0.0,18.0,4.6,0.0,22.6,ED_MODERATE_SAFE,TEMP_COOL,AQI_SENSITIVE,HUM_DRY,WIND_CALM,UV_MODERATE,ZONE_TEMPERATE
Beijing,China,39.9,116.4,11.5,50,35.7,6.5,11.5,2,1013.5,11.5,11.5,0.0,0.0,8.0,6.75,0.0,14.75,ED_VERY_SAFE,TEMP_COOL,AQI_MODERATE,HUM_COMFORTABLE,WIND_WINDY,UV_HIGH,ZONE_TEMPERATE
Beijing,China,39.9,116.4,19.4,48,4.0,2.2,19.4,4,1024.9,19.4,19.4,0.0,0.0,32.0,0.6000000000000005,0.0,32.6,ED_MODERATE_SAFE,TEMP_IDEAL,AQI_UNHEALTHY,HUM_COMFORTABLE,WIND_CALM,UV_LOW,ZONE_TEMPERATE
Beijing,China,39.9,116.4,18.6,36,7.6,6.2,17.9,2,998.9,18.6,18.6,0.0,0.0,8.0,6.300000000000001,0.0,14.3,ED_VERY_SAFE,TEMP_IDEAL,AQI_MODERATE,HUM_COMFORTABLE,WIND_CALM,UV_HIGH,ZONE_TEMPERATE
Beijing,China,39.9,116.4,18.6,42,11.6,0.0,18.2,2,1020.9,18.6,18.6,0.0,0.0,8.0,0.0,0.0,8.0,ED_VERY_SAFE,TEMP_IDEAL,AQI_MODERATE,HUM_COMFORTABLE,WIND_BREEZY,UV_LOW,ZONE_TEMPERATE
Beijing,China,39.9,116.4,15.3,45,17.5,4.2,15.0,2,1012.7,15.3,15.3,0.0,0.0,8.0,4.2,0.0,12.2,ED_VERY_SAFE,TEMP_COOL,AQI_MODERATE,HUM_COMFORTABLE,WIND_BREEZY,UV_MODERATE,ZONE_TEMPERATE
Beijing,China,39.9,116.4,20.0,16,9.1,2.8,18.3,1,1004.2,20.0,20.0,0.0,0.0,0.0,2.3999999999999995,0.0,2.3999999999999995,ED_VERY_SAFE,TEMP_IDEAL,AQI_GOOD,HUM_DRY,WIND_CALM,UV_LOW,ZONE_TEMPERATE
Beijing,China,39.9,116.4,16.2,60,7.9,0.0,16.7,1,1017.0,16.7,16.2,0.0,0.0,0.0,0.0,0.0,0.0,ED_VERY_SAFE,TEMP_COOL,AQI_GOOD,HUM_HUMID,WIND_CALM,UV_LOW,ZONE_TEMPERATE
Beijing,China,39.9,116.4,8.4,34,2.5,2.4,7.6,2,1012.2,8.4,8.4,0.0,0.0,8.0,1.1999999999999997,0.0,9.2,ED_VERY_SAFE,TEMP_COLD,AQI_MODERATE,HUM_COMFORTABLE,WIND_CALM,UV_LOW,ZONE_TEMPERATE
Beijing,China,39.9,116.4,13.5,55,22.5,2.7,13.8,4,1011.2,13.8,13.5,0.0,0.0,32.0,2.1000000000000005,0.0,34.1,ED_MODERATE_SAFE,TEMP_COOL,AQI_UNHEALTHY,HUM_COMFORTABLE,WIND_WINDY,UV_LOW,ZONE_TEMPERATE
Beijing,China,39.9,116.4,8.9,57,6.3,0.0,9.2,3,1008.0,9.2,8.125086197337001,0.0,0.0,18.0,0.0,0.0,18.0,ED_MODERATE_SAFE,TEMP_COLD,AQI_SENSITIVE,HUM_COMFORTABLE,WIND_CALM,UV_LOW,ZONE_TEMPERATE
Beijing,China,39.9,116.4,0.1,62,4.1,12.2,0.7,1,1022.0,0.7,0.1,0.0,0.0,0.0,12.0,0.0,12.0,ED_VERY_SAFE,TEMP_COLD,AQI_GOOD,HUM_HUMID,WIND_CALM,UV_EXTREME,ZONE_TEMPERATE
Beijing,China,39.9,116.4,22.4,5,4.9,0.3,20.2,1,1004.5,22.4,22.4,0.0,0.0,0.0,0.0,0.0,0.0,ED_VERY_SAFE,TEMP_IDEAL,AQI_GOOD,HUM_DRY,WIND_CALM,UV_LOW,ZONE_TEMPERATE
Beijing,China,39.9,116.4,9.4,30,7.5,8.1,8.3,4,1020.1,9.4,8.411722981921326,0.0,0.0,32.0,9.1,0.0,41.1,ED_CAUTION,TEMP_COLD,AQI_UNHEALTHY,HUM_COMFORTABLE,WIND_CALM,UV_VERY_HIGH,ZONE_TEMPERATE
Beijing,China,39.9,116.4,8.0,45,42.0,6.0,7.8,2,1009.9,8.0,3.1837110892473843,0.0,0.0,8.0,6.0,0.0,14.0,ED_VERY_SAFE,TEMP_COLD,AQI_MODERATE,HUM_COMFORTABLE,WIND_STRONG,UV_HIGH,ZONE_TEMPERATE
Beijing,China,39.9,116.4,9.3,73,2.9,0.0,10.4,1,1017.5,10.4,9.3,0.0,0.0,0.0,0.0,0.0,0.0,ED_VERY_SAFE,TEMP_COLD,AQI_GOOD,HUM_HUMID,WIND_CALM,UV_LOW,ZONE_TEMPERATE
Beijing,China,39.9,116.4,10.5,32,7.3,1.8,9.7,1,993.0,10.5,10.5,0.0,0.0,0.0,0.0,0.0,0.0,ED_VERY_SAFE,TEMP_COOL,AQI_GOOD,HUM_COMFORTABLE,WIND_CALM,UV_LOW,ZONE_TEMPERATE
Beijing,China,39.9,116.4,17.4,53,9.4,1.3,17.5,1,1019.0,17.5,17.4,0.0,0.0,0.0,0.0,0.0,0.0,ED_VERY_SAFE,TEMP_COOL,AQI_GOOD,HUM_COMFORTABLE,WIND_CALM,UV_LOW,ZONE_TEMPERATE
Beijing,China,39.9,116.4,16.5,49,35.6,7.9,16.4,4,1008.5,16.5,16.5,0.0,0.0,32.0,8.850000000000001,0.0,40.85,ED_CAUTION,TEMP_COOL,AQI_UNHEALTHY,HUM_COMFORTABLE,WIND_WINDY,UV_HIGH,ZONE_TEMPERATE
Beijing,China,39.9,116.4,7.3,51,0.2,3.8,7.3,1,1005.8,7.3,7.3,0.0,0.0,0.0,3.8,0.0,3.8,ED_VERY_SAFE,TEMP_COLD,AQI_GOOD,HUM_COMFORTABLE,WIND_CALM,UV_MODERATE,ZONE_TEMPERATE
Beijing,China,39.9,116.4,6.5,50,50.8,0.0,6.5,1,1008.2,6.5,0.675738106087894,0.0,0.0,0.0,0.0,0.0,0.0,ED_VERY_SAFE,TEMP_COLD,AQI_GOOD,HUM_COMFORTABLE,WIND_STRONG,UV_LOW,ZONE_TEMPERATE
Beijing,China,39.9,116.4,17.8,67,17.2,0.0,18.7,1,1006.6,18.7,17.8,0.0,0.0,0.0,0.0,0.0,0.0,ED_VERY_SAFE,TEMP_COOL,AQI_GOOD,HUM_HUMID,WIND_BREEZY,UV_LOW,ZONE_TEMPERATE
Beijing,China,39.9,116.4,14.3,47,14.3,7.7,14.1,1,1008.2,14.3,14.3,0.0,0.0,0.0,8.55,0.0,8.55,ED_VERY_SAFE,TEMP_COOL,AQI_GOOD,HUM_COMFORTABLE,WIND_BREEZY,UV_HIGH,ZONE_TEMPERATE
Beijing,China,39.9,116.4,16.8,39,7.7,3.9,16.2,2,1029.6,16.8,16.8,0.0,0.0,8.0,3.9,0.0,11.9,ED_VERY_SAFE,TEMP_COOL,AQI_MODERATE,HUM_COMFORTABLE,WIND_CALM,UV_MODERATE,ZONE_TEMPERATE
Beijing,China,39.9,116.4,11.7,64,8.2,6.9,12.4,2,1021.4,12.4,11.7,0.0,0.0,8.0,7.3500000000000005,0.0,15.350000000000001,ED_MODERATE_SAFE,TEMP_COOL,AQI_MODERATE,HUM_HUMID,WIND_CALM,UV_HIGH,ZONE_TEMPERATE
Beijing,China,39.9,116.4,8.2,13,10.1,5.5,6.4,5,995.3,8.2,6.462510365809952,0.0,0.0,45.0,5.5,0.0,50.5,ED_CAUTION,TEMP_COLD,AQI_VERY_UNHEALTHY,HUM_DRY,WIND_BREEZY,UV_MODERATE,ZONE_TEMPERATE
Beijing,China,39.9,116.4,8.0,51,11.3,4.7,8.0,1,1017.1,8.0,6.008285243409083,0.0,0.0,0.0,4.7,0.0,4.7,ED_VERY_SAFE,TEMP_COLD,AQI_GOOD,HUM_COMFORTABLE,WIND_BREEZY,UV_MODERATE,ZONE_TEMPERATE
Beijing,China,39.9,116.4,20.8,64,10.6,1.6,21.5,1,1006.2,21.5,20.8,0.0,0.0,0.0,0.0,0.0,0.0,ED_VERY_SAFE,TEMP_IDEAL,AQI_GOOD,HUM_HUMID,WIND_BREEZY,UV_LOW,ZONE_TEMPERATE
Beijing,China,39.9,116.4,22.3,53,7.5,5.5,22.5,1,1023.3,22.5,22.3,0.0,0.0,0.0,5.5,0.0,5.5,ED_VERY_SAFE,TEMP_IDEAL,AQI_GOOD,HUM_COMFORTABLE,WIND_CALM,UV_MODERATE,ZONE_TEMPERATE
Beijing,China,39.9,116.4,10.6,36,6.3,5.6,9.9,3,1023.8,10.6,10.6,0.0,0.0,18.0,5.6,0.0,23.6,ED_MODERATE_SAFE,TEMP_COOL,AQI_SENSITIVE,HUM_COMFORTABLE,WIND_CALM,UV_MODERATE,ZONE_TEMPERATE
Beijing,China,39.9,116.4,3.5,51,3.8,1.5,3.5,2,1005.9,3.5,3.5,0.0,0.0,8.0,0.0,0.0,8.0,ED_VERY_SAFE,TEMP_COLD,AQI_MODERATE,HUM_COMFORTABLE,WIND_CALM,UV_LOW,ZONE_TEMPERATE
Beijing,China,39.9,116.4,-0.7,49,47.6,3.3,-0.7,3,1018.8,-0.7,-8.924897190729977,0.0,13.387345786094965,18.0,3.3,0.0,34.687345786094966,ED_MODERATE_SAFE,TEMP_FREEZING,AQI_SENSITIVE,HUM_COMFORTABLE,WIND_STRONG,UV_MODERATE,ZONE_TEMPERATE
Beijing,China,39.9,116.4,14.6,54,12.1,0.0,14.8,2,1014.5,14.8,14.6,0.0,0.0,8.0,0.0,0.0,8.0,ED_VERY_SAFE,TEMP_COOL,AQI_MODERATE,HUM_COMFORTABLE,WIND_BREEZY,UV_LOW,ZONE_TEMPERATE
Beijing,China,39.9,116.4,13.9,43,17.4,3.2,13.5,2,1021.8,13.9,13.9,0.0,0.0,8.0,3.2,0.0,11.2,ED_VERY_SAFE,TEMP_COOL,AQI_MODERATE,HUM_COMFORTABLE,WIND_BREEZY,UV_MODERATE,ZONE_TEMPERATE
Beijing,China,39.9,116.4,9.8,42,20.8,1.3,9.4,1,1019.8,9.8,7.047682797114123,0.0,0.0,0.0,0.0,0.0,0.0,ED_VERY_SAFE,TEMP_COLD,AQI_GOOD,HUM_COMFORTABLE,WIND_WINDY,UV_LOW,ZONE_TEMPERATE
Beijing,China,39.9,116.4,-0.6,40,15.7,2.0,-1.1,1,1026.4,-0.6,-5.287129929470752,0.0,7.930694894206129,0.0,0.0,0.0,7.930694894206129,ED_VERY_SAFE,TEMP_FREEZING,AQI_GOOD,HUM_COMFORTABLE,WIND_BREEZY,UV_LOW,ZONE_TEMPERATE
Beijing,China,39.9,116.4,6.5,42,9.9,0.0,6.1,5,1021.6,6.5,4.470780415327196,0.0,0.0,45.0,0.0,0.0,45.0,ED_CAUTION,TEMP_COLD,AQI_VERY_UNHEALTHY,HUM_COMFORTABLE,WIND_CALM,UV_LOW,ZONE_TEMPERATE
Beijing,China,39.9,116.4,2.2,25,14.6,2.2,1.0,1,1004.1,2.2,-1.6336493841765032,0.0,2.450474076264756,0.0,0.6000000000000005,0.0,3.0504740762647566,ED_VERY_SAFE,TEMP_COLD,AQI_GOOD,HUM_DRY,WIND_BREEZY,UV_LOW,ZONE_TEMPERATE
Beijing,China,39.9,116.4,13.3,48,5.6,3.4,13.2,1,1012.1,13.3,13.3,0.0,0.0,0.0,3.4,0.0,3.4,ED_VERY_SAFE,TEMP_COOL,AQI_GOOD,HUM_COMFORTABLE,WIND_CALM,UV_MODERATE,ZONE_TEMPERATE
Beijing,China,39.9,116.4,14.2,96,3.6,2.2,16.5,2,1025.0,16.5,14.2,0.0,0.0,8.0,0.6000000000000005,0.0,8.600000000000001,ED_VERY_SAFE,TEMP_COOL,AQI_MODERATE,HUM_VERY_HUMID,WIND_CALM,UV_LOW,ZONE_TEMPERATE
Beijing,China,39.9,116.4,0.8,20,3.4,3.6,-0.7,4,1011.8,0.8,0.8,0.0,0.0,32.0,3.6,0.0,35.6,ED_CAUTION,TEMP_COLD,AQI_UNHEALTHY,HUM_DRY,WIND_CALM,UV_MODERATE,ZONE_TEMPERATE
Beijing,China,39.9,116.4,16.5,62,2.8,5.8,17.0,1,1023.2,17.0,16.5,0.0,0.0,0.0,5.8,0.0,5.8,ED_VERY_SAFE,TEMP_COOL,AQI_GOOD,HUM_HUMID,WIND_CALM,UV_MODERATE,ZONE_TEMPERATE
Beijing,China,39.9,116.4,9.1,30,10.8,2.6,8.1,3,1010.2,9.1,7.417357552162555,0.0,0.0,18.0,1.8000000000000003,0.0,19.8,ED_MODERATE_SAFE,TEMP_COLD,AQI_SENSITIVE,HUM_COMFORTABLE,WIND_BREEZY,UV_LOW,ZONE_TEMPERATE
Beijing,China,39.9,116.4,11.9,61,4.3,1.9,12.5,3,1022.3,12.5,11.9,0.0,0.0,18.0,0.0,0.0,18.0,ED_MODERATE_SAFE,TEMP_COOL,AQI_SENSITIVE,HUM_HUMID,WIND_CALM,UV_LOW,ZONE_TEMPERATE
Beijing,China,39.9,116.4,9.3,26,1.8,8.3,8.2,4,1003.1,9.3,9.3,0.0,0.0,32.0,9.3,0.0,41.3,ED_CAUTION,TEMP_COLD,AQI_UNHEALTHY,HUM_DRY,WIND_CALM,UV_VERY_HIGH,ZONE_TEMPERATE
Beijing,China,39.9,116.4,8.4,71,1.6,0.0,9.5,2,1027.0,9.5,8.4,0.0,0.0,8.0,0.0,0.0,8.0,ED_VERY_SAFE,TEMP_COLD,AQI_MODERATE,HUM_HUMID,WIND_CALM,UV_LOW,ZONE_TEMPERATE
Beijing,China,39.9,116.4,2.8,34,19.6,2.9,2.0,2,1030.2,2.8,-1.6556095542635503,0.0,2.483414331395327,8.0,2.6999999999999997,0.0,13.183414331395326,ED_VERY_SAFE,TEMP_COLD,AQI_MODERATE,HUM_COMFORTABLE,WIND_BREEZY,UV_LOW,ZONE_TEMPERATE
Beijing,China,39.9,116.4,17.3,33,7.1,3.1,16.4,1,1015.8,17.3,17.3,0.0,0.0,0.0,3.1,0.0,3.1,ED_VERY_SAFE,TEMP_COOL,AQI_GOOD,HUM_COMFORTABLE,WIND_CALM,UV_MODERATE,ZONE_TEMPERATE
Beijing,China,39.9,116.4,3.5,56,35.0,5.2,3.8,1,1026.0,3.8,-2.33584678307701,0.0,3.5037701746155143,0.0,5.2,0.0,8.703770174615514,ED_VERY_SAFE,TEMP_COLD,AQI_GOOD,HUM_COMFORTABLE,WIND_WINDY,UV_MODERATE,ZONE_TEMPERATE
Beijing,China,39.9,116.4,22.7,25,14.5,0.0,21.5,2,1002.8,22.7,22.7,0.0,0.0,8.0,0.0,0.0,8.0,ED_VERY_SAFE,TEMP_IDEAL,AQI_MODERATE,HUM_DRY,WIND_BREEZY,UV_LOW,ZONE_TEMPERATE
Beijing,China,39.9,116.4,11.2,49,2.5,4.7,11.1,1,1023.7,11.2,11.2,0.0,0.0,0.0,4.7,0.0,4.7,ED_VERY_SAFE,TEMP_COOL,AQI_GOOD,HUM_COMFORTABLE,WIND_CALM,UV_MODERATE,ZONE_TEMPERATE
Beijing,China,39.9,116.4,8.0,56,1.6,4.5,8.3,3,1014.5,8.3,8.0,0.0,0.0,18.0,4.5,0.0,22.5,ED_MODERATE_SAFE,TEMP_COLD,AQI_SENSITIVE,HUM_COMFORTABLE,WIND_CALM,UV_MODERATE,ZONE_TEMPERATE
Beijing,China,39.9,116.4,16.9,15,10.0,1.0,15.2,1,1010.2,16.9,16.9,0.0,0.0,0.0,0.0,0.0,0.0,ED_VERY_SAFE,TEMP_COOL,AQI_GOOD,HUM_DRY,WIND_BREEZY,UV_LOW,ZONE_TEMPERATE
Beijing,China,39.9,116.4,14.7,49,7.6,1.1,14.7,1,1027.5,14.7,14.7,0.0,0.0,0.0,0.0,0.0,0.0,ED_VERY_SAFE,TEMP_COOL,AQI_GOOD,HUM_COMFORTABLE,WIND_CALM,UV_LOW,ZONE_TEMPERATE
Beijing,China,39.9,116.4,16.3,56,3.7,5.8,16.6,2,1002.4,16.6,16.3,0.0,0.0,8.0,5.8,0.0,13.8,ED_VERY_SAFE,TEMP_COOL,AQI_MODERATE,HUM_COMFORTABLE,WIND_CALM,UV_MODERATE,ZONE_TEMPERATE
Beijing,China,39.9,116.4,11.9,66,11.0,4.7,12.7,3,1021.6,12.7,11.9,0.0,0.0,18.0,4.7,0.0,22.7,ED_MODERATE_SAFE,TEMP_COOL,AQI_SENSITIVE,HUM_HUMID,WIND_BREEZY,UV_MODERATE,ZONE_TEMPERATE
Beijing,China,39.9,116.4,10.6,58,9.6,5.5,10.9,1,1014.1,10.9,10.6,0.0,0.0,0.0,5.5,0.0,5.5,ED_VERY_SAFE,TEMP_COOL,AQI_GOOD,HUM_COMFORTABLE,WIND_CALM,UV_MODERATE,ZONE_TEMPERATE
Beijing,China,39.9,116.4,6.8,66,9.7,5.0,7.6,4,1020.5,7.6,4.869696824410365,0.0,0.0,32.0,5.0,0.0,37.0,ED_CAUTION,TEMP_COLD,AQI_UNHEALTHY,HUM_HUMID,WIND_CALM,UV_MODERATE,ZONE_TEMPERATE
Beijing,China,39.9,116.4,10.2,47,6.8,0.0,10.0,3,1023.2,10.2,10.2,0.0,0.0,18.0,0.0,0.0,18.0,ED_MODERATE_SAFE,TEMP_COOL,AQI_SENSITIVE,HUM_COMFORTABLE,WIND_CALM,UV_LOW,ZONE_TEMPERATE
Beijing,China,39.9,116.4,12.2,36,25.9,3.6,11.5,3,1015.1,12.2,12.2,0.0,0.0,18.0,3.6,0.0,21.6,ED_MODERATE_SAFE,TEMP_COOL,AQI_SENSITIVE,HUM_COMFORTABLE,WIND_WINDY,UV_MODERATE,ZONE_TEMPERATE
Beijing,China,39.9,116.4,18.6,47,20.7,6.7,18.5,2,1007.5,18.6,18.6,0.0,0.0,8.0,7.050000000000001,0.0,15.05,ED_MODERATE_SAFE,TEMP_IDEAL,AQI_MODERATE,HUM_COMFORTABLE,WIND_WINDY,UV_HIGH,ZONE_TEMPERATE
Beijing,China,39.9,116.4,27.1,38,6.9,7.4,27.1,3,1009.6,27.1,27.1,0.30000000000000426,0.0,18.0,8.100000000000001,0.0,26.400000000000006,ED_MODERATE_SAFE,TEMP_WARM,AQI_SENSITIVE,HUM_COMFORTABLE,WIND_CALM,UV_HIGH,ZONE_TEMPERATE
Beijing,China,39.9,116.4,11.6,18,4.4,0.0,10.0,3,1003.3,11.6,11.6,0.0,0.0,18.0,0.0,0.0,18.0,ED_MODERATE_SAFE,TEMP_COOL,AQI_SENSITIVE,HUM_DRY,WIND_CALM,UV_LOW,ZONE_TEMPERATE
Beijing,China,39.9,116.4,19.2,41,9.6,5.0,18.7,1,1014.3,19.2,19.2,0.0,0.0,0.0,5.0,0.0,5.0,ED_VERY_SAFE,TEMP_IDEAL,AQI_GOOD,HUM_COMFORTABLE,WIND_CALM,UV_MODERATE,ZONE_TEMPERATE
Beijing,China,39.9,116.4,16.2,51,43.6,1.4,16.3,1,1008.2,16.3,16.2,0.0,0.0,0.0,0.0,0.0,0.0,ED_VERY_SAFE,TEMP_COOL,AQI_GOOD,HUM_COMFORTABLE,WIND_STRONG,UV_LOW,ZONE_TEMPERATE
Beijing,China,39.9,116.4,9.5,69,25.5,1.3,10.4,1,1008.6,10.4,6.258518683489269,0.0,0.0,0.0,0.0,0.0,0.0,ED_VERY_SAFE,TEMP_COLD,AQI_GOOD,HUM_HUMID,WIND_WINDY,UV_LOW,ZONE_TEMPERATE
Beijing,China,39.9,116.4,17.1,49,2.3,0.5,17.0,5,1014.3,17.1,17.1,0.0,0.0,45.0,0.0,0.0,45.0,ED_CAUTION,TEMP_COOL,AQI_VERY_UNHEALTHY,HUM_COMFORTABLE,WIND_CALM,UV_LOW,ZONE_TEMPERATE
Beijing,China,39.9,116.4,9.6,37,12.4,4.0,9.0,2,1011.6,9.6,7.77084075523604,0.0,0.0,8.0,4.0,0.0,12.0,ED_VERY_SAFE,TEMP_COLD,AQI_MODERATE,HUM_COMFORTABLE,WIND_BREEZY,UV_MODERATE,ZONE_TEMPERATE
Beijing,China,39.9,116.4,8.5,17,5.3,0.5,6.9,1,1012.9,8.5,7.956496655660439,0.0,0.0,0.0,0.0,0.0,0.0,ED_VERY_SAFE,TEMP_COLD,AQI_GOOD,HUM_DRY,WIND_CALM,UV_LOW,ZONE_TEMPERATE
Beijing,China,39.9,116.4,10.2,49,9.9,6.6,10.2,2,1009.1,10.2,10.2,0.0,0.0,8.0,6.8999999999999995,0.0,14.899999999999999,ED_VERY_SAFE,TEMP_COOL,AQI_MODERATE,HUM_COMFORTABLE,WIND_CALM,UV_HIGH,ZONE_TEMPERATE
Beijing,China,39.9,116.4,19.6,59,32.2,3.7,20.0,3,1015.4,20.0,19.6,0.0,0.0,18.0,3.7,0.0,21.7,ED_MODERATE_SAFE,TEMP_IDEAL,AQI_SENSITIVE,HUM_COMFORTABLE,WIND_WINDY,UV_MODERATE,ZONE_TEMPERATE
Beijing,China,39.9,116.4,18.2,55,20.7,6.5,18.5,4,1011.7,18.5,18.2,0.0,0.0,32.0,6.75,0.0,38.75,ED_CAUTION,TEMP_IDEAL,AQI_UNHEALTHY,HUM_COMFORTABLE,WIND_WINDY,UV_HIGH,ZONE_TEMPERATE
Beijing,China,39.9,116.4,14.2,69,4.9,4.3,15.1,2,1016.2,15.1,14.2,0.0,0.0,8.0,4.3,0.0,12.3,ED_VERY_SAFE,TEMP_COOL,AQI_MODERATE,HUM_HUMID,WIND_CALM,UV_MODERATE,ZONE_TEMPERATE
Beijing,China,39.9,116.4,14.4,46,2.7,5.2,14.2,2,1010.5,14.4,14.4,0.0,0.0,8.0,5.2,0.0,13.2,ED_VERY_SAFE,TEMP_COOL,AQI_MODERATE,HUM_COMFORTABLE,WIND_CALM,UV_MODERATE,ZONE_TEMPERATE
Beijing,China,39.9,116.4,14.6,50,27.9,6.6,14.6,5,1001.5,14.6,14.6,0.0,0.0,45.0,6.8999999999999995,0.0,51.9,ED_CAUTION,TEMP_COOL,AQI_VERY_UNHEALTHY,HUM_COMFORTABLE,WIND_WINDY,UV_HIGH,ZONE_TEMPERATE
Beijing,China,39.9,116.4,10.6,49,20.8,0.0,10.6,2,1022.6,10.6,10.6,0.0,0.0,8.0,0.0,0.0,8.0,ED_VERY_SAFE,TEMP_COOL,AQI_MODERATE,HUM_COMFORTABLE,WIND_WINDY,UV_LOW,ZONE_TEMPERATE
Beijing,China,39.9,116.4,4.1,34,13.2,2.6,3.3,4,996.7,4.1,0.9435093878086263,0.0,0.0,32.0,1.8000000000000003,0.0,33.8,ED_MODERATE_SAFE,TEMP_COLD,AQI_UNHEALTHY,HUM_COMFORTABLE,WIND_BREEZY,UV_LOW,ZONE_TEMPERATE
Beijing,China,39.9,116.4,10.0,83,2.5,0.0,11.6,4,1004.8,11.6,10.0,0.0,0.0,32.0,0.0,0.0,32.0,ED_MODERATE_SAFE,TEMP_COOL,AQI_UNHEALTHY,HUM_VERY_HUMID,WIND_CALM,UV_LOW,ZONE_TEMPERATE
Beijing,China,39.9,116.4,17.5,50,6.2,2.3,17.5,5,1003.8,17.5,17.5,0.0,0.0,45.0,0.8999999999999995,0.0,45.9,ED_CAUTION,TEMP_COOL,AQI_VERY_UNHEALTHY,HUM_COMFORTABLE,WIND_CALM,UV_LOW,ZONE_TEMPERATE
Beijing,China,39.9,116.4,24.4,24,5.5,2.3,23.0,1,1015.8,24.4,24.4,0.0,0.0,0.0,0.8999999999999995,0.0,0.8999999999999995,ED_VERY_SAFE,TEMP_IDEAL,AQI_GOOD,HUM_DRY,WIND_CALM,UV_LOW,ZONE_TEMPERATE
Beijing,China,39.9,116.4,13.7,40,19.3,2.0,13.3,6,1015.2,13.7,13.7,0.0,0.0,50.0,0.0,0.0,50.0,ED_CAUTION,TEMP_COOL,AQI_HAZARDOUS,HUM_COMFORTABLE,WIND_BREEZY,UV_LOW,ZONE_TEMPERATE
Beijing,China,39.9,116.4,11.9,59,16.7,4.9,12.4,1,1023.6,12.4,11.9,0.0,0.0,0.0,4.9,0.0,4.9,ED_VERY_SAFE,TEMP_COOL,AQI_GOOD,HUM_COMFORTABLE,WIND_BREEZY,UV_MODERATE,ZONE_TEMPERATE
Beijing,China,39.9,116.4,20.8,55,4.0,2.9,21.0,3,1002.1,21.0,20.8,0.0,0.0,18.0,2.6999999999999997,0.0,20.7,ED_MODERATE_SAFE,TEMP_IDEAL,AQI_SENSITIVE,HUM_COMFORTABLE,WIND_CALM,UV_LOW,ZONE_TEMPERATE
Beijing,China,39.9,116.4,11.4,30,9.9,5.5,10.4,1,1007.8,11.4,11.4,0.0,0.0,0.0,5.5,0.0,5.5,ED_VERY_SAFE,TEMP_COOL,AQI_GOOD,HUM_COMFORTABLE,WIND_CALM,UV_MODERATE,ZONE_TEMPERATE
Beijing,China,39.9,116.4,11.6,44,8.7,0.9,11.4,3,1021.2,11.6,11.6,0.0,0.0,18.0,0.0,0.0,18.0,ED_MODERATE_SAFE,TEMP_COOL,AQI_SENSITIVE,HUM_COMFORTABLE,WIND_CALM,UV_LOW,ZONE_TEMPERATE
Beijing,China,39.9,116.4,6.7,52,14.2,0.1,6.8,1,1012.6,6.8,3.9624533943641307,0.0,0.0,0.0,0.0,0.0,0.0,ED_VERY_SAFE,TEMP_COLD,AQI_GOOD,HUM_COMFORTABLE,WIND_BREEZY,UV_LOW,ZONE_TEMPERATE
Beijing,China,39.9,116.4,27.7,45,14.6,8.3,28.2,1,1006.0,28.2,27.7,3.599999999999998,0.0,0.0,9.3,0.0,12.899999999999999,ED_VERY_SAFE,TEMP_WARM,AQI_GOOD,HUM_COMFORTABLE,WIND_BREEZY,UV_VERY_HIGH,ZONE_TEMPERATE
Beijing,China,39.9,116.4,13.5,40,9.3,0.0,13.0,2,1010.8,13.5,13.5,0.0,0.0,8.0,0.0,0.0,8.0,ED_VERY_SAFE,TEMP_COOL,AQI_MODERATE,HUM_COMFORTABLE,WIND_CALM,UV_LOW,ZONE_TEMPERATE
Beijing,China,39.9,116.4,19.2,57,6.6,1.7,19.6,3,1027.5,19.6,19.2,0.0,0.0,18.0,0.0,0.0,18.0,ED_MODERATE_SAFE,TEMP_IDEAL,AQI_SENSITIVE,HUM_COMFORTABLE,WIND_CALM,UV_LOW,ZONE_TEMPERATE
Beijing,China,39.9,116.4,15.4,53,16.3,6.1,15.6,1,1008.7,15.6,15.4,0.0,0.0,0.0,6.1499999999999995,0.0,6.1499999999999995,ED_VERY_SAFE,TEMP_COOL,AQI_GOOD,HUM_COMFORTABLE,WIND_BREEZY,UV_HIGH,ZONE_TEMPERATE
Beijing,China,39.9,116.4,14.0,64,8.5,7.0,14.7,2,1010.0,14.7,14.0,0.0,0.0,8.0,7.5,0.0,15.5,ED_MODERATE_SAFE,TEMP_COOL,AQI_MODERATE,HUM_HUMID,WIND_CALM,UV_HIGH,ZONE_TEMPERATE
Beijing,China,39.9,116.4,14.5,24,6.4,2.9,13.2,2,1030.1,14.5,14.5,0.0,0.0,8.0,2.6999999999999997,0.0,10.7,ED_VERY_SAFE,TEMP_COOL,AQI_MODERATE,HUM_DRY,WIND_CALM,UV_LOW,ZONE_TEMPERATE
Beijing,China,39.9,116.4,7.7,60,3.6,4.7,8.2,1,1021.7,8.2,7.7,0.0,0.0,0.0,4.7,0.0,4.7,ED_VERY_SAFE,TEMP_COLD,AQI_GOOD,HUM_HUMID,WIND_CALM,UV_MODERATE,ZONE_TEMPERATE
Beijing,China,39.9,116.4,12.6,64,18.4,0.0,13.3,6,1001.3,13.3,12.6,0.0,0.0,50.0,0.0,0.0,50.0,ED_CAUTION,TEMP_COOL,AQI_HAZARDOUS,HUM_HUMID,WIND_BREEZY,UV_LOW,ZONE_TEMPERATE
Beijing,China,39.9,116.4,3.9,85,9.2,8.3,5.7,5,999.9,5.7,1.5325338270928914,0.0,0.0,45.0,9.3,0.0,54.3,ED_CAUTION,TEMP_COLD,AQI_VERY_UNHEALTHY,HUM_VERY_HUMID,WIND_CALM,UV_VERY_HIGH,ZONE_TEMPERATE
Beijing,China,39.9,116.4,9.9,61,11.5,7.4,10.4,3,1024.0,10.4,8.26871425150139,0.0,0.0,18.0,8.100000000000001,0.0,26.1,ED_MODERATE_SAFE,TEMP_COLD,AQI_SENSITIVE,HUM_HUMID,WIND_BREEZY,UV_HIGH,ZONE_TEMPERATE
Beijing,China,39.9,116.4,15.7,31,12.7,2.1,14.8,1,1011.7,15.7,15.7,0.0,0.0,0.0,0.30000000000000027,0.0,0.30000000000000027,ED_VERY_SAFE,TEMP_COOL,AQI_GOOD,HUM_COMFORTABLE,WIND_BREEZY,UV_LOW,ZONE_TEMPERATE
Beijing,China,39.9,116.4,19.7,5,11.9,1.9,17.4,6,1004.0,19.7,19.7,0.0,0.0,50.0,0.0,0.0,50.0,ED_CAUTION,TEMP_IDEAL,AQI_HAZARDOUS,HUM_DRY,WIND_BREEZY,UV_LOW,ZONE_TEMPERATE
Beijing,China,39.9,116.4,18.1,20,21.3,0.9,16.6,6,1000.6,18.1,18.1,0.0,0.0,50.0,0.0,0.0,50.0,ED_CAUTION,TEMP_IDEAL,AQI_HAZARDOUS,HUM_DRY,WIND_WINDY,UV_LOW,ZONE_TEMPERATE
Beijing,China,39.9,116.4,11.7,5,12.1,0.0,9.4,3,1009.6,11.7,11.7,0.0,0.0,18.0,0.0,0.0,18.0,ED_MODERATE_SAFE,TEMP_COOL,AQI_SENSITIVE,HUM_DRY,WIND_BREEZY,UV_LOW,ZONE_TEMPERATE
Beijing,China,39.9,116.4,8.3,55,18.1,6.7,8.5,4,1015.9,8.5,5.437745023240314,0.0,0.0,32.0,7.050000000000001,0.0,39.05,ED_CAUTION,TEMP_COLD,AQI_UNHEALTHY,HUM_COMFORTABLE,WIND_BREEZY,UV_HIGH,ZONE_TEMPERATE
Beijing,China,39.9,116.4,21.1,39,13.2,2.8,20.5,2,1012.7,21.1,21.1,0.0,0.0,8.0,2.3999999999999995,0.0,10.399999999999999,ED_VERY_SAFE,TEMP_IDEAL,AQI_MODERATE,HUM_COMFORTABLE,WIND_BREEZY,UV_LOW,ZONE_TEMPERATE
Beijing,China,39.9,116.4,12.5,24,8.6,4.3,11.2,1,1014.1,12.5,12.5,0.0,0.0,0.0,4.3,0.0,4.3,ED_VERY_SAFE,TEMP_COOL,AQI_GOOD,HUM_DRY,WIND_CALM,UV_MODERATE,ZONE_TEMPERATE
Beijing,China,39.9,116.4,16.0,42,21.0,9.3,15.6,1,1011.9,16.0,16.0,0.0,0.0,0.0,10.3,0.0,10.3,ED_VERY_SAFE,TEMP_COOL,AQI_GOOD,HUM_COMFORTABLE,WIND_WINDY,UV_VERY_HIGH,ZONE_TEMPERATE
Beijing,China,39.9,116.4,7.7,58,12.3,1.0,8.1,4,1017.4,8.1,5.479047588963602,0.0,0.0,32.0,0.0,0.0,32.0,ED_MODERATE_SAFE,TEMP_COLD,AQI_UNHEALTHY,HUM_COMFORTABLE,WIND_BREEZY,UV_LOW,ZONE_TEMPERATE
Beijing,China,39.9,116.4,7.8,44,34.9,3.6,7.5,1,1021.4,7.8,3.354653567943492,0.0,0.0,0.0,3.6,0.0,3.6,ED_VERY_SAFE,TEMP_COLD,AQI_GOOD,HUM_COMFORTABLE,WIND_WINDY,UV_MODERATE,ZONE_TEMPERATE
Beijing,China,39.9,116.4,14.5,54,3.8,5.0,14.7,2,1006.8,14.7,14.5,0.0,0.0,8.0,5.0,0.0,13.0,ED_VERY_SAFE,TEMP_COOL,AQI_MODERATE,HUM_COMFORTABLE,WIND_CALM,UV_MODERATE,ZONE_TEMPERATE
Beijing,China,39.9,116.4,15.1,65,8.2,7.8,15.8,5,1016.6,15.8,15.1,0.0,0.0,45.0,8.7,0.0,53.7,ED_CAUTION,TEMP_COOL,AQI_VERY_UNHEALTHY,HUM_HUMID,WIND_CALM,UV_HIGH,ZONE_TEMPERATE
Beijing,China,39.9,116.4,3.2,26,20.5,4.7,2.0,4,1023.3,3.2,-1.2689255005662994,0.0,1.9033882508494493,32.0,4.7,0.0,38.60338825084945,ED_CAUTION,TEMP_COLD,AQI_UNHEALTHY,HUM_DRY,WIND_WINDY,UV_MODERATE,ZONE_TEMPERATE
Beijing,China,39.9,116.4,11.7,47,4.0,0.0,11.6,2,1001.5,11.7,11.7,0.0,0.0,8.0,0.0,0.0,8.0,ED_VERY_SAFE,TEMP_COOL,AQI_MODERATE,HUM_COMFORTABLE,WIND_CALM,UV_LOW,ZONE_TEMPERATE
Beijing,China,39.9,116.4,8.0,76,2.2,2.1,9.3,1,1014.4,9.3,8.0,0.0,0.0,0.0,0.30000000000000027,0.0,0.30000000000000027,ED_VERY_SAFE,TEMP_COLD,AQI_GOOD,HUM_HUMID,WIND_CALM,UV_LOW,ZONE_TEMPERATE
Beijing,China,39.9,116.4,9.1,67,27.2,5.9,9.9,2,1010.4,9.9,5.60836395438009,0.0,0.0,8.0,5.9,0.0,13.9,ED_VERY_SAFE,TEMP_COLD,AQI_MODERATE,HUM_HUMID,WIND_WINDY,UV_MODERATE,ZONE_TEMPERATE
Beijing,China,39.9,116.4,10.6,45,3.4,0.0,10.3,2,1031.6,10.6,10.6,0.0,0.0,8.0,0.0,0.0,8.0,ED_VERY_SAFE,TEMP_COOL,AQI_MODERATE,HUM_COMFORTABLE,WIND_CALM,UV_LOW,ZONE_TEMPERATE
Beijing,China,39.9,116.4,17.6,59,15.2,5.3,18.1,1,1015.2,18.1,17.6,0.0,0.0,0.0,5.3,0.0,5.3,ED_VERY_SAFE,TEMP_COOL,AQI_GOOD,HUM_COMFORTABLE,WIND_BREEZY,UV_MODERATE,ZONE_TEMPERATE
Beijing,China,39.9,116.4,12.2,56,9.7,0.1,12.5,1,1020.8,12.5,12.2,0.0,0.0,0.0,0.0,0.0,0.0,ED_VERY_SAFE,TEMP_COOL,AQI_GOOD,HUM_COMFORTABLE,WIND_CALM,UV_LOW,ZONE_TEMPERATE
Beijing,China,39.9,116.4,9.6,7,13.4,0.0,7.4,2,1020.5,9.6,7.629547524806656,0.0,0.0,8.0,0.0,0.0,8.0,ED_VERY_SAFE,TEMP_COLD,AQI_MODERATE,HUM_DRY,WIND_BREEZY,UV_LOW,ZONE_TEMPERATE
Beijing,China,39.9,116.4,12.5,42,4.2,4.7,12.1,3,1014.3,12.5,12.5,0.0,0.0,18.0,4.7,0.0,22.7,ED_MODERATE_SAFE,TEMP_COOL,AQI_SENSITIVE,HUM_COMFORTABLE,WIND_CALM,UV_MODERATE,ZONE_TEMPERATE
Beijing,China,39.9,116.4,7.7,73,9.4,3.4,8.8,6,1009.6,8.8,6.002327623889055,0.0,0.0,50.0,3.4,0.0,53.4,ED_CAUTION,TEMP_COLD,AQI_HAZARDOUS,HUM_HUMID,WIND_CALM,UV_MODERATE,ZONE_TEMPERATE
Beijing,China,39.9,116.4,20.5,53,8.0,4.2,20.7,3,1022.2,20.7,20.5,0.0,0.0,18.0,4.2,0.0,22.2,ED_MODERATE_SAFE,TEMP_IDEAL,AQI_SENSITIVE,HUM_COMFORTABLE,WIND_CALM,UV_MODERATE,ZONE_TEMPERATE
Beijing,China,39.9,116.4,11.5,39,17.0,0.8,11.0,4,1020.2,11.5,11.5,0.0,0.0,32.0,0.0,0.0,32.0,ED_MODERATE_SAFE,TEMP_COOL,AQI_UNHEALTHY,HUM_COMFORTABLE,WIND_BREEZY,UV_LOW,ZONE_TEMPERATE
Beijing,China,39.9,116.4,24.2,28,12.0,0.7,23.1,2,1017.2,24.2,24.2,0.0,0.0,8.0,0.0,0.0,8.0,ED_VERY_SAFE,TEMP_IDEAL,AQI_MODERATE,HUM_DRY,WIND_BREEZY,UV_LOW,ZONE_TEMPERATE
Beijing,China,39.9,116.4,8.9,38,13.9,3.1,8.3,3,1011.8,8.9,6.704260147881222,0.0,0.0,18.0,3.1,0.0,21.1,ED_MODERATE_SAFE,TEMP_COLD,AQI_SENSITIVE,HUM_COMFORTABLE,WIND_BREEZY,UV_MODERATE,ZONE_TEMPERATE
Beijing,China,39.9,116.4,4.1,50,26.1,0.0,4.1,6,1016.3,4.1,-0.7534457096019009,0.0,1.1301685644028527,50.0,0.0,0.0,51.13016856440285,ED_CAUTION,TEMP_COLD,AQI_HAZARDOUS,HUM_COMFORTABLE,WIND_WINDY,UV_LOW,ZONE_TEMPERATE
Beijing,China,39.9,116.4,8.7,16,1.3,4.7,7.0,1,1026.0,8.7,8.7,0.0,0.0,0.0,4.7,0.0,4.7,ED_VERY_SAFE,TEMP_COLD,AQI_GOOD,HUM_DRY,WIND_CALM,UV_MODERATE,ZONE_TEMPERATE
Beijing,China,39.9,116.4,6.7,31,6.1,2.4,5.7,1,1008.0,6.7,5.646999551836913,0.0,0.0,0.0,1.1999999999999997,0.0,1.1999999999999997,ED_VERY_SAFE,TEMP_COLD,AQI_GOOD,HUM_COMFORTABLE,WIND_CALM,UV_LOW,ZONE_TEMPERATE
Beijing,China,39.9,116.4,17.5,66,10.9,0.0,18.3,1,1016.0,18.3,17.5,0.0,0.0,0.0,0.0,0.0,0.0,ED_VERY_SAFE,TEMP_COOL,AQI_GOOD,HUM_HUMID,WIND_BREEZY,UV_LOW,ZONE_TEMPERATE
Beijing,China,39.9,116.4,17.5,84,8.1,8.2,19.2,2,1005.1,19.2,17.5,0.0,0.0,8.0,9.2,0.0,17.2,ED_MODERATE_SAFE,TEMP_COOL,AQI_MODERATE,HUM_VERY_HUMID,WIND_CALM,UV_VERY_HIGH,ZONE_TEMPERATE
Beijing,China,39.9,116.4,17.1,27,10.6,0.8,15.9,3,1022.9,17.1,17.1,0.0,0.0,18.0,0.0,0.0,18.0,ED_MODERATE_SAFE,TEMP_COOL,AQI_SENSITIVE,HUM_DRY,WIND_BREEZY,UV_LOW,ZONE_TEMPERATE
Beijing,China,39.9,116.4,10.1,17,10.6,5.3,8.4,2,1007.0,10.1,10.1,0.0,0.0,8.0,5.3,0.0,13.3,ED_VERY_SAFE,TEMP_COOL,AQI_MODERATE,HUM_DRY,WIND_BREEZY,UV_MODERATE,ZONE_TEMPERATE
Beijing,China,39.9,116.4,14.6,34,13.1,5.1,13.9,1,1020.7,14.6,14.6,0.0,0.0,0.0,5.1,0.0,5.1,ED_VERY_SAFE,TEMP_COOL,AQI_GOOD,HUM_COMFORTABLE,WIND_BREEZY,UV_MODERATE,ZONE_TEMPERATE
Beijing,China,39.9,116.4,6.9,27,5.5,2.3,5.7,2,1006.2,6.9,6.066663995243047,0.0,0.0,8.0,0.8999999999999995,0.0,8.899999999999999,ED_VERY_SAFE,TEMP_COLD,AQI_MODERATE,HUM_DRY,WIND_CALM,UV_LOW,ZONE_TEMPERATE
Beijing,China,39.9,116.4,3.7,88,3.5,3.0,5.6,6,1019.7,5.6,3.7,0.0,0.0,50.0,3.0,0.0,53.0,ED_CAUTION,TEMP_COLD,AQI_HAZARDOUS,HUM_VERY_HUMID,WIND_CALM,UV_MODERATE,ZONE_TEMPERATE
Beijing,China,39.9,116.4,11.0,54,7.0,6.5,11.2,4,1017.5,11.2,11.0,0.0,0.0,32.0,6.75,0.0,38.75,ED_CAUTION,TEMP_COOL,AQI_UNHEALTHY,HUM_COMFORTABLE,WIND_CALM,UV_HIGH,ZONE_TEMPERATE
Beijing,China,39.9,116.4,16.9,35,8.3,4.6,16.1,1,1005.8,16.9,16.9,0.0,0.0,0.0,4.6,0.0,4.6,ED_VERY_SAFE,TEMP_COOL,AQI_GOOD,HUM_COMFORTABLE,WIND_CALM,UV_MODERATE,ZONE_TEMPERATE
Beijing,China,39.9,116.4,13.6,48,8.4,3.6,13.5,5,1032.7,13.6,13.6,0.0,0.0,45.0,3.6,0.0,48.6,ED_CAUTION,TEMP_COOL,AQI_VERY_UNHEALTHY,HUM_COMFORTABLE,WIND_CALM,UV_MODERATE,ZONE_TEMPERATE
Beijing,China,39.9,116.4,11.5,32,14.7,0.0,10.6,2,1010.6,11.5,11.5,0.0,0.0,8.0,0.0,0.0,8.0,ED_VERY_SAFE,TEMP_COOL,AQI_MODERATE,HUM_COMFORTABLE,WIND_BREEZY,UV_LOW,ZONE_TEMPERATE
Beijing,China,39.9,116.4,16.3,46,1.5,1.1,16.1,2,1015.3,16.3,16.3,0.0,0.0,8.0,0.0,0.0,8.0,ED_VERY_SAFE,TEMP_COOL,AQI_MODERATE,HUM_COMFORTABLE,WIND_CALM,UV_LOW,ZONE_TEMPERATE
Beijing,China,39.9,116.4,8.5,56,3.0,2.4,8.8,1,1024.9,8.8,8.5,0.0,0.0,0.0,1.1999999999999997,0.0,1.1999999999999997,ED_VERY_SAFE,TEMP_COLD,AQI_GOOD,HUM_COMFORTABLE,WIND_CALM,UV_LOW,ZONE_TEMPERATE
Beijing,China,39.9,116.4,9.9,37,7.4,0.9,9.2,3,1013.1,9.9,9.018187772364637,0.0,0.0,18.0,0.0,0.0,18.0,ED_MODERATE_SAFE,TEMP_COLD,AQI_SENSITIVE,HUM_COMFORTABLE,WIND_CALM,UV_LOW,ZONE_TEMPERATE
Beijing,China,39.9,116.4,8.9,14,18.9,0.0,7.1,1,1020.5,8.9,6.10221906705267,0.0,0.0,0.0,0.0,0.0,0.0,ED_VERY_SAFE,TEMP_COLD,AQI_GOOD,HUM_DRY,WIND_BREEZY,UV_LOW,ZONE_TEMPERATE
Dubai,UAE,25.2,55.3,14.0,56,3.4,0.6,14.3,3,1008.4,14.3,14.0,0.0,0.0,18.0,0.0,0.0,18.0,ED_MODERATE_SAFE,TEMP_COOL,AQI_SENSITIVE,HUM_COMFORTABLE,WIND_CALM,UV_LOW,ZONE_SUBTROPICAL
Dubai,UAE,25.2,55.3,6.7,49,13.4,3.0,6.6,2,1012.8,6.7,4.085479054950895,0.0,0.0,8.0,3.0,0.0,11.0,ED_VERY_SAFE,TEMP_COLD,AQI_MODERATE,HUM_COMFORTABLE,WIND_BREEZY,UV_MODERATE,ZONE_SUBTROPICAL
Dubai,UAE,25.2,55.3,29.4,57,9.8,3.2,31.1,1,1011.6,31.1,29.4,12.300000000000004,0.0,0.0,3.2,0.0,15.500000000000004,ED_MODERATE_SAFE,TEMP_WARM,AQI_GOOD,HUM_COMFORTABLE,WIND_CALM,UV_MODERATE,ZONE_SUBTROPICAL
Dubai,UAE,25.2,55.3,32.5,33,2.0,6.9,33.9,6,1014.7,33.9,32.5,18.166666666666664,0.0,50.0,7.3500000000000005,12.0,87.51666666666665,ED_VERY_DANGEROUS,TEMP_HOT,AQI_HAZARDOUS,HUM_COMFORTABLE,WIND_CALM,UV_HIGH,ZONE_SUBTROPICAL
Dubai,UAE,25.2,55.3,18.2,81,6.0,11.5,19.8,4,1030.3,19.8,18.2,0.0,0.0,32.0,12.0,0.0,44.0,ED_CAUTION,TEMP_IDEAL,AQI_UNHEALTHY,HUM_VERY_HUMID,WIND_CALM,UV_EXTREME,ZONE_SUBTROPICAL
Dubai,UAE,25.2,55.3,18.6,75,12.5,4.1,19.8,2,1014.3,19.8,18.6,0.0,0.0,8.0,4.1,0.0,12.1,ED_VERY_SAFE,TEMP_IDEAL,AQI_MODERATE,HUM_HUMID,WIND_BREEZY,UV_MODERATE,ZONE_SUBTROPICAL
Dubai,UAE,25.2,55.3,25.0,46,35.1,6.4,24.8,1,1010.1,25.0,25.0,0.0,0.0,0.0,6.6000000000000005,0.0,6.6000000000000005,ED_VERY_SAFE,TEMP_WARM,AQI_GOOD,HUM_COMFORTABLE,WIND_WINDY,UV_HIGH,ZONE_SUBTROPICAL
Dubai,UAE,25.2,55.3,23.3,33,4.2,8.0,22.5,1,1022.3,23.3,23.3,0.0,0.0,0.0,9.0,0.0,9.0,ED_VERY_SAFE,TEMP_IDEAL,AQI_GOOD,HUM_COMFORTABLE,WIND_CALM,UV_VERY_HIGH,ZONE_SUBTROPICAL
Dubai,UAE,25.2,55.3,29.4,74,19.9,3.7,31.9,2,1010.4,31.9,29.4,14.699999999999996,0.0,8.0,3.7,0.0,26.399999999999995,ED_MODERATE_SAFE,TEMP_WARM,AQI_MODERATE,HUM_HUMID,WIND_BREEZY,UV_MODERATE,ZONE_SUBTROPICAL
Dubai,UAE,25.2,55.3,20.7,87,15.0,4.2,22.6,6,1013.3,22.6,20.7,0.0,0.0,50.0,4.2,0.0,54.2,ED_CAUTION,TEMP_IDEAL,AQI_HAZARDOUS,HUM_VERY_HUMID,WIND_BREEZY,UV_MODERATE,ZONE_SUBTROPICAL
Dubai,UAE,25.2,55.3,18.4,79,10.4,6.8,19.8,3,1017.3,19.8,18.4,0.0,0.0,18.0,7.199999999999999,0.0,25.2,ED_MODERATE_SAFE,TEMP_IDEAL,AQI_SENSITIVE,HUM_HUMID,WIND_BREEZY,UV_HIGH,ZONE_SUBTROPICAL
Dubai,UAE,25.2,55.3,28.7,53,4.8,4.2,29.9,2,1002.7,29.9,28.7,8.699999999999996,0.0,8.0,4.2,0.0,20.899999999999995,ED_MODERATE_SAFE,TEMP_WARM,AQI_MODERATE,HUM_COMFORTABLE,WIND_CALM,UV_MODERATE,ZONE_SUBTROPICAL
Dubai,UAE,25.2,55.3,34.6,38,8.4,5.2,36.8,3,1019.9,36.8,34.6,22.999999999999996,0.0,18.0,5.2,0.0,46.2,ED_CAUTION,TEMP_HOT,AQI_SENSITIVE,HUM_COMFORTABLE,WIND_CALM,UV_MODERATE,ZONE_SUBTROPICAL
Dubai,UAE,25.2,55.3,18.7,57,12.4,9.6,19.1,3,1011.9,19.1,18.7,0.0,0.0,18.0,10.6,0.0,28.6,ED_MODERATE_SAFE,TEMP_IDEAL,AQI_SENSITIVE,HUM_COMFORTABLE,WIND_BREEZY,UV_VERY_HIGH,ZONE_SUBTROPICAL
Dubai,UAE,25.2,55.3,26.2,83,11.5,2.1,28.3,5,1016.2,28.3,26.2,3.900000000000002,0.0,45.0,0.30000000000000027,0.0,49.2,ED_CAUTION,TEMP_WARM,AQI_VERY_UNHEALTHY,HUM_VERY_HUMID,WIND_BREEZY,UV_LOW,ZONE_SUBTROPICAL
Dubai,UAE,25.2,55.3,18.3,49,15.3,7.5,18.3,2,1018.8,18.3,18.3,0.0,0.0,8.0,8.25,0.0,16.25,ED_MODERATE_SAFE,TEMP_IDEAL,AQI_MODERATE,HUM_COMFORTABLE,WIND_BREEZY,UV_HIGH,ZONE_SUBTROPICAL
Dubai,UAE,25.2,55.3,23.7,100,15.1,0.7,26.2,5,1023.3,26.2,23.7,0.0,0.0,45.0,0.0,0.0,45.0,ED_CAUTION,TEMP_IDEAL,AQI_VERY_UNHEALTHY,HUM_VERY_HUMID,WIND_BREEZY,UV_LOW,ZONE_SUBTROPICAL
Dubai,UAE,25.2,55.3,26.3,57,3.2,8.5,27.0,6,1005.6,27.0,26.3,0.0,0.0,50.0,9.5,0.0,59.5,ED_DANGEROUS,TEMP_WARM,AQI_HAZARDOUS,HUM_COMFORTABLE,WIND_CALM,UV_VERY_HIGH,ZONE_SUBTROPICAL
Dubai,UAE,25.2,55.3,21.0,43,6.1,7.8,20.6,3,1003.4,21.0,21.0,0.0,0.0,18.0,8.7,0.0,26.7,ED_MODERATE_SAFE,TEMP_IDEAL,AQI_SENSITIVE,HUM_COMFORTABLE,WIND_CALM,UV_HIGH,ZONE_SUBTROPICAL
Dubai,UAE,25.2,55.3,24.9,84,6.0,1.7,26.6,1,1004.1,26.6,24.9,0.0,0.0,0.0,0.0,0.0,0.0,ED_VERY_SAFE,TEMP_IDEAL,AQI_GOOD,HUM_VERY_HUMID,WIND_CALM,UV_LOW,ZONE_SUBTROPICAL
Dubai,UAE,25.2,55.3,26.6,53,30.2,4.8,27.2,2,1001.7,27.2,26.6,0.5999999999999979,0.0,8.0,4.8,0.0,13.399999999999999,ED_VERY_SAFE,TEMP_WARM,AQI_MODERATE,HUM_COMFORTABLE,WIND_WINDY,UV_MODERATE,ZONE_SUBTROPICAL
Dubai,UAE,25.2,55.3,11.7,29,23.3,6.5,10.6,2,1006.3,11.7,11.7,0.0,0.0,8.0,6.75,0.0,14.75,ED_VERY_SAFE,TEMP_COOL,AQI_MODERATE,HUM_DRY,WIND_WINDY,UV_HIGH,ZONE_SUBTROPICAL
Dubai,UAE,25.2,55.3,18.9,64,27.3,12.0,19.5,3,1021.2,19.5,18.9,0.0,0.0,18.0,12.0,0.0,30.0,ED_MODERATE_SAFE,TEMP_IDEAL,AQI_SENSITIVE,HUM_HUMID,WIND_WINDY,UV_EXTREME,ZONE_SUBTROPICAL
Dubai,UAE,25.2,55.3,25.8,76,6.3,9.3,27.3,3,1007.8,27.3,25.8,0.9000000000000021,0.0,18.0,10.3,0.0,29.200000000000003,ED_MODERATE_SAFE,TEMP_WARM,AQI_SENSITIVE,HUM_HUMID,WIND_CALM,UV_VERY_HIGH,ZONE_SUBTROPICAL
Dubai,UAE,25.2,55.3,22.8,90,3.5,5.4,24.7,2,1012.3,24.7,22.8,0.0,0.0,8.0,5.4,0.0,13.4,ED_VERY_SAFE,TEMP_IDEAL,AQI_MODERATE,HUM_VERY_HUMID,WIND_CALM,UV_MODERATE,ZONE_SUBTROPICAL
Dubai,UAE,25.2,55.3,21.5,90,15.7,6.6,23.5,2,1017.6,23.5,21.5,0.0,0.0,8.0,6.8999999999999995,0.0,14.899999999999999,ED_VERY_SAFE,TEMP_IDEAL,AQI_MODERATE,HUM_VERY_HUMID,WIND_BREEZY,UV_HIGH,ZONE_SUBTROPICAL
Dubai,UAE,25.2,55.3,29.6,72,8.3,3.1,32.0,2,1028.1,32.0,29.6,15.0,0.0,8.0,3.1,0.0,26.1,ED_MODERATE_SAFE,TEMP_WARM,AQI_MODERATE,HUM_HUMID,WIND_CALM,UV_MODERATE,ZONE_SUBTROPICAL
Dubai,UAE,25.2,55.3,31.5,50,3.6,4.4,33.5,2,1019.2,33.5,31.5,17.5,0.0,8.0,4.4,0.0,29.9,ED_MODERATE_SAFE,TEMP_HOT,AQI_MODERATE,HUM_COMFORTABLE,WIND_CALM,UV_MODERATE,ZONE_SUBTROPICAL
Dubai,UAE,25.2,55.3,24.2,57,6.8,1.2,24.5,4,1017.1,24.5,24.2,0.0,0.0,32.0,0.0,0.0,32.0,ED_MODERATE_SAFE,TEMP_IDEAL,AQI_UNHEALTHY,HUM_COMFORTABLE,WIND_CALM,UV_LOW,ZONE_SUBTROPICAL
Dubai,UAE,25.2,55.3,19.0,37,0.2,6.6,18.4,2,1010.0,19.0,19.0,0.0,0.0,8.0,6.8999999999999995,0.0,14.899999999999999,ED_VERY_SAFE,TEMP_IDEAL,AQI_MODERATE,HUM_COMFORTABLE,WIND_CALM,UV_HIGH,ZONE_SUBTROPICAL
Dubai,UAE,25.2,55.3,32.2,51,6.0,7.4,34.4,1,1019.1,34.4,32.2,18.999999999999996,0.0,0.0,8.100000000000001,0.0,27.099999999999998,ED_MODERATE_SAFE,TEMP_HOT,AQI_GOOD,HUM_COMFORTABLE,WIND_CALM,UV_HIGH,ZONE_SUBTROPICAL
Dubai,UAE,25.2,55.3,29.6,58,8.5,7.1,31.4,1,1011.2,31.4,29.6,13.199999999999996,0.0,0.0,7.6499999999999995,0.0,20.849999999999994,ED_MODERATE_SAFE,TEMP_WARM,AQI_GOOD,HUM_COMFORTABLE,WIND_CALM,UV_HIGH,ZONE_SUBTROPICAL
Dubai,UAE,25.2,55.3,27.7,44,26.6,5.2,28.2,2,993.6,28.2,27.7,3.599999999999998,0.0,8.0,5.2,0.0,16.799999999999997,ED_MODERATE_SAFE,TEMP_WARM,AQI_MODERATE,HUM_COMFORTABLE,WIND_WINDY,UV_MODERATE,ZONE_SUBTROPICAL
Dubai,UAE,25.2,55.3,27.5,75,8.0,6.7,29.5,2,1013.7,29.5,27.5,7.5,0.0,8.0,7.050000000000001,0.0,22.55,ED_MODERATE_SAFE,TEMP_WARM,AQI_MODERATE,HUM_HUMID,WIND_CALM,UV_HIGH,ZONE_SUBTROPICAL
Dubai,UAE,25.2,55.3,12.9,49,17.5,2.2,12.8,2,1016.7,12.9,12.9,0.0,0.0,8.0,0.6000000000000005,0.0,8.600000000000001,ED_VERY_SAFE,TEMP_COOL,AQI_MODERATE,HUM_COMFORTABLE,WIND_BREEZY,UV_LOW,ZONE_SUBTROPICAL
Dubai,UAE,25.2,55.3,22.0,28,22.0,4.7,20.9,1,1008.7,22.0,22.0,0.0,0.0,0.0,4.7,0.0,4.7,ED_VERY_SAFE,TEMP_IDEAL,AQI_GOOD,HUM_DRY,WIND_WINDY,UV_MODERATE,ZONE_SUBTROPICAL
Dubai,UAE,25.2,55.3,23.4,83,4.0,6.2,25.1,3,1014.4,25.1,23.4,0.0,0.0,18.0,6.300000000000001,0.0,24.3,ED_MODERATE_SAFE,TEMP_IDEAL,AQI_SENSITIVE,HUM_VERY_HUMID,WIND_CALM,UV_HIGH,ZONE_SUBTROPICAL
Dubai,UAE,25.2,55.3,20.0,43,10.7,2.2,19.7,5,1012.5,20.0,20.0,0.0,0.0,45.0,0.6000000000000005,0.0,45.6,ED_CAUTION,TEMP_IDEAL,AQI_VERY_UNHEALTHY,HUM_COMFORTABLE,WIND_BREEZY,UV_LOW,ZONE_SUBTROPICAL
Dubai,UAE,25.2,55.3,24.9,78,0.6,3.0,26.3,2,1013.2,26.3,24.9,0.0,0.0,8.0,3.0,0.0,11.0,ED_VERY_SAFE,TEMP_IDEAL,AQI_MODERATE,HUM_HUMID,WIND_CALM,UV_MODERATE,ZONE_SUBTROPICAL
Dubai,UAE,25.2,55.3,17.9,56,24.9,4.1,18.2,1,1017.8,18.2,17.9,0.0,0.0,0.0,4.1,0.0,4.1,ED_VERY_SAFE,TEMP_COOL,AQI_GOOD,HUM_COMFORTABLE,WIND_WINDY,UV_MODERATE,ZONE_SUBTROPICAL
Dubai,UAE,25.2,55.3,19.3,41,11.0,10.9,18.9,5,1010.7,19.3,19.3,0.0,0.0,45.0,11.9,0.0,56.9,ED_DANGEROUS,TEMP_IDEAL,AQI_VERY_UNHEALTHY,HUM_COMFORTABLE,WIND_BREEZY,UV_VERY_HIGH,ZONE_SUBTROPICAL
Dubai,UAE,25.2,55.3,12.9,78,9.4,3.1,14.2,3,1013.0,14.2,12.9,0.0,0.0,18.0,3.1,0.0,21.1,ED_MODERATE_SAFE,TEMP_COOL,AQI_SENSITIVE,HUM_HUMID,WIND_CALM,UV_MODERATE,ZONE_SUBTROPICAL
Dubai,UAE,25.2,55.3,19.7,83,10.9,1.7,21.3,4,1028.0,21.3,19.7,0.0,0.0,32.0,0.0,0.0,32.0,ED_MODERATE_SAFE,TEMP_IDEAL,AQI_UNHEALTHY,HUM_VERY_HUMID,WIND_BREEZY,UV_LOW,ZONE_SUBTROPICAL
Dubai,UAE,25.2,55.3,28.7,51,23.6,2.3,29.9,3,1013.9,29.9,28.7,8.699999999999996,0.0,18.0,0.8999999999999995,0.0,27.599999999999994,ED_MODERATE_SAFE,TEMP_WARM,AQI_SENSITIVE,HUM_COMFORTABLE,WIND_WINDY,UV_LOW,ZONE_SUBTROPICAL
Dubai,UAE,25.2,55.3,18.4,81,7.6,4.8,19.9,5,1005.4,19.9,18.4,0.0,0.0,45.0,4.8,0.0,49.8,ED_CAUTION,TEMP_IDEAL,AQI_VERY_UNHEALTHY,HUM_VERY_HUMID,WIND_CALM,UV_MODERATE,ZONE_SUBTROPICAL
Dubai,UAE,25.2,55.3,24.8,100,3.8,6.6,27.3,2,1014.9,27.3,24.8,0.9000000000000021,0.0,8.0,6.8999999999999995,0.0,15.8,ED_MODERATE_SAFE,TEMP_IDEAL,AQI_MODERATE,HUM_VERY_HUMID,WIND_CALM,UV_HIGH,ZONE_SUBTROPICAL
Dubai,UAE,25.2,55.3,21.8,69,3.8,7.3,22.7,2,1022.5,22.7,21.8,0.0,0.0,8.0,7.949999999999999,0.0,15.95,ED_MODERATE_SAFE,TEMP_IDEAL,AQI_MODERATE,HUM_HUMID,WIND_CALM,UV_HIGH,ZONE_SUBTROPICAL
Dubai,UAE,25.2,55.3,37.8,72,12.7,3.6,42.7,4,1017.8,42.7,37.8,31.961538461538463,0.0,32.0,3.6,8.625,76.18653846153846,ED_VERY_DANGEROUS,TEMP_VERY_HOT,AQI_UNHEALTHY,HUM_HUMID,WIND_BREEZY,UV_MODERATE,ZONE_SUBTROPICAL
Dubai,UAE,25.2,55.3,23.3,86,4.1,9.4,25.1,4,996.0,25.1,23.3,0.0,0.0,32.0,10.4,0.0,42.4,ED_CAUTION,TEMP_IDEAL,AQI_UNHEALTHY,HUM_VERY_HUMID,WIND_CALM,UV_VERY_HIGH,ZONE_SUBTROPICAL
Dubai,UAE,25.2,55.3,18.6,86,9.8,7.6,20.4,4,1006.3,20.4,18.6,0.0,0.0,32.0,8.399999999999999,0.0,40.4,ED_CAUTION,TEMP_IDEAL,AQI_UNHEALTHY,HUM_VERY_HUMID,WIND_CALM,UV_HIGH,ZONE_SUBTROPICAL
Dubai,UAE,25.2,55.3,20.8,53,7.3,3.2,20.9,3,1022.7,20.9,20.8,0.0,0.0,18.0,3.2,0.0,21.2,ED_MODERATE_SAFE,TEMP_IDEAL,AQI_SENSITIVE,HUM_COMFORTABLE,WIND_CALM,UV_MODERATE,ZONE_SUBTROPICAL
Dubai,UAE,25.2,55.3,31.4,80,7.0,6.1,34.8,1,1014.1,34.8,31.4,19.666666666666664,0.0,0.0,6.1499999999999995,0.0,25.816666666666663,ED_MODERATE_SAFE,TEMP_HOT,AQI_GOOD,HUM_VERY_HUMID,WIND_CALM,UV_HIGH,ZONE_SUBTROPICAL
Dubai,UAE,25.2,55.3,15.2,84,6.8,6.6,16.9,4,1017.7,16.9,15.2,0.0,0.0,32.0,6.8999999999999995,0.0,38.9,ED_CAUTION,TEMP_COOL,AQI_UNHEALTHY,HUM_VERY_HUMID,WIND_CALM,UV_HIGH,ZONE_SUBTROPICAL
Dubai,UAE,25.2,55.3,19.4,77,2.8,0.2,20.8,1,1014.0,20.8,19.4,0.0,0.0,0.0,0.0,0.0,0.0,ED_VERY_SAFE,TEMP_IDEAL,AQI_GOOD,HUM_HUMID,WIND_CALM,UV_LOW,ZONE_SUBTROPICAL
Dubai,UAE,25.2,55.3,25.3,64,13.0,7.5,26.1,3,1016.3,26.1,25.3,0.0,0.0,18.0,8.25,0.0,26.25,ED_MODERATE_SAFE,TEMP_WARM,AQI_SENSITIVE,HUM_HUMID,WIND_BREEZY,UV_HIGH,ZONE_SUBTROPICAL
Dubai,UAE,25.2,55.3,20.8,73,33.1,0.9,22.0,4,994.8,22.0,20.8,0.0,0.0,32.0,0.0,0.0,32.0,ED_MODERATE_SAFE,TEMP_IDEAL,AQI_UNHEALTHY,HUM_HUMID,WIND_WINDY,UV_LOW,ZONE_SUBTROPICAL
Dubai,UAE,25.2,55.3,9.2,77,6.4,5.7,10.6,5,1018.7,10.6,8.445065294726136,0.0,0.0,45.0,5.7,0.0,50.7,ED_CAUTION,TEMP_COLD,AQI_VERY_UNHEALTHY,HUM_HUMID,WIND_CALM,UV_MODERATE,ZONE_SUBTROPICAL
Dubai,UAE,25.2,55.3,19.6,70,8.1,8.7,20.6,1,1008.8,20.6,19.6,0.0,0.0,0.0,9.7,0.0,9.7,ED_VERY_SAFE,TEMP_IDEAL,AQI_GOOD,HUM_HUMID,WIND_CALM,UV_VERY_HIGH,ZONE_SUBTROPICAL
Dubai,UAE,25.2,55.3,24.4,97,8.4,5.0,26.8,2,1019.4,26.8,24.4,0.0,0.0,8.0,5.0,0.0,13.0,ED_VERY_SAFE,TEMP_IDEAL,AQI_MODERATE,HUM_VERY_HUMID,WIND_CALM,UV_MODERATE,ZONE_SUBTROPICAL
Dubai,UAE,25.2,55.3,12.5,39,3.8,7.3,12.0,2,1020.2,12.5,12.5,0.0,0.0,8.0,7.949999999999999,0.0,15.95,ED_MODERATE_SAFE,TEMP_COOL,AQI_MODERATE,HUM_COMFORTABLE,WIND_CALM,UV_HIGH,ZONE_SUBTROPICAL
Dubai,UAE,25.2,55.3,21.6,57,10.6,9.5,21.9,4,1005.6,21.9,21.6,0.0,0.0,32.0,10.5,0.0,42.5,ED_CAUTION,TEMP_IDEAL,AQI_UNHEALTHY,HUM_COMFORTABLE,WIND_BREEZY,UV_VERY_HIGH,ZONE_SUBTROPICAL
Dubai,UAE,25.2,55.3,23.7,80,14.4,8.0,25.1,2,1034.5,25.1,23.7,0.0,0.0,8.0,9.0,0.0,17.0,ED_MODERATE_SAFE,TEMP_IDEAL,AQI_MODERATE,HUM_VERY_HUMID,WIND_BREEZY,UV_VERY_HIGH,ZONE_SUBTROPICAL
Dubai,UAE,25.2,55.3,18.3,23,14.5,10.1,17.0,2,1025.9,18.3,18.3,0.0,0.0,8.0,11.1,0.0,19.1,ED_MODERATE_SAFE,TEMP_IDEAL,AQI_MODERATE,HUM_DRY,WIND_BREEZY,UV_VERY_HIGH,ZONE_SUBTROPICAL
Dubai,UAE,25.2,55.3,30.1,93,16.9,3.1,33.8,2,1013.2,33.8,30.1,17.999999999999996,0.0,8.0,3.1,0.0,29.099999999999998,ED_MODERATE_SAFE,TEMP_HOT,AQI_MODERATE,HUM_VERY_HUMID,WIND_BREEZY,UV_MODERATE,ZONE_SUBTROPICAL
Dubai,UAE,25.2,55.3,35.3,56,11.0,7.7,38.7,2,1008.0,38.7,35.3,26.16666666666667,0.0,8.0,8.55,0.0,42.71666666666667,ED_CAUTION,TEMP_VERY_HOT,AQI_MODERATE,HUM_COMFORTABLE,WIND_BREEZY,UV_HIGH,ZONE_SUBTROPICAL
Dubai,UAE,25.2,55.3,23.4,45,2.9,5.3,23.2,1,996.5,23.4,23.4,0.0,0.0,0.0,5.3,0.0,5.3,ED_VERY_SAFE,TEMP_IDEAL,AQI_GOOD,HUM_COMFORTABLE,WIND_CALM,UV_MODERATE,ZONE_SUBTROPICAL
Dubai,UAE,25.2,55.3,13.2,75,10.7,1.6,14.5,1,1010.5,14.5,13.2,0.0,0.0,0.0,0.0,0.0,0.0,ED_VERY_SAFE,TEMP_COOL,AQI_GOOD,HUM_HUMID,WIND_BREEZY,UV_LOW,ZONE_SUBTROPICAL
Dubai,UAE,25.2,55.3,17.7,66,24.4,7.1,18.5,2,1011.6,18.5,17.7,0.0,0.0,8.0,7.6499999999999995,0.0,15.649999999999999,ED_MODERATE_SAFE,TEMP_COOL,AQI_MODERATE,HUM_HUMID,WIND_WINDY,UV_HIGH,ZONE_SUBTROPICAL
Dubai,UAE,25.2,55.3,23.5,45,7.7,3.6,23.3,5,1028.2,23.5,23.5,0.0,0.0,45.0,3.6,0.0,48.6,ED_CAUTION,TEMP_IDEAL,AQI_VERY_UNHEALTHY,HUM_COMFORTABLE,WIND_CALM,UV_MODERATE,ZONE_SUBTROPICAL
Dubai,UAE,25.2,55.3,21.9,46,2.3,8.5,21.7,3,1011.5,21.9,21.9,0.0,0.0,18.0,9.5,0.0,27.5,ED_MODERATE_SAFE,TEMP_IDEAL,AQI_SENSITIVE,HUM_COMFORTABLE,WIND_CALM,UV_VERY_HIGH,ZONE_SUBTROPICAL
Dubai,UAE,25.2,55.3,12.8,78,6.7,6.4,14.1,1,1025.9,14.1,12.8,0.0,0.0,0.0,6.6000000000000005,0.0,6.6000000000000005,ED_VERY_SAFE,TEMP_COOL,AQI_GOOD,HUM_HUMID,WIND_CALM,UV_HIGH,ZONE_SUBTROPICAL
Dubai,UAE,25.2,55.3,27.6,55,4.6,3.3,28.6,2,1010.5,28.6,27.6,4.800000000000004,0.0,8.0,3.3,0.0,16.100000000000005,ED_MODERATE_SAFE,TEMP_WARM,AQI_MODERATE,HUM_COMFORTABLE,WIND_CALM,UV_MODERATE,ZONE_SUBTROPICAL
Dubai,UAE,25.2,55.3,21.5,62,8.4,4.0,22.0,3,1004.3,22.0,21.5,0.0,0.0,18.0,4.0,0.0,22.0,ED_MODERATE_SAFE,TEMP_IDEAL,AQI_SENSITIVE,HUM_HUMID,WIND_CALM,UV_MODERATE,ZONE_SUBTROPICAL
Dubai,UAE,25.2,55.3,30.7,58,10.1,6.6,32.8,5,1019.1,32.8,30.7,16.33333333333333,0.0,45.0,6.8999999999999995,11.0625,79.29583333333333,ED_VERY_DANGEROUS,TEMP_HOT,AQI_VERY_UNHEALTHY,HUM_COMFORTABLE,WIND_BREEZY,UV_HIGH,ZONE_SUBTROPICAL
Dubai,UAE,25.2,55.3,18.6,67,3.5,6.3,19.4,2,1012.0,19.4,18.6,0.0,0.0,8.0,6.449999999999999,0.0,14.45,ED_VERY_SAFE,TEMP_IDEAL,AQI_MODERATE,HUM_HUMID,WIND_CALM,UV_HIGH,ZONE_SUBTROPICAL
Dubai,UAE,25.2,55.3,10.9,49,10.7,0.1,10.9,3,1018.9,10.9,10.9,0.0,0.0,18.0,0.0,0.0,18.0,ED_MODERATE_SAFE,TEMP_COOL,AQI_SENSITIVE,HUM_COMFORTABLE,WIND_BREEZY,UV_LOW,ZONE_SUBTROPICAL
Dubai,UAE,25.2,55.3,28.1,69,5.8,11.3,29.9,1,1021.0,29.9,28.1,8.699999999999996,0.0,0.0,12.0,0.0,20.699999999999996,ED_MODERATE_SAFE,TEMP_WARM,AQI_GOOD,HUM_HUMID,WIND_CALM,UV_EXTREME,ZONE_SUBTROPICAL
Dubai,UAE,25.2,55.3,18.2,88,8.2,0.5,20.1,2,1007.5,20.1,18.2,0.0,0.0,8.0,0.0,0.0,8.0,ED_VERY_SAFE,TEMP_IDEAL,AQI_MODERATE,HUM_VERY_HUMID,WIND_CALM,UV_LOW,ZONE_SUBTROPICAL
Dubai,UAE,25.2,55.3,30.1,27,20.3,9.4,30.4,1,1004.2,30.4,30.1,10.199999999999996,0.0,0.0,10.4,0.0,20.599999999999994,ED_MODERATE_SAFE,TEMP_HOT,AQI_GOOD,HUM_DRY,WIND_WINDY,UV_VERY_HIGH,ZONE_SUBTROPICAL
Dubai,UAE,25.2,55.3,21.0,54,17.3,6.1,21.1,3,1011.7,21.1,21.0,0.0,0.0,18.0,6.1499999999999995,0.0,24.15,ED_MODERATE_SAFE,TEMP_IDEAL,AQI_SENSITIVE,HUM_COMFORTABLE,WIND_BREEZY,UV_HIGH,ZONE_SUBTROPICAL
Dubai,UAE,25.2,55.3,18.9,56,1.8,3.6,19.2,3,1003.1,19.2,18.9,0.0,0.0,18.0,3.6,0.0,21.6,ED_MODERATE_SAFE,TEMP_IDEAL,AQI_SENSITIVE,HUM_COMFORTABLE,WIND_CALM,UV_MODERATE,ZONE_SUBTROPICAL
Dubai,UAE,25.2,55.3,18.7,59,12.3,5.9,19.2,1,1003.8,19.2,18.7,0.0,0.0,0.0,5.9,0.0,5.9,ED_VERY_SAFE,TEMP_IDEAL,AQI_GOOD,HUM_COMFORTABLE,WIND_BREEZY,UV_MODERATE,ZONE_SUBTROPICAL
Dubai,UAE,25.2,55.3,25.5,60,7.0,5.7,26.2,2,1010.9,26.2,25.5,0.0,0.0,8.0,5.7,0.0,13.7,ED_VERY_SAFE,TEMP_WARM,AQI_MODERATE,HUM_HUMID,WIND_CALM,UV_MODERATE,ZONE_SUBTROPICAL
Dubai,UAE,25.2,55.3,31.8,71,7.9,5.7,34.9,5,1014.8,34.9,31.8,19.833333333333332,0.0,45.0,5.7,11.0625,81.59583333333333,ED_VERY_DANGEROUS,TEMP_HOT,AQI_VERY_UNHEALTHY,HUM_HUMID,WIND_CALM,UV_MODERATE,ZONE_SUBTROPICAL
Dubai,UAE,25.2,55.3,29.3,67,9.2,7.3,31.4,1,1003.4,31.4,29.3,13.199999999999996,0.0,0.0,7.949999999999999,0.0,21.149999999999995,ED_MODERATE_SAFE,TEMP_WARM,AQI_GOOD,HUM_HUMID,WIND_CALM,UV_HIGH,ZONE_SUBTROPICAL
Dubai,UAE,25.2,55.3,23.1,95,39.2,5.3,25.3,1,1022.8,25.3,23.1,0.0,0.0,0.0,5.3,0.0,5.3,ED_VERY_SAFE,TEMP_IDEAL,AQI_GOOD,HUM_VERY_HUMID,WIND_WINDY,UV_MODERATE,ZONE_SUBTROPICAL
Dubai,UAE,25.2,55.3,17.5,48,8.8,4.6,17.4,6,997.2,17.5,17.5,0.0,0.0,50.0,4.6,0.0,54.6,ED_CAUTION,TEMP_COOL,AQI_HAZARDOUS,HUM_COMFORTABLE,WIND_CALM,UV_MODERATE,ZONE_SUBTROPICAL
Dubai,UAE,25.2,55.3,26.7,39,12.0,5.4,26.7,2,1031.7,26.7,26.7,0.0,0.0,8.0,5.4,0.0,13.4,ED_VERY_SAFE,TEMP_WARM,AQI_MODERATE,HUM_COMFORTABLE,WIND_BREEZY,UV_MODERATE,ZONE_SUBTROPICAL
Dubai,UAE,25.2,55.3,28.8,99,3.2,7.5,32.5,1,1034.2,32.5,28.8,15.833333333333334,0.0,0.0,8.25,0.0,24.083333333333336,ED_MODERATE_SAFE,TEMP_WARM,AQI_GOOD,HUM_VERY_HUMID,WIND_CALM,UV_HIGH,ZONE_SUBTROPICAL
Dubai,UAE,25.2,55.3,13.2,65,14.1,4.9,14.0,4,1015.2,14.0,13.2,0.0,0.0,32.0,4.9,0.0,36.9,ED_CAUTION,TEMP_COOL,AQI_UNHEALTHY,HUM_HUMID,WIND_BREEZY,UV_MODERATE,ZONE_SUBTROPICAL
Dubai,UAE,25.2,55.3,26.0,53,13.2,5.9,26.4,4,998.8,26.4,26.0,0.0,0.0,32.0,5.9,0.0,37.9,ED_CAUTION,TEMP_WARM,AQI_UNHEALTHY,HUM_COMFORTABLE,WIND_BREEZY,UV_MODERATE,ZONE_SUBTROPICAL
Dubai,UAE,25.2,55.3,29.8,42,5.7,6.7,30.8,2,993.6,30.8,29.8,11.400000000000002,0.0,8.0,7.050000000000001,0.0,26.450000000000003,ED_MODERATE_SAFE,TEMP_WARM,AQI_MODERATE,HUM_COMFORTABLE,WIND_CALM,UV_HIGH,ZONE_SUBTROPICAL
Dubai,UAE,25.2,55.3,28.6,64,9.6,6.9,30.4,4,1017.4,30.4,28.6,10.199999999999996,0.0,32.0,7.3500000000000005,0.0,49.55,ED_CAUTION,TEMP_WARM,AQI_UNHEALTHY,HUM_HUMID,WIND_CALM,UV_HIGH,ZONE_SUBTROPICAL
Dubai,UAE,25.2,55.3,22.8,56,8.9,9.5,23.1,5,1011.4,23.1,22.8,0.0,0.0,45.0,10.5,0.0,55.5,ED_DANGEROUS,TEMP_IDEAL,AQI_VERY_UNHEALTHY,HUM_COMFORTABLE,WIND_CALM,UV_VERY_HIGH,ZONE_SUBTROPICAL
Dubai,UAE,25.2,55.3,25.8,5,16.0,6.6,23.8,2,1022.0,25.8,25.8,0.0,0.0,8.0,6.8999999999999995,0.0,14.899999999999999,ED_VERY_SAFE,TEMP_WARM,AQI_MODERATE,HUM_DRY,WIND_BREEZY,UV_HIGH,ZONE_SUBTROPICAL
Dubai,UAE,25.2,55.3,27.9,45,13.5,9.4,28.5,1,1008.7,28.5,27.9,4.5,0.0,0.0,10.4,0.0,14.9,ED_VERY_SAFE,TEMP_WARM,AQI_GOOD,HUM_COMFORTABLE,WIND_BREEZY,UV_VERY_HIGH,ZONE_SUBTROPICAL
Dubai,UAE,25.2,55.3,28.0,70,16.7,7.5,29.9,1,1019.4,29.9,28.0,8.699999999999996,0.0,0.0,8.25,0.0,16.949999999999996,ED_MODERATE_SAFE,TEMP_WARM,AQI_GOOD,HUM_HUMID,WIND_BREEZY,UV_HIGH,ZONE_SUBTROPICAL
Dubai,UAE,25.2,55.3,26.8,84,16.6,3.7,29.0,2,1014.7,29.0,26.8,6.0,0.0,8.0,3.7,0.0,17.7,ED_MODERATE_SAFE,TEMP_WARM,AQI_MODERATE,HUM_VERY_HUMID,WIND_BREEZY,UV_MODERATE,ZONE_SUBTROPICAL
Dubai,UAE,25.2,55.3,21.3,45,5.6,5.6,21.0,1,997.9,21.3,21.3,0.0,0.0,0.0,5.6,0.0,5.6,ED_VERY_SAFE,TEMP_IDEAL,AQI_GOOD,HUM_COMFORTABLE,WIND_CALM,UV_MODERATE,ZONE_SUBTROPICAL
Dubai,UAE,25.2,55.3,23.5,60,4.9,5.5,24.0,1,1013.7,24.0,23.5,0.0,0.0,0.0,5.5,0.0,5.5,ED_VERY_SAFE,TEMP_IDEAL,AQI_GOOD,HUM_HUMID,WIND_CALM,UV_MODERATE,ZONE_SUBTROPICAL
Dubai,UAE,25.2,55.3,12.6,45,5.1,3.2,12.3,5,1019.6,12.6,12.6,0.0,0.0,45.0,3.2,0.0,48.2,ED_CAUTION,TEMP_COOL,AQI_VERY_UNHEALTHY,HUM_COMFORTABLE,WIND_CALM,UV_MODERATE,ZONE_SUBTROPICAL
Dubai,UAE,25.2,55.3,21.1,55,1.1,6.2,21.3,3,1013.2,21.3,21.1,0.0,0.0,18.0,6.300000000000001,0.0,24.3,ED_MODERATE_SAFE,TEMP_IDEAL,AQI_SENSITIVE,HUM_COMFORTABLE,WIND_CALM,UV_HIGH,ZONE_SUBTROPICAL
Dubai,UAE,25.2,55.3,30.4,34,11.5,6.6,31.2,1,1009.1,31.2,30.4,12.599999999999998,0.0,0.0,6.8999999999999995,0.0,19.499999999999996,ED_MODERATE_SAFE,TEMP_HOT,AQI_GOOD,HUM_COMFORTABLE,WIND_BREEZY,UV_HIGH,ZONE_SUBTROPICAL
Dubai,UAE,25.2,55.3,27.3,71,11.9,10.1,29.0,1,1007.1,29.0,27.3,6.0,0.0,0.0,11.1,0.0,17.1,ED_MODERATE_SAFE,TEMP_WARM,AQI_GOOD,HUM_HUMID,WIND_BREEZY,UV_VERY_HIGH,ZONE_SUBTROPICAL
Dubai,UAE,25.2,55.3,27.6,23,9.8,4.4,27.0,3,1014.2,27.6,27.6,1.8000000000000043,0.0,18.0,4.4,0.0,24.200000000000003,ED_MODERATE_SAFE,TEMP_WARM,AQI_SENSITIVE,HUM_DRY,WIND_CALM,UV_MODERATE,ZONE_SUBTROPICAL
Dubai,UAE,25.2,55.3,18.5,60,19.4,2.9,19.0,4,1006.1,19.0,18.5,0.0,0.0,32.0,2.6999999999999997,0.0,34.7,ED_MODERATE_SAFE,TEMP_IDEAL,AQI_UNHEALTHY,HUM_HUMID,WIND_BREEZY,UV_LOW,ZONE_SUBTROPICAL
Dubai,UAE,25.2,55.3,29.0,55,5.1,4.6,30.4,4,1020.0,30.4,29.0,10.199999999999996,0.0,32.0,4.6,0.0,46.8,ED_CAUTION,TEMP_WARM,AQI_UNHEALTHY,HUM_COMFORTABLE,WIND_CALM,UV_MODERATE,ZONE_SUBTROPICAL
Dubai,UAE,25.2,55.3,21.3,79,8.3,8.3,22.7,1,1012.5,22.7,21.3,0.0,0.0,0.0,9.3,0.0,9.3,ED_VERY_SAFE,TEMP_IDEAL,AQI_GOOD,HUM_HUMID,WIND_CALM,UV_VERY_HIGH,ZONE_SUBTROPICAL
Dubai,UAE,25.2,55.3,34.1,91,2.8,8.9,38.9,6,1022.9,38.9,34.1,26.5,0.0,50.0,9.9,12.0,98.4,ED_VERY_DANGEROUS,TEMP_HOT,AQI_HAZARDOUS,HUM_VERY_HUMID,WIND_CALM,UV_VERY_HIGH,ZONE_SUBTROPICAL
Dubai,UAE,25.2,55.3,15.9,81,11.7,5.1,17.5,1,1016.3,17.5,15.9,0.0,0.0,0.0,5.1,0.0,5.1,ED_VERY_SAFE,TEMP_COOL,AQI_GOOD,HUM_VERY_HUMID,WIND_BREEZY,UV_MODERATE,ZONE_SUBTROPICAL
Dubai,UAE,25.2,55.3,21.5,5,10.1,4.3,19.2,2,1003.2,21.5,21.5,0.0,0.0,8.0,4.3,0.0,12.3,ED_VERY_SAFE,TEMP_IDEAL,AQI_MODERATE,HUM_DRY,WIND_BREEZY,UV_MODERATE,ZONE_SUBTROPICAL
Dubai,UAE,25.2,55.3,29.7,54,7.2,7.4,31.2,2,1010.8,31.2,29.7,12.599999999999998,0.0,8.0,8.100000000000001,0.0,28.7,ED_MODERATE_SAFE,TEMP_WARM,AQI_MODERATE,HUM_COMFORTABLE,WIND_CALM,UV_HIGH,ZONE_SUBTROPICAL
Dubai,UAE,25.2,55.3,24.4,79,28.3,7.1,25.9,3,1005.8,25.9,24.4,0.0,0.0,18.0,7.6499999999999995,0.0,25.65,ED_MODERATE_SAFE,TEMP_IDEAL,AQI_SENSITIVE,HUM_HUMID,WIND_WINDY,UV_HIGH,ZONE_SUBTROPICAL
Dubai,UAE,25.2,55.3,28.7,33,27.4,3.7,28.9,5,1006.0,28.9,28.7,5.699999999999996,0.0,45.0,3.7,0.0,54.4,ED_CAUTION,TEMP_WARM,AQI_VERY_UNHEALTHY,HUM_COMFORTABLE,WIND_WINDY,UV_MODERATE,ZONE_SUBTROPICAL
Dubai,UAE,25.2,55.3,13.8,25,11.0,5.3,12.5,2,1005.0,13.8,13.8,0.0,0.0,8.0,5.3,0.0,13.3,ED_VERY_SAFE,TEMP_COOL,AQI_MODERATE,HUM_DRY,WIND_BREEZY,UV_MODERATE,ZONE_SUBTROPICAL
Dubai,UAE,25.2,55.3,26.9,12,9.4,6.0,25.6,6,1029.1,26.9,26.9,0.0,0.0,50.0,6.0,0.0,56.0,ED_DANGEROUS,TEMP_WARM,AQI_HAZARDOUS,HUM_DRY,WIND_CALM,UV_HIGH,ZONE_SUBTROPICAL
Dubai,UAE,25.2,55.3,23.5,81,5.4,7.3,25.1,1,1013.2,25.1,23.5,0.0,0.0,0.0,7.949999999999999,0.0,7.949999999999999,ED_VERY_SAFE,TEMP_IDEAL,AQI_GOOD,HUM_VERY_HUMID,WIND_CALM,UV_HIGH,ZONE_SUBTROPICAL
Dubai,UAE,25.2,55.3,20.8,64,19.7,3.8,21.5,1,1020.9,21.5,20.8,0.0,0.0,0.0,3.8,0.0,3.8,ED_VERY_SAFE,TEMP_IDEAL,AQI_GOOD,HUM_HUMID,WIND_BREEZY,UV_MODERATE,ZONE_SUBTROPICAL
Dubai,UAE,25.2,55.3,14.1,73,16.2,1.2,15.3,1,1006.4,15.3,14.1,0.0,0.0,0.0,0.0,0.0,0.0,ED_VERY_SAFE,TEMP_COOL,AQI_GOOD,HUM_HUMID,WIND_BREEZY,UV_LOW,ZONE_SUBTROPICAL
Dubai,UAE,25.2,55.3,17.8,44,29.3,5.7,17.5,1,1017.3,17.8,17.8,0.0,0.0,0.0,5.7,0.0,5.7,ED_VERY_SAFE,TEMP_COOL,AQI_GOOD,HUM_COMFORTABLE,WIND_WINDY,UV_MODERATE,ZONE_SUBTROPICAL
Dubai,UAE,25.2,55.3,22.5,56,5.8,4.9,22.8,3,1010.5,22.8,22.5,0.0,0.0,18.0,4.9,0.0,22.9,ED_MODERATE_SAFE,TEMP_IDEAL,AQI_SENSITIVE,HUM_COMFORTABLE,WIND_CALM,UV_MODERATE,ZONE_SUBTROPICAL
Dubai,UAE,25.2,55.3,24.6,88,12.7,4.9,26.5,2,1003.6,26.5,24.6,0.0,0.0,8.0,4.9,0.0,12.9,ED_VERY_SAFE,TEMP_IDEAL,AQI_MODERATE,HUM_VERY_HUMID,WIND_BREEZY,UV_MODERATE,ZONE_SUBTROPICAL
Dubai,UAE,25.2,55.3,27.3,73,8.3,9.0,29.2,3,1012.4,29.2,27.3,6.599999999999998,0.0,18.0,10.0,0.0,34.599999999999994,ED_MODERATE_SAFE,TEMP_WARM,AQI_SENSITIVE,HUM_HUMID,WIND_CALM,UV_VERY_HIGH,ZONE_SUBTROPICAL
Dubai,UAE,25.2,55.3,15.7,57,10.3,7.8,16.0,2,1008.8,16.0,15.7,0.0,0.0,8.0,8.7,0.0,16.7,ED_MODERATE_SAFE,TEMP_COOL,AQI_MODERATE,HUM_COMFORTABLE,WIND_BREEZY,UV_HIGH,ZONE_SUBTROPICAL
Dubai,UAE,25.2,55.3,23.6,77,5.9,0.0,24.9,1,1025.3,24.9,23.6,0.0,0.0,0.0,0.0,0.0,0.0,ED_VERY_SAFE,TEMP_IDEAL,AQI_GOOD,HUM_HUMID,WIND_CALM,UV_LOW,ZONE_SUBTROPICAL
Dubai,UAE,25.2,55.3,21.0,35,13.9,7.1,20.3,6,1013.4,21.0,21.0,0.0,0.0,50.0,7.6499999999999995,0.0,57.65,ED_DANGEROUS,TEMP_IDEAL,AQI_HAZARDOUS,HUM_COMFORTABLE,WIND_BREEZY,UV_HIGH,ZONE_SUBTROPICAL
Dubai,UAE,25.2,55.3,24.2,52,2.0,6.6,24.3,6,1007.7,24.3,24.2,0.0,0.0,50.0,6.8999999999999995,0.0,56.9,ED_DANGEROUS,TEMP_IDEAL,AQI_HAZARDOUS,HUM_COMFORTABLE,WIND_CALM,UV_HIGH,ZONE_SUBTROPICAL
Dubai,UAE,25.2,55.3,25.5,48,10.2,7.7,25.6,4,1012.3,25.6,25.5,0.0,0.0,32.0,8.55,0.0,40.55,ED_CAUTION,TEMP_WARM,AQI_UNHEALTHY,HUM_COMFORTABLE,WIND_BREEZY,UV_HIGH,ZONE_SUBTROPICAL
Dubai,UAE,25.2,55.3,14.8,41,17.9,3.1,14.3,2,1016.8,14.8,14.8,0.0,0.0,8.0,3.1,0.0,11.1,ED_VERY_SAFE,TEMP_COOL,AQI_MODERATE,HUM_COMFORTABLE,WIND_BREEZY,UV_MODERATE,ZONE_SUBTROPICAL
Dubai,UAE,25.2,55.3,22.2,91,15.6,5.4,24.3,3,1007.4,24.3,22.2,0.0,0.0,18.0,5.4,0.0,23.4,ED_MODERATE_SAFE,TEMP_IDEAL,AQI_SENSITIVE,HUM_VERY_HUMID,WIND_BREEZY,UV_MODERATE,ZONE_SUBTROPICAL
Dubai,UAE,25.2,55.3,15.7,69,16.6,4.7,16.7,2,1012.5,16.7,15.7,0.0,0.0,8.0,4.7,0.0,12.7,ED_VERY_SAFE,TEMP_COOL,AQI_MODERATE,HUM_HUMID,WIND_BREEZY,UV_MODERATE,ZONE_SUBTROPICAL
Dubai,UAE,25.2,55.3,17.5,67,5.2,1.3,18.3,6,1002.2,18.3,17.5,0.0,0.0,50.0,0.0,0.0,50.0,ED_CAUTION,TEMP_COOL,AQI_HAZARDOUS,HUM_HUMID,WIND_CALM,UV_LOW,ZONE_SUBTROPICAL
Dubai,UAE,25.2,55.3,12.6,65,11.2,0.4,13.4,4,1021.1,13.4,12.6,0.0,0.0,32.0,0.0,0.0,32.0,ED_MODERATE_SAFE,TEMP_COOL,AQI_UNHEALTHY,HUM_HUMID,WIND_BREEZY,UV_LOW,ZONE_SUBTROPICAL
Dubai,UAE,25.2,55.3,24.7,28,24.9,2.3,23.6,1,1000.8,24.7,24.7,0.0,0.0,0.0,0.8999999999999995,0.0,0.8999999999999995,ED_VERY_SAFE,TEMP_IDEAL,AQI_GOOD,HUM_DRY,WIND_WINDY,UV_LOW,ZONE_SUBTROPICAL
Dubai,UAE,25.2,55.3,22.4,64,8.6,6.3,23.1,2,1017.7,23.1,22.4,0.0,0.0,8.0,6.449999999999999,0.0,14.45,ED_VERY_SAFE,TEMP_IDEAL,AQI_MODERATE,HUM_HUMID,WIND_CALM,UV_HIGH,ZONE_SUBTROPICAL
Dubai,UAE,25.2,55.3,25.5,100,5.0,8.9,28.2,5,1024.3,28.2,25.5,3.599999999999998,0.0,45.0,9.9,0.0,58.49999999999999,ED_DANGEROUS,TEMP_WARM,AQI_VERY_UNHEALTHY,HUM_VERY_HUMID,WIND_CALM,UV_VERY_HIGH,ZONE_SUBTROPICAL
Dubai,UAE,25.2,55.3,19.8,53,3.1,7.1,19.9,4,992.2,19.9,19.8,0.0,0.0,32.0,7.6499999999999995,0.0,39.65,ED_CAUTION,TEMP_IDEAL,AQI_UNHEALTHY,HUM_COMFORTABLE,WIND_CALM,UV_HIGH,ZONE_SUBTROPICAL
Dubai,UAE,25.2,55.3,23.4,69,13.5,9.1,24.4,3,1018.9,24.4,23.4,0.0,0.0,18.0,10.1,0.0,28.1,ED_MODERATE_SAFE,TEMP_IDEAL,AQI_SENSITIVE,HUM_HUMID,WIND_BREEZY,UV_VERY_HIGH,ZONE_SUBTROPICAL
Dubai,UAE,25.2,55.3,11.6,66,6.6,5.8,12.4,4,1007.6,12.4,11.6,0.0,0.0,32.0,5.8,0.0,37.8,ED_CAUTION,TEMP_COOL,AQI_UNHEALTHY,HUM_HUMID,WIND_CALM,UV_MODERATE,ZONE_SUBTROPICAL
Dubai,UAE,25.2,55.3,22.4,38,3.7,9.7,21.9,4,1019.6,22.4,22.4,0.0,0.0,32.0,10.7,0.0,42.7,ED_CAUTION,TEMP_IDEAL,AQI_UNHEALTHY,HUM_COMFORTABLE,WIND_CALM,UV_VERY_HIGH,ZONE_SUBTROPICAL
Dubai,UAE,25.2,55.3,11.9,46,22.4,3.1,11.7,1,1019.3,11.9,11.9,0.0,0.0,0.0,3.1,0.0,3.1,ED_VERY_SAFE,TEMP_COOL,AQI_GOOD,HUM_COMFORTABLE,WIND_WINDY,UV_MODERATE,ZONE_SUBTROPICAL
Dubai,UAE,25.2,55.3,20.7,48,25.6,4.2,20.6,2,1014.8,20.7,20.7,0.0,0.0,8.0,4.2,0.0,12.2,ED_VERY_SAFE,TEMP_IDEAL,AQI_MODERATE,HUM_COMFORTABLE,WIND_WINDY,UV_MODERATE,ZONE_SUBTROPICAL
Dubai,UAE,25.2,55.3,17.3,70,13.6,10.2,18.3,1,1018.2,18.3,17.3,0.0,0.0,0.0,11.2,0.0,11.2,ED_VERY_SAFE,TEMP_COOL,AQI_GOOD,HUM_HUMID,WIND_BREEZY,UV_VERY_HIGH,ZONE_SUBTROPICAL
Dubai,UAE,25.2,55.3,13.2,81,4.1,6.1,14.8,2,1005.4,14.8,13.2,0.0,0.0,8.0,6.1499999999999995,0.0,14.149999999999999,ED_VERY_SAFE,TEMP_COOL,AQI_MODERATE,HUM_VERY_HUMID,WIND_CALM,UV_HIGH,ZONE_SUBTROPICAL
Dubai,UAE,25.2,55.3,25.9,56,14.7,8.7,26.5,2,1014.8,26.5,25.9,0.0,0.0,8.0,9.7,0.0,17.7,ED_MODERATE_SAFE,TEMP_WARM,AQI_MODERATE,HUM_COMFORTABLE,WIND_BREEZY,UV_VERY_HIGH,ZONE_SUBTROPICAL
Dubai,UAE,25.2,55.3,25.2,73,13.6,4.4,26.5,1,1017.3,26.5,25.2,0.0,0.0,0.0,4.4,0.0,4.4,ED_VERY_SAFE,TEMP_WARM,AQI_GOOD,HUM_HUMID,WIND_BREEZY,UV_MODERATE,ZONE_SUBTROPICAL
Dubai,UAE,25.2,55.3,24.9,76,14.0,11.0,26.2,2,1004.3,26.2,24.9,0.0,0.0,8.0,12.0,0.0,20.0,ED_MODERATE_SAFE,TEMP_IDEAL,AQI_MODERATE,HUM_HUMID,WIND_BREEZY,UV_EXTREME,ZONE_SUBTROPICAL
Dubai,UAE,25.2,55.3,19.9,74,18.1,5.8,21.1,1,1016.6,21.1,19.9,0.0,0.0,0.0,5.8,0.0,5.8,ED_VERY_SAFE,TEMP_IDEAL,AQI_GOOD,HUM_HUMID,WIND_BREEZY,UV_MODERATE,ZONE_SUBTROPICAL
Dubai,UAE,25.2,55.3,27.6,72,14.4,6.1,29.4,2,1018.6,29.4,27.6,7.199999999999996,0.0,8.0,6.1499999999999995,0.0,21.349999999999994,ED_MODERATE_SAFE,TEMP_WARM,AQI_MODERATE,HUM_HUMID,WIND_BREEZY,UV_HIGH,ZONE_SUBTROPICAL
Dubai,UAE,25.2,55.3,24.8,70,6.5,3.0,25.8,4,1010.8,25.8,24.8,0.0,0.0,32.0,3.0,0.0,35.0,ED_CAUTION,TEMP_IDEAL,AQI_UNHEALTHY,HUM_HUMID,WIND_CALM,UV_MODERATE,ZONE_SUBTROPICAL
Dubai,UAE,25.2,55.3,19.4,43,16.4,4.8,19.0,4,1018.5,19.4,19.4,0.0,0.0,32.0,4.8,0.0,36.8,ED_CAUTION,TEMP_IDEAL,AQI_UNHEALTHY,HUM_COMFORTABLE,WIND_BREEZY,UV_MODERATE,ZONE_SUBTROPICAL
Dubai,UAE,25.2,55.3,14.0,84,12.2,6.2,15.8,1,1007.9,15.8,14.0,0.0,0.0,0.0,6.300000000000001,0.0,6.300000000000001,ED_VERY_SAFE,TEMP_COOL,AQI_GOOD,HUM_VERY_HUMID,WIND_BREEZY,UV_HIGH,ZONE_SUBTROPICAL
Dubai,UAE,25.2,55.3,16.1,33,2.2,9.3,15.2,2,1008.7,16.1,16.1,0.0,0.0,8.0,10.3,0.0,18.3,ED_MODERATE_SAFE,TEMP_COOL,AQI_MODERATE,HUM_COMFORTABLE,WIND_CALM,UV_VERY_HIGH,ZONE_SUBTROPICAL
Dubai,UAE,25.2,55.3,12.0,38,23.0,7.6,11.4,3,1011.8,12.0,12.0,0.0,0.0,18.0,8.399999999999999,0.0,26.4,ED_MODERATE_SAFE,TEMP_COOL,AQI_SENSITIVE,HUM_COMFORTABLE,WIND_WINDY,UV_HIGH,ZONE_SUBTROPICAL
Dubai,UAE,25.2,55.3,28.9,89,7.5,2.0,32.1,1,1005.3,32.1,28.9,15.16666666666667,0.0,0.0,0.0,0.0,15.16666666666667,ED_MODERATE_SAFE,TEMP_WARM,AQI_GOOD,HUM_VERY_HUMID,WIND_CALM,UV_LOW,ZONE_SUBTROPICAL
Dubai,UAE,25.2,55.3,16.5,67,9.6,2.0,17.3,6,1013.6,17.3,16.5,0.0,0.0,50.0,0.0,0.0,50.0,ED_CAUTION,TEMP_COOL,AQI_HAZARDOUS,HUM_HUMID,WIND_CALM,UV_LOW,ZONE_SUBTROPICAL
Dubai,UAE,25.2,55.3,20.9,42,18.6,9.1,20.4,1,1001.0,20.9,20.9,0.0,0.0,0.0,10.1,0.0,10.1,ED_VERY_SAFE,TEMP_IDEAL,AQI_GOOD,HUM_COMFORTABLE,WIND_BREEZY,UV_VERY_HIGH,ZONE_SUBTROPICAL
Dubai,UAE,25.2,55.3,18.3,58,2.4,8.8,18.8,6,1002.7,18.8,18.3,0.0,0.0,50.0,9.8,0.0,59.8,ED_DANGEROUS,TEMP_IDEAL,AQI_HAZARDOUS,HUM_COMFORTABLE,WIND_CALM,UV_VERY_HIGH,ZONE_SUBTROPICAL
Dubai,UAE,25.2,55.3,17.9,64,6.3,5.2,18.6,3,1002.6,18.6,17.9,0.0,0.0,18.0,5.2,0.0,23.2,ED_MODERATE_SAFE,TEMP_COOL,AQI_SENSITIVE,HUM_HUMID,WIND_CALM,UV_MODERATE,ZONE_SUBTROPICAL
Dubai,UAE,25.2,55.3,27.2,76,3.5,1.3,29.2,1,1020.4,29.2,27.2,6.599999999999998,0.0,0.0,0.0,0.0,6.599999999999998,ED_VERY_SAFE,TEMP_WARM,AQI_GOOD,HUM_HUMID,WIND_CALM,UV_LOW,ZONE_SUBTROPICAL
Dubai,UAE,25.2,55.3,28.3,65,14.9,7.0,30.1,2,1021.4,30.1,28.3,9.300000000000004,0.0,8.0,7.5,0.0,24.800000000000004,ED_MODERATE_SAFE,TEMP_WARM,AQI_MODERATE,HUM_HUMID,WIND_BREEZY,UV_HIGH,ZONE_SUBTROPICAL
Dubai,UAE,25.2,55.3,29.3,55,9.7,5.0,30.8,6,1000.0,30.8,29.3,11.400000000000002,0.0,50.0,5.0,0.0,66.4,ED_DANGEROUS,TEMP_WARM,AQI_HAZARDOUS,HUM_COMFORTABLE,WIND_CALM,UV_MODERATE,ZONE_SUBTROPICAL
Dubai,UAE,25.2,55.3,29.0,53,15.0,2.9,30.3,1,1012.8,30.3,29.0,9.900000000000002,0.0,0.0,2.6999999999999997,0.0,12.600000000000001,ED_VERY_SAFE,TEMP_WARM,AQI_GOOD,HUM_COMFORTABLE,WIND_BREEZY,UV_LOW,ZONE_SUBTROPICAL
Dubai,UAE,25.2,55.3,21.2,65,7.4,1.2,21.9,2,1009.5,21.9,21.2,0.0,0.0,8.0,0.0,0.0,8.0,ED_VERY_SAFE,TEMP_IDEAL,AQI_MODERATE,HUM_HUMID,WIND_CALM,UV_LOW,ZONE_SUBTROPICAL
Dubai,UAE,25.2,55.3,32.7,88,3.0,8.1,36.9,1,1015.4,36.9,32.7,23.166666666666664,0.0,0.0,9.1,0.0,32.266666666666666,ED_MODERATE_SAFE,TEMP_HOT,AQI_GOOD,HUM_VERY_HUMID,WIND_CALM,UV_VERY_HIGH,ZONE_SUBTROPICAL
Dubai,UAE,25.2,55.3,20.8,44,5.5,11.1,20.5,3,1010.6,20.8,20.8,0.0,0.0,18.0,12.0,0.0,30.0,ED_MODERATE_SAFE,TEMP_IDEAL,AQI_SENSITIVE,HUM_COMFORTABLE,WIND_CALM,UV_EXTREME,ZONE_SUBTROPICAL
Dubai,UAE,25.2,55.3,18.8,65,14.4,7.4,19.5,2,1016.9,19.5,18.8,0.0,0.0,8.0,8.100000000000001,0.0,16.1,ED_MODERATE_SAFE,TEMP_IDEAL,AQI_MODERATE,HUM_HUMID,WIND_BREEZY,UV_HIGH,ZONE_SUBTROPICAL
Dubai,UAE,25.2,55.3,14.8,77,18.6,5.4,16.2,5,1008.0,16.2,14.8,0.0,0.0,45.0,5.4,0.0,50.4,ED_CAUTION,TEMP_COOL,AQI_VERY_UNHEALTHY,HUM_HUMID,WIND_BREEZY,UV_MODERATE,ZONE_SUBTROPICAL
Dubai,UAE,25.2,55.3,28.7,100,5.1,1.9,32.3,3,1011.2,32.3,28.7,15.499999999999995,0.0,18.0,0.0,0.0,33.49999999999999,ED_MODERATE_SAFE,TEMP_WARM,AQI_SENSITIVE,HUM_VERY_HUMID,WIND_CALM,UV_LOW,ZONE_SUBTROPICAL
Dubai,UAE,25.2,55.3,31.0,33,16.4,1.2,31.9,3,996.7,31.9,31.0,14.699999999999996,0.0,18.0,0.0,0.0,32.699999999999996,ED_MODERATE_SAFE,TEMP_HOT,AQI_SENSITIVE,HUM_COMFORTABLE,WIND_BREEZY,UV_LOW,ZONE_SUBTROPICAL
Dubai,UAE,25.2,55.3,18.9,77,7.3,5.9,20.3,2,1012.9,20.3,18.9,0.0,0.0,8.0,5.9,0.0,13.9,ED_VERY_SAFE,TEMP_IDEAL,AQI_MODERATE,HUM_HUMID,WIND_CALM,UV_MODERATE,ZONE_SUBTROPICAL
Dubai,UAE,25.2,55.3,18.1,50,25.9,3.9,18.1,1,1009.1,18.1,18.1,0.0,0.0,0.0,3.9,0.0,3.9,ED_VERY_SAFE,TEMP_IDEAL,AQI_GOOD,HUM_COMFORTABLE,WIND_WINDY,UV_MODERATE,ZONE_SUBTROPICAL
Dubai,UAE,25.2,55.3,27.0,67,15.1,8.9,28.4,1,1004.3,28.4,27.0,4.199999999999996,0.0,0.0,9.9,0.0,14.099999999999996,ED_VERY_SAFE,TEMP_WARM,AQI_GOOD,HUM_HUMID,WIND_BREEZY,UV_VERY_HIGH,ZONE_SUBTROPICAL
Dubai,UAE,25.2,55.3,17.3,100,23.1,9.1,19.8,4,1009.3,19.8,17.3,0.0,0.0,32.0,10.1,0.0,42.1,ED_CAUTION,TEMP_COOL,AQI_UNHEALTHY,HUM_VERY_HUMID,WIND_WINDY,UV_VERY_HIGH,ZONE_SUBTROPICAL
Dubai,UAE,25.2,55.3,25.5,55,9.1,7.0,25.9,2,1011.2,25.9,25.5,0.0,0.0,8.0,7.5,0.0,15.5,ED_MODERATE_SAFE,TEMP_WARM,AQI_MODERATE,HUM_COMFORTABLE,WIND_CALM,UV_HIGH,ZONE_SUBTROPICAL
Dubai,UAE,25.2,55.3,17.1,64,55.5,7.3,17.8,4,1019.8,17.8,17.1,0.0,0.0,32.0,7.949999999999999,0.0,39.95,ED_CAUTION,TEMP_COOL,AQI_UNHEALTHY,HUM_HUMID,WIND_STRONG,UV_HIGH,ZONE_SUBTROPICAL
Dubai,UAE,25.2,55.3,24.8,72,35.9,2.6,25.9,3,1017.4,25.9,24.8,0.0,0.0,18.0,1.8000000000000003,0.0,19.8,ED_MODERATE_SAFE,TEMP_IDEAL,AQI_SENSITIVE,HUM_HUMID,WIND_WINDY,UV_LOW,ZONE_SUBTROPICAL
Dubai,UAE,25.2,55.3,16.7,52,7.9,6.3,16.8,1,1027.0,16.8,16.7,0.0,0.0,0.0,6.449999999999999,0.0,6.449999999999999,ED_VERY_SAFE,TEMP_COOL,AQI_GOOD,HUM_COMFORTABLE,WIND_CALM,UV_HIGH,ZONE_SUBTROPICAL
Dubai,UAE,25.2,55.3,18.0,35,8.4,5.1,17.2,3,1002.0,18.0,18.0,0.0,0.0,18.0,5.1,0.0,23.1,ED_MODERATE_SAFE,TEMP_IDEAL,AQI_SENSITIVE,HUM_COMFORTABLE,WIND_CALM,UV_MODERATE,ZONE_SUBTROPICAL
Dubai,UAE,25.2,55.3,18.9,80,36.5,10.0,20.4,3,994.4,20.4,18.9,0.0,0.0,18.0,11.0,0.0,29.0,ED_MODERATE_SAFE,TEMP_IDEAL,AQI_SENSITIVE,HUM_VERY_HUMID,WIND_WINDY,UV_VERY_HIGH,ZONE_SUBTROPICAL
Dubai,UAE,25.2,55.3,17.0,71,10.0,3.0,18.1,3,1013.7,18.1,17.0,0.0,0.0,18.0,3.0,0.0,21.0,ED_MODERATE_SAFE,TEMP_COOL,AQI_SENSITIVE,HUM_HUMID,WIND_BREEZY,UV_MODERATE,ZONE_SUBTROPICAL
Dubai,UAE,25.2,55.3,20.2,44,13.7,3.6,19.9,2,1011.9,20.2,20.2,0.0,0.0,8.0,3.6,0.0,11.6,ED_VERY_SAFE,TEMP_IDEAL,AQI_MODERATE,HUM_COMFORTABLE,WIND_BREEZY,UV_MODERATE,ZONE_SUBTROPICAL
Dubai,UAE,25.2,55.3,23.3,6,12.1,13.0,21.1,3,1004.1,23.3,23.3,0.0,0.0,18.0,12.0,0.0,30.0,ED_MODERATE_SAFE,TEMP_IDEAL,AQI_SENSITIVE,HUM_DRY,WIND_BREEZY,UV_EXTREME,ZONE_SUBTROPICAL
Dubai,UAE,25.2,55.3,15.7,77,23.1,6.4,17.0,4,996.3,17.0,15.7,0.0,0.0,32.0,6.6000000000000005,0.0,38.6,ED_CAUTION,TEMP_COOL,AQI_UNHEALTHY,HUM_HUMID,WIND_WINDY,UV_HIGH,ZONE_SUBTROPICAL
Dubai,UAE,25.2,55.3,21.1,55,25.7,3.6,21.4,2,1012.5,21.4,21.1,0.0,0.0,8.0,3.6,0.0,11.6,ED_VERY_SAFE,TEMP_IDEAL,AQI_MODERATE,HUM_COMFORTABLE,WIND_WINDY,UV_MODERATE,ZONE_SUBTROPICAL
Dubai,UAE,25.2,55.3,20.6,79,14.4,6.1,22.0,3,1011.4,22.0,20.6,0.0,0.0,18.0,6.1499999999999995,0.0,24.15,ED_MODERATE_SAFE,TEMP_IDEAL,AQI_SENSITIVE,HUM_HUMID,WIND_BREEZY,UV_HIGH,ZONE_SUBTROPICAL
Dubai,UAE,25.2,55.3,18.3,54,1.4,7.9,18.5,2,1008.0,18.5,18.3,0.0,0.0,8.0,8.850000000000001,0.0,16.85,ED_MODERATE_SAFE,TEMP_IDEAL,AQI_MODERATE,HUM_COMFORTABLE,WIND_CALM,UV_HIGH,ZONE_SUBTROPICAL
Dubai,UAE,25.2,55.3,21.1,48,0.8,9.9,21.0,1,1020.7,21.1,21.1,0.0,0.0,0.0,10.9,0.0,10.9,ED_VERY_SAFE,TEMP_IDEAL,AQI_GOOD,HUM_COMFORTABLE,WIND_CALM,UV_VERY_HIGH,ZONE_SUBTROPICAL
Dubai,UAE,25.2,55.3,26.1,37,8.5,6.0,25.9,4,1007.1,26.1,26.1,0.0,0.0,32.0,6.0,0.0,38.0,ED_CAUTION,TEMP_WARM,AQI_UNHEALTHY,HUM_COMFORTABLE,WIND_CALM,UV_HIGH,ZONE_SUBTROPICAL
Dubai,UAE,25.2,55.3,22.7,69,26.0,8.3,23.7,2,1018.0,23.7,22.7,0.0,0.0,8.0,9.3,0.0,17.3,ED_MODERATE_SAFE,TEMP_IDEAL,AQI_MODERATE,HUM_HUMID,WIND_WINDY,UV_VERY_HIGH,ZONE_SUBTROPICAL
Dubai,UAE,25.2,55.3,24.7,43,25.3,8.1,24.3,1,1015.4,24.7,24.7,0.0,0.0,0.0,9.1,0.0,9.1,ED_VERY_SAFE,TEMP_IDEAL,AQI_GOOD,HUM_COMFORTABLE,WIND_WINDY,UV_VERY_HIGH,ZONE_SUBTROPICAL
Dubai,UAE,25.2,55.3,25.0,64,12.6,8.4,25.7,2,1015.5,25.7,25.0,0.0,0.0,8.0,9.4,0.0,17.4,ED_MODERATE_SAFE,TEMP_WARM,AQI_MODERATE,HUM_HUMID,WIND_BREEZY,UV_VERY_HIGH,ZONE_SUBTROPICAL
Dubai,UAE,25.2,55.3,16.0,68,31.6,5.3,16.9,1,1004.3,16.9,16.0,0.0,0.0,0.0,5.3,0.0,5.3,ED_VERY_SAFE,TEMP_COOL,AQI_GOOD,HUM_HUMID,WIND_WINDY,UV_MODERATE,ZONE_SUBTROPICAL
Dubai,UAE,25.2,55.3,17.5,53,2.6,1.9,17.7,1,1013.2,17.7,17.5,0.0,0.0,0.0,0.0,0.0,0.0,ED_VERY_SAFE,TEMP_COOL,AQI_GOOD,HUM_COMFORTABLE,WIND_CALM,UV_LOW,ZONE_SUBTROPICAL
Dubai,UAE,25.2,55.3,16.8,90,14.5,9.1,18.8,1,1004.3,18.8,16.8,0.0,0.0,0.0,10.1,0.0,10.1,ED_VERY_SAFE,TEMP_COOL,AQI_GOOD,HUM_VERY_HUMID,WIND_BREEZY,UV_VERY_HIGH,ZONE_SUBTROPICAL
Dubai,UAE,25.2,55.3,27.6,63,14.9,3.5,29.0,3,1008.1,29.0,27.6,6.0,0.0,18.0,3.5,0.0,27.5,ED_MODERATE_SAFE,TEMP_WARM,AQI_SENSITIVE,HUM_HUMID,WIND_BREEZY,UV_MODERATE,ZONE_SUBTROPICAL
Dubai,UAE,25.2,55.3,25.0,33,18.1,2.3,24.2,4,1007.4,25.0,25.0,0.0,0.0,32.0,0.8999999999999995,0.0,32.9,ED_MODERATE_SAFE,TEMP_WARM,AQI_UNHEALTHY,HUM_COMFORTABLE,WIND_BREEZY,UV_LOW,ZONE_SUBTROPICAL
Dubai,UAE,25.2,55.3,25.7,65,6.4,4.6,26.7,1,1012.5,26.7,25.7,0.0,0.0,0.0,4.6,0.0,4.6,ED_VERY_SAFE,TEMP_WARM,AQI_GOOD,HUM_HUMID,WIND_CALM,UV_MODERATE,ZONE_SUBTROPICAL
Dubai,UAE,25.2,55.3,24.3,29,10.8,5.2,23.3,5,1010.4,24.3,24.3,0.0,0.0,45.0,5.2,0.0,50.2,ED_CAUTION,TEMP_IDEAL,AQI_VERY_UNHEALTHY,HUM_DRY,WIND_BREEZY,UV_MODERATE,ZONE_SUBTROPICAL
Dubai,UAE,25.2,55.3,26.6,67,12.7,3.9,28.0,1,1014.0,28.0,26.6,3.0,0.0,0.0,3.9,0.0,6.9,ED_VERY_SAFE,TEMP_WARM,AQI_GOOD,HUM_HUMID,WIND_BREEZY,UV_MODERATE,ZONE_SUBTROPICAL
Reykjavik,Iceland,64.1,-21.9,14.3,29,13.1,3.9,13.3,1,1012.2,14.3,14.3,0.0,0.0,0.0,3.9,0.0,3.9,ED_VERY_SAFE,TEMP_COOL,AQI_GOOD,HUM_DRY,WIND_BREEZY,UV_MODERATE,ZONE_TEMPERATE
Reykjavik,Iceland,64.1,-21.9,4.3,69,6.0,6.2,5.3,1,1002.5,5.3,2.918604134346185,0.0,0.0,0.0,6.300000000000001,0.0,6.300000000000001,ED_VERY_SAFE,TEMP_COLD,AQI_GOOD,HUM_HUMID,WIND_CALM,UV_HIGH,ZONE_TEMPERATE
Reykjavik,Iceland,64.1,-21.9,15.4,58,20.8,9.1,15.7,4,1026.1,15.7,15.4,0.0,0.0,32.0,10.1,0.0,42.1,ED_CAUTION,TEMP_COOL,AQI_UNHEALTHY,HUM_COMFORTABLE,WIND_WINDY,UV_VERY_HIGH,ZONE_TEMPERATE
Reykjavik,Iceland,64.1,-21.9,17.9,80,6.7,4.5,19.4,5,1001.8,19.4,17.9,0.0,0.0,45.0,4.5,0.0,49.5,ED_CAUTION,TEMP_COOL,AQI_VERY_UNHEALTHY,HUM_VERY_HUMID,WIND_CALM,UV_MODERATE,ZONE_TEMPERATE
Reykjavik,Iceland,64.1,-21.9,6.1,56,11.1,6.4,6.4,3,1017.4,6.4,3.7546546948408994,0.0,0.0,18.0,6.6000000000000005,0.0,24.6,ED_MODERATE_SAFE,TEMP_COLD,AQI_SENSITIVE,HUM_COMFORTABLE,WIND_BREEZY,UV_HIGH,ZONE_TEMPERATE
Reykjavik,Iceland,64.1,-21.9,3.8,47,34.1,1.5,3.7,2,1028.7,3.8,-1.8668404633507523,0.0,2.800260695026127,8.0,0.0,0.0,10.800260695026127,ED_VERY_SAFE,TEMP_COLD,AQI_MODERATE,HUM_COMFORTABLE,WIND_WINDY,UV_LOW,ZONE_TEMPERATE
Reykjavik,Iceland,64.1,-21.9,7.4,65,24.4,4.2,8.1,2,1004.8,8.1,3.6549401081178674,0.0,0.0,8.0,4.2,0.0,12.2,ED_VERY_SAFE,TEMP_COLD,AQI_MODERATE,HUM_HUMID,WIND_WINDY,UV_MODERATE,ZONE_TEMPERATE
Reykjavik,Iceland,64.1,-21.9,10.7,27,34.6,1.4,9.6,1,1025.4,10.7,10.7,0.0,0.0,0.0,0.0,0.0,0.0,ED_VERY_SAFE,TEMP_COOL,AQI_GOOD,HUM_DRY,WIND_WINDY,UV_LOW,ZONE_TEMPERATE
Reykjavik,Iceland,64.1,-21.9,12.5,53,14.0,0.1,12.6,2,1037.5,12.6,12.5,0.0,0.0,8.0,0.0,0.0,8.0,ED_VERY_SAFE,TEMP_COOL,AQI_MODERATE,HUM_COMFORTABLE,WIND_BREEZY,UV_LOW,ZONE_TEMPERATE
Reykjavik,Iceland,64.1,-21.9,8.8,22,13.3,2.4,7.4,2,1009.3,8.8,6.666171869177192,0.0,0.0,8.0,1.1999999999999997,0.0,9.2,ED_VERY_SAFE,TEMP_COLD,AQI_MODERATE,HUM_DRY,WIND_BREEZY,UV_LOW,ZONE_TEMPERATE
Reykjavik,Iceland,64.1,-21.9,6.4,44,6.9,5.8,6.1,5,1015.1,6.4,5.066797882222771,0.0,0.0,45.0,5.8,0.0,50.8,ED_CAUTION,TEMP_COLD,AQI_VERY_UNHEALTHY,HUM_COMFORTABLE,WIND_CALM,UV_MODERATE,ZONE_TEMPERATE
Reykjavik,Iceland,64.1,-21.9,0.6,57,15.7,0.6,0.9,4,1015.0,0.9,-3.8021189954997348,0.0,5.703178493249602,32.0,0.0,0.0,37.7031784932496,ED_CAUTION,TEMP_COLD,AQI_UNHEALTHY,HUM_COMFORTABLE,WIND_BREEZY,UV_LOW,ZONE_TEMPERATE
Reykjavik,Iceland,64.1,-21.9,12.3,44,14.0,2.5,12.0,1,1009.1,12.3,12.3,0.0,0.0,0.0,1.5,0.0,1.5,ED_VERY_SAFE,TEMP_COOL,AQI_GOOD,HUM_COMFORTABLE,WIND_BREEZY,UV_LOW,ZONE_TEMPERATE
Reykjavik,Iceland,64.1,-21.9,6.1,30,8.7,0.0,5.1,1,1011.0,6.1,4.257622336131968,0.0,0.0,0.0,0.0,0.0,0.0,ED_VERY_SAFE,TEMP_COLD,AQI_GOOD,HUM_COMFORTABLE,WIND_CALM,UV_LOW,ZONE_TEMPERATE
Reykjavik,Iceland,64.1,-21.9,5.9,44,14.2,1.2,5.6,1,1021.4,5.9,2.9803007701673203,0.0,0.0,0.0,0.0,0.0,0.0,ED_VERY_SAFE,TEMP_COLD,AQI_GOOD,HUM_COMFORTABLE,WIND_BREEZY,UV_LOW,ZONE_TEMPERATE
Reykjavik,Iceland,64.1,-21.9,4.4,38,5.1,0.0,3.8,1,1017.8,4.4,3.362656405151525,0.0,0.0,0.0,0.0,0.0,0.0,ED_VERY_SAFE,TEMP_COLD,AQI_GOOD,HUM_COMFORTABLE,WIND_CALM,UV_LOW,ZONE_TEMPERATE
Reykjavik,Iceland,64.1,-21.9,4.0,37,4.4,0.0,3.3,2,1011.8,4.0,4.0,0.0,0.0,8.0,0.0,0.0,8.0,ED_VERY_SAFE,TEMP_COLD,AQI_MODERATE,HUM_COMFORTABLE,WIND_CALM,UV_LOW,ZONE_TEMPERATE
Reykjavik,Iceland,64.1,-21.9,5.2,51,11.5,11.1,5.2,3,1012.2,5.2,2.593101286940991,0.0,0.0,18.0,12.0,0.0,30.0,ED_MODERATE_SAFE,TEMP_COLD,AQI_SENSITIVE,HUM_COMFORTABLE,WIND_BREEZY,UV_EXTREME,ZONE_TEMPERATE
Reykjavik,Iceland,64.1,-21.9,-3.3,43,4.8,0.0,-3.6,3,994.4,-3.3,-3.3,0.0,4.949999999999999,18.0,0.0,0.0,22.95,ED_MODERATE_SAFE,TEMP_FREEZING,AQI_SENSITIVE,HUM_COMFORTABLE,WIND_CALM,UV_LOW,ZONE_TEMPERATE
Reykjavik,Iceland,64.1,-21.9,18.3,61,14.2,4.1,18.9,2,1010.8,18.9,18.3,0.0,0.0,8.0,4.1,0.0,12.1,ED_VERY_SAFE,TEMP_IDEAL,AQI_MODERATE,HUM_HUMID,WIND_BREEZY,UV_MODERATE,ZONE_TEMPERATE
Reykjavik,Iceland,64.1,-21.9,12.4,44,2.6,0.0,12.1,4,1001.2,12.4,12.4,0.0,0.0,32.0,0.0,0.0,32.0,ED_MODERATE_SAFE,TEMP_COOL,AQI_UNHEALTHY,HUM_COMFORTABLE,WIND_CALM,UV_LOW,ZONE_TEMPERATE
Reykjavik,Iceland,64.1,-21.9,13.1,38,1.8,0.2,12.4,4,1011.1,13.1,13.1,0.0,0.0,32.0,0.0,0.0,32.0,ED_MODERATE_SAFE,TEMP_COOL,AQI_UNHEALTHY,HUM_COMFORTABLE,WIND_CALM,UV_LOW,ZONE_TEMPERATE
Reykjavik,Iceland,64.1,-21.9,5.6,83,28.6,0.0,7.2,2,1018.3,7.2,0.9537750225344848,0.0,0.0,8.0,0.0,0.0,8.0,ED_VERY_SAFE,TEMP_COLD,AQI_MODERATE,HUM_VERY_HUMID,WIND_WINDY,UV_LOW,ZONE_TEMPERATE
Reykjavik,Iceland,64.1,-21.9,16.2,22,11.8,0.0,14.8,1,1008.1,16.2,16.2,0.0,0.0,0.0,0.0,0.0,0.0,ED_VERY_SAFE,TEMP_COOL,AQI_GOOD,HUM_DRY,WIND_BREEZY,UV_LOW,ZONE_TEMPERATE
Reykjavik,Iceland,64.1,-21.9,4.1,34,17.9,3.2,3.3,1,1016.6,4.1,0.20815462626706438,0.0,0.0,0.0,3.2,0.0,3.2,ED_VERY_SAFE,TEMP_COLD,AQI_GOOD,HUM_COMFORTABLE,WIND_BREEZY,UV_MODERATE,ZONE_TEMPERATE
Reykjavik,Iceland,64.1,-21.9,14.7,35,5.4,2.3,13.9,4,1008.8,14.7,14.7,0.0,0.0,32.0,0.8999999999999995,0.0,32.9,ED_MODERATE_SAFE,TEMP_COOL,AQI_UNHEALTHY,HUM_COMFORTABLE,WIND_CALM,UV_LOW,ZONE_TEMPERATE
Reykjavik,Iceland,64.1,-21.9,10.3,23,16.3,1.9,8.9,1,1017.3,10.3,10.3,0.0,0.0,0.0,0.0,0.0,0.0,ED_VERY_SAFE,TEMP_COOL,AQI_GOOD,HUM_DRY,WIND_BREEZY,UV_LOW,ZONE_TEMPERATE
Reykjavik,Iceland,64.1,-21.9,10.6,70,5.8,4.4,11.5,2,1012.8,11.5,10.6,0.0,0.0,8.0,4.4,0.0,12.4,ED_VERY_SAFE,TEMP_COOL,AQI_MODERATE,HUM_HUMID,WIND_CALM,UV_MODERATE,ZONE_TEMPERATE
Reykjavik,Iceland,64.1,-21.9,1.9,26,5.7,2.8,0.7,2,1020.1,1.9,0.2750553202037792,0.0,0.0,8.0,2.3999999999999995,0.0,10.399999999999999,ED_VERY_SAFE,TEMP_COLD,AQI_MODERATE,HUM_DRY,WIND_CALM,UV_LOW,ZONE_TEMPERATE
Reykjavik,Iceland,64.1,-21.9,3.7,54,6.6,1.4,3.9,4,1024.1,3.9,2.0261260513812784,0.0,0.0,32.0,0.0,0.0,32.0,ED_MODERATE_SAFE,TEMP_COLD,AQI_UNHEALTHY,HUM_COMFORTABLE,WIND_CALM,UV_LOW,ZONE_TEMPERATE
Reykjavik,Iceland,64.1,-21.9,3.8,23,11.8,1.0,2.4,1,1013.0,3.8,0.8422970843159145,0.0,0.0,0.0,0.0,0.0,0.0,ED_VERY_SAFE,TEMP_COLD,AQI_GOOD,HUM_DRY,WIND_BREEZY,UV_LOW,ZONE_TEMPERATE
Reykjavik,Iceland,64.1,-21.9,-5.2,79,7.9,3.9,-3.7,2,1008.4,-3.7,-8.80805191399683,0.0,13.212077870995245,8.0,3.9,0.0,25.112077870995243,ED_MODERATE_SAFE,TEMP_FREEZING,AQI_MODERATE,HUM_HUMID,WIND_CALM,UV_MODERATE,ZONE_TEMPERATE
Reykjavik,Iceland,64.1,-21.9,9.3,15,17.0,6.7,7.6,2,1009.1,9.3,6.811316168710408,0.0,0.0,8.0,7.050000000000001,0.0,15.05,ED_MODERATE_SAFE,TEMP_COLD,AQI_MODERATE,HUM_DRY,WIND_BREEZY,UV_HIGH,ZONE_TEMPERATE
Reykjavik,Iceland,64.1,-21.9,4.1,52,5.3,5.3,4.2,2,1011.6,4.2,2.943758765784533,0.0,0.0,8.0,5.3,0.0,13.3,ED_VERY_SAFE,TEMP_COLD,AQI_MODERATE,HUM_COMFORTABLE,WIND_CALM,UV_MODERATE,ZONE_TEMPERATE
Reykjavik,Iceland,64.1,-21.9,11.4,47,23.8,0.9,11.2,1,1003.4,11.4,11.4,0.0,0.0,0.0,0.0,0.0,0.0,ED_VERY_SAFE,TEMP_COOL,AQI_GOOD,HUM_COMFORTABLE,WIND_WINDY,UV_LOW,ZONE_TEMPERATE
Reykjavik,Iceland,64.1,-21.9,7.9,50,9.1,3.6,7.9,3,1020.0,7.9,6.301147822560478,0.0,0.0,18.0,3.6,0.0,21.6,ED_MODERATE_SAFE,TEMP_COLD,AQI_SENSITIVE,HUM_COMFORTABLE,WIND_CALM,UV_MODERATE,ZONE_TEMPERATE
Reykjavik,Iceland,64.1,-21.9,4.6,27,19.4,6.0,3.5,3,1021.3,4.6,0.6371727913035428,0.0,0.0,18.0,6.0,0.0,24.0,ED_MODERATE_SAFE,TEMP_COLD,AQI_SENSITIVE,HUM_DRY,WIND_BREEZY,UV_HIGH,ZONE_TEMPERATE
Reykjavik,Iceland,64.1,-21.9,3.7,40,1.9,1.8,3.2,4,1018.1,3.7,3.7,0.0,0.0,32.0,0.0,0.0,32.0,ED_MODERATE_SAFE,TEMP_COLD,AQI_UNHEALTHY,HUM_COMFORTABLE,WIND_CALM,UV_LOW,ZONE_TEMPERATE
Reykjavik,Iceland,64.1,-21.9,6.2,51,3.5,2.8,6.3,2,1016.9,6.3,6.2,0.0,0.0,8.0,2.3999999999999995,0.0,10.399999999999999,ED_VERY_SAFE,TEMP_COLD,AQI_MODERATE,HUM_COMFORTABLE,WIND_CALM,UV_LOW,ZONE_TEMPERATE
Reykjavik,Iceland,64.1,-21.9,6.2,12,22.6,5.3,4.4,2,1005.4,6.2,2.296955129727472,0.0,0.0,8.0,5.3,0.0,13.3,ED_VERY_SAFE,TEMP_COLD,AQI_MODERATE,HUM_DRY,WIND_WINDY,UV_MODERATE,ZONE_TEMPERATE
Reykjavik,Iceland,64.1,-21.9,17.8,64,8.3,2.2,18.5,3,1017.8,18.5,17.8,0.0,0.0,18.0,0.6000000000000005,0.0,18.6,ED_MODERATE_SAFE,TEMP_COOL,AQI_SENSITIVE,HUM_HUMID,WIND_CALM,UV_LOW,ZONE_TEMPERATE
Reykjavik,Iceland,64.1,-21.9,2.4,33,6.4,0.0,1.5,4,1015.8,2.4,0.5902502222908959,0.0,0.0,32.0,0.0,0.0,32.0,ED_MODERATE_SAFE,TEMP_COLD,AQI_UNHEALTHY,HUM_COMFORTABLE,WIND_CALM,UV_LOW,ZONE_TEMPERATE
Reykjavik,Iceland,64.1,-21.9,3.9,9,12.2,5.3,1.9,2,1000.0,3.9,0.8853188649456962,0.0,0.0,8.0,5.3,0.0,13.3,ED_VERY_SAFE,TEMP_COLD,AQI_MODERATE,HUM_DRY,WIND_BREEZY,UV_MODERATE,ZONE_TEMPERATE
Reykjavik,Iceland,64.1,-21.9,12.8,47,23.3,0.5,12.7,5,1015.1,12.8,12.8,0.0,0.0,45.0,0.0,0.0,45.0,ED_CAUTION,TEMP_COOL,AQI_VERY_UNHEALTHY,HUM_COMFORTABLE,WIND_WINDY,UV_LOW,ZONE_TEMPERATE
Reykjavik,Iceland,64.1,-21.9,15.0,60,12.4,4.4,15.5,1,1017.1,15.5,15.0,0.0,0.0,0.0,4.4,0.0,4.4,ED_VERY_SAFE,TEMP_COOL,AQI_GOOD,HUM_HUMID,WIND_BREEZY,UV_MODERATE,ZONE_TEMPERATE
Reykjavik,Iceland,64.1,-21.9,0.6,93,26.9,4.8,2.7,3,1005.4,2.7,-5.35823327152752,0.0,8.03734990729128,18.0,4.8,0.0,30.83734990729128,ED_MODERATE_SAFE,TEMP_COLD,AQI_SENSITIVE,HUM_VERY_HUMID,WIND_WINDY,UV_MODERATE,ZONE_TEMPERATE
Reykjavik,Iceland,64.1,-21.9,7.8,50,3.1,2.8,7.8,1,1016.6,7.8,7.8,0.0,0.0,0.0,2.3999999999999995,0.0,2.3999999999999995,ED_VERY_SAFE,TEMP_COLD,AQI_GOOD,HUM_COMFORTABLE,WIND_CALM,UV_LOW,ZONE_TEMPERATE
Reykjavik,Iceland,64.1,-21.9,4.9,83,15.0,0.0,6.5,2,1021.7,6.5,1.625664291770681,0.0,0.0,8.0,0.0,0.0,8.0,ED_VERY_SAFE,TEMP_COLD,AQI_MODERATE,HUM_VERY_HUMID,WIND_BREEZY,UV_LOW,ZONE_TEMPERATE
Reykjavik,Iceland,64.1,-21.9,4.5,43,24.2,6.5,4.2,1,1008.9,4.5,-0.04338486228500216,0.0,0.06507729342750324,0.0,6.75,0.0,6.815077293427503,ED_VERY_SAFE,TEMP_COLD,AQI_GOOD,HUM_COMFORTABLE,WIND_WINDY,UV_HIGH,ZONE_TEMPERATE
Reykjavik,Iceland,64.1,-21.9,-1.8,5,6.9,4.7,-4.0,4,1009.7,-1.8,-4.45816781742049,0.0,6.687251726130736,32.0,4.7,0.0,43.38725172613074,ED_CAUTION,TEMP_FREEZING,AQI_UNHEALTHY,HUM_DRY,WIND_CALM,UV_MODERATE,ZONE_TEMPERATE
Reykjavik,Iceland,64.1,-21.9,14.3,8,7.3,4.0,12.2,1,1028.7,14.3,14.3,0.0,0.0,0.0,4.0,0.0,4.0,ED_VERY_SAFE,TEMP_COOL,AQI_GOOD,HUM_DRY,WIND_CALM,UV_MODERATE,ZONE_TEMPERATE
Reykjavik,Iceland,64.1,-21.9,-7.6,32,13.9,0.1,-8.5,2,1010.3,-7.6,-13.51852369728487,0.0,17.932103081070725,8.0,0.0,0.0,25.932103081070725,ED_MODERATE_SAFE,TEMP_FREEZING,AQI_MODERATE,HUM_COMFORTABLE,WIND_BREEZY,UV_LOW,ZONE_TEMPERATE
Reykjavik,Iceland,64.1,-21.9,8.4,26,8.5,3.5,7.2,1,1016.9,8.4,7.018404081449838,0.0,0.0,0.0,3.5,0.0,3.5,ED_VERY_SAFE,TEMP_COLD,AQI_GOOD,HUM_DRY,WIND_CALM,UV_MODERATE,ZONE_TEMPERATE
Reykjavik,Iceland,64.1,-21.9,11.6,5,21.9,2.0,9.4,3,1002.0,11.6,11.6,0.0,0.0,18.0,0.0,0.0,18.0,ED_MODERATE_SAFE,TEMP_COOL,AQI_SENSITIVE,HUM_DRY,WIND_WINDY,UV_LOW,ZONE_TEMPERATE
Reykjavik,Iceland,64.1,-21.9,3.1,39,5.1,6.5,2.6,1,1023.3,3.1,1.8857500681717998,0.0,0.0,0.0,6.75,0.0,6.75,ED_VERY_SAFE,TEMP_COLD,AQI_GOOD,HUM_COMFORTABLE,WIND_CALM,UV_HIGH,ZONE_TEMPERATE
Reykjavik,Iceland,64.1,-21.9,0.1,37,12.7,2.0,-0.5,2,1000.9,0.1,-3.8336323166885085,0.0,5.750448475032762,8.0,0.0,0.0,13.750448475032762,ED_VERY_SAFE,TEMP_COLD,AQI_MODERATE,HUM_COMFORTABLE,WIND_BREEZY,UV_LOW,ZONE_TEMPERATE
Reykjavik,Iceland,64.1,-21.9,9.3,80,10.1,4.1,10.8,5,1011.0,10.8,7.777593396831174,0.0,0.0,45.0,4.1,0.0,49.1,ED_CAUTION,TEMP_COLD,AQI_VERY_UNHEALTHY,HUM_VERY_HUMID,WIND_BREEZY,UV_MODERATE,ZONE_TEMPERATE
Reykjavik,Iceland,64.1,-21.9,8.7,59,3.0,8.1,9.1,2,1007.1,9.1,8.7,0.0,0.0,8.0,9.1,0.0,17.1,ED_MODERATE_SAFE,TEMP_COLD,AQI_MODERATE,HUM_COMFORTABLE,WIND_CALM,UV_VERY_HIGH,ZONE_TEMPERATE
Reykjavik,Iceland,64.1,-21.9,18.3,61,14.9,3.5,18.8,4,1023.0,18.8,18.3,0.0,0.0,32.0,3.5,0.0,35.5,ED_CAUTION,TEMP_IDEAL,AQI_UNHEALTHY,HUM_HUMID,WIND_BREEZY,UV_MODERATE,ZONE_TEMPERATE
Reykjavik,Iceland,64.1,-21.9,-4.4,23,8.6,3.9,-5.8,2,997.4,-4.4,-8.118991197531477,0.0,12.178486796297214,8.0,3.9,0.0,24.078486796297213,ED_MODERATE_SAFE,TEMP_FREEZING,AQI_MODERATE,HUM_DRY,WIND_CALM,UV_MODERATE,ZONE_TEMPERATE
Reykjavik,Iceland,64.1,-21.9,8.2,9,17.1,7.5,6.1,1,1007.5,8.2,5.429382256375737,0.0,0.0,0.0,8.25,0.0,8.25,ED_VERY_SAFE,TEMP_COLD,AQI_GOOD,HUM_DRY,WIND_BREEZY,UV_HIGH,ZONE_TEMPERATE
Reykjavik,Iceland,64.1,-21.9,13.6,57,9.0,4.7,13.9,1,1026.2,13.9,13.6,0.0,0.0,0.0,4.7,0.0,4.7,ED_VERY_SAFE,TEMP_COOL,AQI_GOOD,HUM_COMFORTABLE,WIND_CALM,UV_MODERATE,ZONE_TEMPERATE
Reykjavik,Iceland,64.1,-21.9,13.8,30,13.1,4.3,12.8,1,1003.8,13.8,13.8,0.0,0.0,0.0,4.3,0.0,4.3,ED_VERY_SAFE,TEMP_COOL,AQI_GOOD,HUM_COMFORTABLE,WIND_BREEZY,UV_MODERATE,ZONE_TEMPERATE
Reykjavik,Iceland,64.1,-21.9,10.1,8,3.4,2.2,7.9,2,1016.1,10.1,10.1,0.0,0.0,8.0,0.6000000000000005,0.0,8.600000000000001,ED_VERY_SAFE,TEMP_COOL,AQI_MODERATE,HUM_DRY,WIND_CALM,UV_LOW,ZONE_TEMPERATE
Reykjavik,Iceland,64.1,-21.9,8.9,41,5.2,0.0,8.4,1,1015.8,8.9,8.44335856685283,0.0,0.0,0.0,0.0,0.0,0.0,ED_VERY_SAFE,TEMP_COLD,AQI_GOOD,HUM_COMFORTABLE,WIND_CALM,UV_LOW,ZONE_TEMPERATE
Reykjavik,Iceland,64.1,-21.9,10.3,38,9.0,5.2,9.7,1,997.7,10.3,10.3,0.0,0.0,0.0,5.2,0.0,5.2,ED_VERY_SAFE,TEMP_COOL,AQI_GOOD,HUM_COMFORTABLE,WIND_CALM,UV_MODERATE,ZONE_TEMPERATE
Reykjavik,Iceland,64.1,-21.9,15.3,46,7.1,1.0,15.1,1,1021.0,15.3,15.3,0.0,0.0,0.0,0.0,0.0,0.0,ED_VERY_SAFE,TEMP_COOL,AQI_GOOD,HUM_COMFORTABLE,WIND_CALM,UV_LOW,ZONE_TEMPERATE
Reykjavik,Iceland,64.1,-21.9,-3.0,75,10.3,4.3,-1.8,3,1016.8,-1.8,-6.984561832281506,0.0,10.476842748422259,18.0,4.3,0.0,32.776842748422254,ED_MODERATE_SAFE,TEMP_FREEZING,AQI_SENSITIVE,HUM_HUMID,WIND_BREEZY,UV_MODERATE,ZONE_TEMPERATE
Reykjavik,Iceland,64.1,-21.9,5.7,62,0.9,6.6,6.3,4,1010.8,6.3,5.7,0.0,0.0,32.0,6.8999999999999995,0.0,38.9,ED_CAUTION,TEMP_COLD,AQI_UNHEALTHY,HUM_HUMID,WIND_CALM,UV_HIGH,ZONE_TEMPERATE
Reykjavik,Iceland,64.1,-21.9,3.1,31,9.2,0.3,2.1,5,989.7,3.1,0.5829164984985167,0.0,0.0,45.0,0.0,0.0,45.0,ED_CAUTION,TEMP_COLD,AQI_VERY_UNHEALTHY,HUM_COMFORTABLE,WIND_CALM,UV_LOW,ZONE_TEMPERATE
Reykjavik,Iceland,64.1,-21.9,5.1,24,1.9,3.8,3.8,4,1003.5,5.1,5.1,0.0,0.0,32.0,3.8,0.0,35.8,ED_CAUTION,TEMP_COLD,AQI_UNHEALTHY,HUM_DRY,WIND_CALM,UV_MODERATE,ZONE_TEMPERATE
Reykjavik,Iceland,64.1,-21.9,3.7,54,6.8,0.9,3.9,2,1009.9,3.9,1.9619996816739835,0.0,0.0,8.0,0.0,0.0,8.0,ED_VERY_SAFE,TEMP_COLD,AQI_MODERATE,HUM_COMFORTABLE,WIND_CALM,UV_LOW,ZONE_TEMPERATE
Reykjavik,Iceland,64.1,-21.9,8.3,43,7.1,4.6,8.0,1,1003.9,8.3,7.2233765669038315,0.0,0.0,0.0,4.6,0.0,4.6,ED_VERY_SAFE,TEMP_COLD,AQI_GOOD,HUM_COMFORTABLE,WIND_CALM,UV_MODERATE,ZONE_TEMPERATE
Reykjavik,Iceland,64.1,-21.9,1.3,30,2.4,1.5,0.3,4,1020.8,1.3,1.3,0.0,0.0,32.0,0.0,0.0,32.0,ED_MODERATE_SAFE,TEMP_COLD,AQI_UNHEALTHY,HUM_COMFORTABLE,WIND_CALM,UV_LOW,ZONE_TEMPERATE
Reykjavik,Iceland,64.1,-21.9,10.5,23,7.7,7.2,9.1,1,1003.9,10.5,10.5,0.0,0.0,0.0,7.800000000000001,0.0,7.800000000000001,ED_VERY_SAFE,TEMP_COOL,AQI_GOOD,HUM_DRY,WIND_CALM,UV_HIGH,ZONE_TEMPERATE
Reykjavik,Iceland,64.1,-21.9,12.7,82,7.2,5.1,14.3,3,1000.7,14.3,12.7,0.0,0.0,18.0,5.1,0.0,23.1,ED_MODERATE_SAFE,TEMP_COOL,AQI_SENSITIVE,HUM_VERY_HUMID,WIND_CALM,UV_MODERATE,ZONE_TEMPERATE
Reykjavik,Iceland,64.1,-21.9,-3.9,59,1.4,5.8,-3.5,2,1017.3,-3.5,-3.9,0.0,5.850000000000001,8.0,5.8,0.0,19.650000000000002,ED_MODERATE_SAFE,TEMP_FREEZING,AQI_MODERATE,HUM_COMFORTABLE,WIND_CALM,UV_MODERATE,ZONE_TEMPERATE
Reykjavik,Iceland,64.1,-21.9,1.6,31,5.1,5.5,0.7,1,1020.2,1.6,0.18162737165673237,0.0,0.0,0.0,5.5,0.0,5.5,ED_VERY_SAFE,TEMP_COLD,AQI_GOOD,HUM_COMFORTABLE,WIND_CALM,UV_MODERATE,ZONE_TEMPERATE
Reykjavik,Iceland,64.1,-21.9,10.1,69,3.4,7.9,11.0,2,1020.3,11.0,10.1,0.0,0.0,8.0,8.850000000000001,0.0,16.85,ED_MODERATE_SAFE,TEMP_COOL,AQI_MODERATE,HUM_HUMID,WIND_CALM,UV_HIGH,ZONE_TEMPERATE
Reykjavik,Iceland,64.1,-21.9,-2.6,35,5.3,5.2,-3.4,1,1024.0,-2.6,-4.689273930162872,0.0,7.033910895244308,0.0,5.2,0.0,12.233910895244307,ED_VERY_SAFE,TEMP_FREEZING,AQI_GOOD,HUM_COMFORTABLE,WIND_CALM,UV_MODERATE,ZONE_TEMPERATE
Reykjavik,Iceland,64.1,-21.9,11.5,51,4.1,2.1,11.6,5,996.1,11.6,11.5,0.0,0.0,45.0,0.30000000000000027,0.0,45.3,ED_CAUTION,TEMP_COOL,AQI_VERY_UNHEALTHY,HUM_COMFORTABLE,WIND_CALM,UV_LOW,ZONE_TEMPERATE
Reykjavik,Iceland,64.1,-21.9,4.8,5,3.8,8.7,2.6,1,1021.1,4.8,4.8,0.0,0.0,0.0,9.7,0.0,9.7,ED_VERY_SAFE,TEMP_COLD,AQI_GOOD,HUM_DRY,WIND_CALM,UV_VERY_HIGH,ZONE_TEMPERATE
Reykjavik,Iceland,64.1,-21.9,-0.2,49,19.2,0.7,-0.2,1,1013.0,-0.2,-5.3742143625403145,0.0,8.061321543810472,0.0,0.0,0.0,8.061321543810472,ED_VERY_SAFE,TEMP_FREEZING,AQI_GOOD,HUM_COMFORTABLE,WIND_BREEZY,UV_LOW,ZONE_TEMPERATE
Reykjavik,Iceland,64.1,-21.9,-2.7,66,8.7,5.3,-1.8,3,1014.8,-1.8,-6.143871532923353,0.0,9.21580729938503,18.0,5.3,0.0,32.51580729938503,ED_MODERATE_SAFE,TEMP_FREEZING,AQI_SENSITIVE,HUM_HUMID,WIND_CALM,UV_MODERATE,ZONE_TEMPERATE
Reykjavik,Iceland,64.1,-21.9,-3.8,57,12.5,6.5,-3.4,5,1022.3,-3.4,-8.530720726342725,0.0,12.796081089514088,45.0,6.75,0.0,64.54608108951409,ED_DANGEROUS,TEMP_FREEZING,AQI_VERY_UNHEALTHY,HUM_COMFORTABLE,WIND_BREEZY,UV_HIGH,ZONE_TEMPERATE
Reykjavik,Iceland,64.1,-21.9,2.1,31,22.3,7.3,1.1,1,1005.8,2.1,-2.891352644473055,0.0,4.337028966709582,0.0,7.949999999999999,0.0,12.287028966709581,ED_VERY_SAFE,TEMP_COLD,AQI_GOOD,HUM_COMFORTABLE,WIND_WINDY,UV_HIGH,ZONE_TEMPERATE
Reykjavik,Iceland,64.1,-21.9,14.4,58,33.8,0.7,14.8,2,1015.3,14.8,14.4,0.0,0.0,8.0,0.0,0.0,8.0,ED_VERY_SAFE,TEMP_COOL,AQI_MODERATE,HUM_COMFORTABLE,WIND_WINDY,UV_LOW,ZONE_TEMPERATE
Reykjavik,Iceland,64.1,-21.9,12.6,59,4.4,7.1,13.1,1,1022.4,13.1,12.6,0.0,0.0,0.0,7.6499999999999995,0.0,7.6499999999999995,ED_VERY_SAFE,TEMP_COOL,AQI_GOOD,HUM_COMFORTABLE,WIND_CALM,UV_HIGH,ZONE_TEMPERATE
Reykjavik,Iceland,64.1,-21.9,8.2,47,14.9,3.3,8.0,2,1006.3,8.2,5.708057376081971,0.0,0.0,8.0,3.3,0.0,11.3,ED_VERY_SAFE,TEMP_COLD,AQI_MODERATE,HUM_COMFORTABLE,WIND_BREEZY,UV_MODERATE,ZONE_TEMPERATE
Reykjavik,Iceland,64.1,-21.9,-2.0,75,7.7,2.4,-0.8,1,1024.3,-0.8,-4.983840604581731,0.0,7.475760906872597,0.0,1.1999999999999997,0.0,8.675760906872597,ED_VERY_SAFE,TEMP_FREEZING,AQI_GOOD,HUM_HUMID,WIND_CALM,UV_LOW,ZONE_TEMPERATE
Reykjavik,Iceland,64.1,-21.9,-7.6,71,12.9,0.5,-6.5,3,999.9,-6.5,-13.258286506377924,0.0,17.715238755314935,18.0,0.0,0.0,35.715238755314935,ED_CAUTION,TEMP_FREEZING,AQI_SENSITIVE,HUM_HUMID,WIND_BREEZY,UV_LOW,ZONE_TEMPERATE
Reykjavik,Iceland,64.1,-21.9,0.4,68,12.9,0.2,1.3,2,1021.8,1.3,-3.510691028380318,0.0,5.266036542570477,8.0,0.0,0.0,13.266036542570477,ED_VERY_SAFE,TEMP_COLD,AQI_MODERATE,HUM_HUMID,WIND_BREEZY,UV_LOW,ZONE_TEMPERATE
Reykjavik,Iceland,64.1,-21.9,13.7,56,13.1,5.2,14.0,1,1024.5,14.0,13.7,0.0,0.0,0.0,5.2,0.0,5.2,ED_VERY_SAFE,TEMP_COOL,AQI_GOOD,HUM_COMFORTABLE,WIND_BREEZY,UV_MODERATE,ZONE_TEMPERATE
Reykjavik,Iceland,64.1,-21.9,19.9,25,7.5,4.2,18.6,6,1012.6,19.9,19.9,0.0,0.0,50.0,4.2,0.0,54.2,ED_CAUTION,TEMP_IDEAL,AQI_HAZARDOUS,HUM_DRY,WIND_CALM,UV_MODERATE,ZONE_TEMPERATE
Reykjavik,Iceland,64.1,-21.9,1.5,67,40.9,6.5,2.3,1,1031.2,2.3,-5.4598082775722085,0.0,8.189712416358313,0.0,6.75,0.0,14.939712416358313,ED_VERY_SAFE,TEMP_COLD,AQI_GOOD,HUM_HUMID,WIND_STRONG,UV_HIGH,ZONE_TEMPERATE
Reykjavik,Iceland,64.1,-21.9,14.0,55,10.0,1.2,14.2,1,1020.3,14.2,14.0,0.0,0.0,0.0,0.0,0.0,0.0,ED_VERY_SAFE,TEMP_COOL,AQI_GOOD,HUM_COMFORTABLE,WIND_BREEZY,UV_LOW,ZONE_TEMPERATE
Reykjavik,Iceland,64.1,-21.9,-1.9,77,15.1,1.4,-0.6,1,1030.3,-0.6,-6.778828967821918,0.0,10.168243451732877,0.0,0.0,0.0,10.168243451732877,ED_VERY_SAFE,TEMP_FREEZING,AQI_GOOD,HUM_HUMID,WIND_BREEZY,UV_LOW,ZONE_TEMPERATE
Reykjavik,Iceland,64.1,-21.9,10.4,81,16.5,2.3,11.9,1,1004.8,11.9,10.4,0.0,0.0,0.0,0.8999999999999995,0.0,0.8999999999999995,ED_VERY_SAFE,TEMP_COOL,AQI_GOOD,HUM_VERY_HUMID,WIND_BREEZY,UV_LOW,ZONE_TEMPERATE
Reykjavik,Iceland,64.1,-21.9,14.7,26,28.7,0.0,13.5,5,1003.6,14.7,14.7,0.0,0.0,45.0,0.0,0.0,45.0,ED_CAUTION,TEMP_COOL,AQI_VERY_UNHEALTHY,HUM_DRY,WIND_WINDY,UV_LOW,ZONE_TEMPERATE
Reykjavik,Iceland,64.1,-21.9,4.2,38,13.7,3.2,3.6,1,1013.6,4.2,0.9780791508559874,0.0,0.0,0.0,3.2,0.0,3.2,ED_VERY_SAFE,TEMP_COLD,AQI_GOOD,HUM_COMFORTABLE,WIND_BREEZY,UV_MODERATE,ZONE_TEMPERATE
Reykjavik,Iceland,64.1,-21.9,-5.4,54,1.0,0.9,-5.2,1,1011.3,-5.2,-5.4,0.0,8.100000000000001,0.0,0.0,0.0,8.100000000000001,ED_VERY_SAFE,TEMP_FREEZING,AQI_GOOD,HUM_COMFORTABLE,WIND_CALM,UV_LOW,ZONE_TEMPERATE
Reykjavik,Iceland,64.1,-21.9,13.1,77,3.6,1.4,14.4,4,1014.4,14.4,13.1,0.0,0.0,32.0,0.0,0.0,32.0,ED_MODERATE_SAFE,TEMP_COOL,AQI_UNHEALTHY,HUM_HUMID,WIND_CALM,UV_LOW,ZONE_TEMPERATE
Reykjavik,Iceland,64.1,-21.9,8.4,55,43.4,1.4,8.6,2,1006.3,8.6,3.643826731913089,0.0,0.0,8.0,0.0,0.0,8.0,ED_VERY_SAFE,TEMP_COLD,AQI_MODERATE,HUM_COMFORTABLE,WIND_STRONG,UV_LOW,ZONE_TEMPERATE
Reykjavik,Iceland,64.1,-21.9,5.2,23,7.5,9.5,3.8,5,1022.5,5.2,3.502617182001608,0.0,0.0,45.0,10.5,0.0,55.5,ED_DANGEROUS,TEMP_COLD,AQI_VERY_UNHEALTHY,HUM_DRY,WIND_CALM,UV_VERY_HIGH,ZONE_TEMPERATE
Reykjavik,Iceland,64.1,-21.9,-3.7,63,11.5,7.2,-3.1,2,1011.4,-3.1,-8.154336028928705,0.0,12.231504043393059,8.0,7.800000000000001,0.0,28.03150404339306,ED_MODERATE_SAFE,TEMP_FREEZING,AQI_MODERATE,HUM_HUMID,WIND_BREEZY,UV_HIGH,ZONE_TEMPERATE
Reykjavik,Iceland,64.1,-21.9,12.2,30,7.0,8.9,11.2,1,1001.9,12.2,12.2,0.0,0.0,0.0,9.9,0.0,9.9,ED_VERY_SAFE,TEMP_COOL,AQI_GOOD,HUM_COMFORTABLE,WIND_CALM,UV_VERY_HIGH,ZONE_TEMPERATE
Reykjavik,Iceland,64.1,-21.9,14.6,51,9.6,0.5,14.6,4,1007.3,14.6,14.6,0.0,0.0,32.0,0.0,0.0,32.0,ED_MODERATE_SAFE,TEMP_COOL,AQI_UNHEALTHY,HUM_COMFORTABLE,WIND_CALM,UV_LOW,ZONE_TEMPERATE
Reykjavik,Iceland,64.1,-21.9,12.7,56,4.9,4.3,13.1,2,992.7,13.1,12.7,0.0,0.0,8.0,4.3,0.0,12.3,ED_VERY_SAFE,TEMP_COOL,AQI_MODERATE,HUM_COMFORTABLE,WIND_CALM,UV_MODERATE,ZONE_TEMPERATE
Reykjavik,Iceland,64.1,-21.9,8.5,54,24.9,2.7,8.7,1,1008.3,8.7,5.022374216797323,0.0,0.0,0.0,2.1000000000000005,0.0,2.1000000000000005,ED_VERY_SAFE,TEMP_COLD,AQI_GOOD,HUM_COMFORTABLE,WIND_WINDY,UV_LOW,ZONE_TEMPERATE
Reykjavik,Iceland,64.1,-21.9,12.4,42,3.8,1.3,12.0,2,1011.8,12.4,12.4,0.0,0.0,8.0,0.0,0.0,8.0,ED_VERY_SAFE,TEMP_COOL,AQI_MODERATE,HUM_COMFORTABLE,WIND_CALM,UV_LOW,ZONE_TEMPERATE
Reykjavik,Iceland,64.1,-21.9,5.9,61,7.9,0.0,6.5,4,1015.6,6.5,4.216732268412615,0.0,0.0,32.0,0.0,0.0,32.0,ED_MODERATE_SAFE,TEMP_COLD,AQI_UNHEALTHY,HUM_HUMID,WIND_CALM,UV_LOW,ZONE_TEMPERATE
Reykjavik,Iceland,64.1,-21.9,14.6,68,6.3,4.3,15.5,4,1021.8,15.5,14.6,0.0,0.0,32.0,4.3,0.0,36.3,ED_CAUTION,TEMP_COOL,AQI_UNHEALTHY,HUM_HUMID,WIND_CALM,UV_MODERATE,ZONE_TEMPERATE
Reykjavik,Iceland,64.1,-21.9,-1.8,80,10.4,4.7,-0.3,1,1021.8,-0.3,-5.574911456388481,0.0,8.362367184582721,0.0,4.7,0.0,13.062367184582723,ED_VERY_SAFE,TEMP_FREEZING,AQI_GOOD,HUM_VERY_HUMID,WIND_BREEZY,UV_MODERATE,ZONE_TEMPERATE
Reykjavik,Iceland,64.1,-21.9,19.0,73,14.9,5.1,20.1,1,1003.9,20.1,19.0,0.0,0.0,0.0,5.1,0.0,5.1,ED_VERY_SAFE,TEMP_IDEAL,AQI_GOOD,HUM_HUMID,WIND_BREEZY,UV_MODERATE,ZONE_TEMPERATE
Reykjavik,Iceland,64.1,-21.9,0.1,41,6.5,1.4,-0.4,1,1015.3,0.1,-2.10439935026686,0.0,3.15659902540029,0.0,0.0,0.0,3.15659902540029,ED_VERY_SAFE,TEMP_COLD,AQI_GOOD,HUM_COMFORTABLE,WIND_CALM,UV_LOW,ZONE_TEMPERATE
Reykjavik,Iceland,64.1,-21.9,-7.6,5,7.6,3.1,-9.9,1,1003.6,-7.6,-11.500589356958084,0.0,16.2504911307984,0.0,3.1,0.0,19.350491130798403,ED_MODERATE_SAFE,TEMP_FREEZING,AQI_GOOD,HUM_DRY,WIND_CALM,UV_MODERATE,ZONE_TEMPERATE
Reykjavik,Iceland,64.1,-21.9,8.1,30,20.1,3.5,7.1,6,1029.8,8.1,4.968130849080188,0.0,0.0,50.0,3.5,0.0,53.5,ED_CAUTION,TEMP_COLD,AQI_HAZARDOUS,HUM_COMFORTABLE,WIND_WINDY,UV_MODERATE,ZONE_TEMPERATE
Reykjavik,Iceland,64.1,-21.9,10.9,35,17.8,2.7,10.2,1,1012.4,10.9,10.9,0.0,0.0,0.0,2.1000000000000005,0.0,2.1000000000000005,ED_VERY_SAFE,TEMP_COOL,AQI_GOOD,HUM_COMFORTABLE,WIND_BREEZY,UV_LOW,ZONE_TEMPERATE
Reykjavik,Iceland,64.1,-21.9,-2.5,47,12.7,3.4,-2.6,2,1006.7,-2.5,-6.997725443138636,0.0,10.496588164707955,8.0,3.4,0.0,21.896588164707953,ED_MODERATE_SAFE,TEMP_FREEZING,AQI_MODERATE,HUM_COMFORTABLE,WIND_BREEZY,UV_MODERATE,ZONE_TEMPERATE
Reykjavik,Iceland,64.1,-21.9,8.0,23,30.9,1.9,6.6,1,1012.5,8.0,3.8981153768234558,0.0,0.0,0.0,0.0,0.0,0.0,ED_VERY_SAFE,TEMP_COLD,AQI_GOOD,HUM_DRY,WIND_WINDY,UV_LOW,ZONE_TEMPERATE
Reykjavik,Iceland,64.1,-21.9,8.0,55,4.5,6.4,8.3,1,1018.0,8.3,8.0,0.0,0.0,0.0,6.6000000000000005,0.0,6.6000000000000005,ED_VERY_SAFE,TEMP_COLD,AQI_GOOD,HUM_COMFORTABLE,WIND_CALM,UV_HIGH,ZONE_TEMPERATE
Reykjavik,Iceland,64.1,-21.9,13.6,17,8.6,1.9,11.9,4,1013.4,13.6,13.6,0.0,0.0,32.0,0.0,0.0,32.0,ED_MODERATE_SAFE,TEMP_COOL,AQI_UNHEALTHY,HUM_DRY,WIND_CALM,UV_LOW,ZONE_TEMPERATE
Reykjavik,Iceland,64.1,-21.9,7.7,35,2.7,1.2,6.9,3,1021.6,7.7,7.7,0.0,0.0,18.0,0.0,0.0,18.0,ED_MODERATE_SAFE,TEMP_COLD,AQI_SENSITIVE,HUM_COMFORTABLE,WIND_CALM,UV_LOW,ZONE_TEMPERATE
Reykjavik,Iceland,64.1,-21.9,17.6,10,13.8,4.4,15.6,1,1006.6,17.6,17.6,0.0,0.0,0.0,4.4,0.0,4.4,ED_VERY_SAFE,TEMP_COOL,AQI_GOOD,HUM_DRY,WIND_BREEZY,UV_MODERATE,ZONE_TEMPERATE
Reykjavik,Iceland,64.1,-21.9,9.9,71,0.8,3.5,10.9,1,1013.0,10.9,9.9,0.0,0.0,0.0,3.5,0.0,3.5,ED_VERY_SAFE,TEMP_COLD,AQI_GOOD,HUM_HUMID,WIND_CALM,UV_MODERATE,ZONE_TEMPERATE
Reykjavik,Iceland,64.1,-21.9,1.6,78,6.1,0.0,2.9,2,998.3,2.9,-0.22328700013194014,0.0,0.3349305001979097,8.0,0.0,0.0,8.33493050019791,ED_VERY_SAFE,TEMP_COLD,AQI_MODERATE,HUM_HUMID,WIND_CALM,UV_LOW,ZONE_TEMPERATE
Reykjavik,Iceland,64.1,-21.9,1.0,75,32.4,10.7,2.3,2,1002.1,2.3,-5.402486070877175,0.0,8.103729106315763,8.0,11.7,0.0,27.80372910631576,ED_MODERATE_SAFE,TEMP_COLD,AQI_MODERATE,HUM_HUMID,WIND_WINDY,UV_VERY_HIGH,ZONE_TEMPERATE
Reykjavik,Iceland,64.1,-21.9,11.4,29,9.6,2.5,10.4,2,1020.0,11.4,11.4,0.0,0.0,8.0,1.5,0.0,9.5,ED_VERY_SAFE,TEMP_COOL,AQI_MODERATE,HUM_DRY,WIND_CALM,UV_LOW,ZONE_TEMPERATE
Reykjavik,Iceland,64.1,-21.9,0.9,73,12.6,2.2,2.0,1,1032.5,2.0,-2.8391588977143054,0.0,4.258738346571459,0.0,0.6000000000000005,0.0,4.858738346571459,ED_VERY_SAFE,TEMP_COLD,AQI_GOOD,HUM_HUMID,WIND_BREEZY,UV_LOW,ZONE_TEMPERATE
Reykjavik,Iceland,64.1,-21.9,4.2,14,12.9,10.5,2.3,1,998.3,4.2,1.1194168236685464,0.0,0.0,0.0,11.5,0.0,11.5,ED_VERY_SAFE,TEMP_COLD,AQI_GOOD,HUM_DRY,WIND_BREEZY,UV_VERY_HIGH,ZONE_TEMPERATE
Reykjavik,Iceland,64.1,-21.9,7.2,58,11.0,0.3,7.6,3,1012.5,7.6,5.097457203271839,0.0,0.0,18.0,0.0,0.0,18.0,ED_MODERATE_SAFE,TEMP_COLD,AQI_SENSITIVE,HUM_COMFORTABLE,WIND_BREEZY,UV_LOW,ZONE_TEMPERATE
Reykjavik,Iceland,64.1,-21.9,-5.8,69,19.4,3.2,-4.8,1,1014.8,-4.8,-12.453546798663115,0.0,17.044622332219262,0.0,3.2,0.0,20.24462233221926,ED_MODERATE_SAFE,TEMP_FREEZING,AQI_GOOD,HUM_HUMID,WIND_BREEZY,UV_MODERATE,ZONE_TEMPERATE
Reykjavik,Iceland,64.1,-21.9,13.8,49,18.8,7.7,13.8,5,1009.5,13.8,13.8,0.0,0.0,45.0,8.55,0.0,53.55,ED_CAUTION,TEMP_COOL,AQI_VERY_UNHEALTHY,HUM_COMFORTABLE,WIND_BREEZY,UV_HIGH,ZONE_TEMPERATE
Reykjavik,Iceland,64.1,-21.9,-0.3,51,4.8,1.1,-0.2,1,1030.0,-0.2,-0.3,0.0,0.45000000000000107,0.0,0.0,0.0,0.45000000000000107,ED_VERY_SAFE,TEMP_FREEZING,AQI_GOOD,HUM_COMFORTABLE,WIND_CALM,UV_LOW,ZONE_TEMPERATE
Reykjavik,Iceland,64.1,-21.9,15.3,83,3.2,0.0,17.0,1,1013.8,17.0,15.3,0.0,0.0,0.0,0.0,0.0,0.0,ED_VERY_SAFE,TEMP_COOL,AQI_GOOD,HUM_VERY_HUMID,WIND_CALM,UV_LOW,ZONE_TEMPERATE
Reykjavik,Iceland,64.1,-21.9,14.8,37,20.8,4.8,14.1,1,1031.4,14.8,14.8,0.0,0.0,0.0,4.8,0.0,4.8,ED_VERY_SAFE,TEMP_COOL,AQI_GOOD,HUM_COMFORTABLE,WIND_WINDY,UV_MODERATE,ZONE_TEMPERATE
Reykjavik,Iceland,64.1,-21.9,-1.5,70,21.8,4.9,-0.5,1,1010.1,-0.5,-7.403252839292321,0.0,11.104879258938482,0.0,4.9,0.0,16.00487925893848,ED_MODERATE_SAFE,TEMP_FREEZING,AQI_GOOD,HUM_HUMID,WIND_WINDY,UV_MODERATE,ZONE_TEMPERATE
Reykjavik,Iceland,64.1,-21.9,9.4,40,4.9,0.8,8.9,4,1029.4,9.4,9.106352918124582,0.0,0.0,32.0,0.0,0.0,32.0,ED_MODERATE_SAFE,TEMP_COLD,AQI_UNHEALTHY,HUM_COMFORTABLE,WIND_CALM,UV_LOW,ZONE_TEMPERATE
Reykjavik,Iceland,64.1,-21.9,7.4,61,5.0,0.6,7.9,1,999.5,7.9,6.80553539647783,0.0,0.0,0.0,0.0,0.0,0.0,ED_VERY_SAFE,TEMP_COLD,AQI_GOOD,HUM_HUMID,WIND_CALM,UV_LOW,ZONE_TEMPERATE
Reykjavik,Iceland,64.1,-21.9,7.6,47,8.7,4.2,7.4,4,1005.1,7.6,6.030604245630033,0.0,0.0,32.0,4.2,0.0,36.2,ED_CAUTION,TEMP_COLD,AQI_UNHEALTHY,HUM_COMFORTABLE,WIND_CALM,UV_MODERATE,ZONE_TEMPERATE
Reykjavik,Iceland,64.1,-21.9,5.6,69,18.7,3.1,6.6,1,1001.3,6.6,1.982103540381872,0.0,0.0,0.0,3.1,0.0,3.1,ED_VERY_SAFE,TEMP_COLD,AQI_GOOD,HUM_HUMID,WIND_BREEZY,UV_MODERATE,ZONE_TEMPERATE
Reykjavik,Iceland,64.1,-21.9,18.7,26,4.8,5.3,17.5,1,1017.8,18.7,18.7,0.0,0.0,0.0,5.3,0.0,5.3,ED_VERY_SAFE,TEMP_IDEAL,AQI_GOOD,HUM_DRY,WIND_CALM,UV_MODERATE,ZONE_TEMPERATE
Reykjavik,Iceland,64.1,-21.9,3.5,40,16.9,0.0,3.1,1,1003.7,3.5,-0.39718415619763636,0.0,0.5957762342964532,0.0,0.0,0.0,0.5957762342964532,ED_VERY_SAFE,TEMP_COLD,AQI_GOOD,HUM_COMFORTABLE,WIND_BREEZY,UV_LOW,ZONE_TEMPERATE
Reykjavik,Iceland,64.1,-21.9,1.4,44,4.9,0.0,1.1,5,1019.3,1.4,0.04396448654640783,0.0,0.0,45.0,0.0,0.0,45.0,ED_CAUTION,TEMP_COLD,AQI_VERY_UNHEALTHY,HUM_COMFORTABLE,WIND_CALM,UV_LOW,ZONE_TEMPERATE
Reykjavik,Iceland,64.1,-21.9,4.8,53,14.9,4.0,4.9,3,1014.1,4.9,1.5179793030771926,0.0,0.0,18.0,4.0,0.0,22.0,ED_MODERATE_SAFE,TEMP_COLD,AQI_SENSITIVE,HUM_COMFORTABLE,WIND_BREEZY,UV_MODERATE,ZONE_TEMPERATE
Reykjavik,Iceland,64.1,-21.9,7.4,5,11.3,9.6,5.1,1,1016.0,7.4,5.28472462611304,0.0,0.0,0.0,10.6,0.0,10.6,ED_VERY_SAFE,TEMP_COLD,AQI_GOOD,HUM_DRY,WIND_BREEZY,UV_VERY_HIGH,ZONE_TEMPERATE
Reykjavik,Iceland,64.1,-21.9,9.2,69,3.1,5.5,10.2,1,1009.6,10.2,9.2,0.0,0.0,0.0,5.5,0.0,5.5,ED_VERY_SAFE,TEMP_COLD,AQI_GOOD,HUM_HUMID,WIND_CALM,UV_MODERATE,ZONE_TEMPERATE
Reykjavik,Iceland,64.1,-21.9,13.5,62,3.5,5.5,14.2,1,1013.6,14.2,13.5,0.0,0.0,0.0,5.5,0.0,5.5,ED_VERY_SAFE,TEMP_COOL,AQI_GOOD,HUM_HUMID,WIND_CALM,UV_MODERATE,ZONE_TEMPERATE
Reykjavik,Iceland,64.1,-21.9,6.5,69,9.4,4.0,7.4,2,1010.3,7.4,4.575562461593552,0.0,0.0,8.0,4.0,0.0,12.0,ED_VERY_SAFE,TEMP_COLD,AQI_MODERATE,HUM_HUMID,WIND_CALM,UV_MODERATE,ZONE_TEMPERATE
Reykjavik,Iceland,64.1,-21.9,11.0,28,44.2,3.8,9.9,4,1017.3,11.0,11.0,0.0,0.0,32.0,3.8,0.0,35.8,ED_CAUTION,TEMP_COOL,AQI_UNHEALTHY,HUM_DRY,WIND_STRONG,UV_MODERATE,ZONE_TEMPERATE
Reykjavik,Iceland,64.1,-21.9,12.4,69,20.6,4.1,13.4,1,1017.9,13.4,12.4,0.0,0.0,0.0,4.1,0.0,4.1,ED_VERY_SAFE,TEMP_COOL,AQI_GOOD,HUM_HUMID,WIND_WINDY,UV_MODERATE,ZONE_TEMPERATE
Reykjavik,Iceland,64.1,-21.9,13.0,41,20.7,7.4,12.5,1,1011.9,13.0,13.0,0.0,0.0,0.0,8.100000000000001,0.0,8.100000000000001,ED_VERY_SAFE,TEMP_COOL,AQI_GOOD,HUM_COMFORTABLE,WIND_WINDY,UV_HIGH,ZONE_TEMPERATE
Reykjavik,Iceland,64.1,-21.9,9.2,35,24.6,3.1,8.4,6,1010.9,9.2,5.946679662704776,0.0,0.0,50.0,3.1,0.0,53.1,ED_CAUTION,TEMP_COLD,AQI_HAZARDOUS,HUM_COMFORTABLE,WIND_WINDY,UV_MODERATE,ZONE_TEMPERATE
Reykjavik,Iceland,64.1,-21.9,-1.3,19,12.3,0.0,-2.8,5,1038.9,-1.3,-5.446211511882668,0.0,8.169317267824002,45.0,0.0,0.0,53.169317267824,ED_CAUTION,TEMP_FREEZING,AQI_VERY_UNHEALTHY,HUM_DRY,WIND_BREEZY,UV_LOW,ZONE_TEMPERATE
Reykjavik,Iceland,64.1,-21.9,21.2,41,9.2,0.0,20.8,2,1027.0,21.2,21.2,0.0,0.0,8.0,0.0,0.0,8.0,ED_VERY_SAFE,TEMP_IDEAL,AQI_MODERATE,HUM_COMFORTABLE,WIND_CALM,UV_LOW,ZONE_TEMPERATE
Reykjavik,Iceland,64.1,-21.9,3.6,57,14.4,6.2,4.0,2,1019.9,4.0,0.12255758245160431,0.0,0.0,8.0,6.300000000000001,0.0,14.3,ED_VERY_SAFE,TEMP_COLD,AQI_MODERATE,HUM_COMFORTABLE,WIND_BREEZY,UV_HIGH,ZONE_TEMPERATE
Reykjavik,Iceland,64.1,-21.9,2.4,5,11.2,3.0,0.1,5,1013.2,2.4,-0.7231221420291127,0.0,1.084683213043668,45.0,3.0,0.0,49.08468321304367,ED_CAUTION,TEMP_COLD,AQI_VERY_UNHEALTHY,HUM_DRY,WIND_BREEZY,UV_MODERATE,ZONE_TEMPERATE
Reykjavik,Iceland,64.1,-21.9,4.6,42,7.4,0.0,4.2,1,1007.3,4.6,2.829587259813433,0.0,0.0,0.0,0.0,0.0,0.0,ED_VERY_SAFE,TEMP_COLD,AQI_GOOD,HUM_COMFORTABLE,WIND_CALM,UV_LOW,ZONE_TEMPERATE
Reykjavik,Iceland,64.1,-21.9,10.5,51,11.4,3.1,10.6,1,1004.7,10.6,10.5,0.0,0.0,0.0,3.1,0.0,3.1,ED_VERY_SAFE,TEMP_COOL,AQI_GOOD,HUM_COMFORTABLE,WIND_BREEZY,UV_MODERATE,ZONE_TEMPERATE
Reykjavik,Iceland,64.1,-21.9,15.9,16,6.1,4.0,14.2,6,1023.0,15.9,15.9,0.0,0.0,50.0,4.0,0.0,54.0,ED_CAUTION,TEMP_COOL,AQI_HAZARDOUS,HUM_DRY,WIND_CALM,UV_MODERATE,ZONE_TEMPERATE
Reykjavik,Iceland,64.1,-21.9,4.7,31,1.2,6.4,3.7,4,1013.2,4.7,4.7,0.0,0.0,32.0,6.6000000000000005,0.0,38.6,ED_CAUTION,TEMP_COLD,AQI_UNHEALTHY,HUM_COMFORTABLE,WIND_CALM,UV_HIGH,ZONE_TEMPERATE
Reykjavik,Iceland,64.1,-21.9,9.0,45,12.7,3.0,8.7,1,1014.8,9.0,6.997301846929231,0.0,0.0,0.0,3.0,0.0,3.0,ED_VERY_SAFE,TEMP_COLD,AQI_GOOD,HUM_COMFORTABLE,WIND_BREEZY,UV_MODERATE,ZONE_TEMPERATE
Reykjavik,Iceland,64.1,-21.9,7.5,25,23.9,0.0,6.2,4,1008.9,7.5,3.8294890813446116,0.0,0.0,32.0,0.0,0.0,32.0,ED_MODERATE_SAFE,TEMP_COLD,AQI_UNHEALTHY,HUM_DRY,WIND_WINDY,UV_LOW,ZONE_TEMPERATE
Reykjavik,Iceland,64.1,-21.9,13.4,35,5.1,0.7,12.6,1,998.8,13.4,13.4,0.0,0.0,0.0,0.0,0.0,0.0,ED_VERY_SAFE,TEMP_COOL,AQI_GOOD,HUM_COMFORTABLE,WIND_CALM,UV_LOW,ZONE_TEMPERATE
Reykjavik,Iceland,64.1,-21.9,10.2,8,3.2,3.0,8.1,1,1020.3,10.2,10.2,0.0,0.0,0.0,3.0,0.0,3.0,ED_VERY_SAFE,TEMP_COOL,AQI_GOOD,HUM_DRY,WIND_CALM,UV_MODERATE,ZONE_TEMPERATE
Reykjavik,Iceland,64.1,-21.9,6.5,38,3.9,0.0,5.9,4,1015.5,6.5,6.5,0.0,0.0,32.0,0.0,0.0,32.0,ED_MODERATE_SAFE,TEMP_COLD,AQI_UNHEALTHY,HUM_COMFORTABLE,WIND_CALM,UV_LOW,ZONE_TEMPERATE
Reykjavik,Iceland,64.1,-21.9,2.0,49,23.9,2.4,2.0,4,1014.8,2.0,-3.2124384679610607,0.0,4.818657701941591,32.0,1.1999999999999997,0.0,38.01865770194159,ED_CAUTION,TEMP_COLD,AQI_UNHEALTHY,HUM_COMFORTABLE,WIND_WINDY,UV_LOW,ZONE_TEMPERATE
Reykjavik,Iceland,64.1,-21.9,7.4,38,8.8,3.6,6.8,1,1001.9,7.4,5.7723809520323694,0.0,0.0,0.0,3.6,0.0,3.6,ED_VERY_SAFE,TEMP_COLD,AQI_GOOD,HUM_COMFORTABLE,WIND_CALM,UV_MODERATE,ZONE_TEMPERATE
Reykjavik,Iceland,64.1,-21.9,-2.2,21,11.3,1.5,-3.7,2,1005.8,-2.2,-6.292245250623687,0.0,9.43836787593553,8.0,0.0,0.0,17.43836787593553,ED_MODERATE_SAFE,TEMP_FREEZING,AQI_MODERATE,HUM_DRY,WIND_BREEZY,UV_LOW,ZONE_TEMPERATE
Reykjavik,Iceland,64.1,-21.9,11.3,61,4.1,4.3,11.8,1,1002.9,11.8,11.3,0.0,0.0,0.0,4.3,0.0,4.3,ED_VERY_SAFE,TEMP_COOL,AQI_GOOD,HUM_HUMID,WIND_CALM,UV_MODERATE,ZONE_TEMPERATE
Reykjavik,Iceland,64.1,-21.9,-3.4,37,9.1,4.7,-4.0,1,1011.9,-3.4,-7.10103213633665,0.0,10.651548204504977,0.0,4.7,0.0,15.351548204504976,ED_MODERATE_SAFE,TEMP_FREEZING,AQI_GOOD,HUM_COMFORTABLE,WIND_CALM,UV_MODERATE,ZONE_TEMPERATE
Reykjavik,Iceland,64.1,-21.9,5.0,50,9.7,3.5,5.0,1,1003.6,5.0,2.7244017546118533,0.0,0.0,0.0,3.5,0.0,3.5,ED_VERY_SAFE,TEMP_COLD,AQI_GOOD,HUM_COMFORTABLE,WIND_CALM,UV_MODERATE,ZONE_TEMPERATE
Reykjavik,Iceland,64.1,-21.9,10.3,69,14.2,0.0,11.2,3,1004.1,11.2,10.3,0.0,0.0,18.0,0.0,0.0,18.0,ED_MODERATE_SAFE,TEMP_COOL,AQI_SENSITIVE,HUM_HUMID,WIND_BREEZY,UV_LOW,ZONE_TEMPERATE
Reykjavik,Iceland,64.1,-21.9,1.5,37,23.0,4.1,0.9,1,1008.1,1.5,-3.742988332937096,0.0,5.614482499405645,0.0,4.1,0.0,9.714482499405644,ED_VERY_SAFE,TEMP_COLD,AQI_GOOD,HUM_COMFORTABLE,WIND_WINDY,UV_MODERATE,ZONE_TEMPERATE
Reykjavik,Iceland,64.1,-21.9,3.1,65,2.7,0.0,3.8,4,1024.2,3.8,3.1,0.0,0.0,32.0,0.0,0.0,32.0,ED_MODERATE_SAFE,TEMP_COLD,AQI_UNHEALTHY,HUM_HUMID,WIND_CALM,UV_LOW,ZONE_TEMPERATE
Reykjavik,Iceland,64.1,-21.9,6.5,16,6.5,4.5,4.8,5,1023.4,6.5,5.296850195531565,0.0,0.0,45.0,4.5,0.0,49.5,ED_CAUTION,TEMP_COLD,AQI_VERY_UNHEALTHY,HUM_DRY,WIND_CALM,UV_MODERATE,ZONE_TEMPERATE
Reykjavik,Iceland,64.1,-21.9,0.7,38,8.9,1.2,0.1,1,1001.9,0.7,-2.1822375706509596,0.0,3.273356355976439,0.0,0.0,0.0,3.273356355976439,ED_VERY_SAFE,TEMP_COLD,AQI_GOOD,HUM_COMFORTABLE,WIND_CALM,UV_LOW,ZONE_TEMPERATE
Reykjavik,Iceland,64.1,-21.9,4.6,29,9.9,2.4,3.6,1,1015.6,4.6,2.202758002076136,0.0,0.0,0.0,1.1999999999999997,0.0,1.1999999999999997,ED_VERY_SAFE,TEMP_COLD,AQI_GOOD,HUM_DRY,WIND_CALM,UV_LOW,ZONE_TEMPERATE
Reykjavik,Iceland,64.1,-21.9,17.3,48,19.9,1.6,17.2,5,1009.6,17.3,17.3,0.0,0.0,45.0,0.0,0.0,45.0,ED_CAUTION,TEMP_COOL,AQI_VERY_UNHEALTHY,HUM_COMFORTABLE,WIND_BREEZY,UV_LOW,ZONE_TEMPERATE
Reykjavik,Iceland,64.1,-21.9,0.8,15,5.3,6.6,-1.0,3,1020.6,0.8,-0.8157946516223982,0.0,1.223691977433596,18.0,6.8999999999999995,0.0,26.123691977433595,ED_MODERATE_SAFE,TEMP_COLD,AQI_SENSITIVE,HUM_DRY,WIND_CALM,UV_HIGH,ZONE_TEMPERATE
Reykjavik,Iceland,64.1,-21.9,8.8,14,8.6,2.6,7.0,1,1019.3,8.8,7.469577125531387,0.0,0.0,0.0,1.8000000000000003,0.0,1.8000000000000003,ED_VERY_SAFE,TEMP_COLD,AQI_GOOD,HUM_DRY,WIND_CALM,UV_LOW,ZONE_TEMPERATE
Reykjavik,Iceland,64.1,-21.9,7.0,56,8.8,5.1,7.3,1,1017.7,7.3,5.2991754397565405,0.0,0.0,0.0,5.1,0.0,5.1,ED_VERY_SAFE,TEMP_COLD,AQI_GOOD,HUM_COMFORTABLE,WIND_CALM,UV_MODERATE,ZONE_TEMPERATE
Reykjavik,Iceland,64.1,-21.9,14.3,41,22.4,1.3,13.8,3,1019.3,14.3,14.3,0.0,0.0,18.0,0.0,0.0,18.0,ED_MODERATE_SAFE,TEMP_COOL,AQI_SENSITIVE,HUM_COMFORTABLE,WIND_WINDY,UV_LOW,ZONE_TEMPERATE
Reykjavik,Iceland,64.1,-21.9,11.1,38,21.1,8.0,10.5,2,1005.5,11.1,11.1,0.0,0.0,8.0,9.0,0.0,17.0,ED_MODERATE_SAFE,TEMP_COOL,AQI_MODERATE,HUM_COMFORTABLE,WIND_WINDY,UV_VERY_HIGH,ZONE_TEMPERATE
Reykjavik,Iceland,64.1,-21.9,2.9,71,3.5,4.5,3.9,2,1007.8,3.9,2.9,0.0,0.0,8.0,4.5,0.0,12.5,ED_VERY_SAFE,TEMP_COLD,AQI_MODERATE,HUM_HUMID,WIND_CALM,UV_MODERATE,ZONE_TEMPERATE
Reykjavik,Iceland,64.1,-21.9,1.8,43,29.2,2.7,1.4,2,1017.4,1.8,-4.045151892324468,0.0,6.067727838486702,8.0,2.1000000000000005,0.0,16.1677278384867,ED_MODERATE_SAFE,TEMP_COLD,AQI_MODERATE,HUM_COMFORTABLE,WIND_WINDY,UV_LOW,ZONE_TEMPERATE
Reykjavik,Iceland,64.1,-21.9,7.7,64,4.0,5.5,8.4,1,1019.0,8.4,7.7,0.0,0.0,0.0,5.5,0.0,5.5,ED_VERY_SAFE,TEMP_COLD,AQI_GOOD,HUM_HUMID,WIND_CALM,UV_MODERATE,ZONE_TEMPERATE
Reykjavik,Iceland,64.1,-21.9,0.2,49,22.7,5.0,0.2,3,1025.2,0.2,-5.363070504849137,0.0,8.044605757273706,18.0,5.0,0.0,31.044605757273708,ED_MODERATE_SAFE,TEMP_COLD,AQI_SENSITIVE,HUM_COMFORTABLE,WIND_WINDY,UV_MODERATE,ZONE_TEMPERATE
Reykjavik,Iceland,64.1,-21.9,-3.8,62,6.2,3.6,-3.2,1,1021.1,-3.2,-6.483684406494424,0.0,9.725526609741635,0.0,3.6,0.0,13.325526609741635,ED_VERY_SAFE,TEMP_FREEZING,AQI_GOOD,HUM_HUMID,WIND_CALM,UV_MODERATE,ZONE_TEMPERATE
Reykjavik,Iceland,64.1,-21.9,4.1,12,26.8,1.8,2.2,4,1020.3,4.1,-0.8231328942967076,0.0,1.2346993414450615,32.0,0.0,0.0,33.234699341445065,ED_MODERATE_SAFE,TEMP_COLD,AQI_UNHEALTHY,HUM_DRY,WIND_WINDY,UV_LOW,ZONE_TEMPERATE
Reykjavik,Iceland,64.1,-21.9,7.9,42,7.7,4.1,7.5,1,1015.5,7.9,6.610487703993037,0.0,0.0,0.0,4.1,0.0,4.1,ED_VERY_SAFE,TEMP_COLD,AQI_GOOD,HUM_COMFORTABLE,WIND_CALM,UV_MODERATE,ZONE_TEMPERATE
Reykjavik,Iceland,64.1,-21.9,18.4,22,14.6,2.7,17.0,2,1011.1,18.4,18.4,0.0,0.0,8.0,2.1000000000000005,0.0,10.100000000000001,ED_VERY_SAFE,TEMP_IDEAL,AQI_MODERATE,HUM_DRY,WIND_BREEZY,UV_LOW,ZONE_TEMPERATE
Reykjavik,Iceland,64.1,-21.9,9.8,63,15.3,2.7,10.4,5,999.5,10.4,7.630879795206699,0.0,0.0,45.0,2.1000000000000005,0.0,47.1,ED_CAUTION,TEMP_COLD,AQI_VERY_UNHEALTHY,HUM_HUMID,WIND_BREEZY,UV_LOW,ZONE_TEMPERATE
Reykjavik,Iceland,64.1,-21.9,8.5,38,5.5,9.0,7.9,1,1023.3,8.5,7.894402030998483,0.0,0.0,0.0,10.0,0.0,10.0,ED_VERY_SAFE,TEMP_COLD,AQI_GOOD,HUM_COMFORTABLE,WIND_CALM,UV_VERY_HIGH,ZONE_TEMPERATE
Reykjavik,Iceland,64.1,-21.9,16.1,15,10.6,3.4,14.4,1,1021.9,16.1,16.1,0.0,0.0,0.0,3.4,0.0,3.4,ED_VERY_SAFE,TEMP_COOL,AQI_GOOD,HUM_DRY,WIND_BREEZY,UV_MODERATE,ZONE_TEMPERATE
Reykjavik,Iceland,64.1,-21.9,16.4,40,44.6,3.7,15.9,1,996.3,16.4,16.4,0.0,0.0,0.0,3.7,0.0,3.7,ED_VERY_SAFE,TEMP_COOL,AQI_GOOD,HUM_COMFORTABLE,WIND_STRONG,UV_MODERATE,ZONE_TEMPERATE
Reykjavik,Iceland,64.1,-21.9,4.2,55,9.0,0.5,4.5,2,1016.5,4.5,1.9372307655521035,0.0,0.0,8.0,0.0,0.0,8.0,ED_VERY_SAFE,TEMP_COLD,AQI_MODERATE,HUM_COMFORTABLE,WIND_CALM,UV_LOW,ZONE_TEMPERATE
Reykjavik,Iceland,64.1,-21.9,-2.9,56,8.6,0.0,-2.6,3,1013.2,-2.6,-6.347562979001606,0.0,9.52134446850241,18.0,0.0,0.0,27.52134446850241,ED_MODERATE_SAFE,TEMP_FREEZING,AQI_SENSITIVE,HUM_COMFORTABLE,WIND_CALM,UV_LOW,ZONE_TEMPERATE
Reykjavik,Iceland,64.1,-21.9,7.2,34,15.4,2.3,6.4,2,1012.2,7.2,4.406216047503889,0.0,0.0,8.0,0.8999999999999995,0.0,8.899999999999999,ED_VERY_SAFE,TEMP_COLD,AQI_MODERATE,HUM_COMFORTABLE,WIND_BREEZY,UV_LOW,ZONE_TEMPERATE
Reykjavik,Iceland,64.1,-21.9,17.6,93,13.2,0.0,19.7,1,1008.0,19.7,17.6,0.0,0.0,0.0,0.0,0.0,0.0,ED_VERY_SAFE,TEMP_COOL,AQI_GOOD,HUM_VERY_HUMID,WIND_BREEZY,UV_LOW,ZONE_TEMPERATE
Nairobi,Kenya,-1.3,36.8,24.2,73,10.2,1.8,25.3,1,1005.1,25.3,24.2,0.0,0.0,0.0,0.0,0.0,0.0,ED_VERY_SAFE,TEMP_IDEAL,AQI_GOOD,HUM_HUMID,WIND_BREEZY,UV_LOW,ZONE_TROPICAL
Nairobi,Kenya,-1.3,36.8,28.3,58,6.2,4.4,29.7,1,1000.4,29.7,28.3,8.099999999999998,0.0,0.0,4.4,0.0,12.499999999999998,ED_VERY_SAFE,TEMP_WARM,AQI_GOOD,HUM_COMFORTABLE,WIND_CALM,UV_MODERATE,ZONE_TROPICAL
Nairobi,Kenya,-1.3,36.8,40.1,32,1.4,8.4,43.8,1,1006.8,43.8,40.1,33.230769230769226,0.0,0.0,9.4,0.0,42.630769230769225,ED_CAUTION,TEMP_VERY_HOT,AQI_GOOD,HUM_COMFORTABLE,WIND_CALM,UV_VERY_HIGH,ZONE_TROPICAL
Nairobi,Kenya,-1.3,36.8,25.6,92,17.6,3.8,27.8,2,1030.2,27.8,25.6,2.400000000000002,0.0,8.0,3.8,0.0,14.200000000000003,ED_VERY_SAFE,TEMP_WARM,AQI_MODERATE,HUM_VERY_HUMID,WIND_BREEZY,UV_MODERATE,ZONE_TROPICAL
Nairobi,Kenya,-1.3,36.8,22.3,79,14.6,5.3,23.7,2,1014.6,23.7,22.3,0.0,0.0,8.0,5.3,0.0,13.3,ED_VERY_SAFE,TEMP_IDEAL,AQI_MODERATE,HUM_HUMID,WIND_BREEZY,UV_MODERATE,ZONE_TROPICAL
Nairobi,Kenya,-1.3,36.8,31.7,28,12.5,6.6,32.6,2,1022.2,32.6,31.7,16.000000000000004,0.0,8.0,6.8999999999999995,0.0,30.900000000000002,ED_MODERATE_SAFE,TEMP_HOT,AQI_MODERATE,HUM_DRY,WIND_BREEZY,UV_HIGH,ZONE_TROPICAL
Nairobi,Kenya,-1.3,36.8,26.5,68,5.3,6.5,27.8,5,1004.8,27.8,26.5,2.400000000000002,0.0,45.0,6.75,0.0,54.150000000000006,ED_CAUTION,TEMP_WARM,AQI_VERY_UNHEALTHY,HUM_HUMID,WIND_CALM,UV_HIGH,ZONE_TROPICAL
Nairobi,Kenya,-1.3,36.8,28.4,89,13.9,7.0,31.3,5,1019.7,31.3,28.4,12.900000000000002,0.0,45.0,7.5,0.0,65.4,ED_DANGEROUS,TEMP_WARM,AQI_VERY_UNHEALTHY,HUM_VERY_HUMID,WIND_BREEZY,UV_HIGH,ZONE_TROPICAL
Nairobi,Kenya,-1.3,36.8,21.4,66,4.1,4.1,22.2,4,1003.5,22.2,21.4,0.0,0.0,32.0,4.1,0.0,36.1,ED_CAUTION,TEMP_IDEAL,AQI_UNHEALTHY,HUM_HUMID,WIND_CALM,UV_MODERATE,ZONE_TROPICAL
Nairobi,Kenya,-1.3,36.8,33.4,71,5.5,7.7,37.0,1,1002.4,37.0,33.4,23.333333333333336,0.0,0.0,8.55,0.0,31.883333333333336,ED_MODERATE_SAFE,TEMP_HOT,AQI_GOOD,HUM_HUMID,WIND_CALM,UV_HIGH,ZONE_TROPICAL
Nairobi,Kenya,-1.3,36.8,24.9,20,7.3,5.1,23.4,4,1026.4,24.9,24.9,0.0,0.0,32.0,5.1,0.0,37.1,ED_CAUTION,TEMP_IDEAL,AQI_UNHEALTHY,HUM_DRY,WIND_CALM,UV_MODERATE,ZONE_TROPICAL
Nairobi,Kenya,-1.3,36.8,15.6,86,8.4,6.2,17.5,5,1006.1,17.5,15.6,0.0,0.0,45.0,6.300000000000001,0.0,51.3,ED_CAUTION,TEMP_COOL,AQI_VERY_UNHEALTHY,HUM_VERY_HUMID,WIND_CALM,UV_HIGH,ZONE_TROPICAL
Nairobi,Kenya,-1.3,36.8,34.0,52,3.7,10.3,36.8,1,1022.9,36.8,34.0,22.999999999999996,0.0,0.0,11.3,0.0,34.3,ED_MODERATE_SAFE,TEMP_HOT,AQI_GOOD,HUM_COMFORTABLE,WIND_CALM,UV_VERY_HIGH,ZONE_TROPICAL
Nairobi,Kenya,-1.3,36.8,20.9,72,6.1,5.5,22.0,1,1008.0,22.0,20.9,0.0,0.0,0.0,5.5,0.0,5.5,ED_VERY_SAFE,TEMP_IDEAL,AQI_GOOD,HUM_HUMID,WIND_CALM,UV_MODERATE,ZONE_TROPICAL
Nairobi,Kenya,-1.3,36.8,35.2,78,9.5,6.7,39.7,2,1011.4,39.7,35.2,27.83333333333334,0.0,8.0,7.050000000000001,0.0,42.88333333333334,ED_CAUTION,TEMP_VERY_HOT,AQI_MODERATE,HUM_HUMID,WIND_CALM,UV_HIGH,ZONE_TROPICAL
Nairobi,Kenya,-1.3,36.8,28.5,83,5.1,2.7,31.2,3,1029.9,31.2,28.5,12.599999999999998,0.0,18.0,2.1000000000000005,0.0,32.699999999999996,ED_MODERATE_SAFE,TEMP_WARM,AQI_SENSITIVE,HUM_VERY_HUMID,WIND_CALM,UV_LOW,ZONE_TROPICAL
Nairobi,Kenya,-1.3,36.8,25.7,22,6.9,2.9,24.5,1,1020.7,25.7,25.7,0.0,0.0,0.0,2.6999999999999997,0.0,2.6999999999999997,ED_VERY_SAFE,TEMP_WARM,AQI_GOOD,HUM_DRY,WIND_CALM,UV_LOW,ZONE_TROPICAL
Nairobi,Kenya,-1.3,36.8,28.4,66,3.7,11.1,30.2,2,1007.6,30.2,28.4,9.599999999999998,0.0,8.0,12.0,0.0,29.599999999999998,ED_MODERATE_SAFE,TEMP_WARM,AQI_MODERATE,HUM_HUMID,WIND_CALM,UV_EXTREME,ZONE_TROPICAL
Nairobi,Kenya,-1.3,36.8,25.7,60,20.8,9.8,26.4,2,1012.6,26.4,25.7,0.0,0.0,8.0,10.8,0.0,18.8,ED_MODERATE_SAFE,TEMP_WARM,AQI_MODERATE,HUM_HUMID,WIND_WINDY,UV_VERY_HIGH,ZONE_TROPICAL
Nairobi,Kenya,-1.3,36.8,29.1,78,10.0,10.0,31.8,4,1015.9,31.8,29.1,14.400000000000002,0.0,32.0,11.0,0.0,57.400000000000006,ED_DANGEROUS,TEMP_WARM,AQI_UNHEALTHY,HUM_HUMID,WIND_BREEZY,UV_VERY_HIGH,ZONE_TROPICAL
Nairobi,Kenya,-1.3,36.8,18.0,7,13.3,5.7,15.9,1,1012.5,18.0,18.0,0.0,0.0,0.0,5.7,0.0,5.7,ED_VERY_SAFE,TEMP_IDEAL,AQI_GOOD,HUM_DRY,WIND_BREEZY,UV_MODERATE,ZONE_TROPICAL
Nairobi,Kenya,-1.3,36.8,33.9,62,5.3,5.3,37.1,4,1015.6,37.1,33.9,23.500000000000004,0.0,32.0,5.3,8.625,69.425,ED_DANGEROUS,TEMP_HOT,AQI_UNHEALTHY,HUM_HUMID,WIND_CALM,UV_MODERATE,ZONE_TROPICAL
Nairobi,Kenya,-1.3,36.8,23.2,62,10.1,7.4,23.8,2,1009.5,23.8,23.2,0.0,0.0,8.0,8.100000000000001,0.0,16.1,ED_MODERATE_SAFE,TEMP_IDEAL,AQI_MODERATE,HUM_HUMID,WIND_BREEZY,UV_HIGH,ZONE_TROPICAL
Nairobi,Kenya,-1.3,36.8,31.9,54,8.2,5.5,34.1,1,1025.1,34.1,31.9,18.500000000000004,0.0,0.0,5.5,0.0,24.000000000000004,ED_MODERATE_SAFE,TEMP_HOT,AQI_GOOD,HUM_COMFORTABLE,WIND_CALM,UV_MODERATE,ZONE_TROPICAL
Nairobi,Kenya,-1.3,36.8,24.2,41,8.7,7.5,23.7,2,1027.5,24.2,24.2,0.0,0.0,8.0,8.25,0.0,16.25,ED_MODERATE_SAFE,TEMP_IDEAL,AQI_MODERATE,HUM_COMFORTABLE,WIND_CALM,UV_HIGH,ZONE_TROPICAL
Nairobi,Kenya,-1.3,36.8,25.1,66,6.6,5.7,25.9,3,1004.1,25.9,25.1,0.0,0.0,18.0,5.7,0.0,23.7,ED_MODERATE_SAFE,TEMP_WARM,AQI_SENSITIVE,HUM_HUMID,WIND_CALM,UV_MODERATE,ZONE_TROPICAL
Nairobi,Kenya,-1.3,36.8,24.6,59,13.4,6.8,25.1,2,993.9,25.1,24.6,0.0,0.0,8.0,7.199999999999999,0.0,15.2,ED_MODERATE_SAFE,TEMP_IDEAL,AQI_MODERATE,HUM_COMFORTABLE,WIND_BREEZY,UV_HIGH,ZONE_TROPICAL
Nairobi,Kenya,-1.3,36.8,24.1,82,2.1,6.0,25.7,2,1017.5,25.7,24.1,0.0,0.0,8.0,6.0,0.0,14.0,ED_VERY_SAFE,TEMP_IDEAL,AQI_MODERATE,HUM_VERY_HUMID,WIND_CALM,UV_HIGH,ZONE_TROPICAL
Nairobi,Kenya,-1.3,36.8,28.6,38,4.1,3.1,29.1,6,1013.9,29.1,28.6,6.300000000000004,0.0,50.0,3.1,0.0,59.400000000000006,ED_DANGEROUS,TEMP_WARM,AQI_HAZARDOUS,HUM_COMFORTABLE,WIND_CALM,UV_MODERATE,ZONE_TROPICAL
Nairobi,Kenya,-1.3,36.8,23.4,70,0.2,4.3,24.4,1,1010.9,24.4,23.4,0.0,0.0,0.0,4.3,0.0,4.3,ED_VERY_SAFE,TEMP_IDEAL,AQI_GOOD,HUM_HUMID,WIND_CALM,UV_MODERATE,ZONE_TROPICAL
Nairobi,Kenya,-1.3,36.8,31.9,23,10.4,7.7,32.6,1,1027.9,32.6,31.9,16.000000000000004,0.0,0.0,8.55,0.0,24.550000000000004,ED_MODERATE_SAFE,TEMP_HOT,AQI_GOOD,HUM_DRY,WIND_BREEZY,UV_HIGH,ZONE_TROPICAL
Nairobi,Kenya,-1.3,36.8,24.2,66,1.5,2.5,25.1,6,1010.3,25.1,24.2,0.0,0.0,50.0,1.5,0.0,51.5,ED_CAUTION,TEMP_IDEAL,AQI_HAZARDOUS,HUM_HUMID,WIND_CALM,UV_LOW,ZONE_TROPICAL
Nairobi,Kenya,-1.3,36.8,27.1,84,2.7,7.6,29.4,3,1015.2,29.4,27.1,7.199999999999996,0.0,18.0,8.399999999999999,0.0,33.599999999999994,ED_MODERATE_SAFE,TEMP_WARM,AQI_SENSITIVE,HUM_VERY_HUMID,WIND_CALM,UV_HIGH,ZONE_TROPICAL
Nairobi,Kenya,-1.3,36.8,27.2,29,24.6,4.8,26.7,1,1004.0,27.2,27.2,0.5999999999999979,0.0,0.0,4.8,0.0,5.399999999999998,ED_VERY_SAFE,TEMP_WARM,AQI_GOOD,HUM_DRY,WIND_WINDY,UV_MODERATE,ZONE_TROPICAL
Nairobi,Kenya,-1.3,36.8,35.7,53,26.0,5.8,39.1,1,1008.3,39.1,35.7,26.833333333333336,0.0,0.0,5.8,0.0,32.63333333333333,ED_MODERATE_SAFE,TEMP_VERY_HOT,AQI_GOOD,HUM_COMFORTABLE,WIND_WINDY,UV_MODERATE,ZONE_TROPICAL
Nairobi,Kenya,-1.3,36.8,31.3,61,2.2,0.0,33.7,6,1017.7,33.7,31.3,17.83333333333334,0.0,50.0,0.0,12.0,79.83333333333334,ED_VERY_DANGEROUS,TEMP_HOT,AQI_HAZARDOUS,HUM_HUMID,WIND_CALM,UV_LOW,ZONE_TROPICAL
Nairobi,Kenya,-1.3,36.8,33.6,64,11.7,2.7,36.9,2,1006.3,36.9,33.6,23.166666666666664,0.0,8.0,2.1000000000000005,0.0,33.266666666666666,ED_MODERATE_SAFE,TEMP_HOT,AQI_MODERATE,HUM_HUMID,WIND_BREEZY,UV_LOW,ZONE_TROPICAL
Nairobi,Kenya,-1.3,36.8,35.7,58,4.6,4.9,39.3,6,1017.4,39.3,35.7,27.166666666666664,0.0,50.0,4.9,12.0,94.06666666666666,ED_VERY_DANGEROUS,TEMP_VERY_HOT,AQI_HAZARDOUS,HUM_COMFORTABLE,WIND_CALM,UV_MODERATE,ZONE_TROPICAL
Nairobi,Kenya,-1.3,36.8,31.7,54,9.5,7.5,33.9,2,1004.0,33.9,31.7,18.166666666666664,0.0,8.0,8.25,0.0,34.416666666666664,ED_MODERATE_SAFE,TEMP_HOT,AQI_MODERATE,HUM_COMFORTABLE,WIND_CALM,UV_HIGH,ZONE_TROPICAL
Nairobi,Kenya,-1.3,36.8,32.7,57,6.5,5.7,35.4,1,997.0,35.4,32.7,20.666666666666664,0.0,0.0,5.7,0.0,26.366666666666664,ED_MODERATE_SAFE,TEMP_HOT,AQI_GOOD,HUM_COMFORTABLE,WIND_CALM,UV_MODERATE,ZONE_TROPICAL
Nairobi,Kenya,-1.3,36.8,23.5,41,9.5,7.1,23.1,2,1022.3,23.5,23.5,0.0,0.0,8.0,7.6499999999999995,0.0,15.649999999999999,ED_MODERATE_SAFE,TEMP_IDEAL,AQI_MODERATE,HUM_COMFORTABLE,WIND_CALM,UV_HIGH,ZONE_TROPICAL
Nairobi,Kenya,-1.3,36.8,33.0,44,11.7,6.4,35.1,3,1007.7,35.1,33.0,20.16666666666667,0.0,18.0,6.6000000000000005,0.0,44.76666666666667,ED_CAUTION,TEMP_HOT,AQI_SENSITIVE,HUM_COMFORTABLE,WIND_BREEZY,UV_HIGH,ZONE_TROPICAL
Nairobi,Kenya,-1.3,36.8,30.2,51,2.3,5.4,31.8,6,1022.7,31.8,30.2,14.400000000000002,0.0,50.0,5.4,0.0,69.80000000000001,ED_DANGEROUS,TEMP_HOT,AQI_HAZARDOUS,HUM_COMFORTABLE,WIND_CALM,UV_MODERATE,ZONE_TROPICAL
Nairobi,Kenya,-1.3,36.8,18.0,39,11.0,3.8,17.4,2,1007.6,18.0,18.0,0.0,0.0,8.0,3.8,0.0,11.8,ED_VERY_SAFE,TEMP_IDEAL,AQI_MODERATE,HUM_COMFORTABLE,WIND_BREEZY,UV_MODERATE,ZONE_TROPICAL
Nairobi,Kenya,-1.3,36.8,21.3,74,2.9,1.2,22.5,6,1008.0,22.5,21.3,0.0,0.0,50.0,0.0,0.0,50.0,ED_CAUTION,TEMP_IDEAL,AQI_HAZARDOUS,HUM_HUMID,WIND_CALM,UV_LOW,ZONE_TROPICAL
Nairobi,Kenya,-1.3,36.8,31.5,56,6.8,10.6,33.8,4,1013.3,33.8,31.5,17.999999999999996,0.0,32.0,11.6,8.625,70.225,ED_DANGEROUS,TEMP_HOT,AQI_UNHEALTHY,HUM_COMFORTABLE,WIND_CALM,UV_VERY_HIGH,ZONE_TROPICAL
Nairobi,Kenya,-1.3,36.8,24.7,80,3.6,9.4,26.2,3,1012.8,26.2,24.7,0.0,0.0,18.0,10.4,0.0,28.4,ED_MODERATE_SAFE,TEMP_IDEAL,AQI_SENSITIVE,HUM_VERY_HUMID,WIND_CALM,UV_VERY_HIGH,ZONE_TROPICAL
Nairobi,Kenya,-1.3,36.8,26.5,84,3.8,8.8,28.6,1,1008.3,28.6,26.5,4.800000000000004,0.0,0.0,9.8,0.0,14.600000000000005,ED_VERY_SAFE,TEMP_WARM,AQI_GOOD,HUM_VERY_HUMID,WIND_CALM,UV_VERY_HIGH,ZONE_TROPICAL
Nairobi,Kenya,-1.3,36.8,37.3,52,16.3,2.5,41.1,5,1016.8,41.1,37.3,30.115384615384617,0.0,45.0,1.5,11.0625,87.67788461538461,ED_VERY_DANGEROUS,TEMP_VERY_HOT,AQI_VERY_UNHEALTHY,HUM_COMFORTABLE,WIND_BREEZY,UV_LOW,ZONE_TROPICAL
Nairobi,Kenya,-1.3,36.8,23.2,27,14.4,8.6,22.1,5,998.6,23.2,23.2,0.0,0.0,45.0,9.6,0.0,54.6,ED_CAUTION,TEMP_IDEAL,AQI_VERY_UNHEALTHY,HUM_DRY,WIND_BREEZY,UV_VERY_HIGH,ZONE_TROPICAL
Nairobi,Kenya,-1.3,36.8,38.8,81,5.7,6.1,44.5,2,1005.5,44.5,38.8,34.03846153846154,0.0,8.0,6.1499999999999995,0.0,48.18846153846154,ED_CAUTION,TEMP_VERY_HOT,AQI_MODERATE,HUM_VERY_HUMID,WIND_CALM,UV_HIGH,ZONE_TROPICAL
Nairobi,Kenya,-1.3,36.8,23.8,19,10.4,2.7,22.2,5,1012.1,23.8,23.8,0.0,0.0,45.0,2.1000000000000005,0.0,47.1,ED_CAUTION,TEMP_IDEAL,AQI_VERY_UNHEALTHY,HUM_DRY,WIND_BREEZY,UV_LOW,ZONE_TROPICAL
Nairobi,Kenya,-1.3,36.8,29.5,74,11.9,5.0,32.1,4,1015.5,32.1,29.5,15.16666666666667,0.0,32.0,5.0,8.625,60.79166666666667,ED_DANGEROUS,TEMP_WARM,AQI_UNHEALTHY,HUM_HUMID,WIND_BREEZY,UV_MODERATE,ZONE_TROPICAL
Nairobi,Kenya,-1.3,36.8,22.2,66,22.4,11.2,22.9,1,993.1,22.9,22.2,0.0,0.0,0.0,12.0,0.0,12.0,ED_VERY_SAFE,TEMP_IDEAL,AQI_GOOD,HUM_HUMID,WIND_WINDY,UV_EXTREME,ZONE_TROPICAL
Nairobi,Kenya,-1.3,36.8,23.1,64,1.7,4.4,23.8,1,1021.0,23.8,23.1,0.0,0.0,0.0,4.4,0.0,4.4,ED_VERY_SAFE,TEMP_IDEAL,AQI_GOOD,HUM_HUMID,WIND_CALM,UV_MODERATE,ZONE_TROPICAL
Nairobi,Kenya,-1.3,36.8,31.0,13,35.6,8.7,30.9,4,1015.9,31.0,31.0,12.0,0.0,32.0,9.7,0.0,53.7,ED_CAUTION,TEMP_HOT,AQI_UNHEALTHY,HUM_DRY,WIND_WINDY,UV_VERY_HIGH,ZONE_TROPICAL
Nairobi,Kenya,-1.3,36.8,23.1,64,6.0,4.8,23.8,2,1014.2,23.8,23.1,0.0,0.0,8.0,4.8,0.0,12.8,ED_VERY_SAFE,TEMP_IDEAL,AQI_MODERATE,HUM_HUMID,WIND_CALM,UV_MODERATE,ZONE_TROPICAL
Nairobi,Kenya,-1.3,36.8,30.6,70,17.8,3.3,33.3,3,1020.6,33.3,30.6,17.16666666666666,0.0,18.0,3.3,0.0,38.466666666666654,ED_CAUTION,TEMP_HOT,AQI_SENSITIVE,HUM_HUMID,WIND_BREEZY,UV_MODERATE,ZONE_TROPICAL
Nairobi,Kenya,-1.3,36.8,21.7,41,20.9,8.8,21.2,6,1016.9,21.7,21.7,0.0,0.0,50.0,9.8,0.0,59.8,ED_DANGEROUS,TEMP_IDEAL,AQI_HAZARDOUS,HUM_COMFORTABLE,WIND_WINDY,UV_VERY_HIGH,ZONE_TROPICAL
Nairobi,Kenya,-1.3,36.8,33.5,42,13.0,4.4,35.7,2,1012.4,35.7,33.5,21.16666666666667,0.0,8.0,4.4,0.0,33.56666666666667,ED_MODERATE_SAFE,TEMP_HOT,AQI_MODERATE,HUM_COMFORTABLE,WIND_BREEZY,UV_MODERATE,ZONE_TROPICAL
Nairobi,Kenya,-1.3,36.8,30.4,78,5.7,5.8,33.3,2,1014.6,33.3,30.4,17.16666666666666,0.0,8.0,5.8,0.0,30.96666666666666,ED_MODERATE_SAFE,TEMP_HOT,AQI_MODERATE,HUM_HUMID,WIND_CALM,UV_MODERATE,ZONE_TROPICAL
Nairobi,Kenya,-1.3,36.8,30.8,65,1.2,5.8,33.3,2,1014.8,33.3,30.8,17.16666666666666,0.0,8.0,5.8,0.0,30.96666666666666,ED_MODERATE_SAFE,TEMP_HOT,AQI_MODERATE,HUM_HUMID,WIND_CALM,UV_MODERATE,ZONE_TROPICAL
Nairobi,Kenya,-1.3,36.8,35.3,38,23.2,8.8,37.8,1,1015.8,37.8,35.3,24.666666666666664,0.0,0.0,9.8,0.0,34.46666666666667,ED_MODERATE_SAFE,TEMP_VERY_HOT,AQI_GOOD,HUM_COMFORTABLE,WIND_WINDY,UV_VERY_HIGH,ZONE_TROPICAL
Nairobi,Kenya,-1.3,36.8,22.1,62,6.7,5.6,22.7,2,1020.7,22.7,22.1,0.0,0.0,8.0,5.6,0.0,13.6,ED_VERY_SAFE,TEMP_IDEAL,AQI_MODERATE,HUM_HUMID,WIND_CALM,UV_MODERATE,ZONE_TROPICAL
Nairobi,Kenya,-1.3,36.8,28.5,49,6.3,8.1,29.5,4,1010.3,29.5,28.5,7.5,0.0,32.0,9.1,0.0,48.6,ED_CAUTION,TEMP_WARM,AQI_UNHEALTHY,HUM_COMFORTABLE,WIND_CALM,UV_VERY_HIGH,ZONE_TROPICAL
Nairobi,Kenya,-1.3,36.8,30.1,33,11.8,5.4,30.8,1,1022.4,30.8,30.1,11.400000000000002,0.0,0.0,5.4,0.0,16.800000000000004,ED_MODERATE_SAFE,TEMP_HOT,AQI_GOOD,HUM_COMFORTABLE,WIND_BREEZY,UV_MODERATE,ZONE_TROPICAL
Nairobi,Kenya,-1.3,36.8,21.8,62,14.2,10.5,22.4,1,1022.2,22.4,21.8,0.0,0.0,0.0,11.5,0.0,11.5,ED_VERY_SAFE,TEMP_IDEAL,AQI_GOOD,HUM_HUMID,WIND_BREEZY,UV_VERY_HIGH,ZONE_TROPICAL
Nairobi,Kenya,-1.3,36.8,28.9,85,12.4,9.3,31.8,1,999.3,31.8,28.9,14.400000000000002,0.0,0.0,10.3,0.0,24.700000000000003,ED_MODERATE_SAFE,TEMP_WARM,AQI_GOOD,HUM_VERY_HUMID,WIND_BREEZY,UV_VERY_HIGH,ZONE_TROPICAL
Nairobi,Kenya,-1.3,36.8,34.2,97,18.1,9.5,39.4,2,1019.8,39.4,34.2,27.333333333333332,0.0,8.0,10.5,0.0,45.83333333333333,ED_CAUTION,TEMP_HOT,AQI_MODERATE,HUM_VERY_HUMID,WIND_BREEZY,UV_VERY_HIGH,ZONE_TROPICAL
Nairobi,Kenya,-1.3,36.8,29.6,62,13.3,11.6,31.6,4,1022.9,31.6,29.6,13.800000000000004,0.0,32.0,12.0,0.0,57.800000000000004,ED_DANGEROUS,TEMP_WARM,AQI_UNHEALTHY,HUM_HUMID,WIND_BREEZY,UV_EXTREME,ZONE_TROPICAL
Nairobi,Kenya,-1.3,36.8,32.2,70,6.8,8.3,35.4,1,1003.4,35.4,32.2,20.666666666666664,0.0,0.0,9.3,0.0,29.966666666666665,ED_MODERATE_SAFE,TEMP_HOT,AQI_GOOD,HUM_HUMID,WIND_CALM,UV_VERY_HIGH,ZONE_TROPICAL
Nairobi,Kenya,-1.3,36.8,28.8,43,14.9,8.6,29.6,1,1012.9,29.6,28.8,7.800000000000004,0.0,0.0,9.6,0.0,17.400000000000006,ED_MODERATE_SAFE,TEMP_WARM,AQI_GOOD,HUM_COMFORTABLE,WIND_BREEZY,UV_VERY_HIGH,ZONE_TROPICAL
Nairobi,Kenya,-1.3,36.8,29.6,48,18.5,6.0,31.0,3,1008.3,31.0,29.6,12.0,0.0,18.0,6.0,0.0,36.0,ED_CAUTION,TEMP_WARM,AQI_SENSITIVE,HUM_COMFORTABLE,WIND_BREEZY,UV_HIGH,ZONE_TROPICAL
Nairobi,Kenya,-1.3,36.8,24.4,77,29.4,4.5,25.7,2,998.1,25.7,24.4,0.0,0.0,8.0,4.5,0.0,12.5,ED_VERY_SAFE,TEMP_IDEAL,AQI_MODERATE,HUM_HUMID,WIND_WINDY,UV_MODERATE,ZONE_TROPICAL
Nairobi,Kenya,-1.3,36.8,21.4,33,2.1,7.2,20.5,1,1018.5,21.4,21.4,0.0,0.0,0.0,7.800000000000001,0.0,7.800000000000001,ED_VERY_SAFE,TEMP_IDEAL,AQI_GOOD,HUM_COMFORTABLE,WIND_CALM,UV_HIGH,ZONE_TROPICAL
Nairobi,Kenya,-1.3,36.8,28.7,73,9.5,3.2,31.0,1,1008.3,31.0,28.7,12.0,0.0,0.0,3.2,0.0,15.2,ED_MODERATE_SAFE,TEMP_WARM,AQI_GOOD,HUM_HUMID,WIND_CALM,UV_MODERATE,ZONE_TROPICAL
Nairobi,Kenya,-1.3,36.8,26.0,42,7.1,7.0,26.0,3,1009.1,26.0,26.0,0.0,0.0,18.0,7.5,0.0,25.5,ED_MODERATE_SAFE,TEMP_WARM,AQI_SENSITIVE,HUM_COMFORTABLE,WIND_CALM,UV_HIGH,ZONE_TROPICAL
Nairobi,Kenya,-1.3,36.8,33.6,70,36.2,9.1,37.1,1,1024.7,37.1,33.6,23.500000000000004,0.0,0.0,10.1,0.0,33.6,ED_MODERATE_SAFE,TEMP_HOT,AQI_GOOD,HUM_HUMID,WIND_WINDY,UV_VERY_HIGH,ZONE_TROPICAL
Nairobi,Kenya,-1.3,36.8,26.8,49,11.4,8.8,27.3,6,1017.0,27.3,26.8,0.9000000000000021,0.0,50.0,9.8,0.0,60.7,ED_DANGEROUS,TEMP_WARM,AQI_HAZARDOUS,HUM_COMFORTABLE,WIND_BREEZY,UV_VERY_HIGH,ZONE_TROPICAL
Nairobi,Kenya,-1.3,36.8,21.8,75,5.8,6.4,23.1,2,1013.7,23.1,21.8,0.0,0.0,8.0,6.6000000000000005,0.0,14.600000000000001,ED_VERY_SAFE,TEMP_IDEAL,AQI_MODERATE,HUM_HUMID,WIND_CALM,UV_HIGH,ZONE_TROPICAL
Nairobi,Kenya,-1.3,36.8,20.9,99,1.5,4.2,23.3,5,1016.0,23.3,20.9,0.0,0.0,45.0,4.2,0.0,49.2,ED_CAUTION,TEMP_IDEAL,AQI_VERY_UNHEALTHY,HUM_VERY_HUMID,WIND_CALM,UV_MODERATE,ZONE_TROPICAL
Nairobi,Kenya,-1.3,36.8,30.6,58,9.6,6.7,32.7,3,1018.8,32.7,30.6,16.16666666666667,0.0,18.0,7.050000000000001,0.0,41.21666666666667,ED_CAUTION,TEMP_HOT,AQI_SENSITIVE,HUM_COMFORTABLE,WIND_CALM,UV_HIGH,ZONE_TROPICAL
Nairobi,Kenya,-1.3,36.8,32.4,41,9.4,5.1,34.1,1,1008.7,34.1,32.4,18.500000000000004,0.0,0.0,5.1,0.0,23.6,ED_MODERATE_SAFE,TEMP_HOT,AQI_GOOD,HUM_COMFORTABLE,WIND_CALM,UV_MODERATE,ZONE_TROPICAL
Nairobi,Kenya,-1.3,36.8,31.0,39,30.1,5.3,32.3,4,1016.5,32.3,31.0,15.499999999999995,0.0,32.0,5.3,8.625,61.42499999999999,ED_DANGEROUS,TEMP_HOT,AQI_UNHEALTHY,HUM_COMFORTABLE,WIND_WINDY,UV_MODERATE,ZONE_TROPICAL
Nairobi,Kenya,-1.3,36.8,32.2,35,26.0,6.0,33.7,6,1008.2,33.7,32.2,17.83333333333334,0.0,50.0,6.0,12.0,85.83333333333334,ED_VERY_DANGEROUS,TEMP_HOT,AQI_HAZARDOUS,HUM_COMFORTABLE,WIND_WINDY,UV_HIGH,ZONE_TROPICAL
Nairobi,Kenya,-1.3,36.8,25.3,76,6.1,5.2,26.7,6,1007.7,26.7,25.3,0.0,0.0,50.0,5.2,0.0,55.2,ED_DANGEROUS,TEMP_WARM,AQI_HAZARDOUS,HUM_HUMID,WIND_CALM,UV_MODERATE,ZONE_TROPICAL
Nairobi,Kenya,-1.3,36.8,20.1,96,6.2,8.5,22.4,1,1014.7,22.4,20.1,0.0,0.0,0.0,9.5,0.0,9.5,ED_VERY_SAFE,TEMP_IDEAL,AQI_GOOD,HUM_VERY_HUMID,WIND_CALM,UV_VERY_HIGH,ZONE_TROPICAL
Nairobi,Kenya,-1.3,36.8,21.2,60,17.4,11.3,21.7,3,1009.3,21.7,21.2,0.0,0.0,18.0,12.0,0.0,30.0,ED_MODERATE_SAFE,TEMP_IDEAL,AQI_SENSITIVE,HUM_HUMID,WIND_BREEZY,UV_EXTREME,ZONE_TROPICAL
Nairobi,Kenya,-1.3,36.8,24.4,38,6.0,6.6,23.8,2,1012.9,24.4,24.4,0.0,0.0,8.0,6.8999999999999995,0.0,14.899999999999999,ED_VERY_SAFE,TEMP_IDEAL,AQI_MODERATE,HUM_COMFORTABLE,WIND_CALM,UV_HIGH,ZONE_TROPICAL
Nairobi,Kenya,-1.3,36.8,28.1,54,23.7,8.8,29.2,2,1014.8,29.2,28.1,6.599999999999998,0.0,8.0,9.8,0.0,24.4,ED_MODERATE_SAFE,TEMP_WARM,AQI_MODERATE,HUM_COMFORTABLE,WIND_WINDY,UV_VERY_HIGH,ZONE_TROPICAL
Nairobi,Kenya,-1.3,36.8,36.9,86,3.7,5.2,42.3,1,1010.2,42.3,36.9,31.499999999999996,0.0,0.0,5.2,0.0,36.699999999999996,ED_CAUTION,TEMP_VERY_HOT,AQI_GOOD,HUM_VERY_HUMID,WIND_CALM,UV_MODERATE,ZONE_TROPICAL
Nairobi,Kenya,-1.3,36.8,30.1,74,4.8,2.2,32.8,6,1013.2,32.8,30.1,16.33333333333333,0.0,50.0,0.6000000000000005,12.0,78.93333333333332,ED_VERY_DANGEROUS,TEMP_HOT,AQI_HAZARDOUS,HUM_HUMID,WIND_CALM,UV_LOW,ZONE_TROPICAL
Nairobi,Kenya,-1.3,36.8,35.8,50,10.4,5.1,39.0,2,1012.9,39.0,35.8,26.666666666666668,0.0,8.0,5.1,0.0,39.76666666666667,ED_CAUTION,TEMP_VERY_HOT,AQI_MODERATE,HUM_COMFORTABLE,WIND_BREEZY,UV_MODERATE,ZONE_TROPICAL
Nairobi,Kenya,-1.3,36.8,26.5,51,30.2,8.0,27.0,2,1008.4,27.0,26.5,0.0,0.0,8.0,9.0,0.0,17.0,ED_MODERATE_SAFE,TEMP_WARM,AQI_MODERATE,HUM_COMFORTABLE,WIND_WINDY,UV_VERY_HIGH,ZONE_TROPICAL
Nairobi,Kenya,-1.3,36.8,23.1,45,21.1,7.3,22.9,1,1016.1,23.1,23.1,0.0,0.0,0.0,7.949999999999999,0.0,7.949999999999999,ED_VERY_SAFE,TEMP_IDEAL,AQI_GOOD,HUM_COMFORTABLE,WIND_WINDY,UV_HIGH,ZONE_TROPICAL
Nairobi,Kenya,-1.3,36.8,32.1,46,0.2,1.6,34.1,6,1023.5,34.1,32.1,18.500000000000004,0.0,50.0,0.0,12.0,80.5,ED_VERY_DANGEROUS,TEMP_HOT,AQI_HAZARDOUS,HUM_COMFORTABLE,WIND_CALM,UV_LOW,ZONE_TROPICAL
Nairobi,Kenya,-1.3,36.8,15.0,5,17.7,6.4,12.8,2,1018.1,15.0,15.0,0.0,0.0,8.0,6.6000000000000005,0.0,14.600000000000001,ED_VERY_SAFE,TEMP_COOL,AQI_MODERATE,HUM_DRY,WIND_BREEZY,UV_HIGH,ZONE_TROPICAL
Nairobi,Kenya,-1.3,36.8,36.8,32,9.7,6.8,39.5,1,1011.6,39.5,36.8,27.5,0.0,0.0,7.199999999999999,0.0,34.7,ED_MODERATE_SAFE,TEMP_VERY_HOT,AQI_GOOD,HUM_COMFORTABLE,WIND_CALM,UV_HIGH,ZONE_TROPICAL
Nairobi,Kenya,-1.3,36.8,27.4,72,16.5,12.5,29.2,2,1015.0,29.2,27.4,6.599999999999998,0.0,8.0,12.0,0.0,26.599999999999998,ED_MODERATE_SAFE,TEMP_WARM,AQI_MODERATE,HUM_HUMID,WIND_BREEZY,UV_EXTREME,ZONE_TROPICAL
Nairobi,Kenya,-1.3,36.8,22.3,90,8.0,5.0,24.3,5,1003.7,24.3,22.3,0.0,0.0,45.0,5.0,0.0,50.0,ED_CAUTION,TEMP_IDEAL,AQI_VERY_UNHEALTHY,HUM_VERY_HUMID,WIND_CALM,UV_MODERATE,ZONE_TROPICAL
Nairobi,Kenya,-1.3,36.8,23.3,93,4.7,6.1,25.4,3,1018.2,25.4,23.3,0.0,0.0,18.0,6.1499999999999995,0.0,24.15,ED_MODERATE_SAFE,TEMP_IDEAL,AQI_SENSITIVE,HUM_VERY_HUMID,WIND_CALM,UV_HIGH,ZONE_TROPICAL
Nairobi,Kenya,-1.3,36.8,17.3,70,3.9,8.8,18.3,3,1018.9,18.3,17.3,0.0,0.0,18.0,9.8,0.0,27.8,ED_MODERATE_SAFE,TEMP_COOL,AQI_SENSITIVE,HUM_HUMID,WIND_CALM,UV_VERY_HIGH,ZONE_TROPICAL
Nairobi,Kenya,-1.3,36.8,32.3,65,8.3,4.3,35.2,6,1024.8,35.2,32.3,20.33333333333334,0.0,50.0,4.3,12.0,86.63333333333334,ED_VERY_DANGEROUS,TEMP_HOT,AQI_HAZARDOUS,HUM_HUMID,WIND_CALM,UV_MODERATE,ZONE_TROPICAL
Nairobi,Kenya,-1.3,36.8,22.9,39,16.1,4.0,22.4,1,1000.2,22.9,22.9,0.0,0.0,0.0,4.0,0.0,4.0,ED_VERY_SAFE,TEMP_IDEAL,AQI_GOOD,HUM_COMFORTABLE,WIND_BREEZY,UV_MODERATE,ZONE_TROPICAL
Nairobi,Kenya,-1.3,36.8,26.6,65,19.3,7.6,27.8,1,1017.1,27.8,26.6,2.400000000000002,0.0,0.0,8.399999999999999,0.0,10.8,ED_VERY_SAFE,TEMP_WARM,AQI_GOOD,HUM_HUMID,WIND_BREEZY,UV_HIGH,ZONE_TROPICAL
Nairobi,Kenya,-1.3,36.8,34.8,63,6.8,9.9,38.3,4,1008.0,38.3,34.8,25.499999999999996,0.0,32.0,10.9,8.625,77.025,ED_VERY_DANGEROUS,TEMP_HOT,AQI_UNHEALTHY,HUM_HUMID,WIND_CALM,UV_VERY_HIGH,ZONE_TROPICAL
Nairobi,Kenya,-1.3,36.8,30.6,57,25.3,4.5,32.6,5,1008.1,32.6,30.6,16.000000000000004,0.0,45.0,4.5,11.0625,76.5625,ED_VERY_DANGEROUS,TEMP_HOT,AQI_VERY_UNHEALTHY,HUM_COMFORTABLE,WIND_WINDY,UV_MODERATE,ZONE_TROPICAL
Nairobi,Kenya,-1.3,36.8,30.7,68,13.0,6.4,33.3,2,1003.6,33.3,30.7,17.16666666666666,0.0,8.0,6.6000000000000005,0.0,31.766666666666662,ED_MODERATE_SAFE,TEMP_HOT,AQI_MODERATE,HUM_HUMID,WIND_BREEZY,UV_HIGH,ZONE_TROPICAL
Nairobi,Kenya,-1.3,36.8,31.5,62,20.0,7.6,34.0,2,1012.4,34.0,31.5,18.333333333333332,0.0,8.0,8.399999999999999,0.0,34.733333333333334,ED_MODERATE_SAFE,TEMP_HOT,AQI_MODERATE,HUM_HUMID,WIND_WINDY,UV_HIGH,ZONE_TROPICAL
Nairobi,Kenya,-1.3,36.8,8.1,64,6.7,5.7,8.8,1,1025.7,8.8,7.093661681630897,0.0,0.0,0.0,5.7,0.0,5.7,ED_VERY_SAFE,TEMP_COLD,AQI_GOOD,HUM_HUMID,WIND_CALM,UV_MODERATE,ZONE_TROPICAL
Nairobi,Kenya,-1.3,36.8,20.8,69,12.4,8.9,21.8,6,1006.7,21.8,20.8,0.0,0.0,50.0,9.9,0.0,59.9,ED_DANGEROUS,TEMP_IDEAL,AQI_HAZARDOUS,HUM_HUMID,WIND_BREEZY,UV_VERY_HIGH,ZONE_TROPICAL
Nairobi,Kenya,-1.3,36.8,27.3,33,16.5,0.0,27.2,4,1014.0,27.3,27.3,0.9000000000000021,0.0,32.0,0.0,0.0,32.900000000000006,ED_MODERATE_SAFE,TEMP_WARM,AQI_UNHEALTHY,HUM_COMFORTABLE,WIND_BREEZY,UV_LOW,ZONE_TROPICAL
Nairobi,Kenya,-1.3,36.8,27.9,38,4.7,6.3,28.2,4,1011.1,28.2,27.9,3.599999999999998,0.0,32.0,6.449999999999999,0.0,42.05,ED_CAUTION,TEMP_WARM,AQI_UNHEALTHY,HUM_COMFORTABLE,WIND_CALM,UV_HIGH,ZONE_TROPICAL
Nairobi,Kenya,-1.3,36.8,24.7,49,12.5,9.6,24.6,1,1008.3,24.7,24.7,0.0,0.0,0.0,10.6,0.0,10.6,ED_VERY_SAFE,TEMP_IDEAL,AQI_GOOD,HUM_COMFORTABLE,WIND_BREEZY,UV_VERY_HIGH,ZONE_TROPICAL
Nairobi,Kenya,-1.3,36.8,19.5,73,16.2,7.2,20.7,4,1005.0,20.7,19.5,0.0,0.0,32.0,7.800000000000001,0.0,39.8,ED_CAUTION,TEMP_IDEAL,AQI_UNHEALTHY,HUM_HUMID,WIND_BREEZY,UV_HIGH,ZONE_TROPICAL
Nairobi,Kenya,-1.3,36.8,28.6,36,8.2,4.8,29.0,2,1015.1,29.0,28.6,6.0,0.0,8.0,4.8,0.0,18.8,ED_MODERATE_SAFE,TEMP_WARM,AQI_MODERATE,HUM_COMFORTABLE,WIND_CALM,UV_MODERATE,ZONE_TROPICAL
Nairobi,Kenya,-1.3,36.8,31.0,60,17.4,2.7,33.3,4,987.6,33.3,31.0,17.16666666666666,0.0,32.0,2.1000000000000005,8.625,59.89166666666666,ED_DANGEROUS,TEMP_HOT,AQI_UNHEALTHY,HUM_HUMID,WIND_BREEZY,UV_LOW,ZONE_TROPICAL
Nairobi,Kenya,-1.3,36.8,25.1,83,9.2,0.0,26.8,1,1012.5,26.8,25.1,0.0,0.0,0.0,0.0,0.0,0.0,ED_VERY_SAFE,TEMP_WARM,AQI_GOOD,HUM_VERY_HUMID,WIND_CALM,UV_LOW,ZONE_TROPICAL
Nairobi,Kenya,-1.3,36.8,35.8,45,7.8,5.7,38.9,1,1015.1,38.9,35.8,26.5,0.0,0.0,5.7,0.0,32.2,ED_MODERATE_SAFE,TEMP_VERY_HOT,AQI_GOOD,HUM_COMFORTABLE,WIND_CALM,UV_MODERATE,ZONE_TROPICAL
Nairobi,Kenya,-1.3,36.8,15.8,52,9.6,5.6,15.9,2,1007.0,15.9,15.8,0.0,0.0,8.0,5.6,0.0,13.6,ED_VERY_SAFE,TEMP_COOL,AQI_MODERATE,HUM_COMFORTABLE,WIND_CALM,UV_MODERATE,ZONE_TROPICAL
Nairobi,Kenya,-1.3,36.8,14.9,58,13.2,5.2,15.3,4,1000.2,15.3,14.9,0.0,0.0,32.0,5.2,0.0,37.2,ED_CAUTION,TEMP_COOL,AQI_UNHEALTHY,HUM_COMFORTABLE,WIND_BREEZY,UV_MODERATE,ZONE_TROPICAL
Nairobi,Kenya,-1.3,36.8,31.1,41,9.6,5.0,32.5,1,1001.9,32.5,31.1,15.833333333333334,0.0,0.0,5.0,0.0,20.833333333333336,ED_MODERATE_SAFE,TEMP_HOT,AQI_GOOD,HUM_COMFORTABLE,WIND_CALM,UV_MODERATE,ZONE_TROPICAL
Nairobi,Kenya,-1.3,36.8,28.9,53,13.6,10.0,30.2,1,1006.0,30.2,28.9,9.599999999999998,0.0,0.0,11.0,0.0,20.599999999999998,ED_MODERATE_SAFE,TEMP_WARM,AQI_GOOD,HUM_COMFORTABLE,WIND_BREEZY,UV_VERY_HIGH,ZONE_TROPICAL
Nairobi,Kenya,-1.3,36.8,26.9,33,16.2,5.4,26.7,1,1021.1,26.9,26.9,0.0,0.0,0.0,5.4,0.0,5.4,ED_VERY_SAFE,TEMP_WARM,AQI_GOOD,HUM_COMFORTABLE,WIND_BREEZY,UV_MODERATE,ZONE_TROPICAL
Nairobi,Kenya,-1.3,36.8,34.8,52,11.2,7.8,37.9,2,1018.0,37.9,34.8,24.833333333333332,0.0,8.0,8.7,0.0,41.53333333333333,ED_CAUTION,TEMP_HOT,AQI_MODERATE,HUM_COMFORTABLE,WIND_BREEZY,UV_HIGH,ZONE_TROPICAL
Nairobi,Kenya,-1.3,36.8,22.3,51,4.8,1.7,22.3,2,1011.4,22.3,22.3,0.0,0.0,8.0,0.0,0.0,8.0,ED_VERY_SAFE,TEMP_IDEAL,AQI_MODERATE,HUM_COMFORTABLE,WIND_CALM,UV_LOW,ZONE_TROPICAL
Nairobi,Kenya,-1.3,36.8,21.8,64,15.3,0.0,22.5,1,1008.8,22.5,21.8,0.0,0.0,0.0,0.0,0.0,0.0,ED_VERY_SAFE,TEMP_IDEAL,AQI_GOOD,HUM_HUMID,WIND_BREEZY,UV_LOW,ZONE_TROPICAL
Nairobi,Kenya,-1.3,36.8,28.9,68,10.4,2.2,31.0,3,1013.9,31.0,28.9,12.0,0.0,18.0,0.6000000000000005,0.0,30.6,ED_MODERATE_SAFE,TEMP_WARM,AQI_SENSITIVE,HUM_HUMID,WIND_BREEZY,UV_LOW,ZONE_TROPICAL
Nairobi,Kenya,-1.3,36.8,30.8,47,10.4,8.6,32.4,1,1020.6,32.4,30.8,15.666666666666664,0.0,0.0,9.6,0.0,25.266666666666666,ED_MODERATE_SAFE,TEMP_HOT,AQI_GOOD,HUM_COMFORTABLE,WIND_BREEZY,UV_VERY_HIGH,ZONE_TROPICAL
Nairobi,Kenya,-1.3,36.8,25.5,65,3.9,3.5,26.4,1,992.4,26.4,25.5,0.0,0.0,0.0,3.5,0.0,3.5,ED_VERY_SAFE,TEMP_WARM,AQI_GOOD,HUM_HUMID,WIND_CALM,UV_MODERATE,ZONE_TROPICAL
Nairobi,Kenya,-1.3,36.8,25.3,49,11.2,13.0,25.3,2,1023.9,25.3,25.3,0.0,0.0,8.0,12.0,0.0,20.0,ED_MODERATE_SAFE,TEMP_WARM,AQI_MODERATE,HUM_COMFORTABLE,WIND_BREEZY,UV_EXTREME,ZONE_TROPICAL
Nairobi,Kenya,-1.3,36.8,24.4,50,18.4,0.9,24.4,1,1017.7,24.4,24.4,0.0,0.0,0.0,0.0,0.0,0.0,ED_VERY_SAFE,TEMP_IDEAL,AQI_GOOD,HUM_COMFORTABLE,WIND_BREEZY,UV_LOW,ZONE_TROPICAL
Nairobi,Kenya,-1.3,36.8,30.8,45,7.1,9.0,32.3,4,1024.0,32.3,30.8,15.499999999999995,0.0,32.0,10.0,8.625,66.125,ED_DANGEROUS,TEMP_HOT,AQI_UNHEALTHY,HUM_COMFORTABLE,WIND_CALM,UV_VERY_HIGH,ZONE_TROPICAL
Nairobi,Kenya,-1.3,36.8,28.1,68,6.8,4.1,30.0,1,1014.6,30.0,28.1,9.0,0.0,0.0,4.1,0.0,13.1,ED_VERY_SAFE,TEMP_WARM,AQI_GOOD,HUM_HUMID,WIND_CALM,UV_MODERATE,ZONE_TROPICAL
Nairobi,Kenya,-1.3,36.8,24.6,75,8.7,3.5,25.8,2,1003.2,25.8,24.6,0.0,0.0,8.0,3.5,0.0,11.5,ED_VERY_SAFE,TEMP_IDEAL,AQI_MODERATE,HUM_HUMID,WIND_CALM,UV_MODERATE,ZONE_TROPICAL
Nairobi,Kenya,-1.3,36.8,27.1,47,8.2,3.1,27.6,4,1009.5,27.6,27.1,1.8000000000000043,0.0,32.0,3.1,0.0,36.900000000000006,ED_CAUTION,TEMP_WARM,AQI_UNHEALTHY,HUM_COMFORTABLE,WIND_CALM,UV_MODERATE,ZONE_TROPICAL
Nairobi,Kenya,-1.3,36.8,29.4,32,2.4,7.9,29.8,1,1020.4,29.8,29.4,8.400000000000002,0.0,0.0,8.850000000000001,0.0,17.250000000000004,ED_MODERATE_SAFE,TEMP_WARM,AQI_GOOD,HUM_COMFORTABLE,WIND_CALM,UV_HIGH,ZONE_TROPICAL
Nairobi,Kenya,-1.3,36.8,22.2,55,4.5,6.9,22.5,4,1023.7,22.5,22.2,0.0,0.0,32.0,7.3500000000000005,0.0,39.35,ED_CAUTION,TEMP_IDEAL,AQI_UNHEALTHY,HUM_COMFORTABLE,WIND_CALM,UV_HIGH,ZONE_TROPICAL
Nairobi,Kenya,-1.3,36.8,16.0,62,18.2,9.2,16.6,3,1010.0,16.6,16.0,0.0,0.0,18.0,10.2,0.0,28.2,ED_MODERATE_SAFE,TEMP_COOL,AQI_SENSITIVE,HUM_HUMID,WIND_BREEZY,UV_VERY_HIGH,ZONE_TROPICAL
Nairobi,Kenya,-1.3,36.8,32.5,67,10.8,3.3,35.6,4,1003.9,35.6,32.5,21.000000000000004,0.0,32.0,3.3,8.625,64.925,ED_DANGEROUS,TEMP_HOT,AQI_UNHEALTHY,HUM_HUMID,WIND_BREEZY,UV_MODERATE,ZONE_TROPICAL
Nairobi,Kenya,-1.3,36.8,29.3,73,18.5,2.1,31.7,1,1011.9,31.7,29.3,14.099999999999998,0.0,0.0,0.30000000000000027,0.0,14.399999999999999,ED_VERY_SAFE,TEMP_WARM,AQI_GOOD,HUM_HUMID,WIND_BREEZY,UV_LOW,ZONE_TROPICAL
Nairobi,Kenya,-1.3,36.8,26.8,55,37.5,8.7,27.6,4,1010.1,27.6,26.8,1.8000000000000043,0.0,32.0,9.7,0.0,43.5,ED_CAUTION,TEMP_WARM,AQI_UNHEALTHY,HUM_COMFORTABLE,WIND_WINDY,UV_VERY_HIGH,ZONE_TROPICAL
Nairobi,Kenya,-1.3,36.8,25.5,56,11.5,6.0,25.9,6,1022.8,25.9,25.5,0.0,0.0,50.0,6.0,0.0,56.0,ED_DANGEROUS,TEMP_WARM,AQI_HAZARDOUS,HUM_COMFORTABLE,WIND_BREEZY,UV_HIGH,ZONE_TROPICAL
Nairobi,Kenya,-1.3,36.8,25.4,48,2.6,9.9,25.4,1,1030.6,25.4,25.4,0.0,0.0,0.0,10.9,0.0,10.9,ED_VERY_SAFE,TEMP_WARM,AQI_GOOD,HUM_COMFORTABLE,WIND_CALM,UV_VERY_HIGH,ZONE_TROPICAL
Nairobi,Kenya,-1.3,36.8,34.3,35,17.4,4.8,36.3,4,1016.5,36.3,34.3,22.166666666666664,0.0,32.0,4.8,8.625,67.59166666666667,ED_DANGEROUS,TEMP_HOT,AQI_UNHEALTHY,HUM_COMFORTABLE,WIND_BREEZY,UV_MODERATE,ZONE_TROPICAL
Nairobi,Kenya,-1.3,36.8,36.3,67,4.4,8.0,40.5,4,1016.8,40.5,36.3,29.166666666666668,0.0,32.0,9.0,8.625,78.79166666666667,ED_VERY_DANGEROUS,TEMP_VERY_HOT,AQI_UNHEALTHY,HUM_HUMID,WIND_CALM,UV_VERY_HIGH,ZONE_TROPICAL
Nairobi,Kenya,-1.3,36.8,26.7,37,8.9,5.6,26.6,4,1015.5,26.7,26.7,0.0,0.0,32.0,5.6,0.0,37.6,ED_CAUTION,TEMP_WARM,AQI_UNHEALTHY,HUM_COMFORTABLE,WIND_CALM,UV_MODERATE,ZONE_TROPICAL
Nairobi,Kenya,-1.3,36.8,25.2,77,11.8,4.8,26.5,4,1007.2,26.5,25.2,0.0,0.0,32.0,4.8,0.0,36.8,ED_CAUTION,TEMP_WARM,AQI_UNHEALTHY,HUM_HUMID,WIND_BREEZY,UV_MODERATE,ZONE_TROPICAL
Nairobi,Kenya,-1.3,36.8,10.1,49,23.9,1.6,10.1,2,1002.0,10.1,10.1,0.0,0.0,8.0,0.0,0.0,8.0,ED_VERY_SAFE,TEMP_COOL,AQI_MODERATE,HUM_COMFORTABLE,WIND_WINDY,UV_LOW,ZONE_TROPICAL
Nairobi,Kenya,-1.3,36.8,24.1,83,35.6,6.9,25.7,1,1014.2,25.7,24.1,0.0,0.0,0.0,7.3500000000000005,0.0,7.3500000000000005,ED_VERY_SAFE,TEMP_IDEAL,AQI_GOOD,HUM_VERY_HUMID,WIND_WINDY,UV_HIGH,ZONE_TROPICAL
Nairobi,Kenya,-1.3,36.8,28.8,97,19.6,6.6,32.3,2,1032.1,32.3,28.8,15.499999999999995,0.0,8.0,6.8999999999999995,0.0,30.39999999999999,ED_MODERATE_SAFE,TEMP_WARM,AQI_MODERATE,HUM_VERY_HUMID,WIND_BREEZY,UV_HIGH,ZONE_TROPICAL
Nairobi,Kenya,-1.3,36.8,23.1,56,4.6,0.0,23.4,1,1015.5,23.4,23.1,0.0,0.0,0.0,0.0,0.0,0.0,ED_VERY_SAFE,TEMP_IDEAL,AQI_GOOD,HUM_COMFORTABLE,WIND_CALM,UV_LOW,ZONE_TROPICAL
Nairobi,Kenya,-1.3,36.8,37.8,27,10.4,4.7,40.5,2,1009.4,40.5,37.8,29.166666666666668,0.0,8.0,4.7,0.0,41.866666666666674,ED_CAUTION,TEMP_VERY_HOT,AQI_MODERATE,HUM_DRY,WIND_BREEZY,UV_MODERATE,ZONE_TROPICAL
Nairobi,Kenya,-1.3,36.8,21.2,43,24.4,9.9,20.9,2,1011.6,21.2,21.2,0.0,0.0,8.0,10.9,0.0,18.9,ED_MODERATE_SAFE,TEMP_IDEAL,AQI_MODERATE,HUM_COMFORTABLE,WIND_WINDY,UV_VERY_HIGH,ZONE_TROPICAL
Nairobi,Kenya,-1.3,36.8,25.2,61,12.4,6.0,25.8,1,1011.1,25.8,25.2,0.0,0.0,0.0,6.0,0.0,6.0,ED_VERY_SAFE,TEMP_WARM,AQI_GOOD,HUM_HUMID,WIND_BREEZY,UV_HIGH,ZONE_TROPICAL
Nairobi,Kenya,-1.3,36.8,31.8,63,10.3,7.5,34.5,5,1009.2,34.5,31.8,19.166666666666668,0.0,45.0,8.25,11.0625,83.47916666666667,ED_VERY_DANGEROUS,TEMP_HOT,AQI_VERY_UNHEALTHY,HUM_HUMID,WIND_BREEZY,UV_HIGH,ZONE_TROPICAL
Nairobi,Kenya,-1.3,36.8,28.3,28,8.5,12.8,28.1,2,1003.1,28.3,28.3,3.900000000000002,0.0,8.0,12.0,0.0,23.900000000000002,ED_MODERATE_SAFE,TEMP_WARM,AQI_MODERATE,HUM_DRY,WIND_CALM,UV_EXTREME,ZONE_TROPICAL
Nairobi,Kenya,-1.3,36.8,27.2,35,14.3,9.0,27.1,5,1014.9,27.2,27.2,0.5999999999999979,0.0,45.0,10.0,0.0,55.599999999999994,ED_DANGEROUS,TEMP_WARM,AQI_VERY_UNHEALTHY,HUM_COMFORTABLE,WIND_BREEZY,UV_VERY_HIGH,ZONE_TROPICAL
Nairobi,Kenya,-1.3,36.8,32.5,51,10.2,12.6,34.8,2,1007.5,34.8,32.5,19.666666666666664,0.0,8.0,12.0,0.0,39.666666666666664,ED_CAUTION,TEMP_HOT,AQI_MODERATE,HUM_COMFORTABLE,WIND_BREEZY,UV_EXTREME,ZONE_TROPICAL
Nairobi,Kenya,-1.3,36.8,21.9,79,4.8,6.4,23.3,4,1012.9,23.3,21.9,0.0,0.0,32.0,6.6000000000000005,0.0,38.6,ED_CAUTION,TEMP_IDEAL,AQI_UNHEALTHY,HUM_HUMID,WIND_CALM,UV_HIGH,ZONE_TROPICAL
Nairobi,Kenya,-1.3,36.8,16.3,47,1.3,8.2,16.1,1,1015.8,16.3,16.3,0.0,0.0,0.0,9.2,0.0,9.2,ED_VERY_SAFE,TEMP_COOL,AQI_GOOD,HUM_COMFORTABLE,WIND_CALM,UV_VERY_HIGH,ZONE_TROPICAL
Nairobi,Kenya,-1.3,36.8,25.2,75,11.0,0.0,26.5,1,1020.5,26.5,25.2,0.0,0.0,0.0,0.0,0.0,0.0,ED_VERY_SAFE,TEMP_WARM,AQI_GOOD,HUM_HUMID,WIND_BREEZY,UV_LOW,ZONE_TROPICAL
Nairobi,Kenya,-1.3,36.8,24.8,35,7.0,8.2,24.0,4,1011.4,24.8,24.8,0.0,0.0,32.0,9.2,0.0,41.2,ED_CAUTION,TEMP_IDEAL,AQI_UNHEALTHY,HUM_COMFORTABLE,WIND_CALM,UV_VERY_HIGH,ZONE_TROPICAL
Nairobi,Kenya,-1.3,36.8,29.0,60,5.5,5.8,30.6,2,1006.8,30.6,29.0,10.800000000000004,0.0,8.0,5.8,0.0,24.600000000000005,ED_MODERATE_SAFE,TEMP_WARM,AQI_MODERATE,HUM_HUMID,WIND_CALM,UV_MODERATE,ZONE_TROPICAL
Nairobi,Kenya,-1.3,36.8,32.5,92,15.9,6.1,36.8,4,1021.3,36.8,32.5,22.999999999999996,0.0,32.0,6.1499999999999995,8.625,69.775,ED_DANGEROUS,TEMP_HOT,AQI_UNHEALTHY,HUM_VERY_HUMID,WIND_BREEZY,UV_HIGH,ZONE_TROPICAL
Nairobi,Kenya,-1.3,36.8,37.6,100,1.7,6.7,43.8,3,1013.7,43.8,37.6,33.230769230769226,0.0,18.0,7.050000000000001,0.0,58.280769230769224,ED_DANGEROUS,TEMP_VERY_HOT,AQI_SENSITIVE,HUM_VERY_HUMID,WIND_CALM,UV_HIGH,ZONE_TROPICAL
Nairobi,Kenya,-1.3,36.8,24.6,70,10.3,6.3,25.6,4,1007.3,25.6,24.6,0.0,0.0,32.0,6.449999999999999,0.0,38.45,ED_CAUTION,TEMP_IDEAL,AQI_UNHEALTHY,HUM_HUMID,WIND_BREEZY,UV_HIGH,ZONE_TROPICAL
Nairobi,Kenya,-1.3,36.8,30.9,54,13.9,2.4,32.9,1,1002.8,32.9,30.9,16.499999999999996,0.0,0.0,1.1999999999999997,0.0,17.699999999999996,ED_MODERATE_SAFE,TEMP_HOT,AQI_GOOD,HUM_COMFORTABLE,WIND_BREEZY,UV_LOW,ZONE_TROPICAL
Nairobi,Kenya,-1.3,36.8,22.1,66,11.0,3.7,22.9,5,1013.5,22.9,22.1,0.0,0.0,45.0,3.7,0.0,48.7,ED_CAUTION,TEMP_IDEAL,AQI_VERY_UNHEALTHY,HUM_HUMID,WIND_BREEZY,UV_MODERATE,ZONE_TROPICAL
Nairobi,Kenya,-1.3,36.8,31.4,84,14.2,9.2,35.0,3,1013.3,35.0,31.4,20.0,0.0,18.0,10.2,0.0,48.2,ED_CAUTION,TEMP_HOT,AQI_SENSITIVE,HUM_VERY_HUMID,WIND_BREEZY,UV_VERY_HIGH,ZONE_TROPICAL
Nairobi,Kenya,-1.3,36.8,32.0,62,4.0,4.6,34.6,3,1033.3,34.6,32.0,19.333333333333336,0.0,18.0,4.6,0.0,41.93333333333334,ED_CAUTION,TEMP_HOT,AQI_SENSITIVE,HUM_HUMID,WIND_CALM,UV_MODERATE,ZONE_TROPICAL
Nairobi,Kenya,-1.3,36.8,31.0,60,3.2,0.3,33.3,3,1007.1,33.3,31.0,17.16666666666666,0.0,18.0,0.0,0.0,35.16666666666666,ED_CAUTION,TEMP_HOT,AQI_SENSITIVE,HUM_HUMID,WIND_CALM,UV_LOW,ZONE_TROPICAL
Nairobi,Kenya,-1.3,36.8,17.2,53,4.4,8.1,17.4,1,1007.5,17.4,17.2,0.0,0.0,0.0,9.1,0.0,9.1,ED_VERY_SAFE,TEMP_COOL,AQI_GOOD,HUM_COMFORTABLE,WIND_CALM,UV_VERY_HIGH,ZONE_TROPICAL
Nairobi,Kenya,-1.3,36.8,26.8,43,15.3,8.0,27.0,4,1010.3,27.0,26.8,0.0,0.0,32.0,9.0,0.0,41.0,ED_CAUTION,TEMP_WARM,AQI_UNHEALTHY,HUM_COMFORTABLE,WIND_BREEZY,UV_VERY_HIGH,ZONE_TROPICAL
Nairobi,Kenya,-1.3,36.8,27.9,70,13.7,1.3,29.8,4,1013.4,29.8,27.9,8.400000000000002,0.0,32.0,0.0,0.0,40.400000000000006,ED_CAUTION,TEMP_WARM,AQI_UNHEALTHY,HUM_HUMID,WIND_BREEZY,UV_LOW,ZONE_TROPICAL
Nairobi,Kenya,-1.3,36.8,24.4,49,15.7,4.1,24.4,1,1009.6,24.4,24.4,0.0,0.0,0.0,4.1,0.0,4.1,ED_VERY_SAFE,TEMP_IDEAL,AQI_GOOD,HUM_COMFORTABLE,WIND_BREEZY,UV_MODERATE,ZONE_TROPICAL
Nairobi,Kenya,-1.3,36.8,33.5,64,22.5,5.6,36.7,3,1011.3,36.7,33.5,22.83333333333334,0.0,18.0,5.6,0.0,46.433333333333344,ED_CAUTION,TEMP_HOT,AQI_SENSITIVE,HUM_HUMID,WIND_WINDY,UV_MODERATE,ZONE_TROPICAL
Nairobi,Kenya,-1.3,36.8,26.5,80,3.2,7.3,28.4,6,1012.7,28.4,26.5,4.199999999999996,0.0,50.0,7.949999999999999,0.0,62.14999999999999,ED_DANGEROUS,TEMP_WARM,AQI_HAZARDOUS,HUM_VERY_HUMID,WIND_CALM,UV_HIGH,ZONE_TROPICAL
Nairobi,Kenya,-1.3,36.8,16.6,62,4.8,5.4,17.2,1,1004.0,17.2,16.6,0.0,0.0,0.0,5.4,0.0,5.4,ED_VERY_SAFE,TEMP_COOL,AQI_GOOD,HUM_HUMID,WIND_CALM,UV_MODERATE,ZONE_TROPICAL
Nairobi,Kenya,-1.3,36.8,42.4,73,4.6,10.2,48.8,4,1005.1,48.8,42.4,39.0,0.0,32.0,11.2,8.625,90.825,ED_VERY_DANGEROUS,TEMP_VERY_HOT,AQI_UNHEALTHY,HUM_HUMID,WIND_CALM,UV_VERY_HIGH,ZONE_TROPICAL
Nairobi,Kenya,-1.3,36.8,23.8,37,12.1,7.6,23.1,2,1027.4,23.8,23.8,0.0,0.0,8.0,8.399999999999999,0.0,16.4,ED_MODERATE_SAFE,TEMP_IDEAL,AQI_MODERATE,HUM_COMFORTABLE,WIND_BREEZY,UV_HIGH,ZONE_TROPICAL
Nairobi,Kenya,-1.3,36.8,36.4,20,14.0,6.7,38.4,2,1020.9,38.4,36.4,25.666666666666664,0.0,8.0,7.050000000000001,0.0,40.71666666666667,ED_CAUTION,TEMP_VERY_HOT,AQI_MODERATE,HUM_DRY,WIND_BREEZY,UV_HIGH,ZONE_TROPICAL
Nairobi,Kenya,-1.3,36.8,28.2,65,5.9,4.1,29.9,1,1012.7,29.9,28.2,8.699999999999996,0.0,0.0,4.1,0.0,12.799999999999995,ED_VERY_SAFE,TEMP_WARM,AQI_GOOD,HUM_HUMID,WIND_CALM,UV_MODERATE,ZONE_TROPICAL
Nairobi,Kenya,-1.3,36.8,25.7,89,4.6,1.4,27.9,3,1008.3,27.9,25.7,2.6999999999999957,0.0,18.0,0.0,0.0,20.699999999999996,ED_MODERATE_SAFE,TEMP_WARM,AQI_SENSITIVE,HUM_VERY_HUMID,WIND_CALM,UV_LOW,ZONE_TROPICAL
Nairobi,Kenya,-1.3,36.8,25.0,65,8.8,13.0,25.8,2,1019.6,25.8,25.0,0.0,0.0,8.0,12.0,0.0,20.0,ED_MODERATE_SAFE,TEMP_WARM,AQI_MODERATE,HUM_HUMID,WIND_CALM,UV_EXTREME,ZONE_TROPICAL
Nairobi,Kenya,-1.3,36.8,27.7,88,16.7,6.2,30.5,4,1006.8,30.5,27.7,10.5,0.0,32.0,6.300000000000001,0.0,48.8,ED_CAUTION,TEMP_WARM,AQI_UNHEALTHY,HUM_VERY_HUMID,WIND_BREEZY,UV_HIGH,ZONE_TROPICAL
Nairobi,Kenya,-1.3,36.8,32.0,43,15.8,11.4,33.7,1,1013.1,33.7,32.0,17.83333333333334,0.0,0.0,12.0,0.0,29.83333333333334,ED_MODERATE_SAFE,TEMP_HOT,AQI_GOOD,HUM_COMFORTABLE,WIND_BREEZY,UV_EXTREME,ZONE_TROPICAL
Nairobi,Kenya,-1.3,36.8,24.7,9,24.1,6.5,22.6,4,1017.3,24.7,24.7,0.0,0.0,32.0,6.75,0.0,38.75,ED_CAUTION,TEMP_IDEAL,AQI_UNHEALTHY,HUM_DRY,WIND_WINDY,UV_HIGH,ZONE_TROPICAL
Nairobi,Kenya,-1.3,36.8,38.1,45,29.3,6.9,41.8,3,1029.5,41.8,38.1,30.92307692307692,0.0,18.0,7.3500000000000005,0.0,56.27307692307692,ED_DANGEROUS,TEMP_VERY_HOT,AQI_SENSITIVE,HUM_COMFORTABLE,WIND_WINDY,UV_HIGH,ZONE_TROPICAL
Nairobi,Kenya,-1.3,36.8,31.2,55,5.0,6.5,33.3,4,1012.8,33.3,31.2,17.16666666666666,0.0,32.0,6.75,8.625,64.54166666666666,ED_DANGEROUS,TEMP_HOT,AQI_UNHEALTHY,HUM_COMFORTABLE,WIND_CALM,UV_HIGH,ZONE_TROPICAL
Nairobi,Kenya,-1.3,36.8,35.9,54,14.5,8.5,39.3,1,1016.4,39.3,35.9,27.166666666666664,0.0,0.0,9.5,0.0,36.666666666666664,ED_CAUTION,TEMP_VERY_HOT,AQI_GOOD,HUM_COMFORTABLE,WIND_BREEZY,UV_VERY_HIGH,ZONE_TROPICAL
Nairobi,Kenya,-1.3,36.8,24.7,76,6.3,4.0,26.0,1,1006.5,26.0,24.7,0.0,0.0,0.0,4.0,0.0,4.0,ED_VERY_SAFE,TEMP_IDEAL,AQI_GOOD,HUM_HUMID,WIND_CALM,UV_MODERATE,ZONE_TROPICAL
Nairobi,Kenya,-1.3,36.8,24.7,72,1.7,9.8,25.8,5,1006.8,25.8,24.7,0.0,0.0,45.0,10.8,0.0,55.8,ED_DANGEROUS,TEMP_IDEAL,AQI_VERY_UNHEALTHY,HUM_HUMID,WIND_CALM,UV_VERY_HIGH,ZONE_TROPICAL
Nairobi,Kenya,-1.3,36.8,22.5,83,5.7,7.4,24.2,1,1008.2,24.2,22.5,0.0,0.0,0.0,8.100000000000001,0.0,8.100000000000001,ED_VERY_SAFE,TEMP_IDEAL,AQI_GOOD,HUM_VERY_HUMID,WIND_CALM,UV_HIGH,ZONE_TROPICAL
Nairobi,Kenya,-1.3,36.8,31.5,67,19.5,9.9,34.3,3,1033.7,34.3,31.5,18.83333333333333,0.0,18.0,10.9,0.0,47.73333333333333,ED_CAUTION,TEMP_HOT,AQI_SENSITIVE,HUM_HUMID,WIND_BREEZY,UV_VERY_HIGH,ZONE_TROPICAL
Nairobi,Kenya,-1.3,36.8,30.2,52,21.3,2.7,31.9,2,1017.9,31.9,30.2,14.699999999999996,0.0,8.0,2.1000000000000005,0.0,24.799999999999997,ED_MODERATE_SAFE,TEMP_HOT,AQI_MODERATE,HUM_COMFORTABLE,WIND_WINDY,UV_LOW,ZONE_TROPICAL
Nairobi,Kenya,-1.3,36.8,14.6,74,3.8,10.9,15.8,3,1016.3,15.8,14.6,0.0,0.0,18.0,11.9,0.0,29.9,ED_MODERATE_SAFE,TEMP_COOL,AQI_SENSITIVE,HUM_HUMID,WIND_CALM,UV_VERY_HIGH,ZONE_TROPICAL
Nairobi,Kenya,-1.3,36.8,33.8,50,15.4,0.8,36.5,2,1009.9,36.5,33.8,22.5,0.0,8.0,0.0,0.0,30.5,ED_MODERATE_SAFE,TEMP_HOT,AQI_MODERATE,HUM_COMFORTABLE,WIND_BREEZY,UV_LOW,ZONE_TROPICAL
Nairobi,Kenya,-1.3,36.8,15.9,100,15.0,5.4,18.4,3,1010.5,18.4,15.9,0.0,0.0,18.0,5.4,0.0,23.4,ED_MODERATE_SAFE,TEMP_COOL,AQI_SENSITIVE,HUM_VERY_HUMID,WIND_BREEZY,UV_MODERATE,ZONE_TROPICAL
Nairobi,Kenya,-1.3,36.8,28.8,65,4.9,5.5,30.7,1,1020.8,30.7,28.8,11.099999999999998,0.0,0.0,5.5,0.0,16.599999999999998,ED_MODERATE_SAFE,TEMP_WARM,AQI_GOOD,HUM_HUMID,WIND_CALM,UV_MODERATE,ZONE_TROPICAL
Mumbai,India,19.1,72.9,15.3,55,22.9,5.2,15.6,1,1007.7,15.6,15.3,0.0,0.0,0.0,5.2,0.0,5.2,ED_VERY_SAFE,TEMP_COOL,AQI_GOOD,HUM_COMFORTABLE,WIND_WINDY,UV_MODERATE,ZONE_TROPICAL
Mumbai,India,19.1,72.9,10.8,56,8.6,7.6,11.0,2,1021.7,11.0,10.8,0.0,0.0,8.0,8.399999999999999,0.0,16.4,ED_MODERATE_SAFE,TEMP_COOL,AQI_MODERATE,HUM_COMFORTABLE,WIND_CALM,UV_HIGH,ZONE_TROPICAL
Mumbai,India,19.1,72.9,21.1,64,9.9,1.2,21.8,2,1007.4,21.8,21.1,0.0,0.0,8.0,0.0,0.0,8.0,ED_VERY_SAFE,TEMP_IDEAL,AQI_MODERATE,HUM_HUMID,WIND_CALM,UV_LOW,ZONE_TROPICAL
Mumbai,India,19.1,72.9,16.6,55,12.1,9.6,16.8,1,1006.8,16.8,16.6,0.0,0.0,0.0,10.6,0.0,10.6,ED_VERY_SAFE,TEMP_COOL,AQI_GOOD,HUM_COMFORTABLE,WIND_BREEZY,UV_VERY_HIGH,ZONE_TROPICAL
Mumbai,India,19.1,72.9,16.8,50,5.0,7.3,16.8,1,1010.6,16.8,16.8,0.0,0.0,0.0,7.949999999999999,0.0,7.949999999999999,ED_VERY_SAFE,TEMP_COOL,AQI_GOOD,HUM_COMFORTABLE,WIND_CALM,UV_HIGH,ZONE_TROPICAL
Mumbai,India,19.1,72.9,13.5,69,1.8,4.3,14.4,2,1010.8,14.4,13.5,0.0,0.0,8.0,4.3,0.0,12.3,ED_VERY_SAFE,TEMP_COOL,AQI_MODERATE,HUM_HUMID,WIND_CALM,UV_MODERATE,ZONE_TROPICAL
Mumbai,India,19.1,72.9,6.6,20,10.3,7.2,5.1,2,1015.8,6.6,4.509842575409588,0.0,0.0,8.0,7.800000000000001,0.0,15.8,ED_MODERATE_SAFE,TEMP_COLD,AQI_MODERATE,HUM_DRY,WIND_BREEZY,UV_HIGH,ZONE_TROPICAL
Mumbai,India,19.1,72.9,16.6,78,1.9,3.3,18.0,1,1012.6,18.0,16.6,0.0,0.0,0.0,3.3,0.0,3.3,ED_VERY_SAFE,TEMP_COOL,AQI_GOOD,HUM_HUMID,WIND_CALM,UV_MODERATE,ZONE_TROPICAL
Mumbai,India,19.1,72.9,20.5,61,4.4,5.3,21.1,2,1010.4,21.1,20.5,0.0,0.0,8.0,5.3,0.0,13.3,ED_VERY_SAFE,TEMP_IDEAL,AQI_MODERATE,HUM_HUMID,WIND_CALM,UV_MODERATE,ZONE_TROPICAL
Mumbai,India,19.1,72.9,28.0,54,6.7,10.8,29.1,1,1004.2,29.1,28.0,6.300000000000004,0.0,0.0,11.8,0.0,18.100000000000005,ED_MODERATE_SAFE,TEMP_WARM,AQI_GOOD,HUM_COMFORTABLE,WIND_CALM,UV_VERY_HIGH,ZONE_TROPICAL
Mumbai,India,19.1,72.9,19.4,69,16.9,7.3,20.3,6,1013.2,20.3,19.4,0.0,0.0,50.0,7.949999999999999,0.0,57.95,ED_DANGEROUS,TEMP_IDEAL,AQI_HAZARDOUS,HUM_HUMID,WIND_BREEZY,UV_HIGH,ZONE_TROPICAL
Mumbai,India,19.1,72.9,23.5,49,6.1,4.1,23.4,2,1019.7,23.5,23.5,0.0,0.0,8.0,4.1,0.0,12.1,ED_VERY_SAFE,TEMP_IDEAL,AQI_MODERATE,HUM_COMFORTABLE,WIND_CALM,UV_MODERATE,ZONE_TROPICAL
Mumbai,India,19.1,72.9,20.0,87,2.3,4.9,21.8,2,1002.6,21.8,20.0,0.0,0.0,8.0,4.9,0.0,12.9,ED_VERY_SAFE,TEMP_IDEAL,AQI_MODERATE,HUM_VERY_HUMID,WIND_CALM,UV_MODERATE,ZONE_TROPICAL
Mumbai,India,19.1,72.9,15.6,63,10.8,6.4,16.3,1,1001.7,16.3,15.6,0.0,0.0,0.0,6.6000000000000005,0.0,6.6000000000000005,ED_VERY_SAFE,TEMP_COOL,AQI_GOOD,HUM_HUMID,WIND_BREEZY,UV_HIGH,ZONE_TROPICAL
Mumbai,India,19.1,72.9,24.6,65,16.8,6.2,25.4,1,1006.5,25.4,24.6,0.0,0.0,0.0,6.300000000000001,0.0,6.300000000000001,ED_VERY_SAFE,TEMP_IDEAL,AQI_GOOD,HUM_HUMID,WIND_BREEZY,UV_HIGH,ZONE_TROPICAL
Mumbai,India,19.1,72.9,12.7,52,14.7,6.3,12.8,1,1000.7,12.8,12.7,0.0,0.0,0.0,6.449999999999999,0.0,6.449999999999999,ED_VERY_SAFE,TEMP_COOL,AQI_GOOD,HUM_COMFORTABLE,WIND_BREEZY,UV_HIGH,ZONE_TROPICAL
Mumbai,India,19.1,72.9,26.7,56,21.4,7.8,27.5,1,1007.6,27.5,26.7,1.5,0.0,0.0,8.7,0.0,10.2,ED_VERY_SAFE,TEMP_WARM,AQI_GOOD,HUM_COMFORTABLE,WIND_WINDY,UV_HIGH,ZONE_TROPICAL
Mumbai,India,19.1,72.9,15.6,73,7.3,0.1,16.7,5,1008.4,16.7,15.6,0.0,0.0,45.0,0.0,0.0,45.0,ED_CAUTION,TEMP_COOL,AQI_VERY_UNHEALTHY,HUM_HUMID,WIND_CALM,UV_LOW,ZONE_TROPICAL
Mumbai,India,19.1,72.9,12.7,61,3.3,5.5,13.3,5,993.8,13.3,12.7,0.0,0.0,45.0,5.5,0.0,50.5,ED_CAUTION,TEMP_COOL,AQI_VERY_UNHEALTHY,HUM_HUMID,WIND_CALM,UV_MODERATE,ZONE_TROPICAL
Mumbai,India,19.1,72.9,15.2,25,5.6,4.1,13.9,3,1018.5,15.2,15.2,0.0,0.0,18.0,4.1,0.0,22.1,ED_MODERATE_SAFE,TEMP_COOL,AQI_SENSITIVE,HUM_DRY,WIND_CALM,UV_MODERATE,ZONE_TROPICAL
Mumbai,India,19.1,72.9,16.1,59,22.3,3.9,16.6,1,1005.4,16.6,16.1,0.0,0.0,0.0,3.9,0.0,3.9,ED_VERY_SAFE,TEMP_COOL,AQI_GOOD,HUM_COMFORTABLE,WIND_WINDY,UV_MODERATE,ZONE_TROPICAL
Mumbai,India,19.1,72.9,24.3,56,2.8,11.3,24.6,1,1015.6,24.6,24.3,0.0,0.0,0.0,12.0,0.0,12.0,ED_VERY_SAFE,TEMP_IDEAL,AQI_GOOD,HUM_COMFORTABLE,WIND_CALM,UV_EXTREME,ZONE_TROPICAL
Mumbai,India,19.1,72.9,11.4,51,10.9,10.0,11.4,3,1021.1,11.4,11.4,0.0,0.0,18.0,11.0,0.0,29.0,ED_MODERATE_SAFE,TEMP_COOL,AQI_SENSITIVE,HUM_COMFORTABLE,WIND_BREEZY,UV_VERY_HIGH,ZONE_TROPICAL
Mumbai,India,19.1,72.9,16.0,54,3.9,5.4,16.3,2,1021.7,16.3,16.0,0.0,0.0,8.0,5.4,0.0,13.4,ED_VERY_SAFE,TEMP_COOL,AQI_MODERATE,HUM_COMFORTABLE,WIND_CALM,UV_MODERATE,ZONE_TROPICAL
Mumbai,India,19.1,72.9,15.3,21,9.8,7.2,13.9,1,1019.6,15.3,15.3,0.0,0.0,0.0,7.800000000000001,0.0,7.800000000000001,ED_VERY_SAFE,TEMP_COOL,AQI_GOOD,HUM_DRY,WIND_CALM,UV_HIGH,ZONE_TROPICAL
Mumbai,India,19.1,72.9,28.9,68,7.4,4.5,31.0,1,1011.6,31.0,28.9,12.0,0.0,0.0,4.5,0.0,16.5,ED_MODERATE_SAFE,TEMP_WARM,AQI_GOOD,HUM_HUMID,WIND_CALM,UV_MODERATE,ZONE_TROPICAL
Mumbai,India,19.1,72.9,29.6,56,9.8,7.9,31.3,3,996.0,31.3,29.6,12.900000000000002,0.0,18.0,8.850000000000001,0.0,39.75,ED_CAUTION,TEMP_WARM,AQI_SENSITIVE,HUM_COMFORTABLE,WIND_CALM,UV_HIGH,ZONE_TROPICAL
Mumbai,India,19.1,72.9,20.3,61,17.0,3.9,20.8,4,1009.9,20.8,20.3,0.0,0.0,32.0,3.9,0.0,35.9,ED_CAUTION,TEMP_IDEAL,AQI_UNHEALTHY,HUM_HUMID,WIND_BREEZY,UV_MODERATE,ZONE_TROPICAL
Mumbai,India,19.1,72.9,28.3,36,2.6,5.6,28.5,1,1022.7,28.5,28.3,4.5,0.0,0.0,5.6,0.0,10.1,ED_VERY_SAFE,TEMP_WARM,AQI_GOOD,HUM_COMFORTABLE,WIND_CALM,UV_MODERATE,ZONE_TROPICAL
Mumbai,India,19.1,72.9,6.3,92,7.2,6.5,8.4,5,1001.9,8.4,4.868066963448545,0.0,0.0,45.0,6.75,0.0,51.75,ED_CAUTION,TEMP_COLD,AQI_VERY_UNHEALTHY,HUM_VERY_HUMID,WIND_CALM,UV_HIGH,ZONE_TROPICAL
Mumbai,India,19.1,72.9,21.6,66,5.9,0.7,22.4,1,1006.7,22.4,21.6,0.0,0.0,0.0,0.0,0.0,0.0,ED_VERY_SAFE,TEMP_IDEAL,AQI_GOOD,HUM_HUMID,WIND_CALM,UV_LOW,ZONE_TROPICAL
Mumbai,India,19.1,72.9,15.1,96,18.2,9.6,17.4,1,1000.8,17.4,15.1,0.0,0.0,0.0,10.6,0.0,10.6,ED_VERY_SAFE,TEMP_COOL,AQI_GOOD,HUM_VERY_HUMID,WIND_BREEZY,UV_VERY_HIGH,ZONE_TROPICAL
Mumbai,India,19.1,72.9,22.5,52,5.6,9.7,22.5,2,1007.7,22.5,22.5,0.0,0.0,8.0,10.7,0.0,18.7,ED_MODERATE_SAFE,TEMP_IDEAL,AQI_MODERATE,HUM_COMFORTABLE,WIND_CALM,UV_VERY_HIGH,ZONE_TROPICAL
Mumbai,India,19.1,72.9,15.1,48,18.3,9.4,15.0,1,1013.1,15.1,15.1,0.0,0.0,0.0,10.4,0.0,10.4,ED_VERY_SAFE,TEMP_COOL,AQI_GOOD,HUM_COMFORTABLE,WIND_BREEZY,UV_VERY_HIGH,ZONE_TROPICAL
Mumbai,India,19.1,72.9,18.5,47,12.8,10.9,18.4,6,1016.7,18.5,18.5,0.0,0.0,50.0,11.9,0.0,61.9,ED_DANGEROUS,TEMP_IDEAL,AQI_HAZARDOUS,HUM_COMFORTABLE,WIND_BREEZY,UV_VERY_HIGH,ZONE_TROPICAL
Mumbai,India,19.1,72.9,27.6,48,9.9,2.8,28.3,3,1010.2,28.3,27.6,3.900000000000002,0.0,18.0,2.3999999999999995,0.0,24.3,ED_MODERATE_SAFE,TEMP_WARM,AQI_SENSITIVE,HUM_COMFORTABLE,WIND_CALM,UV_LOW,ZONE_TROPICAL
Mumbai,India,19.1,72.9,23.7,27,2.8,12.4,22.6,1,1026.6,23.7,23.7,0.0,0.0,0.0,12.0,0.0,12.0,ED_VERY_SAFE,TEMP_IDEAL,AQI_GOOD,HUM_DRY,WIND_CALM,UV_EXTREME,ZONE_TROPICAL
Mumbai,India,19.1,72.9,5.9,83,15.9,3.1,7.6,5,1016.3,7.6,2.7282345857423596,0.0,0.0,45.0,3.1,0.0,48.1,ED_CAUTION,TEMP_COLD,AQI_VERY_UNHEALTHY,HUM_VERY_HUMID,WIND_BREEZY,UV_MODERATE,ZONE_TROPICAL
Mumbai,India,19.1,72.9,28.5,45,20.6,5.9,29.3,5,998.3,29.3,28.5,6.900000000000002,0.0,45.0,5.9,0.0,57.800000000000004,ED_DANGEROUS,TEMP_WARM,AQI_VERY_UNHEALTHY,HUM_COMFORTABLE,WIND_WINDY,UV_MODERATE,ZONE_TROPICAL
Mumbai,India,19.1,72.9,1.1,64,8.1,6.1,1.8,3,1018.5,1.8,-1.4766089650854868,0.0,2.214913447628229,18.0,6.1499999999999995,0.0,26.364913447628226,ED_MODERATE_SAFE,TEMP_COLD,AQI_SENSITIVE,HUM_HUMID,WIND_CALM,UV_HIGH,ZONE_TROPICAL
Mumbai,India,19.1,72.9,17.1,67,7.0,6.3,18.0,1,1009.2,18.0,17.1,0.0,0.0,0.0,6.449999999999999,0.0,6.449999999999999,ED_VERY_SAFE,TEMP_COOL,AQI_GOOD,HUM_HUMID,WIND_CALM,UV_HIGH,ZONE_TROPICAL
Mumbai,India,19.1,72.9,13.1,100,3.7,2.0,15.6,2,1013.1,15.6,13.1,0.0,0.0,8.0,0.0,0.0,8.0,ED_VERY_SAFE,TEMP_COOL,AQI_MODERATE,HUM_VERY_HUMID,WIND_CALM,UV_LOW,ZONE_TROPICAL
Mumbai,India,19.1,72.9,24.9,100,4.8,9.7,27.4,2,1030.5,27.4,24.9,1.1999999999999957,0.0,8.0,10.7,0.0,19.899999999999995,ED_MODERATE_SAFE,TEMP_IDEAL,AQI_MODERATE,HUM_VERY_HUMID,WIND_CALM,UV_VERY_HIGH,ZONE_TROPICAL
Mumbai,India,19.1,72.9,18.4,30,19.3,3.7,17.4,2,1016.1,18.4,18.4,0.0,0.0,8.0,3.7,0.0,11.7,ED_VERY_SAFE,TEMP_IDEAL,AQI_MODERATE,HUM_COMFORTABLE,WIND_BREEZY,UV_MODERATE,ZONE_TROPICAL
Mumbai,India,19.1,72.9,26.8,66,2.5,8.1,28.1,1,1016.9,28.1,26.8,3.3000000000000043,0.0,0.0,9.1,0.0,12.400000000000004,ED_VERY_SAFE,TEMP_WARM,AQI_GOOD,HUM_HUMID,WIND_CALM,UV_VERY_HIGH,ZONE_TROPICAL
Mumbai,India,19.1,72.9,17.9,92,5.9,2.2,20.0,2,1010.0,20.0,17.9,0.0,0.0,8.0,0.6000000000000005,0.0,8.600000000000001,ED_VERY_SAFE,TEMP_COOL,AQI_MODERATE,HUM_VERY_HUMID,WIND_CALM,UV_LOW,ZONE_TROPICAL
Mumbai,India,19.1,72.9,20.9,52,18.2,6.5,21.0,2,1011.2,21.0,20.9,0.0,0.0,8.0,6.75,0.0,14.75,ED_VERY_SAFE,TEMP_IDEAL,AQI_MODERATE,HUM_COMFORTABLE,WIND_BREEZY,UV_HIGH,ZONE_TROPICAL
Mumbai,India,19.1,72.9,25.6,44,9.7,7.2,25.5,1,1011.8,25.6,25.6,0.0,0.0,0.0,7.800000000000001,0.0,7.800000000000001,ED_VERY_SAFE,TEMP_WARM,AQI_GOOD,HUM_COMFORTABLE,WIND_CALM,UV_HIGH,ZONE_TROPICAL
Mumbai,India,19.1,72.9,31.8,51,9.6,2.2,33.9,4,1024.9,33.9,31.8,18.166666666666664,0.0,32.0,0.6000000000000005,8.625,59.391666666666666,ED_DANGEROUS,TEMP_HOT,AQI_UNHEALTHY,HUM_COMFORTABLE,WIND_CALM,UV_LOW,ZONE_TROPICAL
Mumbai,India,19.1,72.9,26.5,67,6.8,6.5,27.8,4,1015.4,27.8,26.5,2.400000000000002,0.0,32.0,6.75,0.0,41.150000000000006,ED_CAUTION,TEMP_WARM,AQI_UNHEALTHY,HUM_HUMID,WIND_CALM,UV_HIGH,ZONE_TROPICAL
Mumbai,India,19.1,72.9,18.0,31,24.3,7.7,17.1,6,1010.4,18.0,18.0,0.0,0.0,50.0,8.55,0.0,58.55,ED_DANGEROUS,TEMP_IDEAL,AQI_HAZARDOUS,HUM_COMFORTABLE,WIND_WINDY,UV_HIGH,ZONE_TROPICAL
Mumbai,India,19.1,72.9,23.1,61,24.1,8.3,23.6,3,999.1,23.6,23.1,0.0,0.0,18.0,9.3,0.0,27.3,ED_MODERATE_SAFE,TEMP_IDEAL,AQI_SENSITIVE,HUM_HUMID,WIND_WINDY,UV_VERY_HIGH,ZONE_TROPICAL
Mumbai,India,19.1,72.9,30.4,36,20.8,9.0,31.4,4,999.5,31.4,30.4,13.199999999999996,0.0,32.0,10.0,0.0,55.199999999999996,ED_DANGEROUS,TEMP_HOT,AQI_UNHEALTHY,HUM_COMFORTABLE,WIND_WINDY,UV_VERY_HIGH,ZONE_TROPICAL
Mumbai,India,19.1,72.9,18.0,58,2.0,10.1,18.4,1,1007.6,18.4,18.0,0.0,0.0,0.0,11.1,0.0,11.1,ED_VERY_SAFE,TEMP_IDEAL,AQI_GOOD,HUM_COMFORTABLE,WIND_CALM,UV_VERY_HIGH,ZONE_TROPICAL
Mumbai,India,19.1,72.9,21.3,60,5.5,8.0,21.8,1,1024.1,21.8,21.3,0.0,0.0,0.0,9.0,0.0,9.0,ED_VERY_SAFE,TEMP_IDEAL,AQI_GOOD,HUM_HUMID,WIND_CALM,UV_VERY_HIGH,ZONE_TROPICAL
Mumbai,India,19.1,72.9,17.1,45,16.7,0.8,16.9,2,1023.7,17.1,17.1,0.0,0.0,8.0,0.0,0.0,8.0,ED_VERY_SAFE,TEMP_COOL,AQI_MODERATE,HUM_COMFORTABLE,WIND_BREEZY,UV_LOW,ZONE_TROPICAL
Mumbai,India,19.1,72.9,26.9,100,23.6,0.0,30.0,4,1004.3,30.0,26.9,9.0,0.0,32.0,0.0,0.0,41.0,ED_CAUTION,TEMP_WARM,AQI_UNHEALTHY,HUM_VERY_HUMID,WIND_WINDY,UV_LOW,ZONE_TROPICAL
Mumbai,India,19.1,72.9,20.5,57,14.5,3.0,20.9,5,1013.4,20.9,20.5,0.0,0.0,45.0,3.0,0.0,48.0,ED_CAUTION,TEMP_IDEAL,AQI_VERY_UNHEALTHY,HUM_COMFORTABLE,WIND_BREEZY,UV_MODERATE,ZONE_TROPICAL
Mumbai,India,19.1,72.9,16.4,45,1.7,1.9,16.1,2,1008.7,16.4,16.4,0.0,0.0,8.0,0.0,0.0,8.0,ED_VERY_SAFE,TEMP_COOL,AQI_MODERATE,HUM_COMFORTABLE,WIND_CALM,UV_LOW,ZONE_TROPICAL
Mumbai,India,19.1,72.9,15.3,36,10.2,11.1,14.6,5,1017.2,15.3,15.3,0.0,0.0,45.0,12.0,0.0,57.0,ED_DANGEROUS,TEMP_COOL,AQI_VERY_UNHEALTHY,HUM_COMFORTABLE,WIND_BREEZY,UV_EXTREME,ZONE_TROPICAL
Mumbai,India,19.1,72.9,16.6,52,15.7,5.1,16.7,4,1011.7,16.7,16.6,0.0,0.0,32.0,5.1,0.0,37.1,ED_CAUTION,TEMP_COOL,AQI_UNHEALTHY,HUM_COMFORTABLE,WIND_BREEZY,UV_MODERATE,ZONE_TROPICAL
Mumbai,India,19.1,72.9,19.7,48,9.4,5.0,19.6,3,996.3,19.7,19.7,0.0,0.0,18.0,5.0,0.0,23.0,ED_MODERATE_SAFE,TEMP_IDEAL,AQI_SENSITIVE,HUM_COMFORTABLE,WIND_CALM,UV_MODERATE,ZONE_TROPICAL
Mumbai,India,19.1,72.9,22.1,77,23.6,5.2,23.4,1,998.6,23.4,22.1,0.0,0.0,0.0,5.2,0.0,5.2,ED_VERY_SAFE,TEMP_IDEAL,AQI_GOOD,HUM_HUMID,WIND_WINDY,UV_MODERATE,ZONE_TROPICAL
Mumbai,India,19.1,72.9,21.4,63,7.6,7.2,22.0,4,1009.6,22.0,21.4,0.0,0.0,32.0,7.800000000000001,0.0,39.8,ED_CAUTION,TEMP_IDEAL,AQI_UNHEALTHY,HUM_HUMID,WIND_CALM,UV_HIGH,ZONE_TROPICAL
Mumbai,India,19.1,72.9,18.5,68,8.0,7.9,19.4,1,1000.0,19.4,18.5,0.0,0.0,0.0,8.850000000000001,0.0,8.850000000000001,ED_VERY_SAFE,TEMP_IDEAL,AQI_GOOD,HUM_HUMID,WIND_CALM,UV_HIGH,ZONE_TROPICAL
Mumbai,India,19.1,72.9,17.6,71,3.9,4.7,18.7,2,1003.3,18.7,17.6,0.0,0.0,8.0,4.7,0.0,12.7,ED_VERY_SAFE,TEMP_COOL,AQI_MODERATE,HUM_HUMID,WIND_CALM,UV_MODERATE,ZONE_TROPICAL
Mumbai,India,19.1,72.9,11.6,38,10.8,7.0,11.0,2,1010.0,11.6,11.6,0.0,0.0,8.0,7.5,0.0,15.5,ED_MODERATE_SAFE,TEMP_COOL,AQI_MODERATE,HUM_COMFORTABLE,WIND_BREEZY,UV_HIGH,ZONE_TROPICAL
Mumbai,India,19.1,72.9,24.1,64,7.6,4.1,24.8,1,1013.8,24.8,24.1,0.0,0.0,0.0,4.1,0.0,4.1,ED_VERY_SAFE,TEMP_IDEAL,AQI_GOOD,HUM_HUMID,WIND_CALM,UV_MODERATE,ZONE_TROPICAL
Mumbai,India,19.1,72.9,12.3,70,58.1,6.8,13.4,5,1016.9,13.4,12.3,0.0,0.0,45.0,7.199999999999999,0.0,52.2,ED_CAUTION,TEMP_COOL,AQI_VERY_UNHEALTHY,HUM_HUMID,WIND_STRONG,UV_HIGH,ZONE_TROPICAL
Mumbai,India,19.1,72.9,24.3,35,9.8,5.9,23.6,2,1003.1,24.3,24.3,0.0,0.0,8.0,5.9,0.0,13.9,ED_VERY_SAFE,TEMP_IDEAL,AQI_MODERATE,HUM_COMFORTABLE,WIND_CALM,UV_MODERATE,ZONE_TROPICAL
Mumbai,India,19.1,72.9,14.4,67,1.9,4.5,15.2,1,1020.7,15.2,14.4,0.0,0.0,0.0,4.5,0.0,4.5,ED_VERY_SAFE,TEMP_COOL,AQI_GOOD,HUM_HUMID,WIND_CALM,UV_MODERATE,ZONE_TROPICAL
Mumbai,India,19.1,72.9,15.8,22,12.1,6.3,14.4,2,1010.4,15.8,15.8,0.0,0.0,8.0,6.449999999999999,0.0,14.45,ED_VERY_SAFE,TEMP_COOL,AQI_MODERATE,HUM_DRY,WIND_BREEZY,UV_HIGH,ZONE_TROPICAL
Mumbai,India,19.1,72.9,10.5,100,7.3,6.6,13.0,1,1006.7,13.0,10.5,0.0,0.0,0.0,6.8999999999999995,0.0,6.8999999999999995,ED_VERY_SAFE,TEMP_COOL,AQI_GOOD,HUM_VERY_HUMID,WIND_CALM,UV_HIGH,ZONE_TROPICAL
Mumbai,India,19.1,72.9,23.4,32,13.1,6.1,22.5,2,1018.6,23.4,23.4,0.0,0.0,8.0,6.1499999999999995,0.0,14.149999999999999,ED_VERY_SAFE,TEMP_IDEAL,AQI_MODERATE,HUM_COMFORTABLE,WIND_BREEZY,UV_HIGH,ZONE_TROPICAL
Mumbai,India,19.1,72.9,24.9,35,16.2,6.2,24.1,3,1035.5,24.9,24.9,0.0,0.0,18.0,6.300000000000001,0.0,24.3,ED_MODERATE_SAFE,TEMP_IDEAL,AQI_SENSITIVE,HUM_COMFORTABLE,WIND_BREEZY,UV_HIGH,ZONE_TROPICAL
Mumbai,India,19.1,72.9,5.5,53,1.8,6.9,5.6,1,1014.1,5.6,5.5,0.0,0.0,0.0,7.3500000000000005,0.0,7.3500000000000005,ED_VERY_SAFE,TEMP_COLD,AQI_GOOD,HUM_COMFORTABLE,WIND_CALM,UV_HIGH,ZONE_TROPICAL
Mumbai,India,19.1,72.9,19.8,48,3.1,6.5,19.7,6,1016.0,19.8,19.8,0.0,0.0,50.0,6.75,0.0,56.75,ED_DANGEROUS,TEMP_IDEAL,AQI_HAZARDOUS,HUM_COMFORTABLE,WIND_CALM,UV_HIGH,ZONE_TROPICAL
Mumbai,India,19.1,72.9,24.0,98,0.7,4.9,26.4,2,1021.8,26.4,24.0,0.0,0.0,8.0,4.9,0.0,12.9,ED_VERY_SAFE,TEMP_IDEAL,AQI_MODERATE,HUM_VERY_HUMID,WIND_CALM,UV_MODERATE,ZONE_TROPICAL
Mumbai,India,19.1,72.9,28.5,64,4.8,6.2,30.2,2,1006.4,30.2,28.5,9.599999999999998,0.0,8.0,6.300000000000001,0.0,23.9,ED_MODERATE_SAFE,TEMP_WARM,AQI_MODERATE,HUM_HUMID,WIND_CALM,UV_HIGH,ZONE_TROPICAL
Mumbai,India,19.1,72.9,14.9,64,8.1,2.7,15.6,1,1022.6,15.6,14.9,0.0,0.0,0.0,2.1000000000000005,0.0,2.1000000000000005,ED_VERY_SAFE,TEMP_COOL,AQI_GOOD,HUM_HUMID,WIND_CALM,UV_LOW,ZONE_TROPICAL
Mumbai,India,19.1,72.9,31.0,41,1.6,6.9,32.3,1,1015.5,32.3,31.0,15.499999999999995,0.0,0.0,7.3500000000000005,0.0,22.849999999999994,ED_MODERATE_SAFE,TEMP_HOT,AQI_GOOD,HUM_COMFORTABLE,WIND_CALM,UV_HIGH,ZONE_TROPICAL
Mumbai,India,19.1,72.9,23.8,73,30.9,2.3,25.0,3,1008.3,25.0,23.8,0.0,0.0,18.0,0.8999999999999995,0.0,18.9,ED_MODERATE_SAFE,TEMP_IDEAL,AQI_SENSITIVE,HUM_HUMID,WIND_WINDY,UV_LOW,ZONE_TROPICAL
Mumbai,India,19.1,72.9,11.1,97,2.0,4.9,13.4,2,998.0,13.4,11.1,0.0,0.0,8.0,4.9,0.0,12.9,ED_VERY_SAFE,TEMP_COOL,AQI_MODERATE,HUM_VERY_HUMID,WIND_CALM,UV_MODERATE,ZONE_TROPICAL
Mumbai,India,19.1,72.9,22.3,42,15.7,1.9,21.9,2,998.6,22.3,22.3,0.0,0.0,8.0,0.0,0.0,8.0,ED_VERY_SAFE,TEMP_IDEAL,AQI_MODERATE,HUM_COMFORTABLE,WIND_BREEZY,UV_LOW,ZONE_TROPICAL
Mumbai,India,19.1,72.9,15.1,55,20.9,2.2,15.3,1,1002.0,15.3,15.1,0.0,0.0,0.0,0.6000000000000005,0.0,0.6000000000000005,ED_VERY_SAFE,TEMP_COOL,AQI_GOOD,HUM_COMFORTABLE,WIND_WINDY,UV_LOW,ZONE_TROPICAL
Mumbai,India,19.1,72.9,18.7,57,11.8,4.0,19.1,3,1009.9,19.1,18.7,0.0,0.0,18.0,4.0,0.0,22.0,ED_MODERATE_SAFE,TEMP_IDEAL,AQI_SENSITIVE,HUM_COMFORTABLE,WIND_BREEZY,UV_MODERATE,ZONE_TROPICAL
Mumbai,India,19.1,72.9,11.7,85,14.3,11.3,13.4,3,1013.8,13.4,11.7,0.0,0.0,18.0,12.0,0.0,30.0,ED_MODERATE_SAFE,TEMP_COOL,AQI_SENSITIVE,HUM_VERY_HUMID,WIND_BREEZY,UV_EXTREME,ZONE_TROPICAL
Mumbai,India,19.1,72.9,13.7,27,6.9,1.6,12.6,1,1026.4,13.7,13.7,0.0,0.0,0.0,0.0,0.0,0.0,ED_VERY_SAFE,TEMP_COOL,AQI_GOOD,HUM_DRY,WIND_CALM,UV_LOW,ZONE_TROPICAL
Mumbai,India,19.1,72.9,19.0,26,16.6,5.3,17.8,2,1021.8,19.0,19.0,0.0,0.0,8.0,5.3,0.0,13.3,ED_VERY_SAFE,TEMP_IDEAL,AQI_MODERATE,HUM_DRY,WIND_BREEZY,UV_MODERATE,ZONE_TROPICAL
Mumbai,India,19.1,72.9,17.5,84,27.8,6.1,19.2,2,1021.7,19.2,17.5,0.0,0.0,8.0,6.1499999999999995,0.0,14.149999999999999,ED_VERY_SAFE,TEMP_COOL,AQI_MODERATE,HUM_VERY_HUMID,WIND_WINDY,UV_HIGH,ZONE_TROPICAL
Mumbai,India,19.1,72.9,32.4,59,1.1,4.0,35.0,2,992.5,35.0,32.4,20.0,0.0,8.0,4.0,0.0,32.0,ED_MODERATE_SAFE,TEMP_HOT,AQI_MODERATE,HUM_COMFORTABLE,WIND_CALM,UV_MODERATE,ZONE_TROPICAL
Mumbai,India,19.1,72.9,19.2,44,23.2,7.2,18.9,2,1019.4,19.2,19.2,0.0,0.0,8.0,7.800000000000001,0.0,15.8,ED_MODERATE_SAFE,TEMP_IDEAL,AQI_MODERATE,HUM_COMFORTABLE,WIND_WINDY,UV_HIGH,ZONE_TROPICAL
Mumbai,India,19.1,72.9,8.6,73,3.7,6.5,9.7,5,1004.5,9.7,8.6,0.0,0.0,45.0,6.75,0.0,51.75,ED_CAUTION,TEMP_COLD,AQI_VERY_UNHEALTHY,HUM_HUMID,WIND_CALM,UV_HIGH,ZONE_TROPICAL
Mumbai,India,19.1,72.9,9.3,43,16.2,6.5,8.9,6,1022.4,9.3,6.904189183810852,0.0,0.0,50.0,6.75,0.0,56.75,ED_DANGEROUS,TEMP_COLD,AQI_HAZARDOUS,HUM_COMFORTABLE,WIND_BREEZY,UV_HIGH,ZONE_TROPICAL
Mumbai,India,19.1,72.9,22.2,41,5.0,5.5,21.8,2,1008.7,22.2,22.2,0.0,0.0,8.0,5.5,0.0,13.5,ED_VERY_SAFE,TEMP_IDEAL,AQI_MODERATE,HUM_COMFORTABLE,WIND_CALM,UV_MODERATE,ZONE_TROPICAL
Mumbai,India,19.1,72.9,29.9,69,22.8,1.3,32.3,2,1002.4,32.3,29.9,15.499999999999995,0.0,8.0,0.0,0.0,23.499999999999993,ED_MODERATE_SAFE,TEMP_WARM,AQI_MODERATE,HUM_HUMID,WIND_WINDY,UV_LOW,ZONE_TROPICAL
Mumbai,India,19.1,72.9,24.4,60,2.2,8.9,24.9,2,1018.4,24.9,24.4,0.0,0.0,8.0,9.9,0.0,17.9,ED_MODERATE_SAFE,TEMP_IDEAL,AQI_MODERATE,HUM_HUMID,WIND_CALM,UV_VERY_HIGH,ZONE_TROPICAL
Mumbai,India,19.1,72.9,9.8,30,11.1,6.1,8.8,1,1007.3,9.8,8.210442182754306,0.0,0.0,0.0,6.1499999999999995,0.0,6.1499999999999995,ED_VERY_SAFE,TEMP_COLD,AQI_GOOD,HUM_COMFORTABLE,WIND_BREEZY,UV_HIGH,ZONE_TROPICAL
Mumbai,India,19.1,72.9,24.7,71,18.2,11.2,25.7,2,1005.2,25.7,24.7,0.0,0.0,8.0,12.0,0.0,20.0,ED_MODERATE_SAFE,TEMP_IDEAL,AQI_MODERATE,HUM_HUMID,WIND_BREEZY,UV_EXTREME,ZONE_TROPICAL
Mumbai,India,19.1,72.9,14.9,100,10.3,1.9,17.4,4,1019.8,17.4,14.9,0.0,0.0,32.0,0.0,0.0,32.0,ED_MODERATE_SAFE,TEMP_COOL,AQI_UNHEALTHY,HUM_VERY_HUMID,WIND_BREEZY,UV_LOW,ZONE_TROPICAL
Mumbai,India,19.1,72.9,27.2,67,6.1,5.7,28.6,2,1010.0,28.6,27.2,4.800000000000004,0.0,8.0,5.7,0.0,18.500000000000004,ED_MODERATE_SAFE,TEMP_WARM,AQI_MODERATE,HUM_HUMID,WIND_CALM,UV_MODERATE,ZONE_TROPICAL
Mumbai,India,19.1,72.9,22.5,47,29.1,7.9,22.4,3,1005.0,22.5,22.5,0.0,0.0,18.0,8.850000000000001,0.0,26.85,ED_MODERATE_SAFE,TEMP_IDEAL,AQI_SENSITIVE,HUM_COMFORTABLE,WIND_WINDY,UV_HIGH,ZONE_TROPICAL
Mumbai,India,19.1,72.9,29.6,100,13.4,6.5,33.4,1,1027.0,33.4,29.6,17.333333333333332,0.0,0.0,6.75,0.0,24.083333333333332,ED_MODERATE_SAFE,TEMP_WARM,AQI_GOOD,HUM_VERY_HUMID,WIND_BREEZY,UV_HIGH,ZONE_TROPICAL
Mumbai,India,19.1,72.9,22.4,52,14.8,6.9,22.5,6,1005.0,22.5,22.4,0.0,0.0,50.0,7.3500000000000005,0.0,57.35,ED_DANGEROUS,TEMP_IDEAL,AQI_HAZARDOUS,HUM_COMFORTABLE,WIND_BREEZY,UV_HIGH,ZONE_TROPICAL
Mumbai,India,19.1,72.9,22.9,77,11.4,2.9,24.3,3,1017.5,24.3,22.9,0.0,0.0,18.0,2.6999999999999997,0.0,20.7,ED_MODERATE_SAFE,TEMP_IDEAL,AQI_SENSITIVE,HUM_HUMID,WIND_BREEZY,UV_LOW,ZONE_TROPICAL
Mumbai,India,19.1,72.9,13.1,47,4.3,4.4,13.0,2,1010.4,13.1,13.1,0.0,0.0,8.0,4.4,0.0,12.4,ED_VERY_SAFE,TEMP_COOL,AQI_MODERATE,HUM_COMFORTABLE,WIND_CALM,UV_MODERATE,ZONE_TROPICAL
Mumbai,India,19.1,72.9,10.3,83,4.8,9.3,11.9,2,1011.5,11.9,10.3,0.0,0.0,8.0,10.3,0.0,18.3,ED_MODERATE_SAFE,TEMP_COOL,AQI_MODERATE,HUM_VERY_HUMID,WIND_CALM,UV_VERY_HIGH,ZONE_TROPICAL
Mumbai,India,19.1,72.9,22.7,43,38.1,6.6,22.3,2,1015.0,22.7,22.7,0.0,0.0,8.0,6.8999999999999995,0.0,14.899999999999999,ED_VERY_SAFE,TEMP_IDEAL,AQI_MODERATE,HUM_COMFORTABLE,WIND_WINDY,UV_HIGH,ZONE_TROPICAL
Mumbai,India,19.1,72.9,22.2,100,8.0,5.7,24.7,3,1010.7,24.7,22.2,0.0,0.0,18.0,5.7,0.0,23.7,ED_MODERATE_SAFE,TEMP_IDEAL,AQI_SENSITIVE,HUM_VERY_HUMID,WIND_CALM,UV_MODERATE,ZONE_TROPICAL
Mumbai,India,19.1,72.9,8.0,48,1.9,4.7,7.9,3,1001.6,8.0,8.0,0.0,0.0,18.0,4.7,0.0,22.7,ED_MODERATE_SAFE,TEMP_COLD,AQI_SENSITIVE,HUM_COMFORTABLE,WIND_CALM,UV_MODERATE,ZONE_TROPICAL
Mumbai,India,19.1,72.9,20.2,77,1.8,7.8,21.6,4,1018.8,21.6,20.2,0.0,0.0,32.0,8.7,0.0,40.7,ED_CAUTION,TEMP_IDEAL,AQI_UNHEALTHY,HUM_HUMID,WIND_CALM,UV_HIGH,ZONE_TROPICAL
Mumbai,India,19.1,72.9,25.5,84,38.6,4.9,27.4,3,1013.0,27.4,25.5,1.1999999999999957,0.0,18.0,4.9,0.0,24.099999999999994,ED_MODERATE_SAFE,TEMP_WARM,AQI_SENSITIVE,HUM_VERY_HUMID,WIND_WINDY,UV_MODERATE,ZONE_TROPICAL
Mumbai,India,19.1,72.9,29.0,33,4.7,8.3,29.4,1,1016.1,29.4,29.0,7.199999999999996,0.0,0.0,9.3,0.0,16.499999999999996,ED_MODERATE_SAFE,TEMP_WARM,AQI_GOOD,HUM_COMFORTABLE,WIND_CALM,UV_VERY_HIGH,ZONE_TROPICAL
Mumbai,India,19.1,72.9,21.9,90,10.6,9.1,23.9,2,1013.4,23.9,21.9,0.0,0.0,8.0,10.1,0.0,18.1,ED_MODERATE_SAFE,TEMP_IDEAL,AQI_MODERATE,HUM_VERY_HUMID,WIND_BREEZY,UV_VERY_HIGH,ZONE_TROPICAL
Mumbai,India,19.1,72.9,24.1,53,42.2,8.3,24.3,1,1019.6,24.3,24.1,0.0,0.0,0.0,9.3,0.0,9.3,ED_VERY_SAFE,TEMP_IDEAL,AQI_GOOD,HUM_COMFORTABLE,WIND_STRONG,UV_VERY_HIGH,ZONE_TROPICAL
Mumbai,India,19.1,72.9,25.0,50,15.2,1.5,25.0,3,1026.7,25.0,25.0,0.0,0.0,18.0,0.0,0.0,18.0,ED_MODERATE_SAFE,TEMP_WARM,AQI_SENSITIVE,HUM_COMFORTABLE,WIND_BREEZY,UV_LOW,ZONE_TROPICAL
Mumbai,India,19.1,72.9,15.2,34,16.9,9.8,14.4,1,1013.4,15.2,15.2,0.0,0.0,0.0,10.8,0.0,10.8,ED_VERY_SAFE,TEMP_COOL,AQI_GOOD,HUM_COMFORTABLE,WIND_BREEZY,UV_VERY_HIGH,ZONE_TROPICAL
Mumbai,India,19.1,72.9,17.0,65,27.9,5.7,17.7,1,1010.3,17.7,17.0,0.0,0.0,0.0,5.7,0.0,5.7,ED_VERY_SAFE,TEMP_COOL,AQI_GOOD,HUM_HUMID,WIND_WINDY,UV_MODERATE,ZONE_TROPICAL
Mumbai,India,19.1,72.9,15.2,58,9.0,8.3,15.6,2,1016.2,15.6,15.2,0.0,0.0,8.0,9.3,0.0,17.3,ED_MODERATE_SAFE,TEMP_COOL,AQI_MODERATE,HUM_COMFORTABLE,WIND_CALM,UV_VERY_HIGH,ZONE_TROPICAL
Mumbai,India,19.1,72.9,21.3,74,9.1,2.6,22.5,1,1013.7,22.5,21.3,0.0,0.0,0.0,1.8000000000000003,0.0,1.8000000000000003,ED_VERY_SAFE,TEMP_IDEAL,AQI_GOOD,HUM_HUMID,WIND_CALM,UV_LOW,ZONE_TROPICAL
Mumbai,India,19.1,72.9,24.1,65,15.7,2.7,24.8,3,1017.1,24.8,24.1,0.0,0.0,18.0,2.1000000000000005,0.0,20.1,ED_MODERATE_SAFE,TEMP_IDEAL,AQI_SENSITIVE,HUM_HUMID,WIND_BREEZY,UV_LOW,ZONE_TROPICAL
Mumbai,India,19.1,72.9,15.5,53,1.4,7.6,15.6,1,1007.2,15.6,15.5,0.0,0.0,0.0,8.399999999999999,0.0,8.399999999999999,ED_VERY_SAFE,TEMP_COOL,AQI_GOOD,HUM_COMFORTABLE,WIND_CALM,UV_HIGH,ZONE_TROPICAL
Mumbai,India,19.1,72.9,14.1,69,5.2,7.2,15.0,1,1006.2,15.0,14.1,0.0,0.0,0.0,7.800000000000001,0.0,7.800000000000001,ED_VERY_SAFE,TEMP_COOL,AQI_GOOD,HUM_HUMID,WIND_CALM,UV_HIGH,ZONE_TROPICAL
Mumbai,India,19.1,72.9,25.1,69,3.2,10.6,26.1,3,1006.8,26.1,25.1,0.0,0.0,18.0,11.6,0.0,29.6,ED_MODERATE_SAFE,TEMP_WARM,AQI_SENSITIVE,HUM_HUMID,WIND_CALM,UV_VERY_HIGH,ZONE_TROPICAL
Mumbai,India,19.1,72.9,11.2,77,4.9,5.2,12.5,2,1005.0,12.5,11.2,0.0,0.0,8.0,5.2,0.0,13.2,ED_VERY_SAFE,TEMP_COOL,AQI_MODERATE,HUM_HUMID,WIND_CALM,UV_MODERATE,ZONE_TROPICAL
Mumbai,India,19.1,72.9,24.8,37,3.1,9.3,24.2,5,1008.4,24.8,24.8,0.0,0.0,45.0,10.3,0.0,55.3,ED_DANGEROUS,TEMP_IDEAL,AQI_VERY_UNHEALTHY,HUM_COMFORTABLE,WIND_CALM,UV_VERY_HIGH,ZONE_TROPICAL
Mumbai,India,19.1,72.9,2.8,83,8.9,10.0,4.5,1,1030.7,4.5,0.3042251687080202,0.0,0.0,0.0,11.0,0.0,11.0,ED_VERY_SAFE,TEMP_COLD,AQI_GOOD,HUM_VERY_HUMID,WIND_CALM,UV_VERY_HIGH,ZONE_TROPICAL
Mumbai,India,19.1,72.9,31.2,42,5.1,3.4,32.6,1,1018.8,32.6,31.2,16.000000000000004,0.0,0.0,3.4,0.0,19.400000000000002,ED_MODERATE_SAFE,TEMP_HOT,AQI_GOOD,HUM_COMFORTABLE,WIND_CALM,UV_MODERATE,ZONE_TROPICAL
Mumbai,India,19.1,72.9,22.5,57,4.4,1.0,22.8,5,1013.9,22.8,22.5,0.0,0.0,45.0,0.0,0.0,45.0,ED_CAUTION,TEMP_IDEAL,AQI_VERY_UNHEALTHY,HUM_COMFORTABLE,WIND_CALM,UV_LOW,ZONE_TROPICAL
Mumbai,India,19.1,72.9,20.7,77,3.1,1.4,22.0,3,1022.1,22.0,20.7,0.0,0.0,18.0,0.0,0.0,18.0,ED_MODERATE_SAFE,TEMP_IDEAL,AQI_SENSITIVE,HUM_HUMID,WIND_CALM,UV_LOW,ZONE_TROPICAL
Mumbai,India,19.1,72.9,18.9,57,13.8,2.0,19.2,5,1009.8,19.2,18.9,0.0,0.0,45.0,0.0,0.0,45.0,ED_CAUTION,TEMP_IDEAL,AQI_VERY_UNHEALTHY,HUM_COMFORTABLE,WIND_BREEZY,UV_LOW,ZONE_TROPICAL
Mumbai,India,19.1,72.9,18.9,36,28.1,8.6,18.2,4,999.2,18.9,18.9,0.0,0.0,32.0,9.6,0.0,41.6,ED_CAUTION,TEMP_IDEAL,AQI_UNHEALTHY,HUM_COMFORTABLE,WIND_WINDY,UV_VERY_HIGH,ZONE_TROPICAL
Mumbai,India,19.1,72.9,31.5,59,5.2,9.4,33.9,2,1016.1,33.9,31.5,18.166666666666664,0.0,8.0,10.4,0.0,36.56666666666666,ED_CAUTION,TEMP_HOT,AQI_MODERATE,HUM_COMFORTABLE,WIND_CALM,UV_VERY_HIGH,ZONE_TROPICAL
Mumbai,India,19.1,72.9,26.3,38,5.6,8.9,26.1,2,1001.6,26.3,26.3,0.0,0.0,8.0,9.9,0.0,17.9,ED_MODERATE_SAFE,TEMP_WARM,AQI_MODERATE,HUM_COMFORTABLE,WIND_CALM,UV_VERY_HIGH,ZONE_TROPICAL
Mumbai,India,19.1,72.9,17.0,54,7.5,1.6,17.2,6,1021.2,17.2,17.0,0.0,0.0,50.0,0.0,0.0,50.0,ED_CAUTION,TEMP_COOL,AQI_HAZARDOUS,HUM_COMFORTABLE,WIND_CALM,UV_LOW,ZONE_TROPICAL
Mumbai,India,19.1,72.9,16.5,38,40.3,11.6,15.9,2,1009.8,16.5,16.5,0.0,0.0,8.0,12.0,0.0,20.0,ED_MODERATE_SAFE,TEMP_COOL,AQI_MODERATE,HUM_COMFORTABLE,WIND_STRONG,UV_EXTREME,ZONE_TROPICAL
Mumbai,India,19.1,72.9,20.6,59,5.7,4.5,21.0,2,1017.5,21.0,20.6,0.0,0.0,8.0,4.5,0.0,12.5,ED_VERY_SAFE,TEMP_IDEAL,AQI_MODERATE,HUM_COMFORTABLE,WIND_CALM,UV_MODERATE,ZONE_TROPICAL
Mumbai,India,19.1,72.9,14.5,27,10.1,2.4,13.3,2,1022.6,14.5,14.5,0.0,0.0,8.0,1.1999999999999997,0.0,9.2,ED_VERY_SAFE,TEMP_COOL,AQI_MODERATE,HUM_DRY,WIND_BREEZY,UV_LOW,ZONE_TROPICAL
Mumbai,India,19.1,72.9,19.6,58,32.8,6.6,20.0,1,1020.7,20.0,19.6,0.0,0.0,0.0,6.8999999999999995,0.0,6.8999999999999995,ED_VERY_SAFE,TEMP_IDEAL,AQI_GOOD,HUM_COMFORTABLE,WIND_WINDY,UV_HIGH,ZONE_TROPICAL
Mumbai,India,19.1,72.9,24.8,47,12.4,4.9,24.7,2,1011.2,24.8,24.8,0.0,0.0,8.0,4.9,0.0,12.9,ED_VERY_SAFE,TEMP_IDEAL,AQI_MODERATE,HUM_COMFORTABLE,WIND_BREEZY,UV_MODERATE,ZONE_TROPICAL
Mumbai,India,19.1,72.9,25.6,47,10.4,8.4,25.7,1,1004.0,25.7,25.6,0.0,0.0,0.0,9.4,0.0,9.4,ED_VERY_SAFE,TEMP_WARM,AQI_GOOD,HUM_COMFORTABLE,WIND_BREEZY,UV_VERY_HIGH,ZONE_TROPICAL
Mumbai,India,19.1,72.9,18.5,41,24.3,8.8,18.1,1,1008.2,18.5,18.5,0.0,0.0,0.0,9.8,0.0,9.8,ED_VERY_SAFE,TEMP_IDEAL,AQI_GOOD,HUM_COMFORTABLE,WIND_WINDY,UV_VERY_HIGH,ZONE_TROPICAL
Mumbai,India,19.1,72.9,22.8,71,15.8,2.3,23.8,1,1006.3,23.8,22.8,0.0,0.0,0.0,0.8999999999999995,0.0,0.8999999999999995,ED_VERY_SAFE,TEMP_IDEAL,AQI_GOOD,HUM_HUMID,WIND_BREEZY,UV_LOW,ZONE_TROPICAL
Mumbai,India,19.1,72.9,35.6,66,7.3,0.0,39.6,3,1005.0,39.6,35.6,27.66666666666667,0.0,18.0,0.0,0.0,45.66666666666667,ED_CAUTION,TEMP_VERY_HOT,AQI_SENSITIVE,HUM_HUMID,WIND_CALM,UV_LOW,ZONE_TROPICAL
Mumbai,India,19.1,72.9,17.8,88,17.3,6.5,19.7,1,1007.9,19.7,17.8,0.0,0.0,0.0,6.75,0.0,6.75,ED_VERY_SAFE,TEMP_COOL,AQI_GOOD,HUM_VERY_HUMID,WIND_BREEZY,UV_HIGH,ZONE_TROPICAL
Mumbai,India,19.1,72.9,20.3,79,19.5,7.5,21.7,1,1010.1,21.7,20.3,0.0,0.0,0.0,8.25,0.0,8.25,ED_VERY_SAFE,TEMP_IDEAL,AQI_GOOD,HUM_HUMID,WIND_BREEZY,UV_HIGH,ZONE_TROPICAL
Mumbai,India,19.1,72.9,24.3,58,3.7,5.8,24.7,5,1009.4,24.7,24.3,0.0,0.0,45.0,5.8,0.0,50.8,ED_CAUTION,TEMP_IDEAL,AQI_VERY_UNHEALTHY,HUM_COMFORTABLE,WIND_CALM,UV_MODERATE,ZONE_TROPICAL
Mumbai,India,19.1,72.9,12.6,61,10.9,6.6,13.1,3,1008.2,13.1,12.6,0.0,0.0,18.0,6.8999999999999995,0.0,24.9,ED_MODERATE_SAFE,TEMP_COOL,AQI_SENSITIVE,HUM_HUMID,WIND_BREEZY,UV_HIGH,ZONE_TROPICAL
Mumbai,India,19.1,72.9,16.1,39,16.4,8.0,15.6,2,1018.3,16.1,16.1,0.0,0.0,8.0,9.0,0.0,17.0,ED_MODERATE_SAFE,TEMP_COOL,AQI_MODERATE,HUM_COMFORTABLE,WIND_BREEZY,UV_VERY_HIGH,ZONE_TROPICAL
Mumbai,India,19.1,72.9,22.8,69,3.3,8.0,23.8,1,1010.2,23.8,22.8,0.0,0.0,0.0,9.0,0.0,9.0,ED_VERY_SAFE,TEMP_IDEAL,AQI_GOOD,HUM_HUMID,WIND_CALM,UV_VERY_HIGH,ZONE_TROPICAL
Mumbai,India,19.1,72.9,16.3,56,2.5,6.9,16.6,3,1008.6,16.6,16.3,0.0,0.0,18.0,7.3500000000000005,0.0,25.35,ED_MODERATE_SAFE,TEMP_COOL,AQI_SENSITIVE,HUM_COMFORTABLE,WIND_CALM,UV_HIGH,ZONE_TROPICAL
Mumbai,India,19.1,72.9,8.1,80,4.9,8.6,9.6,1,1011.5,9.6,7.633714797993131,0.0,0.0,0.0,9.6,0.0,9.6,ED_VERY_SAFE,TEMP_COLD,AQI_GOOD,HUM_VERY_HUMID,WIND_CALM,UV_VERY_HIGH,ZONE_TROPICAL
Mumbai,India,19.1,72.9,27.1,35,15.5,5.5,27.0,3,1025.4,27.1,27.1,0.30000000000000426,0.0,18.0,5.5,0.0,23.800000000000004,ED_MODERATE_SAFE,TEMP_WARM,AQI_SENSITIVE,HUM_COMFORTABLE,WIND_BREEZY,UV_MODERATE,ZONE_TROPICAL
Mumbai,India,19.1,72.9,25.6,58,22.9,6.0,26.1,2,1009.1,26.1,25.6,0.0,0.0,8.0,6.0,0.0,14.0,ED_VERY_SAFE,TEMP_WARM,AQI_MODERATE,HUM_COMFORTABLE,WIND_WINDY,UV_HIGH,ZONE_TROPICAL
Mumbai,India,19.1,72.9,11.3,50,15.6,4.4,11.3,3,1022.0,11.3,11.3,0.0,0.0,18.0,4.4,0.0,22.4,ED_MODERATE_SAFE,TEMP_COOL,AQI_SENSITIVE,HUM_COMFORTABLE,WIND_BREEZY,UV_MODERATE,ZONE_TROPICAL
Mumbai,India,19.1,72.9,17.2,54,9.1,6.3,17.4,4,1014.1,17.4,17.2,0.0,0.0,32.0,6.449999999999999,0.0,38.45,ED_CAUTION,TEMP_COOL,AQI_UNHEALTHY,HUM_COMFORTABLE,WIND_CALM,UV_HIGH,ZONE_TROPICAL
Mumbai,India,19.1,72.9,19.5,41,9.1,8.9,19.1,2,1018.0,19.5,19.5,0.0,0.0,8.0,9.9,0.0,17.9,ED_MODERATE_SAFE,TEMP_IDEAL,AQI_MODERATE,HUM_COMFORTABLE,WIND_CALM,UV_VERY_HIGH,ZONE_TROPICAL
Mumbai,India,19.1,72.9,12.8,46,50.7,2.9,12.6,1,996.4,12.8,12.8,0.0,0.0,0.0,2.6999999999999997,0.0,2.6999999999999997,ED_VERY_SAFE,TEMP_COOL,AQI_GOOD,HUM_COMFORTABLE,WIND_STRONG,UV_LOW,ZONE_TROPICAL
Mumbai,India,19.1,72.9,18.4,100,2.2,10.7,20.9,3,1008.4,20.9,18.4,0.0,0.0,18.0,11.7,0.0,29.7,ED_MODERATE_SAFE,TEMP_IDEAL,AQI_SENSITIVE,HUM_VERY_HUMID,WIND_CALM,UV_VERY_HIGH,ZONE_TROPICAL
Mumbai,India,19.1,72.9,16.7,74,25.1,11.4,17.9,2,1006.4,17.9,16.7,0.0,0.0,8.0,12.0,0.0,20.0,ED_MODERATE_SAFE,TEMP_COOL,AQI_MODERATE,HUM_HUMID,WIND_WINDY,UV_EXTREME,ZONE_TROPICAL
Mumbai,India,19.1,72.9,17.3,55,8.6,7.2,17.5,3,1014.1,17.5,17.3,0.0,0.0,18.0,7.800000000000001,0.0,25.8,ED_MODERATE_SAFE,TEMP_COOL,AQI_SENSITIVE,HUM_COMFORTABLE,WIND_CALM,UV_HIGH,ZONE_TROPICAL
Mumbai,India,19.1,72.9,18.8,82,13.0,6.2,20.4,5,1029.5,20.4,18.8,0.0,0.0,45.0,6.300000000000001,0.0,51.3,ED_CAUTION,TEMP_IDEAL,AQI_VERY_UNHEALTHY,HUM_VERY_HUMID,WIND_BREEZY,UV_HIGH,ZONE_TROPICAL
Mumbai,India,19.1,72.9,11.2,50,9.1,2.2,11.2,2,1016.5,11.2,11.2,0.0,0.0,8.0,0.6000000000000005,0.0,8.600000000000001,ED_VERY_SAFE,TEMP_COOL,AQI_MODERATE,HUM_COMFORTABLE,WIND_CALM,UV_LOW,ZONE_TROPICAL
Mumbai,India,19.1,72.9,24.9,75,10.0,1.2,26.1,3,1007.7,26.1,24.9,0.0,0.0,18.0,0.0,0.0,18.0,ED_MODERATE_SAFE,TEMP_IDEAL,AQI_SENSITIVE,HUM_HUMID,WIND_BREEZY,UV_LOW,ZONE_TROPICAL
Mumbai,India,19.1,72.9,15.8,50,1.5,6.8,15.8,1,1002.7,15.8,15.8,0.0,0.0,0.0,7.199999999999999,0.0,7.199999999999999,ED_VERY_SAFE,TEMP_COOL,AQI_GOOD,HUM_COMFORTABLE,WIND_CALM,UV_HIGH,ZONE_TROPICAL
Mumbai,India,19.1,72.9,25.4,75,5.5,5.8,26.7,3,1015.5,26.7,25.4,0.0,0.0,18.0,5.8,0.0,23.8,ED_MODERATE_SAFE,TEMP_WARM,AQI_SENSITIVE,HUM_HUMID,WIND_CALM,UV_MODERATE,ZONE_TROPICAL
Mumbai,India,19.1,72.9,18.9,47,10.4,7.6,18.8,1,1020.7,18.9,18.9,0.0,0.0,0.0,8.399999999999999,0.0,8.399999999999999,ED_VERY_SAFE,TEMP_IDEAL,AQI_GOOD,HUM_COMFORTABLE,WIND_BREEZY,UV_HIGH,ZONE_TROPICAL
Mumbai,India,19.1,72.9,28.0,70,9.0,7.5,29.8,1,1011.2,29.8,28.0,8.400000000000002,0.0,0.0,8.25,0.0,16.650000000000002,ED_MODERATE_SAFE,TEMP_WARM,AQI_GOOD,HUM_HUMID,WIND_CALM,UV_HIGH,ZONE_TROPICAL
Mumbai,India,19.1,72.9,21.2,27,15.1,3.4,20.0,2,1011.3,21.2,21.2,0.0,0.0,8.0,3.4,0.0,11.4,ED_VERY_SAFE,TEMP_IDEAL,AQI_MODERATE,HUM_DRY,WIND_BREEZY,UV_MODERATE,ZONE_TROPICAL
Mumbai,India,19.1,72.9,13.7,13,7.5,6.4,11.9,2,1010.4,13.7,13.7,0.0,0.0,8.0,6.6000000000000005,0.0,14.600000000000001,ED_VERY_SAFE,TEMP_COOL,AQI_MODERATE,HUM_DRY,WIND_CALM,UV_HIGH,ZONE_TROPICAL
Mumbai,India,19.1,72.9,22.9,50,9.5,10.2,22.9,3,1005.2,22.9,22.9,0.0,0.0,18.0,11.2,0.0,29.2,ED_MODERATE_SAFE,TEMP_IDEAL,AQI_SENSITIVE,HUM_COMFORTABLE,WIND_CALM,UV_VERY_HIGH,ZONE_TROPICAL
Mumbai,India,19.1,72.9,15.1,51,6.1,0.0,15.2,5,1015.7,15.2,15.1,0.0,0.0,45.0,0.0,0.0,45.0,ED_CAUTION,TEMP_COOL,AQI_VERY_UNHEALTHY,HUM_COMFORTABLE,WIND_CALM,UV_LOW,ZONE_TROPICAL
Mumbai,India,19.1,72.9,10.0,39,6.5,2.3,9.5,3,1017.9,10.0,9.344408540890079,0.0,0.0,18.0,0.8999999999999995,0.0,18.9,ED_MODERATE_SAFE,TEMP_COOL,AQI_SENSITIVE,HUM_COMFORTABLE,WIND_CALM,UV_LOW,ZONE_TROPICAL
Mumbai,India,19.1,72.9,9.7,73,9.0,2.4,10.9,1,1019.5,10.9,8.45493110745059,0.0,0.0,0.0,1.1999999999999997,0.0,1.1999999999999997,ED_VERY_SAFE,TEMP_COLD,AQI_GOOD,HUM_HUMID,WIND_CALM,UV_LOW,ZONE_TROPICAL
Mumbai,India,19.1,72.9,18.9,53,7.7,5.0,19.1,1,996.4,19.1,18.9,0.0,0.0,0.0,5.0,0.0,5.0,ED_VERY_SAFE,TEMP_IDEAL,AQI_GOOD,HUM_COMFORTABLE,WIND_CALM,UV_MODERATE,ZONE_TROPICAL
Mumbai,India,19.1,72.9,25.8,100,12.5,9.1,28.5,5,1005.7,28.5,25.8,4.5,0.0,45.0,10.1,0.0,59.6,ED_DANGEROUS,TEMP_WARM,AQI_VERY_UNHEALTHY,HUM_VERY_HUMID,WIND_BREEZY,UV_VERY_HIGH,ZONE_TROPICAL
Mumbai,India,19.1,72.9,18.1,75,1.0,8.3,19.4,2,1001.5,19.4,18.1,0.0,0.0,8.0,9.3,0.0,17.3,ED_MODERATE_SAFE,TEMP_IDEAL,AQI_MODERATE,HUM_HUMID,WIND_CALM,UV_VERY_HIGH,ZONE_TROPICAL
Mumbai,India,19.1,72.9,20.5,88,8.3,6.3,22.4,3,1005.7,22.4,20.5,0.0,0.0,18.0,6.449999999999999,0.0,24.45,ED_MODERATE_SAFE,TEMP_IDEAL,AQI_SENSITIVE,HUM_VERY_HUMID,WIND_CALM,UV_HIGH,ZONE_TROPICAL
Mumbai,India,19.1,72.9,23.0,84,14.1,3.7,24.8,1,999.0,24.8,23.0,0.0,0.0,0.0,3.7,0.0,3.7,ED_VERY_SAFE,TEMP_IDEAL,AQI_GOOD,HUM_VERY_HUMID,WIND_BREEZY,UV_MODERATE,ZONE_TROPICAL
Mumbai,India,19.1,72.9,14.3,38,16.0,9.2,13.7,1,1010.9,14.3,14.3,0.0,0.0,0.0,10.2,0.0,10.2,ED_VERY_SAFE,TEMP_COOL,AQI_GOOD,HUM_COMFORTABLE,WIND_BREEZY,UV_VERY_HIGH,ZONE_TROPICAL
Mumbai,India,19.1,72.9,20.1,64,15.1,3.9,20.8,4,1023.4,20.8,20.1,0.0,0.0,32.0,3.9,0.0,35.9,ED_CAUTION,TEMP_IDEAL,AQI_UNHEALTHY,HUM_HUMID,WIND_BREEZY,UV_MODERATE,ZONE_TROPICAL
Mumbai,India,19.1,72.9,10.3,39,23.7,6.4,9.8,2,1007.4,10.3,10.3,0.0,0.0,8.0,6.6000000000000005,0.0,14.600000000000001,ED_VERY_SAFE,TEMP_COOL,AQI_MODERATE,HUM_COMFORTABLE,WIND_WINDY,UV_HIGH,ZONE_TROPICAL
Mumbai,India,19.1,72.9,20.2,94,1.4,1.8,22.4,1,1020.2,22.4,20.2,0.0,0.0,0.0,0.0,0.0,0.0,ED_VERY_SAFE,TEMP_IDEAL,AQI_GOOD,HUM_VERY_HUMID,WIND_CALM,UV_LOW,ZONE_TROPICAL
Mumbai,India,19.1,72.9,9.4,56,22.0,6.1,9.7,6,1006.6,9.7,6.429366458579487,0.0,0.0,50.0,6.1499999999999995,0.0,56.15,ED_DANGEROUS,TEMP_COLD,AQI_HAZARDOUS,HUM_COMFORTABLE,WIND_WINDY,UV_HIGH,ZONE_TROPICAL
Mumbai,India,19.1,72.9,17.1,64,15.2,4.0,17.8,3,1011.2,17.8,17.1,0.0,0.0,18.0,4.0,0.0,22.0,ED_MODERATE_SAFE,TEMP_COOL,AQI_SENSITIVE,HUM_HUMID,WIND_BREEZY,UV_MODERATE,ZONE_TROPICAL
Mumbai,India,19.1,72.9,20.2,70,14.9,3.1,21.2,1,1018.6,21.2,20.2,0.0,0.0,0.0,3.1,0.0,3.1,ED_VERY_SAFE,TEMP_IDEAL,AQI_GOOD,HUM_HUMID,WIND_BREEZY,UV_MODERATE,ZONE_TROPICAL
Mumbai,India,19.1,72.9,16.6,50,4.5,0.6,16.6,2,1000.6,16.6,16.6,0.0,0.0,8.0,0.0,0.0,8.0,ED_VERY_SAFE,TEMP_COOL,AQI_MODERATE,HUM_COMFORTABLE,WIND_CALM,UV_LOW,ZONE_TROPICAL
Mumbai,India,19.1,72.9,29.2,75,7.2,6.0,31.7,1,1022.3,31.7,29.2,14.099999999999998,0.0,0.0,6.0,0.0,20.099999999999998,ED_MODERATE_SAFE,TEMP_WARM,AQI_GOOD,HUM_HUMID,WIND_CALM,UV_HIGH,ZONE_TROPICAL
Mumbai,India,19.1,72.9,13.9,73,5.4,5.7,15.1,1,1026.3,15.1,13.9,0.0,0.0,0.0,5.7,0.0,5.7,ED_VERY_SAFE,TEMP_COOL,AQI_GOOD,HUM_HUMID,WIND_CALM,UV_MODERATE,ZONE_TROPICAL
Mumbai,India,19.1,72.9,18.4,84,14.2,5.4,20.1,5,1024.8,20.1,18.4,0.0,0.0,45.0,5.4,0.0,50.4,ED_CAUTION,TEMP_IDEAL,AQI_VERY_UNHEALTHY,HUM_VERY_HUMID,WIND_BREEZY,UV_MODERATE,ZONE_TROPICAL
Mumbai,India,19.1,72.9,1.9,38,15.2,7.5,1.3,1,1017.0,1.9,-2.1081635727667623,0.0,3.162245359150143,0.0,8.25,0.0,11.412245359150143,ED_VERY_SAFE,TEMP_COLD,AQI_GOOD,HUM_COMFORTABLE,WIND_BREEZY,UV_HIGH,ZONE_TROPICAL
Mumbai,India,19.1,72.9,19.6,75,15.3,12.4,20.8,4,1009.2,20.8,19.6,0.0,0.0,32.0,12.0,0.0,44.0,ED_CAUTION,TEMP_IDEAL,AQI_UNHEALTHY,HUM_HUMID,WIND_BREEZY,UV_EXTREME,ZONE_TROPICAL
Mumbai,India,19.1,72.9,11.5,64,3.5,3.1,12.2,1,1016.0,12.2,11.5,0.0,0.0,0.0,3.1,0.0,3.1,ED_VERY_SAFE,TEMP_COOL,AQI_GOOD,HUM_HUMID,WIND_CALM,UV_MODERATE,ZONE_TROPICAL
Mumbai,India,19.1,72.9,17.4,53,6.6,10.8,17.5,2,1013.8,17.5,17.4,0.0,0.0,8.0,11.8,0.0,19.8,ED_MODERATE_SAFE,TEMP_COOL,AQI_MODERATE,HUM_COMFORTABLE,WIND_CALM,UV_VERY_HIGH,ZONE_TROPICAL
Mumbai,India,19.1,72.9,22.9,85,1.1,2.3,24.7,2,1003.9,24.7,22.9,0.0,0.0,8.0,0.8999999999999995,0.0,8.899999999999999,ED_VERY_SAFE,TEMP_IDEAL,AQI_MODERATE,HUM_VERY_HUMID,WIND_CALM,UV_LOW,ZONE_TROPICAL
Mumbai,India,19.1,72.9,17.5,68,2.4,2.1,18.4,3,1013.5,18.4,17.5,0.0,0.0,18.0,0.30000000000000027,0.0,18.3,ED_MODERATE_SAFE,TEMP_COOL,AQI_SENSITIVE,HUM_HUMID,WIND_CALM,UV_LOW,ZONE_TROPICAL
Mumbai,India,19.1,72.9,17.1,73,13.9,6.0,18.3,2,1014.6,18.3,17.1,0.0,0.0,8.0,6.0,0.0,14.0,ED_VERY_SAFE,TEMP_COOL,AQI_MODERATE,HUM_HUMID,WIND_BREEZY,UV_HIGH,ZONE_TROPICAL
Mumbai,India,19.1,72.9,15.1,78,16.3,2.3,16.5,4,1030.6,16.5,15.1,0.0,0.0,32.0,0.8999999999999995,0.0,32.9,ED_MODERATE_SAFE,TEMP_COOL,AQI_UNHEALTHY,HUM_HUMID,WIND_BREEZY,UV_LOW,ZONE_TROPICAL
Mumbai,India,19.1,72.9,19.8,72,11.1,8.1,20.9,2,1013.5,20.9,19.8,0.0,0.0,8.0,9.1,0.0,17.1,ED_MODERATE_SAFE,TEMP_IDEAL,AQI_MODERATE,HUM_HUMID,WIND_BREEZY,UV_VERY_HIGH,ZONE_TROPICAL
Mumbai,India,19.1,72.9,10.1,42,5.7,0.0,9.7,1,1016.0,10.1,10.1,0.0,0.0,0.0,0.0,0.0,0.0,ED_VERY_SAFE,TEMP_COOL,AQI_GOOD,HUM_COMFORTABLE,WIND_CALM,UV_LOW,ZONE_TROPICAL
Moscow,Russia,55.8,37.6,18.0,50,3.5,1.8,18.0,1,1006.9,18.0,18.0,0.0,0.0,0.0,0.0,0.0,0.0,ED_VERY_SAFE,TEMP_IDEAL,AQI_GOOD,HUM_COMFORTABLE,WIND_CALM,UV_LOW,ZONE_TEMPERATE
Moscow,Russia,55.8,37.6,7.6,38,5.6,3.4,7.0,6,1010.5,7.6,6.8346071724800215,0.0,0.0,50.0,3.4,0.0,53.4,ED_CAUTION,TEMP_COLD,AQI_HAZARDOUS,HUM_COMFORTABLE,WIND_CALM,UV_MODERATE,ZONE_TEMPERATE
Moscow,Russia,55.8,37.6,-0.3,46,9.1,0.4,-0.5,3,1007.6,-0.3,-3.4243278998250486,0.0,5.136491849737572,18.0,0.0,0.0,23.136491849737574,ED_MODERATE_SAFE,TEMP_FREEZING,AQI_SENSITIVE,HUM_COMFORTABLE,WIND_CALM,UV_LOW,ZONE_TEMPERATE
Moscow,Russia,55.8,37.6,1.8,39,15.6,8.4,1.2,1,1018.3,1.8,-2.30019058760167,0.0,3.4502858814025057,0.0,9.4,0.0,12.850285881402506,ED_VERY_SAFE,TEMP_COLD,AQI_GOOD,HUM_COMFORTABLE,WIND_BREEZY,UV_VERY_HIGH,ZONE_TEMPERATE
Moscow,Russia,55.8,37.6,15.8,52,5.6,0.0,15.8,6,1025.3,15.8,15.8,0.0,0.0,50.0,0.0,0.0,50.0,ED_CAUTION,TEMP_COOL,AQI_HAZARDOUS,HUM_COMFORTABLE,WIND_CALM,UV_LOW,ZONE_TEMPERATE
Moscow,Russia,55.8,37.6,10.6,43,8.0,4.5,10.3,6,1009.8,10.6,10.6,0.0,0.0,50.0,4.5,0.0,54.5,ED_CAUTION,TEMP_COOL,AQI_HAZARDOUS,HUM_COMFORTABLE,WIND_CALM,UV_MODERATE,ZONE_TEMPERATE
Moscow,Russia,55.8,37.6,-0.3,8,11.5,0.8,-2.4,2,1005.6,-0.3,-4.048573458821182,0.0,6.072860188231774,8.0,0.0,0.0,14.072860188231774,ED_VERY_SAFE,TEMP_FREEZING,AQI_MODERATE,HUM_DRY,WIND_BREEZY,UV_LOW,ZONE_TEMPERATE
Moscow,Russia,55.8,37.6,9.9,43,6.6,3.7,9.5,3,1014.2,9.9,9.204198376081433,0.0,0.0,18.0,3.7,0.0,21.7,ED_MODERATE_SAFE,TEMP_COLD,AQI_SENSITIVE,HUM_COMFORTABLE,WIND_CALM,UV_MODERATE,ZONE_TEMPERATE
Moscow,Russia,55.8,37.6,8.7,48,12.6,3.1,8.6,1,1005.8,8.7,6.647249597853359,0.0,0.0,0.0,3.1,0.0,3.1,ED_VERY_SAFE,TEMP_COLD,AQI_GOOD,HUM_COMFORTABLE,WIND_BREEZY,UV_MODERATE,ZONE_TEMPERATE
Moscow,Russia,55.8,37.6,12.1,35,9.3,0.0,11.4,1,1003.0,12.1,12.1,0.0,0.0,0.0,0.0,0.0,0.0,ED_VERY_SAFE,TEMP_COOL,AQI_GOOD,HUM_COMFORTABLE,WIND_CALM,UV_LOW,ZONE_TEMPERATE
Moscow,Russia,55.8,37.6,10.5,30,1.6,4.4,9.5,1,1007.4,10.5,10.5,0.0,0.0,0.0,4.4,0.0,4.4,ED_VERY_SAFE,TEMP_COOL,AQI_GOOD,HUM_COMFORTABLE,WIND_CALM,UV_MODERATE,ZONE_TEMPERATE
Moscow,Russia,55.8,37.6,13.9,49,4.7,1.2,13.8,3,1004.1,13.9,13.9,0.0,0.0,18.0,0.0,0.0,18.0,ED_MODERATE_SAFE,TEMP_COOL,AQI_SENSITIVE,HUM_COMFORTABLE,WIND_CALM,UV_LOW,ZONE_TEMPERATE
Moscow,Russia,55.8,37.6,16.2,43,17.6,0.0,15.9,1,1001.8,16.2,16.2,0.0,0.0,0.0,0.0,0.0,0.0,ED_VERY_SAFE,TEMP_COOL,AQI_GOOD,HUM_COMFORTABLE,WIND_BREEZY,UV_LOW,ZONE_TEMPERATE
Moscow,Russia,55.8,37.6,16.5,5,9.6,1.8,14.3,3,1018.8,16.5,16.5,0.0,0.0,18.0,0.0,0.0,18.0,ED_MODERATE_SAFE,TEMP_COOL,AQI_SENSITIVE,HUM_DRY,WIND_CALM,UV_LOW,ZONE_TEMPERATE
Moscow,Russia,55.8,37.6,10.7,46,7.6,0.0,10.5,1,1016.7,10.7,10.7,0.0,0.0,0.0,0.0,0.0,0.0,ED_VERY_SAFE,TEMP_COOL,AQI_GOOD,HUM_COMFORTABLE,WIND_CALM,UV_LOW,ZONE_TEMPERATE
Moscow,Russia,55.8,37.6,8.8,65,11.8,6.0,9.5,4,1004.5,9.5,6.892282487816131,0.0,0.0,32.0,6.0,0.0,38.0,ED_CAUTION,TEMP_COLD,AQI_UNHEALTHY,HUM_HUMID,WIND_BREEZY,UV_HIGH,ZONE_TEMPERATE
Moscow,Russia,55.8,37.6,19.2,73,10.5,0.6,20.4,5,1011.2,20.4,19.2,0.0,0.0,45.0,0.0,0.0,45.0,ED_CAUTION,TEMP_IDEAL,AQI_VERY_UNHEALTHY,HUM_HUMID,WIND_BREEZY,UV_LOW,ZONE_TEMPERATE
Moscow,Russia,55.8,37.6,10.8,31,1.7,0.0,9.8,1,1024.2,10.8,10.8,0.0,0.0,0.0,0.0,0.0,0.0,ED_VERY_SAFE,TEMP_COOL,AQI_GOOD,HUM_COMFORTABLE,WIND_CALM,UV_LOW,ZONE_TEMPERATE
Moscow,Russia,55.8,37.6,12.1,37,13.2,5.4,11.5,2,1015.7,12.1,12.1,0.0,0.0,8.0,5.4,0.0,13.4,ED_VERY_SAFE,TEMP_COOL,AQI_MODERATE,HUM_COMFORTABLE,WIND_BREEZY,UV_MODERATE,ZONE_TEMPERATE
Moscow,Russia,55.8,37.6,14.2,47,9.1,5.8,14.0,2,1000.9,14.2,14.2,0.0,0.0,8.0,5.8,0.0,13.8,ED_VERY_SAFE,TEMP_COOL,AQI_MODERATE,HUM_COMFORTABLE,WIND_CALM,UV_MODERATE,ZONE_TEMPERATE
Moscow,Russia,55.8,37.6,4.5,58,7.1,0.1,4.9,1,1017.1,4.9,2.799963971778663,0.0,0.0,0.0,0.0,0.0,0.0,ED_VERY_SAFE,TEMP_COLD,AQI_GOOD,HUM_COMFORTABLE,WIND_CALM,UV_LOW,ZONE_TEMPERATE
Moscow,Russia,55.8,37.6,8.7,41,13.5,3.9,8.3,2,1021.6,8.7,6.515383665373419,0.0,0.0,8.0,3.9,0.0,11.9,ED_VERY_SAFE,TEMP_COLD,AQI_MODERATE,HUM_COMFORTABLE,WIND_BREEZY,UV_MODERATE,ZONE_TEMPERATE
Moscow,Russia,55.8,37.6,8.7,47,28.2,5.5,8.6,3,1011.4,8.7,5.01286953641854,0.0,0.0,18.0,5.5,0.0,23.5,ED_MODERATE_SAFE,TEMP_COLD,AQI_SENSITIVE,HUM_COMFORTABLE,WIND_WINDY,UV_MODERATE,ZONE_TEMPERATE
Moscow,Russia,55.8,37.6,19.5,94,12.4,0.0,21.7,2,1018.7,21.7,19.5,0.0,0.0,8.0,0.0,0.0,8.0,ED_VERY_SAFE,TEMP_IDEAL,AQI_MODERATE,HUM_VERY_HUMID,WIND_BREEZY,UV_LOW,ZONE_TEMPERATE
Moscow,Russia,55.8,37.6,11.8,42,3.3,0.0,11.4,3,1019.6,11.8,11.8,0.0,0.0,18.0,0.0,0.0,18.0,ED_MODERATE_SAFE,TEMP_COOL,AQI_SENSITIVE,HUM_COMFORTABLE,WIND_CALM,UV_LOW,ZONE_TEMPERATE
Moscow,Russia,55.8,37.6,8.0,65,8.2,1.9,8.7,6,1013.1,8.7,6.61262798619008,0.0,0.0,50.0,0.0,0.0,50.0,ED_CAUTION,TEMP_COLD,AQI_HAZARDOUS,HUM_HUMID,WIND_CALM,UV_LOW,ZONE_TEMPERATE
Moscow,Russia,55.8,37.6,1.2,15,16.6,5.9,-0.5,3,1003.9,1.2,-3.211241665803663,0.0,4.816862498705495,18.0,5.9,0.0,28.716862498705495,ED_MODERATE_SAFE,TEMP_COLD,AQI_SENSITIVE,HUM_DRY,WIND_BREEZY,UV_MODERATE,ZONE_TEMPERATE
Moscow,Russia,55.8,37.6,-0.5,31,14.8,4.7,-1.4,3,1022.3,-0.5,-4.994420171387722,0.0,7.4916302570815825,18.0,4.7,0.0,30.19163025708158,ED_MODERATE_SAFE,TEMP_FREEZING,AQI_SENSITIVE,HUM_COMFORTABLE,WIND_BREEZY,UV_MODERATE,ZONE_TEMPERATE
Moscow,Russia,55.8,37.6,11.5,12,6.3,0.0,9.6,2,1026.4,11.5,11.5,0.0,0.0,8.0,0.0,0.0,8.0,ED_VERY_SAFE,TEMP_COOL,AQI_MODERATE,HUM_DRY,WIND_CALM,UV_LOW,ZONE_TEMPERATE
Moscow,Russia,55.8,37.6,10.8,35,5.9,1.2,10.1,1,998.4,10.8,10.8,0.0,0.0,0.0,0.0,0.0,0.0,ED_VERY_SAFE,TEMP_COOL,AQI_GOOD,HUM_COMFORTABLE,WIND_CALM,UV_LOW,ZONE_TEMPERATE
Moscow,Russia,55.8,37.6,16.4,79,0.6,0.0,17.8,1,1001.2,17.8,16.4,0.0,0.0,0.0,0.0,0.0,0.0,ED_VERY_SAFE,TEMP_COOL,AQI_GOOD,HUM_HUMID,WIND_CALM,UV_LOW,ZONE_TEMPERATE
Moscow,Russia,55.8,37.6,27.1,43,30.9,4.5,27.4,1,1012.9,27.4,27.1,1.1999999999999957,0.0,0.0,4.5,0.0,5.699999999999996,ED_VERY_SAFE,TEMP_WARM,AQI_GOOD,HUM_COMFORTABLE,WIND_WINDY,UV_MODERATE,ZONE_TEMPERATE
Moscow,Russia,55.8,37.6,2.5,28,7.1,0.0,1.4,1,1013.9,2.5,0.47185207960752074,0.0,0.0,0.0,0.0,0.0,0.0,ED_VERY_SAFE,TEMP_COLD,AQI_GOOD,HUM_DRY,WIND_CALM,UV_LOW,ZONE_TEMPERATE
Moscow,Russia,55.8,37.6,6.3,54,1.9,6.2,6.5,1,1012.4,6.5,6.3,0.0,0.0,0.0,6.300000000000001,0.0,6.300000000000001,ED_VERY_SAFE,TEMP_COLD,AQI_GOOD,HUM_COMFORTABLE,WIND_CALM,UV_HIGH,ZONE_TEMPERATE
Moscow,Russia,55.8,37.6,8.5,39,2.9,10.3,8.0,6,1016.5,8.5,8.5,0.0,0.0,50.0,11.3,0.0,61.3,ED_DANGEROUS,TEMP_COLD,AQI_HAZARDOUS,HUM_COMFORTABLE,WIND_CALM,UV_VERY_HIGH,ZONE_TEMPERATE
Moscow,Russia,55.8,37.6,4.5,94,16.9,3.4,6.7,1,1006.7,6.7,0.8476272358164261,0.0,0.0,0.0,3.4,0.0,3.4,ED_VERY_SAFE,TEMP_COLD,AQI_GOOD,HUM_VERY_HUMID,WIND_BREEZY,UV_MODERATE,ZONE_TEMPERATE
Moscow,Russia,55.8,37.6,4.0,79,10.2,3.5,5.5,4,1010.7,5.5,1.4189378423400392,0.0,0.0,32.0,3.5,0.0,35.5,ED_CAUTION,TEMP_COLD,AQI_UNHEALTHY,HUM_HUMID,WIND_BREEZY,UV_MODERATE,ZONE_TEMPERATE
Moscow,Russia,55.8,37.6,15.1,20,19.3,2.5,13.6,2,1018.6,15.1,15.1,0.0,0.0,8.0,1.5,0.0,9.5,ED_VERY_SAFE,TEMP_COOL,AQI_MODERATE,HUM_DRY,WIND_BREEZY,UV_LOW,ZONE_TEMPERATE
Moscow,Russia,55.8,37.6,11.4,5,9.7,1.4,9.1,4,1002.4,11.4,11.4,0.0,0.0,32.0,0.0,0.0,32.0,ED_MODERATE_SAFE,TEMP_COOL,AQI_UNHEALTHY,HUM_DRY,WIND_CALM,UV_LOW,ZONE_TEMPERATE
Moscow,Russia,55.8,37.6,5.2,76,6.0,0.0,6.5,1,1006.1,6.5,3.953278307232884,0.0,0.0,0.0,0.0,0.0,0.0,ED_VERY_SAFE,TEMP_COLD,AQI_GOOD,HUM_HUMID,WIND_CALM,UV_LOW,ZONE_TEMPERATE
Moscow,Russia,55.8,37.6,14.3,5,4.6,0.8,12.1,1,1011.5,14.3,14.3,0.0,0.0,0.0,0.0,0.0,0.0,ED_VERY_SAFE,TEMP_COOL,AQI_GOOD,HUM_DRY,WIND_CALM,UV_LOW,ZONE_TEMPERATE
Moscow,Russia,55.8,37.6,19.4,76,2.0,0.0,20.7,2,1003.5,20.7,19.4,0.0,0.0,8.0,0.0,0.0,8.0,ED_VERY_SAFE,TEMP_IDEAL,AQI_MODERATE,HUM_HUMID,WIND_CALM,UV_LOW,ZONE_TEMPERATE
Moscow,Russia,55.8,37.6,9.3,50,4.8,0.9,9.3,6,1008.7,9.3,9.3,0.0,0.0,50.0,0.0,0.0,50.0,ED_CAUTION,TEMP_COLD,AQI_HAZARDOUS,HUM_COMFORTABLE,WIND_CALM,UV_LOW,ZONE_TEMPERATE
Moscow,Russia,55.8,37.6,6.8,56,3.8,1.1,7.1,1,1015.2,7.1,6.8,0.0,0.0,0.0,0.0,0.0,0.0,ED_VERY_SAFE,TEMP_COLD,AQI_GOOD,HUM_COMFORTABLE,WIND_CALM,UV_LOW,ZONE_TEMPERATE
Moscow,Russia,55.8,37.6,21.5,56,15.4,0.0,21.8,1,1010.1,21.8,21.5,0.0,0.0,0.0,0.0,0.0,0.0,ED_VERY_SAFE,TEMP_IDEAL,AQI_GOOD,HUM_COMFORTABLE,WIND_BREEZY,UV_LOW,ZONE_TEMPERATE
Moscow,Russia,55.8,37.6,11.6,12,15.3,2.6,9.7,6,1018.9,11.6,11.6,0.0,0.0,50.0,1.8000000000000003,0.0,51.8,ED_CAUTION,TEMP_COOL,AQI_HAZARDOUS,HUM_DRY,WIND_BREEZY,UV_LOW,ZONE_TEMPERATE
Moscow,Russia,55.8,37.6,4.9,27,7.2,6.2,3.7,2,1002.7,4.9,3.2366869522234376,0.0,0.0,8.0,6.300000000000001,0.0,14.3,ED_VERY_SAFE,TEMP_COLD,AQI_MODERATE,HUM_DRY,WIND_CALM,UV_HIGH,ZONE_TEMPERATE
Moscow,Russia,55.8,37.6,6.3,5,7.2,3.7,4.0,5,1009.0,6.3,4.868066963448545,0.0,0.0,45.0,3.7,0.0,48.7,ED_CAUTION,TEMP_COLD,AQI_VERY_UNHEALTHY,HUM_DRY,WIND_CALM,UV_MODERATE,ZONE_TEMPERATE
Moscow,Russia,55.8,37.6,19.5,24,8.0,2.8,18.2,4,1004.4,19.5,19.5,0.0,0.0,32.0,2.3999999999999995,0.0,34.4,ED_MODERATE_SAFE,TEMP_IDEAL,AQI_UNHEALTHY,HUM_DRY,WIND_CALM,UV_LOW,ZONE_TEMPERATE
Moscow,Russia,55.8,37.6,8.4,11,7.9,6.5,6.5,1,1011.0,8.4,7.150242219405734,0.0,0.0,0.0,6.75,0.0,6.75,ED_VERY_SAFE,TEMP_COLD,AQI_GOOD,HUM_DRY,WIND_CALM,UV_HIGH,ZONE_TEMPERATE
Moscow,Russia,55.8,37.6,7.3,67,7.8,6.9,8.2,2,1020.7,8.2,5.883519439257521,0.0,0.0,8.0,7.3500000000000005,0.0,15.350000000000001,ED_MODERATE_SAFE,TEMP_COLD,AQI_MODERATE,HUM_HUMID,WIND_CALM,UV_HIGH,ZONE_TEMPERATE
Moscow,Russia,55.8,37.6,15.3,8,5.8,2.3,13.2,1,1021.1,15.3,15.3,0.0,0.0,0.0,0.8999999999999995,0.0,0.8999999999999995,ED_VERY_SAFE,TEMP_COOL,AQI_GOOD,HUM_DRY,WIND_CALM,UV_LOW,ZONE_TEMPERATE
Moscow,Russia,55.8,37.6,1.3,25,2.0,0.0,-0.0,3,999.0,1.3,1.3,0.0,0.0,18.0,0.0,0.0,18.0,ED_MODERATE_SAFE,TEMP_COLD,AQI_SENSITIVE,HUM_DRY,WIND_CALM,UV_LOW,ZONE_TEMPERATE
Moscow,Russia,55.8,37.6,13.4,45,10.0,1.2,13.2,5,1013.8,13.4,13.4,0.0,0.0,45.0,0.0,0.0,45.0,ED_CAUTION,TEMP_COOL,AQI_VERY_UNHEALTHY,HUM_COMFORTABLE,WIND_BREEZY,UV_LOW,ZONE_TEMPERATE
Moscow,Russia,55.8,37.6,5.7,36,15.3,3.6,5.0,2,1017.3,5.7,2.5674999519451736,0.0,0.0,8.0,3.6,0.0,11.6,ED_VERY_SAFE,TEMP_COLD,AQI_MODERATE,HUM_COMFORTABLE,WIND_BREEZY,UV_MODERATE,ZONE_TEMPERATE
Moscow,Russia,55.8,37.6,6.4,44,8.6,8.9,6.1,1,1013.9,6.4,4.635291975883596,0.0,0.0,0.0,9.9,0.0,9.9,ED_VERY_SAFE,TEMP_COLD,AQI_GOOD,HUM_COMFORTABLE,WIND_CALM,UV_VERY_HIGH,ZONE_TEMPERATE
Moscow,Russia,55.8,37.6,5.1,47,41.9,4.0,4.9,1,1021.0,5.1,-0.7031904040449577,0.0,1.0547856060674352,0.0,4.0,0.0,5.054785606067435,ED_VERY_SAFE,TEMP_COLD,AQI_GOOD,HUM_COMFORTABLE,WIND_STRONG,UV_MODERATE,ZONE_TEMPERATE
Moscow,Russia,55.8,37.6,4.9,79,33.8,5.6,6.4,5,1016.1,6.4,-0.3926199259291261,0.0,0.5889298888936878,45.0,5.6,0.0,51.18892988889369,ED_CAUTION,TEMP_COLD,AQI_VERY_UNHEALTHY,HUM_HUMID,WIND_WINDY,UV_MODERATE,ZONE_TEMPERATE
Moscow,Russia,55.8,37.6,4.2,22,2.3,0.0,2.9,1,1029.7,4.2,4.2,0.0,0.0,0.0,0.0,0.0,0.0,ED_VERY_SAFE,TEMP_COLD,AQI_GOOD,HUM_DRY,WIND_CALM,UV_LOW,ZONE_TEMPERATE
Moscow,Russia,55.8,37.6,15.2,33,21.3,5.8,14.4,1,1010.7,15.2,15.2,0.0,0.0,0.0,5.8,0.0,5.8,ED_VERY_SAFE,TEMP_COOL,AQI_GOOD,HUM_COMFORTABLE,WIND_WINDY,UV_MODERATE,ZONE_TEMPERATE
Moscow,Russia,55.8,37.6,6.3,39,10.0,5.4,5.7,1,998.8,6.3,4.211436081953595,0.0,0.0,0.0,5.4,0.0,5.4,ED_VERY_SAFE,TEMP_COLD,AQI_GOOD,HUM_COMFORTABLE,WIND_BREEZY,UV_MODERATE,ZONE_TEMPERATE
Moscow,Russia,55.8,37.6,8.3,56,10.4,3.2,8.6,3,1024.7,8.6,6.5271576667961515,0.0,0.0,18.0,3.2,0.0,21.2,ED_MODERATE_SAFE,TEMP_COLD,AQI_SENSITIVE,HUM_COMFORTABLE,WIND_BREEZY,UV_MODERATE,ZONE_TEMPERATE
Moscow,Russia,55.8,37.6,17.3,62,18.4,5.2,17.9,1,1012.7,17.9,17.3,0.0,0.0,0.0,5.2,0.0,5.2,ED_VERY_SAFE,TEMP_COOL,AQI_GOOD,HUM_HUMID,WIND_BREEZY,UV_MODERATE,ZONE_TEMPERATE
Moscow,Russia,55.8,37.6,4.1,71,10.4,5.9,5.2,1,1033.5,5.2,1.4946140710164029,0.0,0.0,0.0,5.9,0.0,5.9,ED_VERY_SAFE,TEMP_COLD,AQI_GOOD,HUM_HUMID,WIND_BREEZY,UV_MODERATE,ZONE_TEMPERATE
Moscow,Russia,55.8,37.6,16.1,53,12.6,0.0,16.2,1,1002.1,16.2,16.1,0.0,0.0,0.0,0.0,0.0,0.0,ED_VERY_SAFE,TEMP_COOL,AQI_GOOD,HUM_COMFORTABLE,WIND_BREEZY,UV_LOW,ZONE_TEMPERATE
Moscow,Russia,55.8,37.6,6.1,55,4.2,0.9,6.3,5,1014.9,6.3,6.1,0.0,0.0,45.0,0.0,0.0,45.0,ED_CAUTION,TEMP_COLD,AQI_VERY_UNHEALTHY,HUM_COMFORTABLE,WIND_CALM,UV_LOW,ZONE_TEMPERATE
Moscow,Russia,55.8,37.6,-0.2,26,5.1,5.3,-1.4,4,1009.7,-0.2,-1.8633198641613493,0.0,2.794979796242025,32.0,5.3,0.0,40.09497979624202,ED_CAUTION,TEMP_FREEZING,AQI_UNHEALTHY,HUM_DRY,WIND_CALM,UV_MODERATE,ZONE_TEMPERATE
Moscow,Russia,55.8,37.6,-0.5,56,1.3,5.3,-0.2,3,1015.6,-0.2,-0.5,0.0,0.75,18.0,5.3,0.0,24.05,ED_MODERATE_SAFE,TEMP_FREEZING,AQI_SENSITIVE,HUM_COMFORTABLE,WIND_CALM,UV_MODERATE,ZONE_TEMPERATE
Moscow,Russia,55.8,37.6,15.6,36,16.2,2.2,14.9,2,1012.8,15.6,15.6,0.0,0.0,8.0,0.6000000000000005,0.0,8.600000000000001,ED_VERY_SAFE,TEMP_COOL,AQI_MODERATE,HUM_COMFORTABLE,WIND_BREEZY,UV_LOW,ZONE_TEMPERATE
Moscow,Russia,55.8,37.6,15.1,80,14.3,7.8,16.6,1,1000.6,16.6,15.1,0.0,0.0,0.0,8.7,0.0,8.7,ED_VERY_SAFE,TEMP_COOL,AQI_GOOD,HUM_VERY_HUMID,WIND_BREEZY,UV_HIGH,ZONE_TEMPERATE
Moscow,Russia,55.8,37.6,13.2,42,5.1,6.6,12.9,3,1005.5,13.2,13.2,0.0,0.0,18.0,6.8999999999999995,0.0,24.9,ED_MODERATE_SAFE,TEMP_COOL,AQI_SENSITIVE,HUM_COMFORTABLE,WIND_CALM,UV_HIGH,ZONE_TEMPERATE
Moscow,Russia,55.8,37.6,16.3,30,23.7,7.2,15.3,1,1005.5,16.3,16.3,0.0,0.0,0.0,7.800000000000001,0.0,7.800000000000001,ED_VERY_SAFE,TEMP_COOL,AQI_GOOD,HUM_COMFORTABLE,WIND_WINDY,UV_HIGH,ZONE_TEMPERATE
Moscow,Russia,55.8,37.6,18.1,15,14.7,2.1,16.4,1,996.2,18.1,18.1,0.0,0.0,0.0,0.30000000000000027,0.0,0.30000000000000027,ED_VERY_SAFE,TEMP_IDEAL,AQI_GOOD,HUM_DRY,WIND_BREEZY,UV_LOW,ZONE_TEMPERATE
Moscow,Russia,55.8,37.6,1.7,46,30.9,3.6,1.5,3,1002.8,1.7,-4.3422448567047045,0.0,6.513367285057058,18.0,3.6,0.0,28.11336728505706,ED_MODERATE_SAFE,TEMP_COLD,AQI_SENSITIVE,HUM_COMFORTABLE,WIND_WINDY,UV_MODERATE,ZONE_TEMPERATE
Moscow,Russia,55.8,37.6,3.1,44,49.4,0.4,2.8,1,1001.7,3.1,-3.879865756893786,0.0,5.819798635340678,0.0,0.0,0.0,5.819798635340678,ED_VERY_SAFE,TEMP_COLD,AQI_GOOD,HUM_COMFORTABLE,WIND_STRONG,UV_LOW,ZONE_TEMPERATE
Moscow,Russia,55.8,37.6,1.7,63,9.7,6.3,2.3,2,1021.8,2.3,-1.208639206685417,0.0,1.8129588100281246,8.0,6.449999999999999,0.0,16.262958810028124,ED_MODERATE_SAFE,TEMP_COLD,AQI_MODERATE,HUM_HUMID,WIND_CALM,UV_HIGH,ZONE_TEMPERATE
Moscow,Russia,55.8,37.6,-2.8,8,4.4,6.2,-5.0,2,1009.5,-2.8,-2.8,0.0,4.199999999999999,8.0,6.300000000000001,0.0,18.5,ED_MODERATE_SAFE,TEMP_FREEZING,AQI_MODERATE,HUM_DRY,WIND_CALM,UV_HIGH,ZONE_TEMPERATE
Moscow,Russia,55.8,37.6,5.8,51,14.1,5.1,5.9,1,1010.6,5.9,2.8732030858589273,0.0,0.0,0.0,5.1,0.0,5.1,ED_VERY_SAFE,TEMP_COLD,AQI_GOOD,HUM_COMFORTABLE,WIND_BREEZY,UV_MODERATE,ZONE_TEMPERATE
Moscow,Russia,55.8,37.6,-0.7,43,7.3,3.1,-1.0,4,1018.0,-0.7,-3.3241250675781036,0.0,4.986187601367156,32.0,3.1,0.0,40.08618760136716,ED_CAUTION,TEMP_FREEZING,AQI_UNHEALTHY,HUM_COMFORTABLE,WIND_CALM,UV_MODERATE,ZONE_TEMPERATE
Moscow,Russia,55.8,37.6,5.9,46,16.7,0.0,5.7,4,1007.3,5.9,2.61737869374286,0.0,0.0,32.0,0.0,0.0,32.0,ED_MODERATE_SAFE,TEMP_COLD,AQI_UNHEALTHY,HUM_COMFORTABLE,WIND_BREEZY,UV_LOW,ZONE_TEMPERATE
Moscow,Russia,55.8,37.6,5.1,53,14.7,0.0,5.2,1,1016.2,5.2,1.9187982756459405,0.0,0.0,0.0,0.0,0.0,0.0,ED_VERY_SAFE,TEMP_COLD,AQI_GOOD,HUM_COMFORTABLE,WIND_BREEZY,UV_LOW,ZONE_TEMPERATE
Moscow,Russia,55.8,37.6,6.2,45,6.8,7.6,6.0,2,1019.6,6.2,4.862802504624787,0.0,0.0,8.0,8.399999999999999,0.0,16.4,ED_MODERATE_SAFE,TEMP_COLD,AQI_MODERATE,HUM_COMFORTABLE,WIND_CALM,UV_HIGH,ZONE_TEMPERATE
Moscow,Russia,55.8,37.6,13.5,61,19.1,1.8,14.0,1,996.4,14.0,13.5,0.0,0.0,0.0,0.0,0.0,0.0,ED_VERY_SAFE,TEMP_COOL,AQI_GOOD,HUM_HUMID,WIND_BREEZY,UV_LOW,ZONE_TEMPERATE
Moscow,Russia,55.8,37.6,4.6,68,7.9,0.0,5.5,1,1003.5,5.5,2.691307093896192,0.0,0.0,0.0,0.0,0.0,0.0,ED_VERY_SAFE,TEMP_COLD,AQI_GOOD,HUM_HUMID,WIND_CALM,UV_LOW,ZONE_TEMPERATE
Moscow,Russia,55.8,37.6,21.2,45,5.1,6.3,20.9,1,1013.3,21.2,21.2,0.0,0.0,0.0,6.449999999999999,0.0,6.449999999999999,ED_VERY_SAFE,TEMP_IDEAL,AQI_GOOD,HUM_COMFORTABLE,WIND_CALM,UV_HIGH,ZONE_TEMPERATE
Moscow,Russia,55.8,37.6,16.4,7,5.8,6.2,14.2,1,1006.9,16.4,16.4,0.0,0.0,0.0,6.300000000000001,0.0,6.300000000000001,ED_VERY_SAFE,TEMP_COOL,AQI_GOOD,HUM_DRY,WIND_CALM,UV_HIGH,ZONE_TEMPERATE
Moscow,Russia,55.8,37.6,6.6,34,15.8,3.1,5.8,2,1018.5,6.6,3.6091137875679546,0.0,0.0,8.0,3.1,0.0,11.1,ED_VERY_SAFE,TEMP_COLD,AQI_MODERATE,HUM_COMFORTABLE,WIND_BREEZY,UV_MODERATE,ZONE_TEMPERATE
Moscow,Russia,55.8,37.6,-2.6,36,6.2,9.3,-3.3,5,1009.6,-2.6,-5.10078513567115,0.0,7.651177703506725,45.0,10.3,0.0,62.95117770350673,ED_DANGEROUS,TEMP_FREEZING,AQI_VERY_UNHEALTHY,HUM_COMFORTABLE,WIND_CALM,UV_VERY_HIGH,ZONE_TEMPERATE
Moscow,Russia,55.8,37.6,11.9,43,31.0,0.0,11.6,6,1019.5,11.9,11.9,0.0,0.0,50.0,0.0,0.0,50.0,ED_CAUTION,TEMP_COOL,AQI_HAZARDOUS,HUM_COMFORTABLE,WIND_WINDY,UV_LOW,ZONE_TEMPERATE
Moscow,Russia,55.8,37.6,4.2,10,11.3,8.9,2.2,1,1018.1,4.2,1.4257346672007976,0.0,0.0,0.0,9.9,0.0,9.9,ED_VERY_SAFE,TEMP_COLD,AQI_GOOD,HUM_DRY,WIND_BREEZY,UV_VERY_HIGH,ZONE_TEMPERATE
Moscow,Russia,55.8,37.6,23.4,37,3.0,1.8,22.8,2,1008.3,23.4,23.4,0.0,0.0,8.0,0.0,0.0,8.0,ED_VERY_SAFE,TEMP_IDEAL,AQI_MODERATE,HUM_COMFORTABLE,WIND_CALM,UV_LOW,ZONE_TEMPERATE
Moscow,Russia,55.8,37.6,18.6,23,1.7,9.1,17.2,2,1029.5,18.6,18.6,0.0,0.0,8.0,10.1,0.0,18.1,ED_MODERATE_SAFE,TEMP_IDEAL,AQI_MODERATE,HUM_DRY,WIND_CALM,UV_VERY_HIGH,ZONE_TEMPERATE
Moscow,Russia,55.8,37.6,9.2,23,9.6,2.8,7.8,3,1004.7,9.2,7.748492083943784,0.0,0.0,18.0,2.3999999999999995,0.0,20.4,ED_MODERATE_SAFE,TEMP_COLD,AQI_SENSITIVE,HUM_DRY,WIND_CALM,UV_LOW,ZONE_TEMPERATE
Moscow,Russia,55.8,37.6,19.4,50,16.8,4.2,19.4,4,1012.1,19.4,19.4,0.0,0.0,32.0,4.2,0.0,36.2,ED_CAUTION,TEMP_IDEAL,AQI_UNHEALTHY,HUM_COMFORTABLE,WIND_BREEZY,UV_MODERATE,ZONE_TEMPERATE
Moscow,Russia,55.8,37.6,7.7,51,4.4,0.0,7.7,4,1006.2,7.7,7.7,0.0,0.0,32.0,0.0,0.0,32.0,ED_MODERATE_SAFE,TEMP_COLD,AQI_UNHEALTHY,HUM_COMFORTABLE,WIND_CALM,UV_LOW,ZONE_TEMPERATE
Moscow,Russia,55.8,37.6,5.4,59,5.9,3.0,5.8,2,1012.4,5.8,4.216218793277824,0.0,0.0,8.0,3.0,0.0,11.0,ED_VERY_SAFE,TEMP_COLD,AQI_MODERATE,HUM_COMFORTABLE,WIND_CALM,UV_MODERATE,ZONE_TEMPERATE
Moscow,Russia,55.8,37.6,11.3,30,20.6,5.9,10.3,1,1018.8,11.3,11.3,0.0,0.0,0.0,5.9,0.0,5.9,ED_VERY_SAFE,TEMP_COOL,AQI_GOOD,HUM_COMFORTABLE,WIND_WINDY,UV_MODERATE,ZONE_TEMPERATE
Moscow,Russia,55.8,37.6,20.2,43,15.9,5.3,19.8,1,1012.7,20.2,20.2,0.0,0.0,0.0,5.3,0.0,5.3,ED_VERY_SAFE,TEMP_IDEAL,AQI_GOOD,HUM_COMFORTABLE,WIND_BREEZY,UV_MODERATE,ZONE_TEMPERATE
Moscow,Russia,55.8,37.6,21.1,45,13.3,7.1,20.9,5,1011.8,21.1,21.1,0.0,0.0,45.0,7.6499999999999995,0.0,52.65,ED_CAUTION,TEMP_IDEAL,AQI_VERY_UNHEALTHY,HUM_COMFORTABLE,WIND_BREEZY,UV_HIGH,ZONE_TEMPERATE
Moscow,Russia,55.8,37.6,5.3,62,10.6,5.6,5.9,1,1032.4,5.9,2.8913333786976154,0.0,0.0,0.0,5.6,0.0,5.6,ED_VERY_SAFE,TEMP_COLD,AQI_GOOD,HUM_HUMID,WIND_BREEZY,UV_MODERATE,ZONE_TEMPERATE
Moscow,Russia,55.8,37.6,14.7,40,25.8,0.9,14.2,1,1012.3,14.7,14.7,0.0,0.0,0.0,0.0,0.0,0.0,ED_VERY_SAFE,TEMP_COOL,AQI_GOOD,HUM_COMFORTABLE,WIND_WINDY,UV_LOW,ZONE_TEMPERATE
Moscow,Russia,55.8,37.6,13.9,30,24.8,3.0,12.8,3,1005.4,13.9,13.9,0.0,0.0,18.0,3.0,0.0,21.0,ED_MODERATE_SAFE,TEMP_COOL,AQI_SENSITIVE,HUM_COMFORTABLE,WIND_WINDY,UV_MODERATE,ZONE_TEMPERATE
Moscow,Russia,55.8,37.6,16.7,24,20.9,6.1,15.4,5,989.4,16.7,16.7,0.0,0.0,45.0,6.1499999999999995,0.0,51.15,ED_CAUTION,TEMP_COOL,AQI_VERY_UNHEALTHY,HUM_DRY,WIND_WINDY,UV_HIGH,ZONE_TEMPERATE
Moscow,Russia,55.8,37.6,5.4,32,4.2,0.0,4.5,1,1018.6,5.4,5.4,0.0,0.0,0.0,0.0,0.0,0.0,ED_VERY_SAFE,TEMP_COLD,AQI_GOOD,HUM_COMFORTABLE,WIND_CALM,UV_LOW,ZONE_TEMPERATE
Moscow,Russia,55.8,37.6,5.0,67,5.7,1.5,5.8,1,1016.6,5.8,3.8255514044838046,0.0,0.0,0.0,0.0,0.0,0.0,ED_VERY_SAFE,TEMP_COLD,AQI_GOOD,HUM_HUMID,WIND_CALM,UV_LOW,ZONE_TEMPERATE
Moscow,Russia,55.8,37.6,-9.0,65,25.8,2.9,-8.3,1,1012.3,-8.3,-17.601975665725178,0.0,21.334979721437648,0.0,2.6999999999999997,0.0,24.034979721437647,ED_MODERATE_SAFE,TEMP_FREEZING,AQI_GOOD,HUM_HUMID,WIND_WINDY,UV_LOW,ZONE_TEMPERATE
Moscow,Russia,55.8,37.6,6.5,30,11.8,0.0,5.5,2,1005.6,6.5,4.109289202206032,0.0,0.0,8.0,0.0,0.0,8.0,ED_VERY_SAFE,TEMP_COLD,AQI_MODERATE,HUM_COMFORTABLE,WIND_BREEZY,UV_LOW,ZONE_TEMPERATE
Moscow,Russia,55.8,37.6,16.7,52,1.5,2.5,16.8,5,1006.8,16.8,16.7,0.0,0.0,45.0,1.5,0.0,46.5,ED_CAUTION,TEMP_COOL,AQI_VERY_UNHEALTHY,HUM_COMFORTABLE,WIND_CALM,UV_LOW,ZONE_TEMPERATE
Moscow,Russia,55.8,37.6,6.5,50,14.1,5.1,6.5,4,1002.0,6.5,3.7321070894221897,0.0,0.0,32.0,5.1,0.0,37.1,ED_CAUTION,TEMP_COLD,AQI_UNHEALTHY,HUM_COMFORTABLE,WIND_BREEZY,UV_MODERATE,ZONE_TEMPERATE
Moscow,Russia,55.8,37.6,6.4,100,16.7,4.9,8.9,5,1013.7,8.9,3.239191317858009,0.0,0.0,45.0,4.9,0.0,49.9,ED_CAUTION,TEMP_COLD,AQI_VERY_UNHEALTHY,HUM_VERY_HUMID,WIND_BREEZY,UV_MODERATE,ZONE_TEMPERATE
Moscow,Russia,55.8,37.6,10.7,51,9.7,0.0,10.7,2,1008.2,10.7,10.7,0.0,0.0,8.0,0.0,0.0,8.0,ED_VERY_SAFE,TEMP_COOL,AQI_MODERATE,HUM_COMFORTABLE,WIND_CALM,UV_LOW,ZONE_TEMPERATE
Moscow,Russia,55.8,37.6,11.7,62,4.5,0.0,12.3,1,1006.5,12.3,11.7,0.0,0.0,0.0,0.0,0.0,0.0,ED_VERY_SAFE,TEMP_COOL,AQI_GOOD,HUM_HUMID,WIND_CALM,UV_LOW,ZONE_TEMPERATE
Moscow,Russia,55.8,37.6,3.8,73,4.5,3.4,5.0,2,1023.5,5.0,3.8,0.0,0.0,8.0,3.4,0.0,11.4,ED_VERY_SAFE,TEMP_COLD,AQI_MODERATE,HUM_HUMID,WIND_CALM,UV_MODERATE,ZONE_TEMPERATE
Moscow,Russia,55.8,37.6,14.4,51,8.3,0.0,14.5,5,1010.7,14.5,14.4,0.0,0.0,45.0,0.0,0.0,45.0,ED_CAUTION,TEMP_COOL,AQI_VERY_UNHEALTHY,HUM_COMFORTABLE,WIND_CALM,UV_LOW,ZONE_TEMPERATE
Moscow,Russia,55.8,37.6,4.7,58,20.7,1.3,5.1,4,1026.8,5.1,0.6036689725002522,0.0,0.0,32.0,0.0,0.0,32.0,ED_MODERATE_SAFE,TEMP_COLD,AQI_UNHEALTHY,HUM_COMFORTABLE,WIND_WINDY,UV_LOW,ZONE_TEMPERATE
Moscow,Russia,55.8,37.6,6.4,19,6.6,8.9,4.9,2,1009.4,6.4,5.152060773428121,0.0,0.0,8.0,9.9,0.0,17.9,ED_MODERATE_SAFE,TEMP_COLD,AQI_MODERATE,HUM_DRY,WIND_CALM,UV_VERY_HIGH,ZONE_TEMPERATE
Moscow,Russia,55.8,37.6,12.0,57,15.1,4.2,12.4,4,1010.5,12.4,12.0,0.0,0.0,32.0,4.2,0.0,36.2,ED_CAUTION,TEMP_COOL,AQI_UNHEALTHY,HUM_COMFORTABLE,WIND_BREEZY,UV_MODERATE,ZONE_TEMPERATE
Moscow,Russia,55.8,37.6,4.5,40,12.6,4.6,4.0,1,1016.7,4.5,1.5391834848553874,0.0,0.0,0.0,4.6,0.0,4.6,ED_VERY_SAFE,TEMP_COLD,AQI_GOOD,HUM_COMFORTABLE,WIND_BREEZY,UV_MODERATE,ZONE_TEMPERATE
Moscow,Russia,55.8,37.6,11.9,62,23.6,3.2,12.5,1,1013.4,12.5,11.9,0.0,0.0,0.0,3.2,0.0,3.2,ED_VERY_SAFE,TEMP_COOL,AQI_GOOD,HUM_HUMID,WIND_WINDY,UV_MODERATE,ZONE_TEMPERATE
Moscow,Russia,55.8,37.6,-1.8,73,11.1,7.2,-0.6,1,1016.3,-0.6,-5.759053725298534,0.0,8.6385805879478,0.0,7.800000000000001,0.0,16.4385805879478,ED_MODERATE_SAFE,TEMP_FREEZING,AQI_GOOD,HUM_HUMID,WIND_BREEZY,UV_HIGH,ZONE_TEMPERATE
Moscow,Russia,55.8,37.6,8.6,41,5.1,8.0,8.2,1,998.0,8.6,8.134199955393715,0.0,0.0,0.0,9.0,0.0,9.0,ED_VERY_SAFE,TEMP_COLD,AQI_GOOD,HUM_COMFORTABLE,WIND_CALM,UV_VERY_HIGH,ZONE_TEMPERATE
Moscow,Russia,55.8,37.6,16.3,66,10.8,2.2,17.1,2,999.4,17.1,16.3,0.0,0.0,8.0,0.6000000000000005,0.0,8.600000000000001,ED_VERY_SAFE,TEMP_COOL,AQI_MODERATE,HUM_HUMID,WIND_BREEZY,UV_LOW,ZONE_TEMPERATE
Moscow,Russia,55.8,37.6,13.9,27,9.8,2.3,12.8,1,1003.9,13.9,13.9,0.0,0.0,0.0,0.8999999999999995,0.0,0.8999999999999995,ED_VERY_SAFE,TEMP_COOL,AQI_GOOD,HUM_DRY,WIND_CALM,UV_LOW,ZONE_TEMPERATE
Moscow,Russia,55.8,37.6,15.4,9,14.8,0.0,13.4,2,1009.1,15.4,15.4,0.0,0.0,8.0,0.0,0.0,8.0,ED_VERY_SAFE,TEMP_COOL,AQI_MODERATE,HUM_DRY,WIND_BREEZY,UV_LOW,ZONE_TEMPERATE
Moscow,Russia,55.8,37.6,9.5,17,14.0,0.2,7.8,1,1006.8,9.5,7.426339411570483,0.0,0.0,0.0,0.0,0.0,0.0,ED_VERY_SAFE,TEMP_COLD,AQI_GOOD,HUM_DRY,WIND_BREEZY,UV_LOW,ZONE_TEMPERATE
Moscow,Russia,55.8,37.6,8.9,15,15.7,5.4,7.1,2,1013.3,8.9,6.469206631133144,0.0,0.0,8.0,5.4,0.0,13.4,ED_VERY_SAFE,TEMP_COLD,AQI_MODERATE,HUM_DRY,WIND_BREEZY,UV_MODERATE,ZONE_TEMPERATE
Moscow,Russia,55.8,37.6,-1.4,75,17.3,1.5,-0.2,4,1009.3,-0.2,-6.567057589570045,0.0,9.850586384355069,32.0,0.0,0.0,41.85058638435507,ED_CAUTION,TEMP_FREEZING,AQI_UNHEALTHY,HUM_HUMID,WIND_BREEZY,UV_LOW,ZONE_TEMPERATE
Moscow,Russia,55.8,37.6,12.1,24,20.2,6.1,10.8,1,1005.4,12.1,12.1,0.0,0.0,0.0,6.1499999999999995,0.0,6.1499999999999995,ED_VERY_SAFE,TEMP_COOL,AQI_GOOD,HUM_DRY,WIND_WINDY,UV_HIGH,ZONE_TEMPERATE
Moscow,Russia,55.8,37.6,5.5,18,6.0,2.9,3.9,3,1003.6,5.5,4.298169698195113,0.0,0.0,18.0,2.6999999999999997,0.0,20.7,ED_MODERATE_SAFE,TEMP_COLD,AQI_SENSITIVE,HUM_DRY,WIND_CALM,UV_LOW,ZONE_TEMPERATE
Moscow,Russia,55.8,37.6,2.3,87,4.7,4.0,4.2,1,1010.6,4.2,2.3,0.0,0.0,0.0,4.0,0.0,4.0,ED_VERY_SAFE,TEMP_COLD,AQI_GOOD,HUM_VERY_HUMID,WIND_CALM,UV_MODERATE,ZONE_TEMPERATE
Moscow,Russia,55.8,37.6,14.9,39,3.2,6.8,14.4,1,1012.2,14.9,14.9,0.0,0.0,0.0,7.199999999999999,0.0,7.199999999999999,ED_VERY_SAFE,TEMP_COOL,AQI_GOOD,HUM_COMFORTABLE,WIND_CALM,UV_HIGH,ZONE_TEMPERATE
Moscow,Russia,55.8,37.6,19.6,5,11.6,5.1,17.4,1,1015.8,19.6,19.6,0.0,0.0,0.0,5.1,0.0,5.1,ED_VERY_SAFE,TEMP_IDEAL,AQI_GOOD,HUM_DRY,WIND_BREEZY,UV_MODERATE,ZONE_TEMPERATE
Moscow,Russia,55.8,37.6,5.9,39,7.6,1.1,5.3,4,1015.0,5.9,4.294354966390875,0.0,0.0,32.0,0.0,0.0,32.0,ED_MODERATE_SAFE,TEMP_COLD,AQI_UNHEALTHY,HUM_COMFORTABLE,WIND_CALM,UV_LOW,ZONE_TEMPERATE
Moscow,Russia,55.8,37.6,14.1,40,5.1,2.6,13.6,1,1010.0,14.1,14.1,0.0,0.0,0.0,1.8000000000000003,0.0,1.8000000000000003,ED_VERY_SAFE,TEMP_COOL,AQI_GOOD,HUM_COMFORTABLE,WIND_CALM,UV_LOW,ZONE_TEMPERATE
Moscow,Russia,55.8,37.6,6.1,87,8.7,8.2,8.0,2,1014.0,8.0,4.257622336131968,0.0,0.0,8.0,9.2,0.0,17.2,ED_MODERATE_SAFE,TEMP_COLD,AQI_MODERATE,HUM_VERY_HUMID,WIND_CALM,UV_VERY_HIGH,ZONE_TEMPERATE
Moscow,Russia,55.8,37.6,8.1,58,4.7,2.8,8.5,1,1014.3,8.5,8.1,0.0,0.0,0.0,2.3999999999999995,0.0,2.3999999999999995,ED_VERY_SAFE,TEMP_COLD,AQI_GOOD,HUM_COMFORTABLE,WIND_CALM,UV_LOW,ZONE_TEMPERATE
Moscow,Russia,55.8,37.6,1.9,29,10.5,0.0,0.9,2,1016.7,1.9,-1.1651422430208382,0.0,1.7477133645312577,8.0,0.0,0.0,9.747713364531258,ED_VERY_SAFE,TEMP_COLD,AQI_MODERATE,HUM_DRY,WIND_BREEZY,UV_LOW,ZONE_TEMPERATE
Moscow,Russia,55.8,37.6,10.7,81,2.0,0.1,12.2,5,1008.6,12.2,10.7,0.0,0.0,45.0,0.0,0.0,45.0,ED_CAUTION,TEMP_COOL,AQI_VERY_UNHEALTHY,HUM_VERY_HUMID,WIND_CALM,UV_LOW,ZONE_TEMPERATE
Moscow,Russia,55.8,37.6,10.6,65,9.3,6.0,11.3,2,1009.8,11.3,10.6,0.0,0.0,8.0,6.0,0.0,14.0,ED_VERY_SAFE,TEMP_COOL,AQI_MODERATE,HUM_HUMID,WIND_CALM,UV_HIGH,ZONE_TEMPERATE
Moscow,Russia,55.8,37.6,21.4,27,3.1,4.1,20.3,1,996.6,21.4,21.4,0.0,0.0,0.0,4.1,0.0,4.1,ED_VERY_SAFE,TEMP_IDEAL,AQI_GOOD,HUM_DRY,WIND_CALM,UV_MODERATE,ZONE_TEMPERATE
Moscow,Russia,55.8,37.6,7.0,44,6.5,5.4,6.7,3,1023.8,7.0,5.8750728162970685,0.0,0.0,18.0,5.4,0.0,23.4,ED_MODERATE_SAFE,TEMP_COLD,AQI_SENSITIVE,HUM_COMFORTABLE,WIND_CALM,UV_MODERATE,ZONE_TEMPERATE
Moscow,Russia,55.8,37.6,20.8,46,22.3,3.9,20.6,3,994.9,20.8,20.8,0.0,0.0,18.0,3.9,0.0,21.9,ED_MODERATE_SAFE,TEMP_IDEAL,AQI_SENSITIVE,HUM_COMFORTABLE,WIND_WINDY,UV_MODERATE,ZONE_TEMPERATE
Moscow,Russia,55.8,37.6,13.1,68,2.2,6.9,14.0,2,1012.9,14.0,13.1,0.0,0.0,8.0,7.3500000000000005,0.0,15.350000000000001,ED_MODERATE_SAFE,TEMP_COOL,AQI_MODERATE,HUM_HUMID,WIND_CALM,UV_HIGH,ZONE_TEMPERATE
Moscow,Russia,55.8,37.6,8.4,34,23.1,0.2,7.6,1,1007.2,8.4,5.0543764863884615,0.0,0.0,0.0,0.0,0.0,0.0,ED_VERY_SAFE,TEMP_COLD,AQI_GOOD,HUM_COMFORTABLE,WIND_WINDY,UV_LOW,ZONE_TEMPERATE
Moscow,Russia,55.8,37.6,3.9,22,11.2,1.9,2.5,2,1003.2,3.9,1.0845334858956948,0.0,0.0,8.0,0.0,0.0,8.0,ED_VERY_SAFE,TEMP_COLD,AQI_MODERATE,HUM_DRY,WIND_BREEZY,UV_LOW,ZONE_TEMPERATE
Moscow,Russia,55.8,37.6,9.6,74,13.2,1.2,10.8,1,1012.7,10.8,7.6570802676042335,0.0,0.0,0.0,0.0,0.0,0.0,ED_VERY_SAFE,TEMP_COLD,AQI_GOOD,HUM_HUMID,WIND_BREEZY,UV_LOW,ZONE_TEMPERATE
Moscow,Russia,55.8,37.6,-4.9,21,5.3,6.6,-6.4,4,1018.3,-4.9,-7.30956873623437,0.0,10.964353104351556,32.0,6.8999999999999995,0.0,49.86435310435156,ED_CAUTION,TEMP_FREEZING,AQI_UNHEALTHY,HUM_DRY,WIND_CALM,UV_HIGH,ZONE_TEMPERATE
Moscow,Russia,55.8,37.6,0.5,44,18.6,6.2,0.2,5,1016.4,0.5,-4.403024858993806,0.0,6.604537288490709,45.0,6.300000000000001,0.0,57.904537288490715,ED_DANGEROUS,TEMP_COLD,AQI_VERY_UNHEALTHY,HUM_COMFORTABLE,WIND_BREEZY,UV_HIGH,ZONE_TEMPERATE
Moscow,Russia,55.8,37.6,14.1,47,11.9,0.7,14.0,2,1012.2,14.1,14.1,0.0,0.0,8.0,0.0,0.0,8.0,ED_VERY_SAFE,TEMP_COOL,AQI_MODERATE,HUM_COMFORTABLE,WIND_BREEZY,UV_LOW,ZONE_TEMPERATE
Moscow,Russia,55.8,37.6,5.2,74,19.3,0.0,6.4,1,1004.3,6.4,1.404771052950256,0.0,0.0,0.0,0.0,0.0,0.0,ED_VERY_SAFE,TEMP_COLD,AQI_GOOD,HUM_HUMID,WIND_BREEZY,UV_LOW,ZONE_TEMPERATE
Moscow,Russia,55.8,37.6,7.1,32,12.7,0.3,6.2,5,1007.9,7.1,4.685079946831062,0.0,0.0,45.0,0.0,0.0,45.0,ED_CAUTION,TEMP_COLD,AQI_VERY_UNHEALTHY,HUM_COMFORTABLE,WIND_BREEZY,UV_LOW,ZONE_TEMPERATE
Moscow,Russia,55.8,37.6,9.0,38,9.9,1.7,8.4,1,1010.4,9.0,7.455020432762802,0.0,0.0,0.0,0.0,0.0,0.0,ED_VERY_SAFE,TEMP_COLD,AQI_GOOD,HUM_COMFORTABLE,WIND_CALM,UV_LOW,ZONE_TEMPERATE
Moscow,Russia,55.8,37.6,3.5,67,16.1,0.0,4.4,1,1016.2,4.4,-0.27589620418791005,0.0,0.41384430628186664,0.0,0.0,0.0,0.41384430628186664,ED_VERY_SAFE,TEMP_COLD,AQI_GOOD,HUM_HUMID,WIND_BREEZY,UV_LOW,ZONE_TEMPERATE
Moscow,Russia,55.8,37.6,6.3,32,10.9,0.0,5.4,5,1017.3,6.3,4.033388367313658,0.0,0.0,45.0,0.0,0.0,45.0,ED_CAUTION,TEMP_COLD,AQI_VERY_UNHEALTHY,HUM_COMFORTABLE,WIND_BREEZY,UV_LOW,ZONE_TEMPERATE
Moscow,Russia,55.8,37.6,2.4,50,23.8,6.2,2.4,1,1006.2,2.4,-2.688688308217337,0.0,4.033032462326005,0.0,6.300000000000001,0.0,10.333032462326006,ED_VERY_SAFE,TEMP_COLD,AQI_GOOD,HUM_COMFORTABLE,WIND_WINDY,UV_HIGH,ZONE_TEMPERATE
Moscow,Russia,55.8,37.6,13.5,26,8.3,7.4,12.3,2,1010.3,13.5,13.5,0.0,0.0,8.0,8.100000000000001,0.0,16.1,ED_MODERATE_SAFE,TEMP_COOL,AQI_MODERATE,HUM_DRY,WIND_CALM,UV_HIGH,ZONE_TEMPERATE
Moscow,Russia,55.8,37.6,2.5,57,10.9,0.0,2.9,2,1013.7,2.9,-0.5363927708639353,0.0,0.8045891562959042,8.0,0.0,0.0,8.804589156295904,ED_VERY_SAFE,TEMP_COLD,AQI_MODERATE,HUM_COMFORTABLE,WIND_BREEZY,UV_LOW,ZONE_TEMPERATE
Moscow,Russia,55.8,37.6,10.6,71,1.6,1.8,11.6,2,996.6,11.6,10.6,0.0,0.0,8.0,0.0,0.0,8.0,ED_VERY_SAFE,TEMP_COOL,AQI_MODERATE,HUM_HUMID,WIND_CALM,UV_LOW,ZONE_TEMPERATE
Moscow,Russia,55.8,37.6,2.2,40,21.8,5.3,1.7,2,1006.3,2.2,-2.701564832615725,0.0,4.0523472489235886,8.0,5.3,0.0,17.35234724892359,ED_MODERATE_SAFE,TEMP_COLD,AQI_MODERATE,HUM_COMFORTABLE,WIND_WINDY,UV_MODERATE,ZONE_TEMPERATE
Moscow,Russia,55.8,37.6,12.7,58,16.5,0.2,13.0,1,996.6,13.0,12.7,0.0,0.0,0.0,0.0,0.0,0.0,ED_VERY_SAFE,TEMP_COOL,AQI_GOOD,HUM_COMFORTABLE,WIND_BREEZY,UV_LOW,ZONE_TEMPERATE
Moscow,Russia,55.8,37.6,5.2,18,11.9,0.5,3.6,2,1007.1,5.2,2.5176264383412597,0.0,0.0,8.0,0.0,0.0,8.0,ED_VERY_SAFE,TEMP_COLD,AQI_MODERATE,HUM_DRY,WIND_BREEZY,UV_LOW,ZONE_TEMPERATE
Moscow,Russia,55.8,37.6,0.2,45,5.1,1.4,-0.0,4,1027.4,0.2,-1.4088871450906648,0.0,2.1133307176359963,32.0,0.0,0.0,34.113330717635996,ED_MODERATE_SAFE,TEMP_COLD,AQI_UNHEALTHY,HUM_COMFORTABLE,WIND_CALM,UV_LOW,ZONE_TEMPERATE
Moscow,Russia,55.8,37.6,7.3,32,13.6,1.5,6.5,1,1017.3,7.3,4.788266621851634,0.0,0.0,0.0,0.0,0.0,0.0,ED_VERY_SAFE,TEMP_COLD,AQI_GOOD,HUM_COMFORTABLE,WIND_BREEZY,UV_LOW,ZONE_TEMPERATE
Moscow,Russia,55.8,37.6,8.0,78,16.5,5.4,9.4,3,1003.9,9.4,5.253764290389605,0.0,0.0,18.0,5.4,0.0,23.4,ED_MODERATE_SAFE,TEMP_COLD,AQI_SENSITIVE,HUM_HUMID,WIND_BREEZY,UV_MODERATE,ZONE_TEMPERATE
Moscow,Russia,55.8,37.6,14.6,65,15.9,0.7,15.3,2,1010.6,15.3,14.6,0.0,0.0,8.0,0.0,0.0,8.0,ED_VERY_SAFE,TEMP_COOL,AQI_MODERATE,HUM_HUMID,WIND_BREEZY,UV_LOW,ZONE_TEMPERATE
Moscow,Russia,55.8,37.6,4.9,59,4.5,0.6,5.3,1,1019.0,5.3,4.9,0.0,0.0,0.0,0.0,0.0,0.0,ED_VERY_SAFE,TEMP_COLD,AQI_GOOD,HUM_COMFORTABLE,WIND_CALM,UV_LOW,ZONE_TEMPERATE
Moscow,Russia,55.8,37.6,10.0,57,3.2,0.9,10.4,1,1022.4,10.4,10.0,0.0,0.0,0.0,0.0,0.0,0.0,ED_VERY_SAFE,TEMP_COOL,AQI_GOOD,HUM_COMFORTABLE,WIND_CALM,UV_LOW,ZONE_TEMPERATE
Moscow,Russia,55.8,37.6,17.4,38,1.0,0.0,16.8,2,1023.6,17.4,17.4,0.0,0.0,8.0,0.0,0.0,8.0,ED_VERY_SAFE,TEMP_COOL,AQI_MODERATE,HUM_COMFORTABLE,WIND_CALM,UV_LOW,ZONE_TEMPERATE
Moscow,Russia,55.8,37.6,11.5,48,27.3,3.7,11.4,1,1009.8,11.5,11.5,0.0,0.0,0.0,3.7,0.0,3.7,ED_VERY_SAFE,TEMP_COOL,AQI_GOOD,HUM_COMFORTABLE,WIND_WINDY,UV_MODERATE,ZONE_TEMPERATE
Moscow,Russia,55.8,37.6,9.3,47,1.8,3.3,9.1,2,999.2,9.3,9.3,0.0,0.0,8.0,3.3,0.0,11.3,ED_VERY_SAFE,TEMP_COLD,AQI_MODERATE,HUM_COMFORTABLE,WIND_CALM,UV_MODERATE,ZONE_TEMPERATE
Moscow,Russia,55.8,37.6,10.5,57,16.6,2.6,10.9,1,1016.1,10.9,10.5,0.0,0.0,0.0,1.8000000000000003,0.0,1.8000000000000003,ED_VERY_SAFE,TEMP_COOL,AQI_GOOD,HUM_COMFORTABLE,WIND_BREEZY,UV_LOW,ZONE_TEMPERATE
Moscow,Russia,55.8,37.6,4.4,73,12.4,0.0,5.6,4,1013.7,5.6,1.454475197716564,0.0,0.0,32.0,0.0,0.0,32.0,ED_MODERATE_SAFE,TEMP_COLD,AQI_UNHEALTHY,HUM_HUMID,WIND_BREEZY,UV_LOW,ZONE_TEMPERATE
Moscow,Russia,55.8,37.6,14.1,31,10.4,3.4,13.1,2,1001.7,14.1,14.1,0.0,0.0,8.0,3.4,0.0,11.4,ED_VERY_SAFE,TEMP_COOL,AQI_MODERATE,HUM_COMFORTABLE,WIND_BREEZY,UV_MODERATE,ZONE_TEMPERATE
Moscow,Russia,55.8,37.6,1.5,71,16.6,2.9,2.5,4,1001.6,2.5,-2.838333357148844,0.0,4.257500035723266,32.0,2.6999999999999997,0.0,38.95750003572327,ED_CAUTION,TEMP_COLD,AQI_UNHEALTHY,HUM_HUMID,WIND_BREEZY,UV_LOW,ZONE_TEMPERATE
Moscow,Russia,55.8,37.6,24.8,11,16.4,6.5,22.9,5,1010.7,24.8,24.8,0.0,0.0,45.0,6.75,0.0,51.75,ED_CAUTION,TEMP_IDEAL,AQI_VERY_UNHEALTHY,HUM_DRY,WIND_BREEZY,UV_HIGH,ZONE_TEMPERATE
Moscow,Russia,55.8,37.6,11.9,61,15.4,1.1,12.5,2,1015.8,12.5,11.9,0.0,0.0,8.0,0.0,0.0,8.0,ED_VERY_SAFE,TEMP_COOL,AQI_MODERATE,HUM_HUMID,WIND_BREEZY,UV_LOW,ZONE_TEMPERATE
Moscow,Russia,55.8,37.6,6.9,65,10.9,10.8,7.7,6,1013.8,7.7,4.754932757552224,0.0,0.0,50.0,11.8,0.0,61.8,ED_DANGEROUS,TEMP_COLD,AQI_HAZARDOUS,HUM_HUMID,WIND_BREEZY,UV_VERY_HIGH,ZONE_TEMPERATE
Moscow,Russia,55.8,37.6,5.4,44,21.5,0.0,5.1,1,1018.5,5.4,1.398226554453195,0.0,0.0,0.0,0.0,0.0,0.0,ED_VERY_SAFE,TEMP_COLD,AQI_GOOD,HUM_COMFORTABLE,WIND_WINDY,UV_LOW,ZONE_TEMPERATE
Moscow,Russia,55.8,37.6,9.7,69,2.8,2.0,10.6,1,1014.2,10.6,9.7,0.0,0.0,0.0,0.0,0.0,0.0,ED_VERY_SAFE,TEMP_COLD,AQI_GOOD,HUM_HUMID,WIND_CALM,UV_LOW,ZONE_TEMPERATE
Moscow,Russia,55.8,37.6,-1.8,28,5.6,7.3,-2.8,2,1006.4,-1.8,-3.917488728657966,0.0,5.876233092986951,8.0,7.949999999999999,0.0,21.82623309298695,ED_MODERATE_SAFE,TEMP_FREEZING,AQI_MODERATE,HUM_DRY,WIND_CALM,UV_HIGH,ZONE_TEMPERATE
Moscow,Russia,55.8,37.6,19.1,7,15.2,2.5,16.9,3,1013.9,19.1,19.1,0.0,0.0,18.0,1.5,0.0,19.5,ED_MODERATE_SAFE,TEMP_IDEAL,AQI_SENSITIVE,HUM_DRY,WIND_BREEZY,UV_LOW,ZONE_TEMPERATE
Moscow,Russia,55.8,37.6,10.2,33,4.5,5.9,9.3,1,1020.4,10.2,10.2,0.0,0.0,0.0,5.9,0.0,5.9,ED_VERY_SAFE,TEMP_COOL,AQI_GOOD,HUM_COMFORTABLE,WIND_CALM,UV_MODERATE,ZONE_TEMPERATE
Moscow,Russia,55.8,37.6,15.0,68,9.6,2.3,15.9,2,1011.5,15.9,15.0,0.0,0.0,8.0,0.8999999999999995,0.0,8.899999999999999,ED_VERY_SAFE,TEMP_COOL,AQI_MODERATE,HUM_HUMID,WIND_CALM,UV_LOW,ZONE_TEMPERATE
Moscow,Russia,55.8,37.6,13.7,58,8.0,0.0,14.1,5,1030.5,14.1,13.7,0.0,0.0,45.0,0.0,0.0,45.0,ED_CAUTION,TEMP_COOL,AQI_VERY_UNHEALTHY,HUM_COMFORTABLE,WIND_CALM,UV_LOW,ZONE_TEMPERATE
Moscow,Russia,55.8,37.6,7.6,38,9.5,1.7,7.0,4,1025.7,7.6,5.86316350171407,0.0,0.0,32.0,0.0,0.0,32.0,ED_MODERATE_SAFE,TEMP_COLD,AQI_UNHEALTHY,HUM_COMFORTABLE,WIND_CALM,UV_LOW,ZONE_TEMPERATE
Moscow,Russia,55.8,37.6,18.0,27,10.5,2.3,16.9,1,1010.4,18.0,18.0,0.0,0.0,0.0,0.8999999999999995,0.0,0.8999999999999995,ED_VERY_SAFE,TEMP_IDEAL,AQI_GOOD,HUM_DRY,WIND_BREEZY,UV_LOW,ZONE_TEMPERATE
Moscow,Russia,55.8,37.6,5.3,38,34.9,2.1,4.8,3,1005.0,5.3,0.05091477017416812,0.0,0.0,18.0,0.30000000000000027,0.0,18.3,ED_MODERATE_SAFE,TEMP_COLD,AQI_SENSITIVE,HUM_COMFORTABLE,WIND_WINDY,UV_LOW,ZONE_TEMPERATE
Moscow,Russia,55.8,37.6,4.1,21,4.6,4.8,2.7,3,990.3,4.1,4.1,0.0,0.0,18.0,4.8,0.0,22.8,ED_MODERATE_SAFE,TEMP_COLD,AQI_SENSITIVE,HUM_DRY,WIND_CALM,UV_MODERATE,ZONE_TEMPERATE
Moscow,Russia,55.8,37.6,0.7,32,6.9,0.0,-0.1,4,1003.8,0.7,-1.5542148602121786,0.0,2.331322290318269,32.0,0.0,0.0,34.33132229031827,ED_MODERATE_SAFE,TEMP_COLD,AQI_UNHEALTHY,HUM_COMFORTABLE,WIND_CALM,UV_LOW,ZONE_TEMPERATE
Moscow,Russia,55.8,37.6,13.6,76,33.2,1.5,14.9,2,1036.9,14.9,13.6,0.0,0.0,8.0,0.0,0.0,8.0,ED_VERY_SAFE,TEMP_COOL,AQI_MODERATE,HUM_HUMID,WIND_WINDY,UV_LOW,ZONE_TEMPERATE
Moscow,Russia,55.8,37.6,5.7,52,6.1,4.2,5.8,6,1002.4,5.8,4.495962973019489,0.0,0.0,50.0,4.2,0.0,54.2,ED_CAUTION,TEMP_COLD,AQI_HAZARDOUS,HUM_COMFORTABLE,WIND_CALM,UV_MODERATE,ZONE_TEMPERATE
Moscow,Russia,55.8,37.6,7.8,71,9.6,0.0,8.8,3,1023.4,8.8,6.081252042996541,0.0,0.0,18.0,0.0,0.0,18.0,ED_MODERATE_SAFE,TEMP_COLD,AQI_SENSITIVE,HUM_HUMID,WIND_CALM,UV_LOW,ZONE_TEMPERATE
Moscow,Russia,55.8,37.6,12.8,40,11.3,6.2,12.2,1,997.5,12.8,12.8,0.0,0.0,0.0,6.300000000000001,0.0,6.300000000000001,ED_VERY_SAFE,TEMP_COOL,AQI_GOOD,HUM_COMFORTABLE,WIND_BREEZY,UV_HIGH,ZONE_TEMPERATE
Moscow,Russia,55.8,37.6,5.9,72,9.1,2.6,7.0,1,1017.6,7.0,3.929080573198156,0.0,0.0,0.0,1.8000000000000003,0.0,1.8000000000000003,ED_VERY_SAFE,TEMP_COLD,AQI_GOOD,HUM_HUMID,WIND_CALM,UV_LOW,ZONE_TEMPERATE
Moscow,Russia,55.8,37.6,0.3,22,13.3,0.0,-1.1,4,1013.7,0.3,-3.715500265365692,0.0,5.57325039804854,32.0,0.0,0.0,37.57325039804854,ED_CAUTION,TEMP_COLD,AQI_UNHEALTHY,HUM_DRY,WIND_BREEZY,UV_LOW,ZONE_TEMPERATE
Moscow,Russia,55.8,37.6,7.6,60,17.4,3.9,8.1,1,1014.3,8.1,4.645115238968311,0.0,0.0,0.0,3.9,0.0,3.9,ED_VERY_SAFE,TEMP_COLD,AQI_GOOD,HUM_HUMID,WIND_BREEZY,UV_MODERATE,ZONE_TEMPERATE
Moscow,Russia,55.8,37.6,7.2,45,8.0,1.6,7.0,1,1007.5,7.2,5.718278732293028,0.0,0.0,0.0,0.0,0.0,0.0,ED_VERY_SAFE,TEMP_COLD,AQI_GOOD,HUM_COMFORTABLE,WIND_CALM,UV_LOW,ZONE_TEMPERATE
Moscow,Russia,55.8,37.6,12.1,71,22.1,3.9,13.1,1,1018.9,13.1,12.1,0.0,0.0,0.0,3.9,0.0,3.9,ED_VERY_SAFE,TEMP_COOL,AQI_GOOD,HUM_HUMID,WIND_WINDY,UV_MODERATE,ZONE_TEMPERATE
Moscow,Russia,55.8,37.6,7.3,57,4.5,3.4,7.7,1,1015.5,7.7,7.3,0.0,0.0,0.0,3.4,0.0,3.4,ED_VERY_SAFE,TEMP_COLD,AQI_GOOD,HUM_COMFORTABLE,WIND_CALM,UV_MODERATE,ZONE_TEMPERATE
Moscow,Russia,55.8,37.6,0.3,57,24.5,5.7,0.7,2,1012.3,0.7,-5.463349271655754,0.0,8.19502390748363,8.0,5.7,0.0,21.89502390748363,ED_MODERATE_SAFE,TEMP_COLD,AQI_MODERATE,HUM_COMFORTABLE,WIND_WINDY,UV_MODERATE,ZONE_TEMPERATE
Phoenix,USA,33.4,-112.1,0.6,21,11.2,10.6,-0.8,1,1013.7,0.6,-2.892308895538882,0.0,4.338463343308323,0.0,11.6,0.0,15.938463343308323,ED_MODERATE_SAFE,TEMP_COLD,AQI_GOOD,HUM_DRY,WIND_BREEZY,UV_VERY_HIGH,ZONE_SUBTROPICAL
Phoenix,USA,33.4,-112.1,13.8,34,7.1,9.4,13.0,2,1019.4,13.8,13.8,0.0,0.0,8.0,10.4,0.0,18.4,ED_MODERATE_SAFE,TEMP_COOL,AQI_MODERATE,HUM_COMFORTABLE,WIND_CALM,UV_VERY_HIGH,ZONE_SUBTROPICAL
Phoenix,USA,33.4,-112.1,19.8,68,4.7,4.0,20.7,1,1013.5,20.7,19.8,0.0,0.0,0.0,4.0,0.0,4.0,ED_VERY_SAFE,TEMP_IDEAL,AQI_GOOD,HUM_HUMID,WIND_CALM,UV_MODERATE,ZONE_SUBTROPICAL
Phoenix,USA,33.4,-112.1,18.7,84,16.7,6.3,20.5,3,1010.0,20.5,18.7,0.0,0.0,18.0,6.449999999999999,0.0,24.45,ED_MODERATE_SAFE,TEMP_IDEAL,AQI_SENSITIVE,HUM_VERY_HUMID,WIND_BREEZY,UV_HIGH,ZONE_SUBTROPICAL
Phoenix,USA,33.4,-112.1,25.7,35,5.4,3.9,25.2,2,1015.4,25.7,25.7,0.0,0.0,8.0,3.9,0.0,11.9,ED_VERY_SAFE,TEMP_WARM,AQI_MODERATE,HUM_COMFORTABLE,WIND_CALM,UV_MODERATE,ZONE_SUBTROPICAL
Phoenix,USA,33.4,-112.1,18.7,72,1.6,4.0,19.8,6,1008.9,19.8,18.7,0.0,0.0,50.0,4.0,0.0,54.0,ED_CAUTION,TEMP_IDEAL,AQI_HAZARDOUS,HUM_HUMID,WIND_CALM,UV_MODERATE,ZONE_SUBTROPICAL
Phoenix,USA,33.4,-112.1,17.9,46,23.3,3.0,17.7,1,996.9,17.9,17.9,0.0,0.0,0.0,3.0,0.0,3.0,ED_VERY_SAFE,TEMP_COOL,AQI_GOOD,HUM_COMFORTABLE,WIND_WINDY,UV_MODERATE,ZONE_SUBTROPICAL
Phoenix,USA,33.4,-112.1,17.6,35,5.3,5.8,16.8,1,1028.1,17.6,17.6,0.0,0.0,0.0,5.8,0.0,5.8,ED_VERY_SAFE,TEMP_COOL,AQI_GOOD,HUM_COMFORTABLE,WIND_CALM,UV_MODERATE,ZONE_SUBTROPICAL
Phoenix,USA,33.4,-112.1,12.0,49,14.0,5.1,12.0,1,1012.8,12.0,12.0,0.0,0.0,0.0,5.1,0.0,5.1,ED_VERY_SAFE,TEMP_COOL,AQI_GOOD,HUM_COMFORTABLE,WIND_BREEZY,UV_MODERATE,ZONE_SUBTROPICAL
Phoenix,USA,33.4,-112.1,24.8,51,21.1,3.9,24.8,1,1030.7,24.8,24.8,0.0,0.0,0.0,3.9,0.0,3.9,ED_VERY_SAFE,TEMP_IDEAL,AQI_GOOD,HUM_COMFORTABLE,WIND_WINDY,UV_MODERATE,ZONE_SUBTROPICAL
Phoenix,USA,33.4,-112.1,22.0,84,6.7,6.2,23.7,5,1026.2,23.7,22.0,0.0,0.0,45.0,6.300000000000001,0.0,51.3,ED_CAUTION,TEMP_IDEAL,AQI_VERY_UNHEALTHY,HUM_VERY_HUMID,WIND_CALM,UV_HIGH,ZONE_SUBTROPICAL
Phoenix,USA,33.4,-112.1,8.7,59,16.1,5.1,9.1,5,1021.2,9.1,6.17207141772044,0.0,0.0,45.0,5.1,0.0,50.1,ED_CAUTION,TEMP_COLD,AQI_VERY_UNHEALTHY,HUM_COMFORTABLE,WIND_BREEZY,UV_MODERATE,ZONE_SUBTROPICAL
Phoenix,USA,33.4,-112.1,12.0,26,2.5,4.7,10.8,5,1014.6,12.0,12.0,0.0,0.0,45.0,4.7,0.0,49.7,ED_CAUTION,TEMP_COOL,AQI_VERY_UNHEALTHY,HUM_DRY,WIND_CALM,UV_MODERATE,ZONE_SUBTROPICAL
Phoenix,USA,33.4,-112.1,24.2,35,41.3,0.6,23.4,2,1005.4,24.2,24.2,0.0,0.0,8.0,0.0,0.0,8.0,ED_VERY_SAFE,TEMP_IDEAL,AQI_MODERATE,HUM_COMFORTABLE,WIND_STRONG,UV_LOW,ZONE_SUBTROPICAL
Phoenix,USA,33.4,-112.1,24.3,5,10.3,2.6,22.1,1,1028.4,24.3,24.3,0.0,0.0,0.0,1.8000000000000003,0.0,1.8000000000000003,ED_VERY_SAFE,TEMP_IDEAL,AQI_GOOD,HUM_DRY,WIND_BREEZY,UV_LOW,ZONE_SUBTROPICAL
Phoenix,USA,33.4,-112.1,10.2,63,22.0,1.3,10.8,3,1001.8,10.8,10.2,0.0,0.0,18.0,0.0,0.0,18.0,ED_MODERATE_SAFE,TEMP_COOL,AQI_SENSITIVE,HUM_HUMID,WIND_WINDY,UV_LOW,ZONE_SUBTROPICAL
Phoenix,USA,33.4,-112.1,24.0,45,9.5,6.2,23.7,3,1010.9,24.0,24.0,0.0,0.0,18.0,6.300000000000001,0.0,24.3,ED_MODERATE_SAFE,TEMP_IDEAL,AQI_SENSITIVE,HUM_COMFORTABLE,WIND_CALM,UV_HIGH,ZONE_SUBTROPICAL
Phoenix,USA,33.4,-112.1,19.0,49,13.0,4.1,18.9,2,1007.3,19.0,19.0,0.0,0.0,8.0,4.1,0.0,12.1,ED_VERY_SAFE,TEMP_IDEAL,AQI_MODERATE,HUM_COMFORTABLE,WIND_BREEZY,UV_MODERATE,ZONE_SUBTROPICAL
Phoenix,USA,33.4,-112.1,13.6,27,4.5,4.6,12.5,4,1014.8,13.6,13.6,0.0,0.0,32.0,4.6,0.0,36.6,ED_CAUTION,TEMP_COOL,AQI_UNHEALTHY,HUM_DRY,WIND_CALM,UV_MODERATE,ZONE_SUBTROPICAL
Phoenix,USA,33.4,-112.1,17.2,29,7.6,6.3,16.1,3,1014.2,17.2,17.2,0.0,0.0,18.0,6.449999999999999,0.0,24.45,ED_MODERATE_SAFE,TEMP_COOL,AQI_SENSITIVE,HUM_DRY,WIND_CALM,UV_HIGH,ZONE_SUBTROPICAL
Phoenix,USA,33.4,-112.1,19.4,7,12.2,4.1,17.2,6,1027.5,19.4,19.4,0.0,0.0,50.0,4.1,0.0,54.1,ED_CAUTION,TEMP_IDEAL,AQI_HAZARDOUS,HUM_DRY,WIND_BREEZY,UV_MODERATE,ZONE_SUBTROPICAL
Phoenix,USA,33.4,-112.1,19.2,33,15.1,0.0,18.3,4,1014.2,19.2,19.2,0.0,0.0,32.0,0.0,0.0,32.0,ED_MODERATE_SAFE,TEMP_IDEAL,AQI_UNHEALTHY,HUM_COMFORTABLE,WIND_BREEZY,UV_LOW,ZONE_SUBTROPICAL
Phoenix,USA,33.4,-112.1,25.3,43,25.8,7.3,25.0,4,1015.8,25.3,25.3,0.0,0.0,32.0,7.949999999999999,0.0,39.95,ED_CAUTION,TEMP_WARM,AQI_UNHEALTHY,HUM_COMFORTABLE,WIND_WINDY,UV_HIGH,ZONE_SUBTROPICAL
Phoenix,USA,33.4,-112.1,6.4,42,2.3,7.3,6.1,6,1008.8,6.4,6.4,0.0,0.0,50.0,7.949999999999999,0.0,57.95,ED_DANGEROUS,TEMP_COLD,AQI_HAZARDOUS,HUM_COMFORTABLE,WIND_CALM,UV_HIGH,ZONE_SUBTROPICAL
Phoenix,USA,33.4,-112.1,20.8,42,10.2,5.5,20.4,5,1015.0,20.8,20.8,0.0,0.0,45.0,5.5,0.0,50.5,ED_CAUTION,TEMP_IDEAL,AQI_VERY_UNHEALTHY,HUM_COMFORTABLE,WIND_BREEZY,UV_MODERATE,ZONE_SUBTROPICAL
Phoenix,USA,33.4,-112.1,13.4,68,22.8,0.0,14.3,1,1007.6,14.3,13.4,0.0,0.0,0.0,0.0,0.0,0.0,ED_VERY_SAFE,TEMP_COOL,AQI_GOOD,HUM_HUMID,WIND_WINDY,UV_LOW,ZONE_SUBTROPICAL
Phoenix,USA,33.4,-112.1,3.8,27,13.0,5.8,2.6,5,1031.6,3.8,0.6136785458020402,0.0,0.0,45.0,5.8,0.0,50.8,ED_CAUTION,TEMP_COLD,AQI_VERY_UNHEALTHY,HUM_DRY,WIND_BREEZY,UV_MODERATE,ZONE_SUBTROPICAL
Phoenix,USA,33.4,-112.1,14.6,36,20.7,0.7,13.9,5,1002.8,14.6,14.6,0.0,0.0,45.0,0.0,0.0,45.0,ED_CAUTION,TEMP_COOL,AQI_VERY_UNHEALTHY,HUM_COMFORTABLE,WIND_WINDY,UV_LOW,ZONE_SUBTROPICAL
Phoenix,USA,33.4,-112.1,15.8,26,12.0,3.6,14.6,2,1011.5,15.8,15.8,0.0,0.0,8.0,3.6,0.0,11.6,ED_VERY_SAFE,TEMP_COOL,AQI_MODERATE,HUM_DRY,WIND_BREEZY,UV_MODERATE,ZONE_SUBTROPICAL
Phoenix,USA,33.4,-112.1,28.9,37,9.0,8.6,29.4,5,1005.4,29.4,28.9,7.199999999999996,0.0,45.0,9.6,0.0,61.8,ED_DANGEROUS,TEMP_WARM,AQI_VERY_UNHEALTHY,HUM_COMFORTABLE,WIND_CALM,UV_VERY_HIGH,ZONE_SUBTROPICAL
Phoenix,USA,33.4,-112.1,18.5,41,10.8,5.4,18.0,2,1018.8,18.5,18.5,0.0,0.0,8.0,5.4,0.0,13.4,ED_VERY_SAFE,TEMP_IDEAL,AQI_MODERATE,HUM_COMFORTABLE,WIND_BREEZY,UV_MODERATE,ZONE_SUBTROPICAL
Phoenix,USA,33.4,-112.1,10.9,50,2.8,4.1,10.9,2,1007.1,10.9,10.9,0.0,0.0,8.0,4.1,0.0,12.1,ED_VERY_SAFE,TEMP_COOL,AQI_MODERATE,HUM_COMFORTABLE,WIND_CALM,UV_MODERATE,ZONE_SUBTROPICAL
Phoenix,USA,33.4,-112.1,16.5,13,13.3,8.0,14.7,1,1006.0,16.5,16.5,0.0,0.0,0.0,9.0,0.0,9.0,ED_VERY_SAFE,TEMP_COOL,AQI_GOOD,HUM_DRY,WIND_BREEZY,UV_VERY_HIGH,ZONE_SUBTROPICAL
Phoenix,USA,33.4,-112.1,19.9,31,17.4,8.8,18.9,1,1009.9,19.9,19.9,0.0,0.0,0.0,9.8,0.0,9.8,ED_VERY_SAFE,TEMP_IDEAL,AQI_GOOD,HUM_COMFORTABLE,WIND_BREEZY,UV_VERY_HIGH,ZONE_SUBTROPICAL
Phoenix,USA,33.4,-112.1,10.1,49,14.9,6.8,10.1,2,1013.3,10.1,10.1,0.0,0.0,8.0,7.199999999999999,0.0,15.2,ED_MODERATE_SAFE,TEMP_COOL,AQI_MODERATE,HUM_COMFORTABLE,WIND_BREEZY,UV_HIGH,ZONE_SUBTROPICAL
Phoenix,USA,33.4,-112.1,21.5,99,7.1,3.7,23.9,4,1012.1,23.9,21.5,0.0,0.0,32.0,3.7,0.0,35.7,ED_CAUTION,TEMP_IDEAL,AQI_UNHEALTHY,HUM_VERY_HUMID,WIND_CALM,UV_MODERATE,ZONE_SUBTROPICAL
Phoenix,USA,33.4,-112.1,11.9,40,18.4,6.9,11.4,6,1022.3,11.9,11.9,0.0,0.0,50.0,7.3500000000000005,0.0,57.35,ED_DANGEROUS,TEMP_COOL,AQI_HAZARDOUS,HUM_COMFORTABLE,WIND_BREEZY,UV_HIGH,ZONE_SUBTROPICAL
Phoenix,USA,33.4,-112.1,14.2,70,1.9,8.3,15.2,2,1011.0,15.2,14.2,0.0,0.0,8.0,9.3,0.0,17.3,ED_MODERATE_SAFE,TEMP_COOL,AQI_MODERATE,HUM_HUMID,WIND_CALM,UV_VERY_HIGH,ZONE_SUBTROPICAL
Phoenix,USA,33.4,-112.1,17.4,45,2.8,5.9,17.1,4,1018.5,17.4,17.4,0.0,0.0,32.0,5.9,0.0,37.9,ED_CAUTION,TEMP_COOL,AQI_UNHEALTHY,HUM_COMFORTABLE,WIND_CALM,UV_MODERATE,ZONE_SUBTROPICAL
Phoenix,USA,33.4,-112.1,20.7,25,18.2,5.8,19.5,1,1013.7,20.7,20.7,0.0,0.0,0.0,5.8,0.0,5.8,ED_VERY_SAFE,TEMP_IDEAL,AQI_GOOD,HUM_DRY,WIND_BREEZY,UV_MODERATE,ZONE_SUBTROPICAL
Phoenix,USA,33.4,-112.1,29.4,57,5.8,6.2,31.0,2,1013.3,31.0,29.4,12.0,0.0,8.0,6.300000000000001,0.0,26.3,ED_MODERATE_SAFE,TEMP_WARM,AQI_MODERATE,HUM_COMFORTABLE,WIND_CALM,UV_HIGH,ZONE_SUBTROPICAL
Phoenix,USA,33.4,-112.1,30.0,19,9.8,4.8,30.0,6,1009.4,30.0,30.0,9.0,0.0,50.0,4.8,0.0,63.8,ED_DANGEROUS,TEMP_HOT,AQI_HAZARDOUS,HUM_DRY,WIND_CALM,UV_MODERATE,ZONE_SUBTROPICAL
Phoenix,USA,33.4,-112.1,14.0,31,30.3,10.3,13.0,4,1007.5,14.0,14.0,0.0,0.0,32.0,11.3,0.0,43.3,ED_CAUTION,TEMP_COOL,AQI_UNHEALTHY,HUM_COMFORTABLE,WIND_WINDY,UV_VERY_HIGH,ZONE_SUBTROPICAL
Phoenix,USA,33.4,-112.1,21.2,51,8.9,4.5,21.3,2,1014.9,21.3,21.2,0.0,0.0,8.0,4.5,0.0,12.5,ED_VERY_SAFE,TEMP_IDEAL,AQI_MODERATE,HUM_COMFORTABLE,WIND_CALM,UV_MODERATE,ZONE_SUBTROPICAL
Phoenix,USA,33.4,-112.1,8.9,50,37.9,2.7,8.9,4,1009.2,8.9,4.624439190741088,0.0,0.0,32.0,2.1000000000000005,0.0,34.1,ED_MODERATE_SAFE,TEMP_COLD,AQI_UNHEALTHY,HUM_COMFORTABLE,WIND_WINDY,UV_LOW,ZONE_SUBTROPICAL
Phoenix,USA,33.4,-112.1,22.3,40,12.0,4.7,21.8,5,1030.5,22.3,22.3,0.0,0.0,45.0,4.7,0.0,49.7,ED_CAUTION,TEMP_IDEAL,AQI_VERY_UNHEALTHY,HUM_COMFORTABLE,WIND_BREEZY,UV_MODERATE,ZONE_SUBTROPICAL
Phoenix,USA,33.4,-112.1,8.5,27,10.4,7.8,7.3,6,1016.4,8.5,6.766802599928518,0.0,0.0,50.0,8.7,0.0,58.7,ED_DANGEROUS,TEMP_COLD,AQI_HAZARDOUS,HUM_DRY,WIND_BREEZY,UV_HIGH,ZONE_SUBTROPICAL
Phoenix,USA,33.4,-112.1,22.3,25,28.5,3.1,21.0,6,1011.6,22.3,22.3,0.0,0.0,50.0,3.1,0.0,53.1,ED_CAUTION,TEMP_IDEAL,AQI_HAZARDOUS,HUM_DRY,WIND_WINDY,UV_MODERATE,ZONE_SUBTROPICAL
Phoenix,USA,33.4,-112.1,24.8,31,2.8,8.1,23.9,2,1040.2,24.8,24.8,0.0,0.0,8.0,9.1,0.0,17.1,ED_MODERATE_SAFE,TEMP_IDEAL,AQI_MODERATE,HUM_COMFORTABLE,WIND_CALM,UV_VERY_HIGH,ZONE_SUBTROPICAL
Phoenix,USA,33.4,-112.1,14.3,24,1.4,2.9,13.0,2,1022.0,14.3,14.3,0.0,0.0,8.0,2.6999999999999997,0.0,10.7,ED_VERY_SAFE,TEMP_COOL,AQI_MODERATE,HUM_DRY,WIND_CALM,UV_LOW,ZONE_SUBTROPICAL
Phoenix,USA,33.4,-112.1,18.2,39,12.2,0.7,17.6,1,1008.6,18.2,18.2,0.0,0.0,0.0,0.0,0.0,0.0,ED_VERY_SAFE,TEMP_IDEAL,AQI_GOOD,HUM_COMFORTABLE,WIND_BREEZY,UV_LOW,ZONE_SUBTROPICAL
Phoenix,USA,33.4,-112.1,3.5,41,18.0,2.8,3.0,1,1001.2,3.5,-0.5563112504551331,0.0,0.8344668756827005,0.0,2.3999999999999995,0.0,3.2344668756827,ED_VERY_SAFE,TEMP_COLD,AQI_GOOD,HUM_COMFORTABLE,WIND_BREEZY,UV_LOW,ZONE_SUBTROPICAL
Phoenix,USA,33.4,-112.1,23.1,34,7.3,6.3,22.4,2,1002.9,23.1,23.1,0.0,0.0,8.0,6.449999999999999,0.0,14.45,ED_VERY_SAFE,TEMP_IDEAL,AQI_MODERATE,HUM_COMFORTABLE,WIND_CALM,UV_HIGH,ZONE_SUBTROPICAL
Phoenix,USA,33.4,-112.1,11.6,68,7.7,10.1,12.5,2,1005.0,12.5,11.6,0.0,0.0,8.0,11.1,0.0,19.1,ED_MODERATE_SAFE,TEMP_COOL,AQI_MODERATE,HUM_HUMID,WIND_CALM,UV_VERY_HIGH,ZONE_SUBTROPICAL
Phoenix,USA,33.4,-112.1,22.5,48,4.0,12.0,22.4,2,1006.7,22.5,22.5,0.0,0.0,8.0,12.0,0.0,20.0,ED_MODERATE_SAFE,TEMP_IDEAL,AQI_MODERATE,HUM_COMFORTABLE,WIND_CALM,UV_EXTREME,ZONE_SUBTROPICAL
Phoenix,USA,33.4,-112.1,21.6,89,18.5,9.1,23.6,3,1011.5,23.6,21.6,0.0,0.0,18.0,10.1,0.0,28.1,ED_MODERATE_SAFE,TEMP_IDEAL,AQI_SENSITIVE,HUM_VERY_HUMID,WIND_BREEZY,UV_VERY_HIGH,ZONE_SUBTROPICAL
Phoenix,USA,33.4,-112.1,23.0,74,6.7,6.4,24.2,2,1008.3,24.2,23.0,0.0,0.0,8.0,6.6000000000000005,0.0,14.600000000000001,ED_VERY_SAFE,TEMP_IDEAL,AQI_MODERATE,HUM_HUMID,WIND_CALM,UV_HIGH,ZONE_SUBTROPICAL
Phoenix,USA,33.4,-112.1,12.9,40,4.5,13.0,12.4,3,1019.9,12.9,12.9,0.0,0.0,18.0,12.0,0.0,30.0,ED_MODERATE_SAFE,TEMP_COOL,AQI_SENSITIVE,HUM_COMFORTABLE,WIND_CALM,UV_EXTREME,ZONE_SUBTROPICAL
Phoenix,USA,33.4,-112.1,21.4,41,18.0,4.8,21.0,1,1018.9,21.4,21.4,0.0,0.0,0.0,4.8,0.0,4.8,ED_VERY_SAFE,TEMP_IDEAL,AQI_GOOD,HUM_COMFORTABLE,WIND_BREEZY,UV_MODERATE,ZONE_SUBTROPICAL
Phoenix,USA,33.4,-112.1,4.7,19,31.6,10.9,3.2,2,1011.7,4.7,-0.4773622861787059,0.0,0.7160434292680602,8.0,11.9,0.0,20.61604342926806,ED_MODERATE_SAFE,TEMP_COLD,AQI_MODERATE,HUM_DRY,WIND_WINDY,UV_VERY_HIGH,ZONE_SUBTROPICAL
Phoenix,USA,33.4,-112.1,15.3,46,9.1,8.2,15.1,2,1012.1,15.3,15.3,0.0,0.0,8.0,9.2,0.0,17.2,ED_MODERATE_SAFE,TEMP_COOL,AQI_MODERATE,HUM_COMFORTABLE,WIND_CALM,UV_VERY_HIGH,ZONE_SUBTROPICAL
Phoenix,USA,33.4,-112.1,23.0,53,4.2,1.9,23.1,5,1014.2,23.1,23.0,0.0,0.0,45.0,0.0,0.0,45.0,ED_CAUTION,TEMP_IDEAL,AQI_VERY_UNHEALTHY,HUM_COMFORTABLE,WIND_CALM,UV_LOW,ZONE_SUBTROPICAL
Phoenix,USA,33.4,-112.1,15.8,47,9.9,10.2,15.6,1,1033.3,15.8,15.8,0.0,0.0,0.0,11.2,0.0,11.2,ED_VERY_SAFE,TEMP_COOL,AQI_GOOD,HUM_COMFORTABLE,WIND_CALM,UV_VERY_HIGH,ZONE_SUBTROPICAL
Phoenix,USA,33.4,-112.1,14.5,51,15.2,9.9,14.6,1,1016.4,14.6,14.5,0.0,0.0,0.0,10.9,0.0,10.9,ED_VERY_SAFE,TEMP_COOL,AQI_GOOD,HUM_COMFORTABLE,WIND_BREEZY,UV_VERY_HIGH,ZONE_SUBTROPICAL
Phoenix,USA,33.4,-112.1,21.4,89,19.4,1.8,23.4,1,1012.1,23.4,21.4,0.0,0.0,0.0,0.0,0.0,0.0,ED_VERY_SAFE,TEMP_IDEAL,AQI_GOOD,HUM_VERY_HUMID,WIND_BREEZY,UV_LOW,ZONE_SUBTROPICAL
Phoenix,USA,33.4,-112.1,20.7,50,2.9,4.7,20.7,5,1017.5,20.7,20.7,0.0,0.0,45.0,4.7,0.0,49.7,ED_CAUTION,TEMP_IDEAL,AQI_VERY_UNHEALTHY,HUM_COMFORTABLE,WIND_CALM,UV_MODERATE,ZONE_SUBTROPICAL
Phoenix,USA,33.4,-112.1,19.1,78,11.9,2.5,20.5,2,1000.2,20.5,19.1,0.0,0.0,8.0,1.5,0.0,9.5,ED_VERY_SAFE,TEMP_IDEAL,AQI_MODERATE,HUM_HUMID,WIND_BREEZY,UV_LOW,ZONE_SUBTROPICAL
Phoenix,USA,33.4,-112.1,15.7,41,2.7,3.2,15.2,5,1013.8,15.7,15.7,0.0,0.0,45.0,3.2,0.0,48.2,ED_CAUTION,TEMP_COOL,AQI_VERY_UNHEALTHY,HUM_COMFORTABLE,WIND_CALM,UV_MODERATE,ZONE_SUBTROPICAL
Phoenix,USA,33.4,-112.1,18.6,47,23.0,13.0,18.5,3,1022.5,18.6,18.6,0.0,0.0,18.0,12.0,0.0,30.0,ED_MODERATE_SAFE,TEMP_IDEAL,AQI_SENSITIVE,HUM_COMFORTABLE,WIND_WINDY,UV_EXTREME,ZONE_SUBTROPICAL
Phoenix,USA,33.4,-112.1,13.3,20,13.4,5.6,11.8,4,1006.3,13.3,13.3,0.0,0.0,32.0,5.6,0.0,37.6,ED_CAUTION,TEMP_COOL,AQI_UNHEALTHY,HUM_DRY,WIND_BREEZY,UV_MODERATE,ZONE_SUBTROPICAL
Phoenix,USA,33.4,-112.1,22.2,64,11.4,7.3,22.8,4,1014.5,22.8,22.2,0.0,0.0,32.0,7.949999999999999,0.0,39.95,ED_CAUTION,TEMP_IDEAL,AQI_UNHEALTHY,HUM_HUMID,WIND_BREEZY,UV_HIGH,ZONE_SUBTROPICAL
Phoenix,USA,33.4,-112.1,18.2,68,15.7,5.5,19.1,2,1029.4,19.1,18.2,0.0,0.0,8.0,5.5,0.0,13.5,ED_VERY_SAFE,TEMP_IDEAL,AQI_MODERATE,HUM_HUMID,WIND_BREEZY,UV_MODERATE,ZONE_SUBTROPICAL
Phoenix,USA,33.4,-112.1,6.6,32,9.7,12.4,5.7,1,1002.4,6.6,4.631330705543862,0.0,0.0,0.0,12.0,0.0,12.0,ED_VERY_SAFE,TEMP_COLD,AQI_GOOD,HUM_COMFORTABLE,WIND_CALM,UV_EXTREME,ZONE_SUBTROPICAL
Phoenix,USA,33.4,-112.1,13.3,51,9.5,6.3,13.4,1,1015.3,13.4,13.3,0.0,0.0,0.0,6.449999999999999,0.0,6.449999999999999,ED_VERY_SAFE,TEMP_COOL,AQI_GOOD,HUM_COMFORTABLE,WIND_CALM,UV_HIGH,ZONE_SUBTROPICAL
Phoenix,USA,33.4,-112.1,22.5,33,4.7,4.7,21.6,1,1026.3,22.5,22.5,0.0,0.0,0.0,4.7,0.0,4.7,ED_VERY_SAFE,TEMP_IDEAL,AQI_GOOD,HUM_COMFORTABLE,WIND_CALM,UV_MODERATE,ZONE_SUBTROPICAL
Phoenix,USA,33.4,-112.1,12.2,43,5.8,8.2,11.9,1,1014.3,12.2,12.2,0.0,0.0,0.0,9.2,0.0,9.2,ED_VERY_SAFE,TEMP_COOL,AQI_GOOD,HUM_COMFORTABLE,WIND_CALM,UV_VERY_HIGH,ZONE_SUBTROPICAL
Phoenix,USA,33.4,-112.1,18.0,45,14.5,2.6,17.7,2,1009.2,18.0,18.0,0.0,0.0,8.0,1.8000000000000003,0.0,9.8,ED_VERY_SAFE,TEMP_IDEAL,AQI_MODERATE,HUM_COMFORTABLE,WIND_BREEZY,UV_LOW,ZONE_SUBTROPICAL
Phoenix,USA,33.4,-112.1,17.9,28,16.1,12.6,16.8,1,999.0,17.9,17.9,0.0,0.0,0.0,12.0,0.0,12.0,ED_VERY_SAFE,TEMP_COOL,AQI_GOOD,HUM_DRY,WIND_BREEZY,UV_EXTREME,ZONE_SUBTROPICAL
Phoenix,USA,33.4,-112.1,19.5,27,5.9,8.3,18.4,1,1004.0,19.5,19.5,0.0,0.0,0.0,9.3,0.0,9.3,ED_VERY_SAFE,TEMP_IDEAL,AQI_GOOD,HUM_DRY,WIND_CALM,UV_VERY_HIGH,ZONE_SUBTROPICAL
Phoenix,USA,33.4,-112.1,22.8,45,4.7,10.8,22.6,2,1016.7,22.8,22.8,0.0,0.0,8.0,11.8,0.0,19.8,ED_MODERATE_SAFE,TEMP_IDEAL,AQI_MODERATE,HUM_COMFORTABLE,WIND_CALM,UV_VERY_HIGH,ZONE_SUBTROPICAL
Phoenix,USA,33.4,-112.1,10.2,65,7.3,1.2,10.9,1,1023.3,10.9,10.2,0.0,0.0,0.0,0.0,0.0,0.0,ED_VERY_SAFE,TEMP_COOL,AQI_GOOD,HUM_HUMID,WIND_CALM,UV_LOW,ZONE_SUBTROPICAL
Phoenix,USA,33.4,-112.1,16.3,76,5.7,4.2,17.6,4,1014.2,17.6,16.3,0.0,0.0,32.0,4.2,0.0,36.2,ED_CAUTION,TEMP_COOL,AQI_UNHEALTHY,HUM_HUMID,WIND_CALM,UV_MODERATE,ZONE_SUBTROPICAL
Phoenix,USA,33.4,-112.1,7.5,89,2.8,5.6,9.4,1,1021.7,9.4,7.5,0.0,0.0,0.0,5.6,0.0,5.6,ED_VERY_SAFE,TEMP_COLD,AQI_GOOD,HUM_VERY_HUMID,WIND_CALM,UV_MODERATE,ZONE_SUBTROPICAL
Phoenix,USA,33.4,-112.1,28.3,19,34.6,8.3,27.7,3,1017.6,28.3,28.3,3.900000000000002,0.0,18.0,9.3,0.0,31.200000000000003,ED_MODERATE_SAFE,TEMP_WARM,AQI_SENSITIVE,HUM_DRY,WIND_WINDY,UV_VERY_HIGH,ZONE_SUBTROPICAL
Phoenix,USA,33.4,-112.1,12.4,70,4.2,10.9,13.5,1,1007.1,13.5,12.4,0.0,0.0,0.0,11.9,0.0,11.9,ED_VERY_SAFE,TEMP_COOL,AQI_GOOD,HUM_HUMID,WIND_CALM,UV_VERY_HIGH,ZONE_SUBTROPICAL
Phoenix,USA,33.4,-112.1,20.0,69,1.6,9.2,21.0,2,1028.2,21.0,20.0,0.0,0.0,8.0,10.2,0.0,18.2,ED_MODERATE_SAFE,TEMP_IDEAL,AQI_MODERATE,HUM_HUMID,WIND_CALM,UV_VERY_HIGH,ZONE_SUBTROPICAL
Phoenix,USA,33.4,-112.1,15.2,18,7.8,8.3,13.6,1,1018.3,15.2,15.2,0.0,0.0,0.0,9.3,0.0,9.3,ED_VERY_SAFE,TEMP_COOL,AQI_GOOD,HUM_DRY,WIND_CALM,UV_VERY_HIGH,ZONE_SUBTROPICAL
Phoenix,USA,33.4,-112.1,16.8,57,12.0,7.4,17.1,1,1005.6,17.1,16.8,0.0,0.0,0.0,8.100000000000001,0.0,8.100000000000001,ED_VERY_SAFE,TEMP_COOL,AQI_GOOD,HUM_COMFORTABLE,WIND_BREEZY,UV_HIGH,ZONE_SUBTROPICAL
Phoenix,USA,33.4,-112.1,24.5,32,21.5,5.5,23.6,1,1011.6,24.5,24.5,0.0,0.0,0.0,5.5,0.0,5.5,ED_VERY_SAFE,TEMP_IDEAL,AQI_GOOD,HUM_COMFORTABLE,WIND_WINDY,UV_MODERATE,ZONE_SUBTROPICAL
Phoenix,USA,33.4,-112.1,6.3,24,7.7,6.6,5.0,4,1005.9,6.3,4.736656866243581,0.0,0.0,32.0,6.8999999999999995,0.0,38.9,ED_CAUTION,TEMP_COLD,AQI_UNHEALTHY,HUM_DRY,WIND_CALM,UV_HIGH,ZONE_SUBTROPICAL
Phoenix,USA,33.4,-112.1,8.1,55,25.0,4.6,8.4,4,1015.6,8.4,4.499746441462654,0.0,0.0,32.0,4.6,0.0,36.6,ED_CAUTION,TEMP_COLD,AQI_UNHEALTHY,HUM_COMFORTABLE,WIND_WINDY,UV_MODERATE,ZONE_SUBTROPICAL
Phoenix,USA,33.4,-112.1,20.6,79,12.8,7.9,22.1,2,1007.5,22.1,20.6,0.0,0.0,8.0,8.850000000000001,0.0,16.85,ED_MODERATE_SAFE,TEMP_IDEAL,AQI_MODERATE,HUM_HUMID,WIND_BREEZY,UV_HIGH,ZONE_SUBTROPICAL
Phoenix,USA,33.4,-112.1,16.7,46,33.6,1.3,16.5,1,1014.1,16.7,16.7,0.0,0.0,0.0,0.0,0.0,0.0,ED_VERY_SAFE,TEMP_COOL,AQI_GOOD,HUM_COMFORTABLE,WIND_WINDY,UV_LOW,ZONE_SUBTROPICAL
Phoenix,USA,33.4,-112.1,8.8,30,14.7,6.0,7.8,5,1010.2,8.8,6.473707317801476,0.0,0.0,45.0,6.0,0.0,51.0,ED_CAUTION,TEMP_COLD,AQI_VERY_UNHEALTHY,HUM_COMFORTABLE,WIND_BREEZY,UV_HIGH,ZONE_SUBTROPICAL
Phoenix,USA,33.4,-112.1,29.7,43,22.0,3.9,30.7,4,1009.9,30.7,29.7,11.099999999999998,0.0,32.0,3.9,0.0,46.99999999999999,ED_CAUTION,TEMP_WARM,AQI_UNHEALTHY,HUM_COMFORTABLE,WIND_WINDY,UV_MODERATE,ZONE_SUBTROPICAL
Phoenix,USA,33.4,-112.1,22.4,49,0.6,6.1,22.3,4,1016.6,22.4,22.4,0.0,0.0,32.0,6.1499999999999995,0.0,38.15,ED_CAUTION,TEMP_IDEAL,AQI_UNHEALTHY,HUM_COMFORTABLE,WIND_CALM,UV_HIGH,ZONE_SUBTROPICAL
Phoenix,USA,33.4,-112.1,6.5,31,13.5,7.6,5.5,1,1014.0,6.5,3.825207245006551,0.0,0.0,0.0,8.399999999999999,0.0,8.399999999999999,ED_VERY_SAFE,TEMP_COLD,AQI_GOOD,HUM_COMFORTABLE,WIND_BREEZY,UV_HIGH,ZONE_SUBTROPICAL
Phoenix,USA,33.4,-112.1,16.9,25,0.7,7.3,15.7,3,1000.0,16.9,16.9,0.0,0.0,18.0,7.949999999999999,0.0,25.95,ED_MODERATE_SAFE,TEMP_COOL,AQI_SENSITIVE,HUM_DRY,WIND_CALM,UV_HIGH,ZONE_SUBTROPICAL
Phoenix,USA,33.4,-112.1,20.6,40,15.0,3.2,20.1,5,1013.8,20.6,20.6,0.0,0.0,45.0,3.2,0.0,48.2,ED_CAUTION,TEMP_IDEAL,AQI_VERY_UNHEALTHY,HUM_COMFORTABLE,WIND_BREEZY,UV_MODERATE,ZONE_SUBTROPICAL
Phoenix,USA,33.4,-112.1,12.6,41,26.0,1.1,12.1,3,1012.2,12.6,12.6,0.0,0.0,18.0,0.0,0.0,18.0,ED_MODERATE_SAFE,TEMP_COOL,AQI_SENSITIVE,HUM_COMFORTABLE,WIND_WINDY,UV_LOW,ZONE_SUBTROPICAL
Phoenix,USA,33.4,-112.1,15.6,36,20.5,4.8,14.9,1,1010.5,15.6,15.6,0.0,0.0,0.0,4.8,0.0,4.8,ED_VERY_SAFE,TEMP_COOL,AQI_GOOD,HUM_COMFORTABLE,WIND_WINDY,UV_MODERATE,ZONE_SUBTROPICAL
Phoenix,USA,33.4,-112.1,32.3,53,15.5,9.4,34.7,2,992.9,34.7,32.3,19.500000000000007,0.0,8.0,10.4,0.0,37.900000000000006,ED_CAUTION,TEMP_HOT,AQI_MODERATE,HUM_COMFORTABLE,WIND_BREEZY,UV_VERY_HIGH,ZONE_SUBTROPICAL
Phoenix,USA,33.4,-112.1,12.2,36,15.2,2.6,11.5,5,1017.6,12.2,12.2,0.0,0.0,45.0,1.8000000000000003,0.0,46.8,ED_CAUTION,TEMP_COOL,AQI_VERY_UNHEALTHY,HUM_COMFORTABLE,WIND_BREEZY,UV_LOW,ZONE_SUBTROPICAL
Phoenix,USA,33.4,-112.1,16.7,25,2.3,8.2,15.5,2,1006.7,16.7,16.7,0.0,0.0,8.0,9.2,0.0,17.2,ED_MODERATE_SAFE,TEMP_COOL,AQI_MODERATE,HUM_DRY,WIND_CALM,UV_VERY_HIGH,ZONE_SUBTROPICAL
Phoenix,USA,33.4,-112.1,20.9,39,22.3,2.3,20.4,4,1008.7,20.9,20.9,0.0,0.0,32.0,0.8999999999999995,0.0,32.9,ED_MODERATE_SAFE,TEMP_IDEAL,AQI_UNHEALTHY,HUM_COMFORTABLE,WIND_WINDY,UV_LOW,ZONE_SUBTROPICAL
Phoenix,USA,33.4,-112.1,8.8,39,26.9,9.4,8.3,1,1023.2,8.8,5.243828409172207,0.0,0.0,0.0,10.4,0.0,10.4,ED_VERY_SAFE,TEMP_COLD,AQI_GOOD,HUM_COMFORTABLE,WIND_WINDY,UV_VERY_HIGH,ZONE_SUBTROPICAL
Phoenix,USA,33.4,-112.1,10.0,55,5.9,5.2,10.2,3,1021.4,10.2,9.498029143692348,0.0,0.0,18.0,5.2,0.0,23.2,ED_MODERATE_SAFE,TEMP_COOL,AQI_SENSITIVE,HUM_COMFORTABLE,WIND_CALM,UV_MODERATE,ZONE_SUBTROPICAL
Phoenix,USA,33.4,-112.1,23.6,49,12.1,0.1,23.6,2,1015.0,23.6,23.6,0.0,0.0,8.0,0.0,0.0,8.0,ED_VERY_SAFE,TEMP_IDEAL,AQI_MODERATE,HUM_COMFORTABLE,WIND_BREEZY,UV_LOW,ZONE_SUBTROPICAL
Phoenix,USA,33.4,-112.1,10.0,23,15.0,9.6,8.7,2,1019.7,10.0,7.914117477770259,0.0,0.0,8.0,10.6,0.0,18.6,ED_MODERATE_SAFE,TEMP_COOL,AQI_MODERATE,HUM_DRY,WIND_BREEZY,UV_VERY_HIGH,ZONE_SUBTROPICAL
Phoenix,USA,33.4,-112.1,17.2,48,40.6,1.8,17.1,2,1010.4,17.2,17.2,0.0,0.0,8.0,0.0,0.0,8.0,ED_VERY_SAFE,TEMP_COOL,AQI_MODERATE,HUM_COMFORTABLE,WIND_STRONG,UV_LOW,ZONE_SUBTROPICAL
Phoenix,USA,33.4,-112.1,21.9,25,5.6,9.4,20.7,3,1023.2,21.9,21.9,0.0,0.0,18.0,10.4,0.0,28.4,ED_MODERATE_SAFE,TEMP_IDEAL,AQI_SENSITIVE,HUM_DRY,WIND_CALM,UV_VERY_HIGH,ZONE_SUBTROPICAL
Phoenix,USA,33.4,-112.1,16.4,69,7.6,8.7,17.3,3,1016.4,17.3,16.4,0.0,0.0,18.0,9.7,0.0,27.7,ED_MODERATE_SAFE,TEMP_COOL,AQI_SENSITIVE,HUM_HUMID,WIND_CALM,UV_VERY_HIGH,ZONE_SUBTROPICAL
Phoenix,USA,33.4,-112.1,7.2,23,10.8,5.0,5.8,5,1011.9,7.2,5.134093873003805,0.0,0.0,45.0,5.0,0.0,50.0,ED_CAUTION,TEMP_COLD,AQI_VERY_UNHEALTHY,HUM_DRY,WIND_BREEZY,UV_MODERATE,ZONE_SUBTROPICAL
Phoenix,USA,33.4,-112.1,22.0,52,3.6,10.1,22.1,3,1017.1,22.1,22.0,0.0,0.0,18.0,11.1,0.0,29.1,ED_MODERATE_SAFE,TEMP_IDEAL,AQI_SENSITIVE,HUM_COMFORTABLE,WIND_CALM,UV_VERY_HIGH,ZONE_SUBTROPICAL
Phoenix,USA,33.4,-112.1,18.0,56,9.1,0.0,18.3,2,1003.8,18.3,18.0,0.0,0.0,8.0,0.0,0.0,8.0,ED_VERY_SAFE,TEMP_IDEAL,AQI_MODERATE,HUM_COMFORTABLE,WIND_CALM,UV_LOW,ZONE_SUBTROPICAL
Phoenix,USA,33.4,-112.1,16.2,21,28.1,4.2,14.7,5,1001.5,16.2,16.2,0.0,0.0,45.0,4.2,0.0,49.2,ED_CAUTION,TEMP_COOL,AQI_VERY_UNHEALTHY,HUM_DRY,WIND_WINDY,UV_MODERATE,ZONE_SUBTROPICAL
Phoenix,USA,33.4,-112.1,20.6,80,16.1,3.4,22.1,3,1024.3,22.1,20.6,0.0,0.0,18.0,3.4,0.0,21.4,ED_MODERATE_SAFE,TEMP_IDEAL,AQI_SENSITIVE,HUM_VERY_HUMID,WIND_BREEZY,UV_MODERATE,ZONE_SUBTROPICAL
Phoenix,USA,33.4,-112.1,16.1,36,3.4,5.0,15.4,1,1021.9,16.1,16.1,0.0,0.0,0.0,5.0,0.0,5.0,ED_VERY_SAFE,TEMP_COOL,AQI_GOOD,HUM_COMFORTABLE,WIND_CALM,UV_MODERATE,ZONE_SUBTROPICAL
Phoenix,USA,33.4,-112.1,20.2,58,11.2,8.9,20.6,1,1019.6,20.6,20.2,0.0,0.0,0.0,9.9,0.0,9.9,ED_VERY_SAFE,TEMP_IDEAL,AQI_GOOD,HUM_COMFORTABLE,WIND_BREEZY,UV_VERY_HIGH,ZONE_SUBTROPICAL
Phoenix,USA,33.4,-112.1,18.5,51,9.0,4.9,18.5,2,1016.3,18.5,18.5,0.0,0.0,8.0,4.9,0.0,12.9,ED_VERY_SAFE,TEMP_IDEAL,AQI_MODERATE,HUM_COMFORTABLE,WIND_CALM,UV_MODERATE,ZONE_SUBTROPICAL
Phoenix,USA,33.4,-112.1,15.4,36,9.0,0.0,14.7,1,1019.6,15.4,15.4,0.0,0.0,0.0,0.0,0.0,0.0,ED_VERY_SAFE,TEMP_COOL,AQI_GOOD,HUM_COMFORTABLE,WIND_CALM,UV_LOW,ZONE_SUBTROPICAL
Phoenix,USA,33.4,-112.1,18.0,40,26.4,1.6,17.5,2,1014.0,18.0,18.0,0.0,0.0,8.0,0.0,0.0,8.0,ED_VERY_SAFE,TEMP_IDEAL,AQI_MODERATE,HUM_COMFORTABLE,WIND_WINDY,UV_LOW,ZONE_SUBTROPICAL
Phoenix,USA,33.4,-112.1,22.1,86,5.5,4.9,23.9,1,996.6,23.9,22.1,0.0,0.0,0.0,4.9,0.0,4.9,ED_VERY_SAFE,TEMP_IDEAL,AQI_GOOD,HUM_VERY_HUMID,WIND_CALM,UV_MODERATE,ZONE_SUBTROPICAL
Phoenix,USA,33.4,-112.1,22.1,56,15.6,4.9,22.4,2,1009.0,22.4,22.1,0.0,0.0,8.0,4.9,0.0,12.9,ED_VERY_SAFE,TEMP_IDEAL,AQI_MODERATE,HUM_COMFORTABLE,WIND_BREEZY,UV_MODERATE,ZONE_SUBTROPICAL
Phoenix,USA,33.4,-112.1,18.6,48,26.1,9.8,18.5,1,1024.0,18.6,18.6,0.0,0.0,0.0,10.8,0.0,10.8,ED_VERY_SAFE,TEMP_IDEAL,AQI_GOOD,HUM_COMFORTABLE,WIND_WINDY,UV_VERY_HIGH,ZONE_SUBTROPICAL
Phoenix,USA,33.4,-112.1,16.4,36,20.1,6.6,15.7,2,1010.0,16.4,16.4,0.0,0.0,8.0,6.8999999999999995,0.0,14.899999999999999,ED_VERY_SAFE,TEMP_COOL,AQI_MODERATE,HUM_COMFORTABLE,WIND_WINDY,UV_HIGH,ZONE_SUBTROPICAL
Phoenix,USA,33.4,-112.1,26.2,29,16.0,8.3,25.5,2,1017.1,26.2,26.2,0.0,0.0,8.0,9.3,0.0,17.3,ED_MODERATE_SAFE,TEMP_WARM,AQI_MODERATE,HUM_DRY,WIND_BREEZY,UV_VERY_HIGH,ZONE_SUBTROPICAL
Phoenix,USA,33.4,-112.1,23.7,42,5.3,8.9,23.3,3,1003.4,23.7,23.7,0.0,0.0,18.0,9.9,0.0,27.9,ED_MODERATE_SAFE,TEMP_IDEAL,AQI_SENSITIVE,HUM_COMFORTABLE,WIND_CALM,UV_VERY_HIGH,ZONE_SUBTROPICAL
Phoenix,USA,33.4,-112.1,18.1,58,7.9,4.9,18.5,1,1029.2,18.5,18.1,0.0,0.0,0.0,4.9,0.0,4.9,ED_VERY_SAFE,TEMP_IDEAL,AQI_GOOD,HUM_COMFORTABLE,WIND_CALM,UV_MODERATE,ZONE_SUBTROPICAL
Phoenix,USA,33.4,-112.1,17.2,39,3.4,0.6,16.6,1,1023.0,17.2,17.2,0.0,0.0,0.0,0.0,0.0,0.0,ED_VERY_SAFE,TEMP_COOL,AQI_GOOD,HUM_COMFORTABLE,WIND_CALM,UV_LOW,ZONE_SUBTROPICAL
Phoenix,USA,33.4,-112.1,23.9,29,3.5,3.8,22.8,2,1022.2,23.9,23.9,0.0,0.0,8.0,3.8,0.0,11.8,ED_VERY_SAFE,TEMP_IDEAL,AQI_MODERATE,HUM_DRY,WIND_CALM,UV_MODERATE,ZONE_SUBTROPICAL
Phoenix,USA,33.4,-112.1,11.6,44,14.3,8.3,11.3,3,1013.7,11.6,11.6,0.0,0.0,18.0,9.3,0.0,27.3,ED_MODERATE_SAFE,TEMP_COOL,AQI_SENSITIVE,HUM_COMFORTABLE,WIND_BREEZY,UV_VERY_HIGH,ZONE_SUBTROPICAL
Phoenix,USA,33.4,-112.1,20.9,51,10.5,11.3,21.0,6,1019.9,21.0,20.9,0.0,0.0,50.0,12.0,0.0,62.0,ED_DANGEROUS,TEMP_IDEAL,AQI_HAZARDOUS,HUM_COMFORTABLE,WIND_BREEZY,UV_EXTREME,ZONE_SUBTROPICAL
Phoenix,USA,33.4,-112.1,18.4,32,18.5,1.9,17.5,1,1017.1,18.4,18.4,0.0,0.0,0.0,0.0,0.0,0.0,ED_VERY_SAFE,TEMP_IDEAL,AQI_GOOD,HUM_COMFORTABLE,WIND_BREEZY,UV_LOW,ZONE_SUBTROPICAL
Phoenix,USA,33.4,-112.1,9.3,37,6.0,5.6,8.7,5,996.6,9.3,8.666793983716722,0.0,0.0,45.0,5.6,0.0,50.6,ED_CAUTION,TEMP_COLD,AQI_VERY_UNHEALTHY,HUM_COMFORTABLE,WIND_CALM,UV_MODERATE,ZONE_SUBTROPICAL
Phoenix,USA,33.4,-112.1,13.5,18,25.5,7.8,11.9,5,1007.3,13.5,13.5,0.0,0.0,45.0,8.7,0.0,53.7,ED_CAUTION,TEMP_COOL,AQI_VERY_UNHEALTHY,HUM_DRY,WIND_WINDY,UV_HIGH,ZONE_SUBTROPICAL
Phoenix,USA,33.4,-112.1,21.1,44,7.9,8.9,20.8,1,1023.1,21.1,21.1,0.0,0.0,0.0,9.9,0.0,9.9,ED_VERY_SAFE,TEMP_IDEAL,AQI_GOOD,HUM_COMFORTABLE,WIND_CALM,UV_VERY_HIGH,ZONE_SUBTROPICAL
Phoenix,USA,33.4,-112.1,13.8,58,32.6,3.7,14.2,2,1011.8,14.2,13.8,0.0,0.0,8.0,3.7,0.0,11.7,ED_VERY_SAFE,TEMP_COOL,AQI_MODERATE,HUM_COMFORTABLE,WIND_WINDY,UV_MODERATE,ZONE_SUBTROPICAL
Phoenix,USA,33.4,-112.1,12.8,49,11.1,11.1,12.8,5,1007.8,12.8,12.8,0.0,0.0,45.0,12.0,0.0,57.0,ED_DANGEROUS,TEMP_COOL,AQI_VERY_UNHEALTHY,HUM_COMFORTABLE,WIND_BREEZY,UV_EXTREME,ZONE_SUBTROPICAL
Phoenix,USA,33.4,-112.1,14.2,12,14.1,9.8,12.3,3,1013.4,14.2,14.2,0.0,0.0,18.0,10.8,0.0,28.8,ED_MODERATE_SAFE,TEMP_COOL,AQI_SENSITIVE,HUM_DRY,WIND_BREEZY,UV_VERY_HIGH,ZONE_SUBTROPICAL
Phoenix,USA,33.4,-112.1,8.6,66,10.6,3.2,9.4,5,1006.9,9.4,6.851284001032621,0.0,0.0,45.0,3.2,0.0,48.2,ED_CAUTION,TEMP_COLD,AQI_VERY_UNHEALTHY,HUM_HUMID,WIND_BREEZY,UV_MODERATE,ZONE_SUBTROPICAL
Phoenix,USA,33.4,-112.1,15.1,21,15.1,4.1,13.7,2,1020.8,15.1,15.1,0.0,0.0,8.0,4.1,0.0,12.1,ED_VERY_SAFE,TEMP_COOL,AQI_MODERATE,HUM_DRY,WIND_BREEZY,UV_MODERATE,ZONE_SUBTROPICAL
Phoenix,USA,33.4,-112.1,14.5,80,13.7,5.1,16.0,6,1018.4,16.0,14.5,0.0,0.0,50.0,5.1,0.0,55.1,ED_DANGEROUS,TEMP_COOL,AQI_HAZARDOUS,HUM_VERY_HUMID,WIND_BREEZY,UV_MODERATE,ZONE_SUBTROPICAL
Phoenix,USA,33.4,-112.1,16.4,40,7.8,7.6,15.9,1,1004.0,16.4,16.4,0.0,0.0,0.0,8.399999999999999,0.0,8.399999999999999,ED_VERY_SAFE,TEMP_COOL,AQI_GOOD,HUM_COMFORTABLE,WIND_CALM,UV_HIGH,ZONE_SUBTROPICAL
Phoenix,USA,33.4,-112.1,29.1,56,12.5,3.9,30.6,1,1009.3,30.6,29.1,10.800000000000004,0.0,0.0,3.9,0.0,14.700000000000005,ED_VERY_SAFE,TEMP_WARM,AQI_GOOD,HUM_COMFORTABLE,WIND_BREEZY,UV_MODERATE,ZONE_SUBTROPICAL
Phoenix,USA,33.4,-112.1,10.9,48,7.1,3.7,10.8,3,1017.5,10.9,10.9,0.0,0.0,18.0,3.7,0.0,21.7,ED_MODERATE_SAFE,TEMP_COOL,AQI_SENSITIVE,HUM_COMFORTABLE,WIND_CALM,UV_MODERATE,ZONE_SUBTROPICAL
Phoenix,USA,33.4,-112.1,20.9,27,4.9,3.8,19.8,3,997.4,20.9,20.9,0.0,0.0,18.0,3.8,0.0,21.8,ED_MODERATE_SAFE,TEMP_IDEAL,AQI_SENSITIVE,HUM_DRY,WIND_CALM,UV_MODERATE,ZONE_SUBTROPICAL
Phoenix,USA,33.4,-112.1,6.5,62,29.5,7.2,7.1,1,1004.3,7.1,2.0486441472353754,0.0,0.0,0.0,7.800000000000001,0.0,7.800000000000001,ED_VERY_SAFE,TEMP_COLD,AQI_GOOD,HUM_HUMID,WIND_WINDY,UV_HIGH,ZONE_SUBTROPICAL
Phoenix,USA,33.4,-112.1,16.0,23,15.9,6.7,14.7,1,1001.9,16.0,16.0,0.0,0.0,0.0,7.050000000000001,0.0,7.050000000000001,ED_VERY_SAFE,TEMP_COOL,AQI_GOOD,HUM_DRY,WIND_BREEZY,UV_HIGH,ZONE_SUBTROPICAL
Phoenix,USA,33.4,-112.1,14.6,49,10.2,3.0,14.5,6,1005.1,14.6,14.6,0.0,0.0,50.0,3.0,0.0,53.0,ED_CAUTION,TEMP_COOL,AQI_HAZARDOUS,HUM_COMFORTABLE,WIND_BREEZY,UV_MODERATE,ZONE_SUBTROPICAL
Phoenix,USA,33.4,-112.1,30.2,55,8.9,1.6,32.0,1,1016.5,32.0,30.2,15.0,0.0,0.0,0.0,0.0,15.0,ED_MODERATE_SAFE,TEMP_HOT,AQI_GOOD,HUM_COMFORTABLE,WIND_CALM,UV_LOW,ZONE_SUBTROPICAL
Phoenix,USA,33.4,-112.1,15.9,52,4.1,5.6,16.0,1,1011.4,16.0,15.9,0.0,0.0,0.0,5.6,0.0,5.6,ED_VERY_SAFE,TEMP_COOL,AQI_GOOD,HUM_COMFORTABLE,WIND_CALM,UV_MODERATE,ZONE_SUBTROPICAL
Phoenix,USA,33.4,-112.1,17.9,52,15.0,0.6,18.0,1,1018.1,18.0,17.9,0.0,0.0,0.0,0.0,0.0,0.0,ED_VERY_SAFE,TEMP_COOL,AQI_GOOD,HUM_COMFORTABLE,WIND_BREEZY,UV_LOW,ZONE_SUBTROPICAL
Phoenix,USA,33.4,-112.1,15.1,66,3.4,4.9,15.9,5,1016.7,15.9,15.1,0.0,0.0,45.0,4.9,0.0,49.9,ED_CAUTION,TEMP_COOL,AQI_VERY_UNHEALTHY,HUM_HUMID,WIND_CALM,UV_MODERATE,ZONE_SUBTROPICAL
Phoenix,USA,33.4,-112.1,16.0,50,8.3,9.9,16.0,1,1016.4,16.0,16.0,0.0,0.0,0.0,10.9,0.0,10.9,ED_VERY_SAFE,TEMP_COOL,AQI_GOOD,HUM_COMFORTABLE,WIND_CALM,UV_VERY_HIGH,ZONE_SUBTROPICAL
Phoenix,USA,33.4,-112.1,20.0,75,7.3,10.4,21.2,2,1019.5,21.2,20.0,0.0,0.0,8.0,11.4,0.0,19.4,ED_MODERATE_SAFE,TEMP_IDEAL,AQI_MODERATE,HUM_HUMID,WIND_CALM,UV_VERY_HIGH,ZONE_SUBTROPICAL
Phoenix,USA,33.4,-112.1,11.3,51,9.6,8.2,11.4,2,1007.9,11.4,11.3,0.0,0.0,8.0,9.2,0.0,17.2,ED_MODERATE_SAFE,TEMP_COOL,AQI_MODERATE,HUM_COMFORTABLE,WIND_CALM,UV_VERY_HIGH,ZONE_SUBTROPICAL
Phoenix,USA,33.4,-112.1,16.2,62,8.4,11.0,16.8,1,1025.2,16.8,16.2,0.0,0.0,0.0,12.0,0.0,12.0,ED_VERY_SAFE,TEMP_COOL,AQI_GOOD,HUM_HUMID,WIND_CALM,UV_EXTREME,ZONE_SUBTROPICAL
Phoenix,USA,33.4,-112.1,14.1,77,18.6,4.2,15.5,4,1012.8,15.5,14.1,0.0,0.0,32.0,4.2,0.0,36.2,ED_CAUTION,TEMP_COOL,AQI_UNHEALTHY,HUM_HUMID,WIND_BREEZY,UV_MODERATE,ZONE_SUBTROPICAL
Phoenix,USA,33.4,-112.1,16.7,47,22.0,10.8,16.5,1,1019.1,16.7,16.7,0.0,0.0,0.0,11.8,0.0,11.8,ED_VERY_SAFE,TEMP_COOL,AQI_GOOD,HUM_COMFORTABLE,WIND_WINDY,UV_VERY_HIGH,ZONE_SUBTROPICAL
Phoenix,USA,33.4,-112.1,23.2,55,1.2,9.1,23.5,2,1012.0,23.5,23.2,0.0,0.0,8.0,10.1,0.0,18.1,ED_MODERATE_SAFE,TEMP_IDEAL,AQI_MODERATE,HUM_COMFORTABLE,WIND_CALM,UV_VERY_HIGH,ZONE_SUBTROPICAL
Phoenix,USA,33.4,-112.1,18.6,68,12.9,2.1,19.5,2,1011.3,19.5,18.6,0.0,0.0,8.0,0.30000000000000027,0.0,8.3,ED_VERY_SAFE,TEMP_IDEAL,AQI_MODERATE,HUM_HUMID,WIND_BREEZY,UV_LOW,ZONE_SUBTROPICAL
Phoenix,USA,33.4,-112.1,10.9,11,5.3,10.0,9.0,2,1007.8,10.9,10.9,0.0,0.0,8.0,11.0,0.0,19.0,ED_MODERATE_SAFE,TEMP_COOL,AQI_MODERATE,HUM_DRY,WIND_CALM,UV_VERY_HIGH,ZONE_SUBTROPICAL
Phoenix,USA,33.4,-112.1,10.6,63,10.4,8.1,11.2,2,1015.4,11.2,10.6,0.0,0.0,8.0,9.1,0.0,17.1,ED_MODERATE_SAFE,TEMP_COOL,AQI_MODERATE,HUM_HUMID,WIND_BREEZY,UV_VERY_HIGH,ZONE_SUBTROPICAL
Phoenix,USA,33.4,-112.1,12.7,45,8.3,6.5,12.5,2,1013.4,12.7,12.7,0.0,0.0,8.0,6.75,0.0,14.75,ED_VERY_SAFE,TEMP_COOL,AQI_MODERATE,HUM_COMFORTABLE,WIND_CALM,UV_HIGH,ZONE_SUBTROPICAL
Phoenix,USA,33.4,-112.1,17.0,72,17.3,6.0,18.1,4,1016.2,18.1,17.0,0.0,0.0,32.0,6.0,0.0,38.0,ED_CAUTION,TEMP_COOL,AQI_UNHEALTHY,HUM_HUMID,WIND_BREEZY,UV_HIGH,ZONE_SUBTROPICAL
Phoenix,USA,33.4,-112.1,5.8,39,2.3,5.2,5.3,4,1012.6,5.8,5.8,0.0,0.0,32.0,5.2,0.0,37.2,ED_CAUTION,TEMP_COLD,AQI_UNHEALTHY,HUM_COMFORTABLE,WIND_CALM,UV_MODERATE,ZONE_SUBTROPICAL
Phoenix,USA,33.4,-112.1,19.3,22,9.5,5.0,17.9,1,999.0,19.3,19.3,0.0,0.0,0.0,5.0,0.0,5.0,ED_VERY_SAFE,TEMP_IDEAL,AQI_GOOD,HUM_DRY,WIND_CALM,UV_MODERATE,ZONE_SUBTROPICAL
Phoenix,USA,33.4,-112.1,12.6,41,9.1,9.8,12.2,1,1003.5,12.6,12.6,0.0,0.0,0.0,10.8,0.0,10.8,ED_VERY_SAFE,TEMP_COOL,AQI_GOOD,HUM_COMFORTABLE,WIND_CALM,UV_VERY_HIGH,ZONE_SUBTROPICAL
Phoenix,USA,33.4,-112.1,19.2,29,14.0,4.9,18.2,1,1005.8,19.2,19.2,0.0,0.0,0.0,4.9,0.0,4.9,ED_VERY_SAFE,TEMP_IDEAL,AQI_GOOD,HUM_DRY,WIND_BREEZY,UV_MODERATE,ZONE_SUBTROPICAL
Phoenix,USA,33.4,-112.1,20.2,75,16.7,7.1,21.5,2,1022.3,21.5,20.2,0.0,0.0,8.0,7.6499999999999995,0.0,15.649999999999999,ED_MODERATE_SAFE,TEMP_IDEAL,AQI_MODERATE,HUM_HUMID,WIND_BREEZY,UV_HIGH,ZONE_SUBTROPICAL
Phoenix,USA,33.4,-112.1,29.1,76,7.6,2.5,31.6,2,1012.1,31.6,29.1,13.800000000000004,0.0,8.0,1.5,0.0,23.300000000000004,ED_MODERATE_SAFE,TEMP_WARM,AQI_MODERATE,HUM_HUMID,WIND_CALM,UV_LOW,ZONE_SUBTROPICAL
Phoenix,USA,33.4,-112.1,26.4,42,12.5,6.7,26.5,2,1024.6,26.5,26.4,0.0,0.0,8.0,7.050000000000001,0.0,15.05,ED_MODERATE_SAFE,TEMP_WARM,AQI_MODERATE,HUM_COMFORTABLE,WIND_BREEZY,UV_HIGH,ZONE_SUBTROPICAL
Phoenix,USA,33.4,-112.1,16.0,33,16.4,5.0,15.2,1,1022.7,16.0,16.0,0.0,0.0,0.0,5.0,0.0,5.0,ED_VERY_SAFE,TEMP_COOL,AQI_GOOD,HUM_COMFORTABLE,WIND_BREEZY,UV_MODERATE,ZONE_SUBTROPICAL
Phoenix,USA,33.4,-112.1,17.7,20,3.2,9.2,16.2,2,1015.4,17.7,17.7,0.0,0.0,8.0,10.2,0.0,18.2,ED_MODERATE_SAFE,TEMP_COOL,AQI_MODERATE,HUM_DRY,WIND_CALM,UV_VERY_HIGH,ZONE_SUBTROPICAL
Phoenix,USA,33.4,-112.1,21.2,73,4.1,5.0,22.3,4,1025.3,22.3,21.2,0.0,0.0,32.0,5.0,0.0,37.0,ED_CAUTION,TEMP_IDEAL,AQI_UNHEALTHY,HUM_HUMID,WIND_CALM,UV_MODERATE,ZONE_SUBTROPICAL
Phoenix,USA,33.4,-112.1,19.3,82,14.8,5.2,20.9,4,1005.3,20.9,19.3,0.0,0.0,32.0,5.2,0.0,37.2,ED_CAUTION,TEMP_IDEAL,AQI_UNHEALTHY,HUM_VERY_HUMID,WIND_BREEZY,UV_MODERATE,ZONE_SUBTROPICAL
Phoenix,USA,33.4,-112.1,16.9,63,28.4,8.2,17.5,1,1012.3,17.5,16.9,0.0,0.0,0.0,9.2,0.0,9.2,ED_VERY_SAFE,TEMP_COOL,AQI_GOOD,HUM_HUMID,WIND_WINDY,UV_VERY_HIGH,ZONE_SUBTROPICAL
Phoenix,USA,33.4,-112.1,25.1,5,2.5,6.2,22.8,6,1018.3,25.1,25.1,0.0,0.0,50.0,6.300000000000001,0.0,56.3,ED_DANGEROUS,TEMP_WARM,AQI_HAZARDOUS,HUM_DRY,WIND_CALM,UV_HIGH,ZONE_SUBTROPICAL
Phoenix,USA,33.4,-112.1,20.2,29,15.1,9.0,19.2,2,1015.0,20.2,20.2,0.0,0.0,8.0,10.0,0.0,18.0,ED_MODERATE_SAFE,TEMP_IDEAL,AQI_MODERATE,HUM_DRY,WIND_BREEZY,UV_VERY_HIGH,ZONE_SUBTROPICAL
Phoenix,USA,33.4,-112.1,18.4,15,6.4,10.0,16.7,1,1010.7,18.4,18.4,0.0,0.0,0.0,11.0,0.0,11.0,ED_VERY_SAFE,TEMP_IDEAL,AQI_GOOD,HUM_DRY,WIND_CALM,UV_VERY_HIGH,ZONE_SUBTROPICAL
Phoenix,USA,33.4,-112.1,16.8,41,12.1,4.8,16.4,2,1011.0,16.8,16.8,0.0,0.0,8.0,4.8,0.0,12.8,ED_VERY_SAFE,TEMP_COOL,AQI_MODERATE,HUM_COMFORTABLE,WIND_BREEZY,UV_MODERATE,ZONE_SUBTROPICAL
Phoenix,USA,33.4,-112.1,13.9,35,13.6,6.7,13.1,4,1017.5,13.9,13.9,0.0,0.0,32.0,7.050000000000001,0.0,39.05,ED_CAUTION,TEMP_COOL,AQI_UNHEALTHY,HUM_COMFORTABLE,WIND_BREEZY,UV_HIGH,ZONE_SUBTROPICAL
Phoenix,USA,33.4,-112.1,15.0,36,12.6,7.7,14.3,3,1008.7,15.0,15.0,0.0,0.0,18.0,8.55,0.0,26.55,ED_MODERATE_SAFE,TEMP_COOL,AQI_SENSITIVE,HUM_COMFORTABLE,WIND_BREEZY,UV_HIGH,ZONE_SUBTROPICAL
Phoenix,USA,33.4,-112.1,16.2,58,20.8,5.1,16.6,1,1018.7,16.6,16.2,0.0,0.0,0.0,5.1,0.0,5.1,ED_VERY_SAFE,TEMP_COOL,AQI_GOOD,HUM_COMFORTABLE,WIND_WINDY,UV_MODERATE,ZONE_SUBTROPICAL
Phoenix,USA,33.4,-112.1,18.4,52,3.7,6.1,18.5,3,1021.8,18.5,18.4,0.0,0.0,18.0,6.1499999999999995,0.0,24.15,ED_MODERATE_SAFE,TEMP_IDEAL,AQI_SENSITIVE,HUM_COMFORTABLE,WIND_CALM,UV_HIGH,ZONE_SUBTROPICAL
Phoenix,USA,33.4,-112.1,14.5,70,6.4,8.4,15.5,1,1011.2,15.5,14.5,0.0,0.0,0.0,9.4,0.0,9.4,ED_VERY_SAFE,TEMP_COOL,AQI_GOOD,HUM_HUMID,WIND_CALM,UV_VERY_HIGH,ZONE_SUBTROPICAL
Phoenix,USA,33.4,-112.1,15.8,44,1.7,7.2,15.4,1,1012.3,15.8,15.8,0.0,0.0,0.0,7.800000000000001,0.0,7.800000000000001,ED_VERY_SAFE,TEMP_COOL,AQI_GOOD,HUM_COMFORTABLE,WIND_CALM,UV_HIGH,ZONE_SUBTROPICAL
Phoenix,USA,33.4,-112.1,26.5,26,12.1,7.5,25.7,1,1024.7,26.5,26.5,0.0,0.0,0.0,8.25,0.0,8.25,ED_VERY_SAFE,TEMP_WARM,AQI_GOOD,HUM_DRY,WIND_BREEZY,UV_HIGH,ZONE_SUBTROPICAL
Phoenix,USA,33.4,-112.1,7.6,38,41.1,11.0,7.1,1,1009.2,7.6,2.6992708008199546,0.0,0.0,0.0,12.0,0.0,12.0,ED_VERY_SAFE,TEMP_COLD,AQI_GOOD,HUM_COMFORTABLE,WIND_STRONG,UV_EXTREME,ZONE_SUBTROPICAL
Phoenix,USA,33.4,-112.1,15.1,30,8.3,5.9,14.1,2,1007.1,15.1,15.1,0.0,0.0,8.0,5.9,0.0,13.9,ED_VERY_SAFE,TEMP_COOL,AQI_MODERATE,HUM_COMFORTABLE,WIND_CALM,UV_MODERATE,ZONE_SUBTROPICAL
Phoenix,USA,33.4,-112.1,17.6,56,11.0,1.6,17.9,4,1005.6,17.9,17.6,0.0,0.0,32.0,0.0,0.0,32.0,ED_MODERATE_SAFE,TEMP_COOL,AQI_UNHEALTHY,HUM_COMFORTABLE,WIND_BREEZY,UV_LOW,ZONE_SUBTROPICAL
Phoenix,USA,33.4,-112.1,20.5,58,19.5,0.3,20.9,3,1009.7,20.9,20.5,0.0,0.0,18.0,0.0,0.0,18.0,ED_MODERATE_SAFE,TEMP_IDEAL,AQI_SENSITIVE,HUM_COMFORTABLE,WIND_BREEZY,UV_LOW,ZONE_SUBTROPICAL
Phoenix,USA,33.4,-112.1,13.5,31,3.9,1.5,12.6,1,1014.4,13.5,13.5,0.0,0.0,0.0,0.0,0.0,0.0,ED_VERY_SAFE,TEMP_COOL,AQI_GOOD,HUM_COMFORTABLE,WIND_CALM,UV_LOW,ZONE_SUBTROPICAL
Phoenix,USA,33.4,-112.1,16.9,13,5.5,5.8,15.0,1,1002.6,16.9,16.9,0.0,0.0,0.0,5.8,0.0,5.8,ED_VERY_SAFE,TEMP_COOL,AQI_GOOD,HUM_DRY,WIND_CALM,UV_MODERATE,ZONE_SUBTROPICAL
Phoenix,USA,33.4,-112.1,22.2,74,13.3,3.5,23.4,2,1003.3,23.4,22.2,0.0,0.0,8.0,3.5,0.0,11.5,ED_VERY_SAFE,TEMP_IDEAL,AQI_MODERATE,HUM_HUMID,WIND_BREEZY,UV_MODERATE,ZONE_SUBTROPICAL
Phoenix,USA,33.4,-112.1,10.9,45,4.3,4.8,10.7,5,1021.5,10.9,10.9,0.0,0.0,45.0,4.8,0.0,49.8,ED_CAUTION,TEMP_COOL,AQI_VERY_UNHEALTHY,HUM_COMFORTABLE,WIND_CALM,UV_MODERATE,ZONE_SUBTROPICAL
Phoenix,USA,33.4,-112.1,18.6,52,5.4,4.7,18.7,1,1002.5,18.7,18.6,0.0,0.0,0.0,4.7,0.0,4.7,ED_VERY_SAFE,TEMP_IDEAL,AQI_GOOD,HUM_COMFORTABLE,WIND_CALM,UV_MODERATE,ZONE_SUBTROPICAL
Phoenix,USA,33.4,-112.1,10.4,62,5.3,4.9,11.0,2,1027.1,11.0,10.4,0.0,0.0,8.0,4.9,0.0,12.9,ED_VERY_SAFE,TEMP_COOL,AQI_MODERATE,HUM_HUMID,WIND_CALM,UV_MODERATE,ZONE_SUBTROPICAL
Phoenix,USA,33.4,-112.1,27.8,19,7.4,3.2,27.0,1,1018.4,27.8,27.8,2.400000000000002,0.0,0.0,3.2,0.0,5.600000000000002,ED_VERY_SAFE,TEMP_WARM,AQI_GOOD,HUM_DRY,WIND_CALM,UV_MODERATE,ZONE_SUBTROPICAL
Singapore,Singapore,1.35,103.8,40.0,51,26.6,9.8,44.6,1,1007.8,44.6,40.0,34.15384615384615,0.0,0.0,10.8,0.0,44.95384615384616,ED_CAUTION,TEMP_VERY_HOT,AQI_GOOD,HUM_COMFORTABLE,WIND_WINDY,UV_VERY_HIGH,ZONE_TROPICAL
Singapore,Singapore,1.35,103.8,18.1,52,13.4,6.3,18.2,4,1004.9,18.2,18.1,0.0,0.0,32.0,6.449999999999999,0.0,38.45,ED_CAUTION,TEMP_IDEAL,AQI_UNHEALTHY,HUM_COMFORTABLE,WIND_BREEZY,UV_HIGH,ZONE_TROPICAL
Singapore,Singapore,1.35,103.8,24.3,74,11.6,0.0,25.5,4,1013.2,25.5,24.3,0.0,0.0,32.0,0.0,0.0,32.0,ED_MODERATE_SAFE,TEMP_IDEAL,AQI_UNHEALTHY,HUM_HUMID,WIND_BREEZY,UV_LOW,ZONE_TROPICAL
Singapore,Singapore,1.35,103.8,34.7,47,12.8,4.7,37.4,3,1000.5,37.4,34.7,24.0,0.0,18.0,4.7,0.0,46.7,ED_CAUTION,TEMP_HOT,AQI_SENSITIVE,HUM_COMFORTABLE,WIND_BREEZY,UV_MODERATE,ZONE_TROPICAL
Singapore,Singapore,1.35,103.8,24.8,46,11.0,2.8,24.5,3,1017.3,24.8,24.8,0.0,0.0,18.0,2.3999999999999995,0.0,20.4,ED_MODERATE_SAFE,TEMP_IDEAL,AQI_SENSITIVE,HUM_COMFORTABLE,WIND_BREEZY,UV_LOW,ZONE_TROPICAL
Singapore,Singapore,1.35,103.8,18.7,80,19.2,1.0,20.2,3,1027.9,20.2,18.7,0.0,0.0,18.0,0.0,0.0,18.0,ED_MODERATE_SAFE,TEMP_IDEAL,AQI_SENSITIVE,HUM_VERY_HUMID,WIND_BREEZY,UV_LOW,ZONE_TROPICAL
Singapore,Singapore,1.35,103.8,35.8,58,9.0,1.4,39.4,2,1009.3,39.4,35.8,27.333333333333332,0.0,8.0,0.0,0.0,35.33333333333333,ED_CAUTION,TEMP_VERY_HOT,AQI_MODERATE,HUM_COMFORTABLE,WIND_CALM,UV_LOW,ZONE_TROPICAL
Singapore,Singapore,1.35,103.8,22.7,51,7.2,13.0,22.8,1,1017.9,22.8,22.7,0.0,0.0,0.0,12.0,0.0,12.0,ED_VERY_SAFE,TEMP_IDEAL,AQI_GOOD,HUM_COMFORTABLE,WIND_CALM,UV_EXTREME,ZONE_TROPICAL
Singapore,Singapore,1.35,103.8,24.5,81,11.8,7.8,26.1,4,1008.4,26.1,24.5,0.0,0.0,32.0,8.7,0.0,40.7,ED_CAUTION,TEMP_IDEAL,AQI_UNHEALTHY,HUM_VERY_HUMID,WIND_BREEZY,UV_HIGH,ZONE_TROPICAL
Singapore,Singapore,1.35,103.8,34.5,70,8.6,5.8,38.4,4,1008.4,38.4,34.5,25.666666666666664,0.0,32.0,5.8,8.625,72.09166666666667,ED_DANGEROUS,TEMP_HOT,AQI_UNHEALTHY,HUM_HUMID,WIND_CALM,UV_MODERATE,ZONE_TROPICAL
Singapore,Singapore,1.35,103.8,29.5,60,4.4,6.2,31.4,4,1013.2,31.4,29.5,13.199999999999996,0.0,32.0,6.300000000000001,0.0,51.5,ED_CAUTION,TEMP_WARM,AQI_UNHEALTHY,HUM_HUMID,WIND_CALM,UV_HIGH,ZONE_TROPICAL
Singapore,Singapore,1.35,103.8,28.3,67,17.0,4.3,30.2,6,1020.7,30.2,28.3,9.599999999999998,0.0,50.0,4.3,0.0,63.89999999999999,ED_DANGEROUS,TEMP_WARM,AQI_HAZARDOUS,HUM_HUMID,WIND_BREEZY,UV_MODERATE,ZONE_TROPICAL
Singapore,Singapore,1.35,103.8,33.0,53,12.7,7.4,35.5,1,995.7,35.5,33.0,20.833333333333336,0.0,0.0,8.100000000000001,0.0,28.933333333333337,ED_MODERATE_SAFE,TEMP_HOT,AQI_GOOD,HUM_COMFORTABLE,WIND_BREEZY,UV_HIGH,ZONE_TROPICAL
Singapore,Singapore,1.35,103.8,32.2,73,17.0,6.1,35.5,3,1011.6,35.5,32.2,20.833333333333336,0.0,18.0,6.1499999999999995,0.0,44.983333333333334,ED_CAUTION,TEMP_HOT,AQI_SENSITIVE,HUM_HUMID,WIND_BREEZY,UV_HIGH,ZONE_TROPICAL
Singapore,Singapore,1.35,103.8,29.1,63,21.3,1.5,31.0,5,1010.4,31.0,29.1,12.0,0.0,45.0,0.0,0.0,57.0,ED_DANGEROUS,TEMP_WARM,AQI_VERY_UNHEALTHY,HUM_HUMID,WIND_WINDY,UV_LOW,ZONE_TROPICAL
Singapore,Singapore,1.35,103.8,37.3,80,13.1,4.3,42.5,1,1009.1,42.5,37.3,31.73076923076923,0.0,0.0,4.3,0.0,36.03076923076923,ED_CAUTION,TEMP_VERY_HOT,AQI_GOOD,HUM_VERY_HUMID,WIND_BREEZY,UV_MODERATE,ZONE_TROPICAL
Singapore,Singapore,1.35,103.8,25.8,67,4.9,2.9,26.8,2,1009.8,26.8,25.8,0.0,0.0,8.0,2.6999999999999997,0.0,10.7,ED_VERY_SAFE,TEMP_WARM,AQI_MODERATE,HUM_HUMID,WIND_CALM,UV_LOW,ZONE_TROPICAL
Singapore,Singapore,1.35,103.8,30.3,60,3.8,4.9,32.3,5,1011.6,32.3,30.3,15.499999999999995,0.0,45.0,4.9,11.0625,76.46249999999999,ED_VERY_DANGEROUS,TEMP_HOT,AQI_VERY_UNHEALTHY,HUM_HUMID,WIND_CALM,UV_MODERATE,ZONE_TROPICAL
Singapore,Singapore,1.35,103.8,25.0,67,5.0,11.2,25.8,4,1012.0,25.8,25.0,0.0,0.0,32.0,12.0,0.0,44.0,ED_CAUTION,TEMP_WARM,AQI_UNHEALTHY,HUM_HUMID,WIND_CALM,UV_EXTREME,ZONE_TROPICAL
Singapore,Singapore,1.35,103.8,38.4,56,9.8,2.1,42.7,5,1016.6,42.7,38.4,31.961538461538463,0.0,45.0,0.30000000000000027,11.0625,88.32403846153846,ED_VERY_DANGEROUS,TEMP_VERY_HOT,AQI_VERY_UNHEALTHY,HUM_COMFORTABLE,WIND_CALM,UV_LOW,ZONE_TROPICAL
Singapore,Singapore,1.35,103.8,33.1,50,6.4,7.9,35.6,6,1018.7,35.6,33.1,21.000000000000004,0.0,50.0,8.850000000000001,12.0,91.85,ED_VERY_DANGEROUS,TEMP_HOT,AQI_HAZARDOUS,HUM_COMFORTABLE,WIND_CALM,UV_HIGH,ZONE_TROPICAL
Singapore,Singapore,1.35,103.8,27.0,28,8.5,3.7,26.4,1,1014.0,27.0,27.0,0.0,0.0,0.0,3.7,0.0,3.7,ED_VERY_SAFE,TEMP_WARM,AQI_GOOD,HUM_DRY,WIND_CALM,UV_MODERATE,ZONE_TROPICAL
Singapore,Singapore,1.35,103.8,22.1,51,7.3,10.1,22.2,2,1017.5,22.2,22.1,0.0,0.0,8.0,11.1,0.0,19.1,ED_MODERATE_SAFE,TEMP_IDEAL,AQI_MODERATE,HUM_COMFORTABLE,WIND_CALM,UV_VERY_HIGH,ZONE_TROPICAL
Singapore,Singapore,1.35,103.8,26.9,36,4.6,8.6,26.7,4,1017.1,26.9,26.9,0.0,0.0,32.0,9.6,0.0,41.6,ED_CAUTION,TEMP_WARM,AQI_UNHEALTHY,HUM_COMFORTABLE,WIND_CALM,UV_VERY_HIGH,ZONE_TROPICAL
Singapore,Singapore,1.35,103.8,31.1,62,18.4,6.1,33.5,4,1005.2,33.5,31.1,17.5,0.0,32.0,6.1499999999999995,8.625,64.275,ED_DANGEROUS,TEMP_HOT,AQI_UNHEALTHY,HUM_HUMID,WIND_BREEZY,UV_HIGH,ZONE_TROPICAL
Singapore,Singapore,1.35,103.8,25.6,20,35.3,5.2,24.3,4,1009.5,25.6,25.6,0.0,0.0,32.0,5.2,0.0,37.2,ED_CAUTION,TEMP_WARM,AQI_UNHEALTHY,HUM_DRY,WIND_WINDY,UV_MODERATE,ZONE_TROPICAL
Singapore,Singapore,1.35,103.8,27.6,47,27.3,1.7,28.3,4,1019.6,28.3,27.6,3.900000000000002,0.0,32.0,0.0,0.0,35.900000000000006,ED_CAUTION,TEMP_WARM,AQI_UNHEALTHY,HUM_COMFORTABLE,WIND_WINDY,UV_LOW,ZONE_TROPICAL
Singapore,Singapore,1.35,103.8,28.7,25,8.2,6.0,28.5,1,1011.8,28.7,28.7,5.099999999999998,0.0,0.0,6.0,0.0,11.099999999999998,ED_VERY_SAFE,TEMP_WARM,AQI_GOOD,HUM_DRY,WIND_CALM,UV_HIGH,ZONE_TROPICAL
Singapore,Singapore,1.35,103.8,37.9,25,5.0,4.3,40.6,5,1009.9,40.6,37.9,29.333333333333336,0.0,45.0,4.3,11.0625,89.69583333333334,ED_VERY_DANGEROUS,TEMP_VERY_HOT,AQI_VERY_UNHEALTHY,HUM_DRY,WIND_CALM,UV_MODERATE,ZONE_TROPICAL
Singapore,Singapore,1.35,103.8,33.8,57,13.6,5.6,36.7,4,1011.3,36.7,33.8,22.83333333333334,0.0,32.0,5.6,8.625,69.05833333333334,ED_DANGEROUS,TEMP_HOT,AQI_UNHEALTHY,HUM_COMFORTABLE,WIND_BREEZY,UV_MODERATE,ZONE_TROPICAL
Singapore,Singapore,1.35,103.8,34.0,61,20.5,5.4,37.3,6,1012.2,37.3,34.0,23.83333333333333,0.0,50.0,5.4,12.0,91.23333333333333,ED_VERY_DANGEROUS,TEMP_HOT,AQI_HAZARDOUS,HUM_HUMID,WIND_WINDY,UV_MODERATE,ZONE_TROPICAL
Singapore,Singapore,1.35,103.8,30.9,71,3.1,4.9,33.7,1,1015.9,33.7,30.9,17.83333333333334,0.0,0.0,4.9,0.0,22.73333333333334,ED_MODERATE_SAFE,TEMP_HOT,AQI_GOOD,HUM_HUMID,WIND_CALM,UV_MODERATE,ZONE_TROPICAL
Singapore,Singapore,1.35,103.8,37.9,23,5.6,5.7,40.4,2,998.1,40.4,37.9,29.0,0.0,8.0,5.7,0.0,42.7,ED_CAUTION,TEMP_VERY_HOT,AQI_MODERATE,HUM_DRY,WIND_CALM,UV_MODERATE,ZONE_TROPICAL
Singapore,Singapore,1.35,103.8,26.3,17,10.2,9.1,25.0,2,1014.0,26.3,26.3,0.0,0.0,8.0,10.1,0.0,18.1,ED_MODERATE_SAFE,TEMP_WARM,AQI_MODERATE,HUM_DRY,WIND_BREEZY,UV_VERY_HIGH,ZONE_TROPICAL
Singapore,Singapore,1.35,103.8,32.8,51,2.6,6.8,35.2,2,1011.7,35.2,32.8,20.33333333333334,0.0,8.0,7.199999999999999,0.0,35.53333333333334,ED_CAUTION,TEMP_HOT,AQI_MODERATE,HUM_COMFORTABLE,WIND_CALM,UV_HIGH,ZONE_TROPICAL
Singapore,Singapore,1.35,103.8,36.5,50,12.2,4.5,39.9,1,1006.9,39.9,36.5,28.166666666666664,0.0,0.0,4.5,0.0,32.666666666666664,ED_MODERATE_SAFE,TEMP_VERY_HOT,AQI_GOOD,HUM_COMFORTABLE,WIND_BREEZY,UV_MODERATE,ZONE_TROPICAL
Singapore,Singapore,1.35,103.8,36.8,75,10.5,11.0,41.5,2,1014.4,41.5,36.8,30.576923076923077,0.0,8.0,12.0,0.0,50.57692307692308,ED_CAUTION,TEMP_VERY_HOT,AQI_MODERATE,HUM_HUMID,WIND_BREEZY,UV_EXTREME,ZONE_TROPICAL
Singapore,Singapore,1.35,103.8,23.2,97,19.8,0.5,25.5,6,1006.7,25.5,23.2,0.0,0.0,50.0,0.0,0.0,50.0,ED_CAUTION,TEMP_IDEAL,AQI_HAZARDOUS,HUM_VERY_HUMID,WIND_BREEZY,UV_LOW,ZONE_TROPICAL
Singapore,Singapore,1.35,103.8,26.9,77,0.6,2.9,28.8,6,1020.8,28.8,26.9,5.400000000000002,0.0,50.0,2.6999999999999997,0.0,58.10000000000001,ED_DANGEROUS,TEMP_WARM,AQI_HAZARDOUS,HUM_HUMID,WIND_CALM,UV_LOW,ZONE_TROPICAL
Singapore,Singapore,1.35,103.8,27.8,64,2.8,7.4,29.4,3,1024.8,29.4,27.8,7.199999999999996,0.0,18.0,8.100000000000001,0.0,33.3,ED_MODERATE_SAFE,TEMP_WARM,AQI_SENSITIVE,HUM_HUMID,WIND_CALM,UV_HIGH,ZONE_TROPICAL
Singapore,Singapore,1.35,103.8,28.1,52,20.3,11.9,29.1,2,1005.6,29.1,28.1,6.300000000000004,0.0,8.0,12.0,0.0,26.300000000000004,ED_MODERATE_SAFE,TEMP_WARM,AQI_MODERATE,HUM_COMFORTABLE,WIND_WINDY,UV_EXTREME,ZONE_TROPICAL
Singapore,Singapore,1.35,103.8,24.4,36,13.8,7.1,23.7,3,1017.6,24.4,24.4,0.0,0.0,18.0,7.6499999999999995,0.0,25.65,ED_MODERATE_SAFE,TEMP_IDEAL,AQI_SENSITIVE,HUM_COMFORTABLE,WIND_BREEZY,UV_HIGH,ZONE_TROPICAL
Singapore,Singapore,1.35,103.8,20.2,48,17.8,4.6,20.1,1,1002.7,20.2,20.2,0.0,0.0,0.0,4.6,0.0,4.6,ED_VERY_SAFE,TEMP_IDEAL,AQI_GOOD,HUM_COMFORTABLE,WIND_BREEZY,UV_MODERATE,ZONE_TROPICAL
Singapore,Singapore,1.35,103.8,27.5,67,6.2,5.8,29.1,4,1006.5,29.1,27.5,6.300000000000004,0.0,32.0,5.8,0.0,44.1,ED_CAUTION,TEMP_WARM,AQI_UNHEALTHY,HUM_HUMID,WIND_CALM,UV_MODERATE,ZONE_TROPICAL
Singapore,Singapore,1.35,103.8,33.3,75,5.9,0.0,37.1,6,1017.4,37.1,33.3,23.500000000000004,0.0,50.0,0.0,12.0,85.5,ED_VERY_DANGEROUS,TEMP_HOT,AQI_HAZARDOUS,HUM_HUMID,WIND_CALM,UV_LOW,ZONE_TROPICAL
Singapore,Singapore,1.35,103.8,28.0,51,35.0,3.2,28.9,1,1005.4,28.9,28.0,5.699999999999996,0.0,0.0,3.2,0.0,8.899999999999995,ED_VERY_SAFE,TEMP_WARM,AQI_GOOD,HUM_COMFORTABLE,WIND_WINDY,UV_MODERATE,ZONE_TROPICAL
Singapore,Singapore,1.35,103.8,27.4,44,15.1,10.2,27.8,4,1016.8,27.8,27.4,2.400000000000002,0.0,32.0,11.2,0.0,45.60000000000001,ED_CAUTION,TEMP_WARM,AQI_UNHEALTHY,HUM_COMFORTABLE,WIND_BREEZY,UV_VERY_HIGH,ZONE_TROPICAL
Singapore,Singapore,1.35,103.8,29.9,40,14.6,5.4,30.9,1,1013.5,30.9,29.9,11.699999999999996,0.0,0.0,5.4,0.0,17.099999999999994,ED_MODERATE_SAFE,TEMP_WARM,AQI_GOOD,HUM_COMFORTABLE,WIND_BREEZY,UV_MODERATE,ZONE_TROPICAL
Singapore,Singapore,1.35,103.8,27.1,49,6.7,0.0,27.6,3,1000.1,27.6,27.1,1.8000000000000043,0.0,18.0,0.0,0.0,19.800000000000004,ED_MODERATE_SAFE,TEMP_WARM,AQI_SENSITIVE,HUM_COMFORTABLE,WIND_CALM,UV_LOW,ZONE_TROPICAL
Singapore,Singapore,1.35,103.8,33.8,38,7.6,8.4,35.9,1,1030.1,35.9,33.8,21.5,0.0,0.0,9.4,0.0,30.9,ED_MODERATE_SAFE,TEMP_HOT,AQI_GOOD,HUM_COMFORTABLE,WIND_CALM,UV_VERY_HIGH,ZONE_TROPICAL
Singapore,Singapore,1.35,103.8,36.2,29,13.5,7.7,38.5,2,1020.0,38.5,36.2,25.833333333333336,0.0,8.0,8.55,0.0,42.38333333333334,ED_CAUTION,TEMP_VERY_HOT,AQI_MODERATE,HUM_DRY,WIND_BREEZY,UV_HIGH,ZONE_TROPICAL
Singapore,Singapore,1.35,103.8,27.4,85,21.6,4.9,29.9,1,1032.7,29.9,27.4,8.699999999999996,0.0,0.0,4.9,0.0,13.599999999999996,ED_VERY_SAFE,TEMP_WARM,AQI_GOOD,HUM_VERY_HUMID,WIND_WINDY,UV_MODERATE,ZONE_TROPICAL
Singapore,Singapore,1.35,103.8,32.7,54,0.8,9.8,35.2,3,1019.9,35.2,32.7,20.33333333333334,0.0,18.0,10.8,0.0,49.13333333333334,ED_CAUTION,TEMP_HOT,AQI_SENSITIVE,HUM_COMFORTABLE,WIND_CALM,UV_VERY_HIGH,ZONE_TROPICAL
Singapore,Singapore,1.35,103.8,38.5,5,13.8,0.9,40.2,2,1019.4,40.2,38.5,28.66666666666667,0.0,8.0,0.0,0.0,36.66666666666667,ED_CAUTION,TEMP_VERY_HOT,AQI_MODERATE,HUM_DRY,WIND_BREEZY,UV_LOW,ZONE_TROPICAL
Singapore,Singapore,1.35,103.8,26.6,68,20.1,2.5,28.0,4,1015.9,28.0,26.6,3.0,0.0,32.0,1.5,0.0,36.5,ED_CAUTION,TEMP_WARM,AQI_UNHEALTHY,HUM_HUMID,WIND_WINDY,UV_LOW,ZONE_TROPICAL
Singapore,Singapore,1.35,103.8,26.3,64,18.6,7.8,27.3,2,1002.2,27.3,26.3,0.9000000000000021,0.0,8.0,8.7,0.0,17.6,ED_MODERATE_SAFE,TEMP_WARM,AQI_MODERATE,HUM_HUMID,WIND_BREEZY,UV_HIGH,ZONE_TROPICAL
Singapore,Singapore,1.35,103.8,24.1,100,34.9,5.7,26.6,1,1012.5,26.6,24.1,0.0,0.0,0.0,5.7,0.0,5.7,ED_VERY_SAFE,TEMP_IDEAL,AQI_GOOD,HUM_VERY_HUMID,WIND_WINDY,UV_MODERATE,ZONE_TROPICAL
Singapore,Singapore,1.35,103.8,20.9,58,26.7,6.3,21.3,1,1006.4,21.3,20.9,0.0,0.0,0.0,6.449999999999999,0.0,6.449999999999999,ED_VERY_SAFE,TEMP_IDEAL,AQI_GOOD,HUM_COMFORTABLE,WIND_WINDY,UV_HIGH,ZONE_TROPICAL
Singapore,Singapore,1.35,103.8,30.9,61,8.4,5.1,33.2,6,1015.5,33.2,30.9,17.000000000000004,0.0,50.0,5.1,12.0,84.1,ED_VERY_DANGEROUS,TEMP_HOT,AQI_HAZARDOUS,HUM_HUMID,WIND_CALM,UV_MODERATE,ZONE_TROPICAL
Singapore,Singapore,1.35,103.8,30.6,82,16.2,10.3,33.9,2,1014.3,33.9,30.6,18.166666666666664,0.0,8.0,11.3,0.0,37.46666666666667,ED_CAUTION,TEMP_HOT,AQI_MODERATE,HUM_VERY_HUMID,WIND_BREEZY,UV_VERY_HIGH,ZONE_TROPICAL
Singapore,Singapore,1.35,103.8,33.0,23,23.9,6.4,34.0,2,1010.2,34.0,33.0,18.333333333333332,0.0,8.0,6.6000000000000005,0.0,32.93333333333333,ED_MODERATE_SAFE,TEMP_HOT,AQI_MODERATE,HUM_DRY,WIND_WINDY,UV_HIGH,ZONE_TROPICAL
Singapore,Singapore,1.35,103.8,30.7,48,23.5,9.9,32.3,1,1000.3,32.3,30.7,15.499999999999995,0.0,0.0,10.9,0.0,26.399999999999995,ED_MODERATE_SAFE,TEMP_HOT,AQI_GOOD,HUM_COMFORTABLE,WIND_WINDY,UV_VERY_HIGH,ZONE_TROPICAL
Singapore,Singapore,1.35,103.8,30.4,68,4.0,1.2,33.0,3,1004.8,33.0,30.4,16.666666666666668,0.0,18.0,0.0,0.0,34.66666666666667,ED_MODERATE_SAFE,TEMP_HOT,AQI_SENSITIVE,HUM_HUMID,WIND_CALM,UV_LOW,ZONE_TROPICAL
Singapore,Singapore,1.35,103.8,38.8,66,9.9,1.0,43.8,4,1007.7,43.8,38.8,33.230769230769226,0.0,32.0,0.0,8.625,73.85576923076923,ED_DANGEROUS,TEMP_VERY_HOT,AQI_UNHEALTHY,HUM_HUMID,WIND_CALM,UV_LOW,ZONE_TROPICAL
Singapore,Singapore,1.35,103.8,24.6,80,2.2,7.5,26.1,2,1010.6,26.1,24.6,0.0,0.0,8.0,8.25,0.0,16.25,ED_MODERATE_SAFE,TEMP_IDEAL,AQI_MODERATE,HUM_VERY_HUMID,WIND_CALM,UV_HIGH,ZONE_TROPICAL
Singapore,Singapore,1.35,103.8,24.3,64,15.0,5.6,25.0,1,1019.0,25.0,24.3,0.0,0.0,0.0,5.6,0.0,5.6,ED_VERY_SAFE,TEMP_IDEAL,AQI_GOOD,HUM_HUMID,WIND_BREEZY,UV_MODERATE,ZONE_TROPICAL
Singapore,Singapore,1.35,103.8,30.7,61,14.8,3.6,32.9,3,1002.2,32.9,30.7,16.499999999999996,0.0,18.0,3.6,0.0,38.1,ED_CAUTION,TEMP_HOT,AQI_SENSITIVE,HUM_HUMID,WIND_BREEZY,UV_MODERATE,ZONE_TROPICAL
Singapore,Singapore,1.35,103.8,22.9,39,16.2,5.8,22.3,6,1016.6,22.9,22.9,0.0,0.0,50.0,5.8,0.0,55.8,ED_DANGEROUS,TEMP_IDEAL,AQI_HAZARDOUS,HUM_COMFORTABLE,WIND_BREEZY,UV_MODERATE,ZONE_TROPICAL
Singapore,Singapore,1.35,103.8,30.9,39,15.4,4.2,32.1,1,1013.8,32.1,30.9,15.16666666666667,0.0,0.0,4.2,0.0,19.36666666666667,ED_MODERATE_SAFE,TEMP_HOT,AQI_GOOD,HUM_COMFORTABLE,WIND_BREEZY,UV_MODERATE,ZONE_TROPICAL
Singapore,Singapore,1.35,103.8,29.5,45,7.9,10.4,30.5,1,1013.0,30.5,29.5,10.5,0.0,0.0,11.4,0.0,21.9,ED_MODERATE_SAFE,TEMP_WARM,AQI_GOOD,HUM_COMFORTABLE,WIND_CALM,UV_VERY_HIGH,ZONE_TROPICAL
Singapore,Singapore,1.35,103.8,21.6,83,23.4,2.3,23.3,4,1016.3,23.3,21.6,0.0,0.0,32.0,0.8999999999999995,0.0,32.9,ED_MODERATE_SAFE,TEMP_IDEAL,AQI_UNHEALTHY,HUM_VERY_HUMID,WIND_WINDY,UV_LOW,ZONE_TROPICAL
Singapore,Singapore,1.35,103.8,26.3,78,13.5,7.3,28.2,1,997.0,28.2,26.3,3.599999999999998,0.0,0.0,7.949999999999999,0.0,11.549999999999997,ED_VERY_SAFE,TEMP_WARM,AQI_GOOD,HUM_HUMID,WIND_BREEZY,UV_HIGH,ZONE_TROPICAL
Singapore,Singapore,1.35,103.8,32.7,73,9.1,2.5,36.2,1,1009.1,36.2,32.7,22.000000000000007,0.0,0.0,1.5,0.0,23.500000000000007,ED_MODERATE_SAFE,TEMP_HOT,AQI_GOOD,HUM_HUMID,WIND_CALM,UV_LOW,ZONE_TROPICAL
Singapore,Singapore,1.35,103.8,30.2,38,12.8,2.0,31.1,4,1005.9,31.1,30.2,12.300000000000004,0.0,32.0,0.0,0.0,44.300000000000004,ED_CAUTION,TEMP_HOT,AQI_UNHEALTHY,HUM_COMFORTABLE,WIND_BREEZY,UV_LOW,ZONE_TROPICAL
Singapore,Singapore,1.35,103.8,28.6,49,2.5,3.4,29.6,4,1014.2,29.6,28.6,7.800000000000004,0.0,32.0,3.4,0.0,43.2,ED_CAUTION,TEMP_WARM,AQI_UNHEALTHY,HUM_COMFORTABLE,WIND_CALM,UV_MODERATE,ZONE_TROPICAL
Singapore,Singapore,1.35,103.8,27.5,79,10.5,6.1,29.7,2,1035.1,29.7,27.5,8.099999999999998,0.0,8.0,6.1499999999999995,0.0,22.249999999999996,ED_MODERATE_SAFE,TEMP_WARM,AQI_MODERATE,HUM_HUMID,WIND_BREEZY,UV_HIGH,ZONE_TROPICAL
Singapore,Singapore,1.35,103.8,20.8,56,7.8,10.8,21.1,1,1016.2,21.1,20.8,0.0,0.0,0.0,11.8,0.0,11.8,ED_VERY_SAFE,TEMP_IDEAL,AQI_GOOD,HUM_COMFORTABLE,WIND_CALM,UV_VERY_HIGH,ZONE_TROPICAL
Singapore,Singapore,1.35,103.8,30.3,77,13.1,9.6,33.2,1,999.6,33.2,30.3,17.000000000000004,0.0,0.0,10.6,0.0,27.6,ED_MODERATE_SAFE,TEMP_HOT,AQI_GOOD,HUM_HUMID,WIND_BREEZY,UV_VERY_HIGH,ZONE_TROPICAL
Singapore,Singapore,1.35,103.8,20.0,64,11.6,11.0,20.7,1,1019.6,20.7,20.0,0.0,0.0,0.0,12.0,0.0,12.0,ED_VERY_SAFE,TEMP_IDEAL,AQI_GOOD,HUM_HUMID,WIND_BREEZY,UV_EXTREME,ZONE_TROPICAL
Singapore,Singapore,1.35,103.8,31.3,64,4.3,6.5,33.9,2,1012.6,33.9,31.3,18.166666666666664,0.0,8.0,6.75,0.0,32.916666666666664,ED_MODERATE_SAFE,TEMP_HOT,AQI_MODERATE,HUM_HUMID,WIND_CALM,UV_HIGH,ZONE_TROPICAL
Singapore,Singapore,1.35,103.8,28.6,36,19.1,7.5,29.0,2,1019.6,29.0,28.6,6.0,0.0,8.0,8.25,0.0,22.25,ED_MODERATE_SAFE,TEMP_WARM,AQI_MODERATE,HUM_COMFORTABLE,WIND_BREEZY,UV_HIGH,ZONE_TROPICAL
Singapore,Singapore,1.35,103.8,21.4,63,19.6,5.9,22.1,1,1017.9,22.1,21.4,0.0,0.0,0.0,5.9,0.0,5.9,ED_VERY_SAFE,TEMP_IDEAL,AQI_GOOD,HUM_HUMID,WIND_BREEZY,UV_MODERATE,ZONE_TROPICAL
Singapore,Singapore,1.35,103.8,25.9,46,13.3,9.4,26.0,1,1013.9,26.0,25.9,0.0,0.0,0.0,10.4,0.0,10.4,ED_VERY_SAFE,TEMP_WARM,AQI_GOOD,HUM_COMFORTABLE,WIND_BREEZY,UV_VERY_HIGH,ZONE_TROPICAL
Singapore,Singapore,1.35,103.8,29.3,38,21.3,4.3,30.0,1,1020.3,30.0,29.3,9.0,0.0,0.0,4.3,0.0,13.3,ED_VERY_SAFE,TEMP_WARM,AQI_GOOD,HUM_COMFORTABLE,WIND_WINDY,UV_MODERATE,ZONE_TROPICAL
Singapore,Singapore,1.35,103.8,28.3,29,1.8,4.2,28.2,4,1004.8,28.3,28.3,3.900000000000002,0.0,32.0,4.2,0.0,40.10000000000001,ED_CAUTION,TEMP_WARM,AQI_UNHEALTHY,HUM_DRY,WIND_CALM,UV_MODERATE,ZONE_TROPICAL
Singapore,Singapore,1.35,103.8,24.4,51,7.5,10.7,24.5,3,1019.4,24.5,24.4,0.0,0.0,18.0,11.7,0.0,29.7,ED_MODERATE_SAFE,TEMP_IDEAL,AQI_SENSITIVE,HUM_COMFORTABLE,WIND_CALM,UV_VERY_HIGH,ZONE_TROPICAL
Singapore,Singapore,1.35,103.8,23.3,36,3.6,10.0,22.6,2,1009.6,23.3,23.3,0.0,0.0,8.0,11.0,0.0,19.0,ED_MODERATE_SAFE,TEMP_IDEAL,AQI_MODERATE,HUM_COMFORTABLE,WIND_CALM,UV_VERY_HIGH,ZONE_TROPICAL
Singapore,Singapore,1.35,103.8,27.9,65,12.1,6.2,29.5,1,1011.8,29.5,27.9,7.5,0.0,0.0,6.300000000000001,0.0,13.8,ED_VERY_SAFE,TEMP_WARM,AQI_GOOD,HUM_HUMID,WIND_BREEZY,UV_HIGH,ZONE_TROPICAL
Singapore,Singapore,1.35,103.8,25.5,57,16.3,4.1,26.0,1,1006.1,26.0,25.5,0.0,0.0,0.0,4.1,0.0,4.1,ED_VERY_SAFE,TEMP_WARM,AQI_GOOD,HUM_COMFORTABLE,WIND_BREEZY,UV_MODERATE,ZONE_TROPICAL
Singapore,Singapore,1.35,103.8,27.0,71,35.8,7.2,28.7,1,1016.5,28.7,27.0,5.099999999999998,0.0,0.0,7.800000000000001,0.0,12.899999999999999,ED_VERY_SAFE,TEMP_WARM,AQI_GOOD,HUM_HUMID,WIND_WINDY,UV_HIGH,ZONE_TROPICAL
Singapore,Singapore,1.35,103.8,32.5,39,10.9,5.9,34.2,6,1016.0,34.2,32.5,18.66666666666667,0.0,50.0,5.9,12.0,86.56666666666668,ED_VERY_DANGEROUS,TEMP_HOT,AQI_HAZARDOUS,HUM_COMFORTABLE,WIND_BREEZY,UV_MODERATE,ZONE_TROPICAL
Singapore,Singapore,1.35,103.8,27.4,61,3.2,2.5,28.7,6,993.1,28.7,27.4,5.099999999999998,0.0,50.0,1.5,0.0,56.599999999999994,ED_DANGEROUS,TEMP_WARM,AQI_HAZARDOUS,HUM_HUMID,WIND_CALM,UV_LOW,ZONE_TROPICAL
Singapore,Singapore,1.35,103.8,40.7,33,3.6,11.1,44.5,2,1003.4,44.5,40.7,34.03846153846154,0.0,8.0,12.0,0.0,54.03846153846154,ED_CAUTION,TEMP_VERY_HOT,AQI_MODERATE,HUM_COMFORTABLE,WIND_CALM,UV_EXTREME,ZONE_TROPICAL
Singapore,Singapore,1.35,103.8,32.0,71,3.7,3.5,35.1,2,1009.4,35.1,32.0,20.16666666666667,0.0,8.0,3.5,0.0,31.66666666666667,ED_MODERATE_SAFE,TEMP_HOT,AQI_MODERATE,HUM_HUMID,WIND_CALM,UV_MODERATE,ZONE_TROPICAL
Singapore,Singapore,1.35,103.8,36.8,78,7.4,5.4,41.8,2,1009.5,41.8,36.8,30.92307692307692,0.0,8.0,5.4,0.0,44.32307692307692,ED_CAUTION,TEMP_VERY_HOT,AQI_MODERATE,HUM_HUMID,WIND_CALM,UV_MODERATE,ZONE_TROPICAL
Singapore,Singapore,1.35,103.8,27.7,92,19.3,5.9,30.6,1,1022.1,30.6,27.7,10.800000000000004,0.0,0.0,5.9,0.0,16.700000000000003,ED_MODERATE_SAFE,TEMP_WARM,AQI_GOOD,HUM_VERY_HUMID,WIND_BREEZY,UV_MODERATE,ZONE_TROPICAL
Singapore,Singapore,1.35,103.8,35.1,35,15.8,13.0,37.4,3,1014.7,37.4,35.1,24.0,0.0,18.0,12.0,0.0,54.0,ED_CAUTION,TEMP_VERY_HOT,AQI_SENSITIVE,HUM_COMFORTABLE,WIND_BREEZY,UV_EXTREME,ZONE_TROPICAL
Singapore,Singapore,1.35,103.8,35.1,46,17.5,5.3,37.9,4,1019.5,37.9,35.1,24.833333333333332,0.0,32.0,5.3,8.625,70.75833333333333,ED_DANGEROUS,TEMP_VERY_HOT,AQI_UNHEALTHY,HUM_COMFORTABLE,WIND_BREEZY,UV_MODERATE,ZONE_TROPICAL
Singapore,Singapore,1.35,103.8,28.2,62,4.0,6.7,29.7,4,999.2,29.7,28.2,8.099999999999998,0.0,32.0,7.050000000000001,0.0,47.14999999999999,ED_CAUTION,TEMP_WARM,AQI_UNHEALTHY,HUM_HUMID,WIND_CALM,UV_HIGH,ZONE_TROPICAL
Singapore,Singapore,1.35,103.8,35.6,61,6.5,6.5,39.3,4,1015.1,39.3,35.6,27.166666666666664,0.0,32.0,6.75,8.625,74.54166666666666,ED_DANGEROUS,TEMP_VERY_HOT,AQI_UNHEALTHY,HUM_HUMID,WIND_CALM,UV_HIGH,ZONE_TROPICAL
Singapore,Singapore,1.35,103.8,25.1,43,16.0,3.8,24.8,3,1015.5,25.1,25.1,0.0,0.0,18.0,3.8,0.0,21.8,ED_MODERATE_SAFE,TEMP_WARM,AQI_SENSITIVE,HUM_COMFORTABLE,WIND_BREEZY,UV_MODERATE,ZONE_TROPICAL
Singapore,Singapore,1.35,103.8,34.5,35,1.3,11.2,36.5,2,996.5,36.5,34.5,22.5,0.0,8.0,12.0,0.0,42.5,ED_CAUTION,TEMP_HOT,AQI_MODERATE,HUM_COMFORTABLE,WIND_CALM,UV_EXTREME,ZONE_TROPICAL
Singapore,Singapore,1.35,103.8,28.2,24,6.0,8.6,27.8,4,1014.8,28.2,28.2,3.599999999999998,0.0,32.0,9.6,0.0,45.199999999999996,ED_CAUTION,TEMP_WARM,AQI_UNHEALTHY,HUM_DRY,WIND_CALM,UV_VERY_HIGH,ZONE_TROPICAL
Singapore,Singapore,1.35,103.8,27.4,71,14.1,5.2,29.2,1,1024.0,29.2,27.4,6.599999999999998,0.0,0.0,5.2,0.0,11.799999999999997,ED_VERY_SAFE,TEMP_WARM,AQI_GOOD,HUM_HUMID,WIND_BREEZY,UV_MODERATE,ZONE_TROPICAL
Singapore,Singapore,1.35,103.8,33.9,47,4.1,8.1,36.4,2,1011.1,36.4,33.9,22.333333333333332,0.0,8.0,9.1,0.0,39.43333333333333,ED_CAUTION,TEMP_HOT,AQI_MODERATE,HUM_COMFORTABLE,WIND_CALM,UV_VERY_HIGH,ZONE_TROPICAL
Singapore,Singapore,1.35,103.8,28.9,94,31.0,6.9,32.3,3,1010.1,32.3,28.9,15.499999999999995,0.0,18.0,7.3500000000000005,0.0,40.849999999999994,ED_CAUTION,TEMP_WARM,AQI_SENSITIVE,HUM_VERY_HUMID,WIND_WINDY,UV_HIGH,ZONE_TROPICAL
Singapore,Singapore,1.35,103.8,36.9,48,26.5,3.0,40.4,1,998.9,40.4,36.9,29.0,0.0,0.0,3.0,0.0,32.0,ED_MODERATE_SAFE,TEMP_VERY_HOT,AQI_GOOD,HUM_COMFORTABLE,WIND_WINDY,UV_MODERATE,ZONE_TROPICAL
Singapore,Singapore,1.35,103.8,33.2,40,8.6,8.3,35.1,1,998.6,35.1,33.2,20.16666666666667,0.0,0.0,9.3,0.0,29.466666666666672,ED_MODERATE_SAFE,TEMP_HOT,AQI_GOOD,HUM_COMFORTABLE,WIND_CALM,UV_VERY_HIGH,ZONE_TROPICAL
Singapore,Singapore,1.35,103.8,27.0,75,4.6,10.3,28.9,1,1014.5,28.9,27.0,5.699999999999996,0.0,0.0,11.3,0.0,16.999999999999996,ED_MODERATE_SAFE,TEMP_WARM,AQI_GOOD,HUM_HUMID,WIND_CALM,UV_VERY_HIGH,ZONE_TROPICAL
Singapore,Singapore,1.35,103.8,39.2,80,5.5,12.0,44.9,4,1006.8,44.9,39.2,34.5,0.0,32.0,12.0,8.625,87.125,ED_VERY_DANGEROUS,TEMP_VERY_HOT,AQI_UNHEALTHY,HUM_VERY_HUMID,WIND_CALM,UV_EXTREME,ZONE_TROPICAL
Singapore,Singapore,1.35,103.8,36.0,63,4.8,9.6,40.0,1,1006.8,40.0,36.0,28.333333333333336,0.0,0.0,10.6,0.0,38.93333333333334,ED_CAUTION,TEMP_VERY_HOT,AQI_GOOD,HUM_HUMID,WIND_CALM,UV_VERY_HIGH,ZONE_TROPICAL
Singapore,Singapore,1.35,103.8,34.0,77,17.8,3.3,38.0,2,1013.9,38.0,34.0,25.0,0.0,8.0,3.3,0.0,36.3,ED_CAUTION,TEMP_HOT,AQI_MODERATE,HUM_HUMID,WIND_BREEZY,UV_MODERATE,ZONE_TROPICAL
Singapore,Singapore,1.35,103.8,20.5,64,16.0,3.9,21.2,2,1027.4,21.2,20.5,0.0,0.0,8.0,3.9,0.0,11.9,ED_VERY_SAFE,TEMP_IDEAL,AQI_MODERATE,HUM_HUMID,WIND_BREEZY,UV_MODERATE,ZONE_TROPICAL
Singapore,Singapore,1.35,103.8,30.0,95,15.3,8.5,33.7,1,1012.7,33.7,30.0,17.83333333333334,0.0,0.0,9.5,0.0,27.33333333333334,ED_MODERATE_SAFE,TEMP_HOT,AQI_GOOD,HUM_VERY_HUMID,WIND_BREEZY,UV_VERY_HIGH,ZONE_TROPICAL
Singapore,Singapore,1.35,103.8,22.5,77,4.9,7.5,23.9,2,1008.7,23.9,22.5,0.0,0.0,8.0,8.25,0.0,16.25,ED_MODERATE_SAFE,TEMP_IDEAL,AQI_MODERATE,HUM_HUMID,WIND_CALM,UV_HIGH,ZONE_TROPICAL
Singapore,Singapore,1.35,103.8,23.8,51,14.2,3.0,23.8,1,1019.9,23.8,23.8,0.0,0.0,0.0,3.0,0.0,3.0,ED_VERY_SAFE,TEMP_IDEAL,AQI_GOOD,HUM_COMFORTABLE,WIND_BREEZY,UV_MODERATE,ZONE_TROPICAL
Singapore,Singapore,1.35,103.8,35.3,62,5.6,7.4,39.0,4,1014.7,39.0,35.3,26.666666666666668,0.0,32.0,8.100000000000001,8.625,75.39166666666668,ED_VERY_DANGEROUS,TEMP_VERY_HOT,AQI_UNHEALTHY,HUM_HUMID,WIND_CALM,UV_HIGH,ZONE_TROPICAL
Singapore,Singapore,1.35,103.8,30.9,85,4.0,3.9,34.4,3,1008.7,34.4,30.9,18.999999999999996,0.0,18.0,3.9,0.0,40.9,ED_CAUTION,TEMP_HOT,AQI_SENSITIVE,HUM_VERY_HUMID,WIND_CALM,UV_MODERATE,ZONE_TROPICAL
Singapore,Singapore,1.35,103.8,24.9,29,8.6,6.4,23.9,3,1014.9,24.9,24.9,0.0,0.0,18.0,6.6000000000000005,0.0,24.6,ED_MODERATE_SAFE,TEMP_IDEAL,AQI_SENSITIVE,HUM_DRY,WIND_CALM,UV_HIGH,ZONE_TROPICAL
Singapore,Singapore,1.35,103.8,27.0,100,7.6,5.4,30.1,1,1010.7,30.1,27.0,9.300000000000004,0.0,0.0,5.4,0.0,14.700000000000005,ED_VERY_SAFE,TEMP_WARM,AQI_GOOD,HUM_VERY_HUMID,WIND_CALM,UV_MODERATE,ZONE_TROPICAL
Singapore,Singapore,1.35,103.8,28.8,56,8.3,9.0,30.3,2,1016.7,30.3,28.8,9.900000000000002,0.0,8.0,10.0,0.0,27.900000000000002,ED_MODERATE_SAFE,TEMP_WARM,AQI_MODERATE,HUM_COMFORTABLE,WIND_CALM,UV_VERY_HIGH,ZONE_TROPICAL
Singapore,Singapore,1.35,103.8,27.6,68,4.6,4.7,29.2,2,1024.0,29.2,27.6,6.599999999999998,0.0,8.0,4.7,0.0,19.299999999999997,ED_MODERATE_SAFE,TEMP_WARM,AQI_MODERATE,HUM_HUMID,WIND_CALM,UV_MODERATE,ZONE_TROPICAL
Singapore,Singapore,1.35,103.8,32.9,100,17.2,3.1,37.7,3,1001.9,37.7,32.9,24.500000000000007,0.0,18.0,3.1,0.0,45.60000000000001,ED_CAUTION,TEMP_HOT,AQI_SENSITIVE,HUM_VERY_HUMID,WIND_BREEZY,UV_MODERATE,ZONE_TROPICAL
Singapore,Singapore,1.35,103.8,22.3,68,6.1,0.0,23.2,1,1013.4,23.2,22.3,0.0,0.0,0.0,0.0,0.0,0.0,ED_VERY_SAFE,TEMP_IDEAL,AQI_GOOD,HUM_HUMID,WIND_CALM,UV_LOW,ZONE_TROPICAL
Singapore,Singapore,1.35,103.8,29.8,100,8.5,4.8,33.7,2,1008.3,33.7,29.8,17.83333333333334,0.0,8.0,4.8,0.0,30.63333333333334,ED_MODERATE_SAFE,TEMP_WARM,AQI_MODERATE,HUM_VERY_HUMID,WIND_CALM,UV_MODERATE,ZONE_TROPICAL
Singapore,Singapore,1.35,103.8,29.1,67,2.7,3.2,31.2,4,1012.2,31.2,29.1,12.599999999999998,0.0,32.0,3.2,0.0,47.8,ED_CAUTION,TEMP_WARM,AQI_UNHEALTHY,HUM_HUMID,WIND_CALM,UV_MODERATE,ZONE_TROPICAL
Singapore,Singapore,1.35,103.8,32.6,100,8.4,4.0,37.3,3,1013.7,37.3,32.6,23.83333333333333,0.0,18.0,4.0,0.0,45.83333333333333,ED_CAUTION,TEMP_HOT,AQI_SENSITIVE,HUM_VERY_HUMID,WIND_CALM,UV_MODERATE,ZONE_TROPICAL
Singapore,Singapore,1.35,103.8,26.1,73,8.4,0.0,27.6,1,999.9,27.6,26.1,1.8000000000000043,0.0,0.0,0.0,0.0,1.8000000000000043,ED_VERY_SAFE,TEMP_WARM,AQI_GOOD,HUM_HUMID,WIND_CALM,UV_LOW,ZONE_TROPICAL
Singapore,Singapore,1.35,103.8,33.8,62,8.7,7.4,37.1,1,991.2,37.1,33.8,23.500000000000004,0.0,0.0,8.100000000000001,0.0,31.600000000000005,ED_MODERATE_SAFE,TEMP_HOT,AQI_GOOD,HUM_HUMID,WIND_CALM,UV_HIGH,ZONE_TROPICAL
Singapore,Singapore,1.35,103.8,22.5,63,15.9,6.5,23.1,4,1012.5,23.1,22.5,0.0,0.0,32.0,6.75,0.0,38.75,ED_CAUTION,TEMP_IDEAL,AQI_UNHEALTHY,HUM_HUMID,WIND_BREEZY,UV_HIGH,ZONE_TROPICAL
Singapore,Singapore,1.35,103.8,27.9,54,5.0,2.4,28.9,1,998.3,28.9,27.9,5.699999999999996,0.0,0.0,1.1999999999999997,0.0,6.899999999999995,ED_VERY_SAFE,TEMP_WARM,AQI_GOOD,HUM_COMFORTABLE,WIND_CALM,UV_LOW,ZONE_TROPICAL
Singapore,Singapore,1.35,103.8,33.1,65,3.1,4.8,36.2,4,1001.7,36.2,33.1,22.000000000000007,0.0,32.0,4.8,8.625,67.42500000000001,ED_DANGEROUS,TEMP_HOT,AQI_UNHEALTHY,HUM_HUMID,WIND_CALM,UV_MODERATE,ZONE_TROPICAL
Singapore,Singapore,1.35,103.8,42.9,57,3.4,6.1,48.5,1,1006.2,48.5,42.9,38.65384615384615,0.0,0.0,6.1499999999999995,0.0,44.80384615384615,ED_CAUTION,TEMP_VERY_HOT,AQI_GOOD,HUM_COMFORTABLE,WIND_CALM,UV_HIGH,ZONE_TROPICAL
Singapore,Singapore,1.35,103.8,35.2,55,1.0,7.0,38.5,4,1008.4,38.5,35.2,25.833333333333336,0.0,32.0,7.5,8.625,73.95833333333334,ED_DANGEROUS,TEMP_VERY_HOT,AQI_UNHEALTHY,HUM_COMFORTABLE,WIND_CALM,UV_HIGH,ZONE_TROPICAL
Singapore,Singapore,1.35,103.8,42.9,47,3.6,0.0,48.1,2,1017.0,48.1,42.9,38.19230769230769,0.0,8.0,0.0,0.0,46.19230769230769,ED_CAUTION,TEMP_VERY_HOT,AQI_MODERATE,HUM_COMFORTABLE,WIND_CALM,UV_LOW,ZONE_TROPICAL
Singapore,Singapore,1.35,103.8,25.3,83,12.7,2.3,27.1,3,1010.6,27.1,25.3,0.30000000000000426,0.0,18.0,0.8999999999999995,0.0,19.200000000000003,ED_MODERATE_SAFE,TEMP_WARM,AQI_SENSITIVE,HUM_VERY_HUMID,WIND_BREEZY,UV_LOW,ZONE_TROPICAL
Singapore,Singapore,1.35,103.8,34.6,100,3.9,1.7,40.0,4,1014.8,40.0,34.6,28.333333333333336,0.0,32.0,0.0,8.625,68.95833333333334,ED_DANGEROUS,TEMP_HOT,AQI_UNHEALTHY,HUM_VERY_HUMID,WIND_CALM,UV_LOW,ZONE_TROPICAL
Singapore,Singapore,1.35,103.8,30.7,87,4.0,5.9,34.3,1,1014.9,34.3,30.7,18.83333333333333,0.0,0.0,5.9,0.0,24.733333333333327,ED_MODERATE_SAFE,TEMP_HOT,AQI_GOOD,HUM_VERY_HUMID,WIND_CALM,UV_MODERATE,ZONE_TROPICAL
Singapore,Singapore,1.35,103.8,28.7,73,21.7,3.5,31.0,2,1010.9,31.0,28.7,12.0,0.0,8.0,3.5,0.0,23.5,ED_MODERATE_SAFE,TEMP_WARM,AQI_MODERATE,HUM_HUMID,WIND_WINDY,UV_MODERATE,ZONE_TROPICAL
Singapore,Singapore,1.35,103.8,38.0,98,14.9,7.8,44.3,2,993.5,44.3,38.0,33.80769230769231,0.0,8.0,8.7,0.0,50.50769230769231,ED_CAUTION,TEMP_VERY_HOT,AQI_MODERATE,HUM_VERY_HUMID,WIND_BREEZY,UV_HIGH,ZONE_TROPICAL
Singapore,Singapore,1.35,103.8,29.3,49,11.2,5.1,30.5,2,1016.2,30.5,29.3,10.5,0.0,8.0,5.1,0.0,23.6,ED_MODERATE_SAFE,TEMP_WARM,AQI_MODERATE,HUM_COMFORTABLE,WIND_BREEZY,UV_MODERATE,ZONE_TROPICAL
Singapore,Singapore,1.35,103.8,28.7,73,4.8,0.0,30.9,3,1011.2,30.9,28.7,11.699999999999996,0.0,18.0,0.0,0.0,29.699999999999996,ED_MODERATE_SAFE,TEMP_WARM,AQI_SENSITIVE,HUM_HUMID,WIND_CALM,UV_LOW,ZONE_TROPICAL
Singapore,Singapore,1.35,103.8,37.7,63,24.3,9.8,42.1,2,1020.4,42.1,37.7,31.26923076923077,0.0,8.0,10.8,0.0,50.06923076923077,ED_CAUTION,TEMP_VERY_HOT,AQI_MODERATE,HUM_HUMID,WIND_WINDY,UV_VERY_HIGH,ZONE_TROPICAL
Singapore,Singapore,1.35,103.8,23.3,40,4.9,8.7,22.8,2,1015.7,23.3,23.3,0.0,0.0,8.0,9.7,0.0,17.7,ED_MODERATE_SAFE,TEMP_IDEAL,AQI_MODERATE,HUM_COMFORTABLE,WIND_CALM,UV_VERY_HIGH,ZONE_TROPICAL
Singapore,Singapore,1.35,103.8,27.8,58,4.8,1.5,29.0,2,1019.7,29.0,27.8,6.0,0.0,8.0,0.0,0.0,14.0,ED_VERY_SAFE,TEMP_WARM,AQI_MODERATE,HUM_COMFORTABLE,WIND_CALM,UV_LOW,ZONE_TROPICAL
Singapore,Singapore,1.35,103.8,27.5,75,7.1,1.5,29.5,3,1013.2,29.5,27.5,7.5,0.0,18.0,0.0,0.0,25.5,ED_MODERATE_SAFE,TEMP_WARM,AQI_SENSITIVE,HUM_HUMID,WIND_CALM,UV_LOW,ZONE_TROPICAL
Singapore,Singapore,1.35,103.8,19.7,54,11.2,7.6,19.9,1,1006.9,19.9,19.7,0.0,0.0,0.0,8.399999999999999,0.0,8.399999999999999,ED_VERY_SAFE,TEMP_IDEAL,AQI_GOOD,HUM_COMFORTABLE,WIND_BREEZY,UV_HIGH,ZONE_TROPICAL
Singapore,Singapore,1.35,103.8,23.9,61,8.3,7.8,24.4,5,1012.9,24.4,23.9,0.0,0.0,45.0,8.7,0.0,53.7,ED_CAUTION,TEMP_IDEAL,AQI_VERY_UNHEALTHY,HUM_HUMID,WIND_CALM,UV_HIGH,ZONE_TROPICAL
Singapore,Singapore,1.35,103.8,28.1,44,10.3,7.8,28.8,3,1011.7,28.8,28.1,5.400000000000002,0.0,18.0,8.7,0.0,32.1,ED_MODERATE_SAFE,TEMP_WARM,AQI_SENSITIVE,HUM_COMFORTABLE,WIND_BREEZY,UV_HIGH,ZONE_TROPICAL
Singapore,Singapore,1.35,103.8,27.3,79,12.2,2.1,29.4,3,1021.0,29.4,27.3,7.199999999999996,0.0,18.0,0.30000000000000027,0.0,25.499999999999996,ED_MODERATE_SAFE,TEMP_WARM,AQI_SENSITIVE,HUM_HUMID,WIND_BREEZY,UV_LOW,ZONE_TROPICAL
Singapore,Singapore,1.35,103.8,31.7,13,21.1,9.1,31.9,6,1014.9,31.9,31.7,14.699999999999996,0.0,50.0,10.1,0.0,74.79999999999998,ED_DANGEROUS,TEMP_HOT,AQI_HAZARDOUS,HUM_DRY,WIND_WINDY,UV_VERY_HIGH,ZONE_TROPICAL
Singapore,Singapore,1.35,103.8,32.6,99,6.3,4.4,37.3,1,1004.6,37.3,32.6,23.83333333333333,0.0,0.0,4.4,0.0,28.233333333333327,ED_MODERATE_SAFE,TEMP_HOT,AQI_GOOD,HUM_VERY_HUMID,WIND_CALM,UV_MODERATE,ZONE_TROPICAL
Singapore,Singapore,1.35,103.8,18.2,69,34.7,9.3,19.1,2,1016.6,19.1,18.2,0.0,0.0,8.0,10.3,0.0,18.3,ED_MODERATE_SAFE,TEMP_IDEAL,AQI_MODERATE,HUM_HUMID,WIND_WINDY,UV_VERY_HIGH,ZONE_TROPICAL
Singapore,Singapore,1.35,103.8,31.9,63,8.1,9.5,34.6,1,1015.8,34.6,31.9,19.333333333333336,0.0,0.0,10.5,0.0,29.833333333333336,ED_MODERATE_SAFE,TEMP_HOT,AQI_GOOD,HUM_HUMID,WIND_CALM,UV_VERY_HIGH,ZONE_TROPICAL
Singapore,Singapore,1.35,103.8,29.6,76,10.3,6.3,32.2,1,1008.8,32.2,29.6,15.333333333333337,0.0,0.0,6.449999999999999,0.0,21.78333333333334,ED_MODERATE_SAFE,TEMP_WARM,AQI_GOOD,HUM_HUMID,WIND_BREEZY,UV_HIGH,ZONE_TROPICAL
Singapore,Singapore,1.35,103.8,34.5,47,4.5,4.1,37.2,2,1025.9,37.2,34.5,23.66666666666667,0.0,8.0,4.1,0.0,35.76666666666667,ED_CAUTION,TEMP_HOT,AQI_MODERATE,HUM_COMFORTABLE,WIND_CALM,UV_MODERATE,ZONE_TROPICAL
Singapore,Singapore,1.35,103.8,38.2,77,11.0,9.1,43.6,1,1010.8,43.6,38.2,33.0,0.0,0.0,10.1,0.0,43.1,ED_CAUTION,TEMP_VERY_HOT,AQI_GOOD,HUM_HUMID,WIND_BREEZY,UV_VERY_HIGH,ZONE_TROPICAL
Singapore,Singapore,1.35,103.8,33.1,61,21.8,7.4,36.1,4,1012.7,36.1,33.1,21.833333333333336,0.0,32.0,8.100000000000001,8.625,70.55833333333334,ED_DANGEROUS,TEMP_HOT,AQI_UNHEALTHY,HUM_HUMID,WIND_WINDY,UV_HIGH,ZONE_TROPICAL
Singapore,Singapore,1.35,103.8,29.8,59,3.0,6.6,31.6,3,1012.5,31.6,29.8,13.800000000000004,0.0,18.0,6.8999999999999995,0.0,38.7,ED_CAUTION,TEMP_WARM,AQI_SENSITIVE,HUM_COMFORTABLE,WIND_CALM,UV_HIGH,ZONE_TROPICAL
Singapore,Singapore,1.35,103.8,21.8,52,3.9,4.6,21.9,5,1011.8,21.9,21.8,0.0,0.0,45.0,4.6,0.0,49.6,ED_CAUTION,TEMP_IDEAL,AQI_VERY_UNHEALTHY,HUM_COMFORTABLE,WIND_CALM,UV_MODERATE,ZONE_TROPICAL
Singapore,Singapore,1.35,103.8,26.9,31,8.6,7.9,26.5,3,1007.6,26.9,26.9,0.0,0.0,18.0,8.850000000000001,0.0,26.85,ED_MODERATE_SAFE,TEMP_WARM,AQI_SENSITIVE,HUM_COMFORTABLE,WIND_CALM,UV_HIGH,ZONE_TROPICAL
Singapore,Singapore,1.35,103.8,21.4,91,6.5,4.2,23.5,1,1028.9,23.5,21.4,0.0,0.0,0.0,4.2,0.0,4.2,ED_VERY_SAFE,TEMP_IDEAL,AQI_GOOD,HUM_VERY_HUMID,WIND_CALM,UV_MODERATE,ZONE_TROPICAL
Singapore,Singapore,1.35,103.8,20.1,19,12.2,4.9,18.5,1,1014.0,20.1,20.1,0.0,0.0,0.0,4.9,0.0,4.9,ED_VERY_SAFE,TEMP_IDEAL,AQI_GOOD,HUM_DRY,WIND_BREEZY,UV_MODERATE,ZONE_TROPICAL
Singapore,Singapore,1.35,103.8,23.6,62,30.7,7.7,24.3,3,1016.4,24.3,23.6,0.0,0.0,18.0,8.55,0.0,26.55,ED_MODERATE_SAFE,TEMP_IDEAL,AQI_SENSITIVE,HUM_HUMID,WIND_WINDY,UV_HIGH,ZONE_TROPICAL
Singapore,Singapore,1.35,103.8,22.2,95,5.1,5.3,24.5,3,1014.1,24.5,22.2,0.0,0.0,18.0,5.3,0.0,23.3,ED_MODERATE_SAFE,TEMP_IDEAL,AQI_SENSITIVE,HUM_VERY_HUMID,WIND_CALM,UV_MODERATE,ZONE_TROPICAL
Singapore,Singapore,1.35,103.8,32.8,79,17.5,2.3,36.6,1,1007.3,36.6,32.8,22.66666666666667,0.0,0.0,0.8999999999999995,0.0,23.56666666666667,ED_MODERATE_SAFE,TEMP_HOT,AQI_GOOD,HUM_HUMID,WIND_BREEZY,UV_LOW,ZONE_TROPICAL
Singapore,Singapore,1.35,103.8,28.3,57,41.5,8.8,29.6,1,1010.3,29.6,28.3,7.800000000000004,0.0,0.0,9.8,0.0,17.600000000000005,ED_MODERATE_SAFE,TEMP_WARM,AQI_GOOD,HUM_COMFORTABLE,WIND_STRONG,UV_VERY_HIGH,ZONE_TROPICAL
Singapore,Singapore,1.35,103.8,28.5,35,7.1,7.0,28.8,2,1028.3,28.8,28.5,5.400000000000002,0.0,8.0,7.5,0.0,20.900000000000002,ED_MODERATE_SAFE,TEMP_WARM,AQI_MODERATE,HUM_COMFORTABLE,WIND_CALM,UV_HIGH,ZONE_TROPICAL
Singapore,Singapore,1.35,103.8,35.8,53,16.6,3.4,39.2,2,1010.8,39.2,35.8,27.000000000000007,0.0,8.0,3.4,0.0,38.400000000000006,ED_CAUTION,TEMP_VERY_HOT,AQI_MODERATE,HUM_COMFORTABLE,WIND_BREEZY,UV_MODERATE,ZONE_TROPICAL
Singapore,Singapore,1.35,103.8,18.1,59,9.4,4.7,18.5,5,1017.6,18.5,18.1,0.0,0.0,45.0,4.7,0.0,49.7,ED_CAUTION,TEMP_IDEAL,AQI_VERY_UNHEALTHY,HUM_COMFORTABLE,WIND_CALM,UV_MODERATE,ZONE_TROPICAL
Singapore,Singapore,1.35,103.8,26.8,81,11.0,3.7,28.9,4,1013.0,28.9,26.8,5.699999999999996,0.0,32.0,3.7,0.0,41.4,ED_CAUTION,TEMP_WARM,AQI_UNHEALTHY,HUM_VERY_HUMID,WIND_BREEZY,UV_MODERATE,ZONE_TROPICAL
Singapore,Singapore,1.35,103.8,30.4,39,6.4,13.0,31.4,4,1016.8,31.4,30.4,13.199999999999996,0.0,32.0,12.0,0.0,57.199999999999996,ED_DANGEROUS,TEMP_HOT,AQI_UNHEALTHY,HUM_COMFORTABLE,WIND_CALM,UV_EXTREME,ZONE_TROPICAL
Singapore,Singapore,1.35,103.8,34.4,60,20.6,7.2,37.8,4,1005.4,37.8,34.4,24.666666666666664,0.0,32.0,7.800000000000001,8.625,73.09166666666667,ED_DANGEROUS,TEMP_HOT,AQI_UNHEALTHY,HUM_HUMID,WIND_WINDY,UV_HIGH,ZONE_TROPICAL
Singapore,Singapore,1.35,103.8,32.4,59,6.6,8.9,35.0,2,1016.7,35.0,32.4,20.0,0.0,8.0,9.9,0.0,37.9,ED_CAUTION,TEMP_HOT,AQI_MODERATE,HUM_COMFORTABLE,WIND_CALM,UV_VERY_HIGH,ZONE_TROPICAL
Singapore,Singapore,1.35,103.8,31.2,59,12.1,6.5,33.5,1,1025.9,33.5,31.2,17.5,0.0,0.0,6.75,0.0,24.25,ED_MODERATE_SAFE,TEMP_HOT,AQI_GOOD,HUM_COMFORTABLE,WIND_BREEZY,UV_HIGH,ZONE_TROPICAL
Singapore,Singapore,1.35,103.8,25.4,54,6.4,9.7,25.6,1,1010.9,25.6,25.4,0.0,0.0,0.0,10.7,0.0,10.7,ED_VERY_SAFE,TEMP_WARM,AQI_GOOD,HUM_COMFORTABLE,WIND_CALM,UV_VERY_HIGH,ZONE_TROPICAL
Singapore,Singapore,1.35,103.8,32.2,64,17.3,2.8,35.1,6,1010.3,35.1,32.2,20.16666666666667,0.0,50.0,2.3999999999999995,12.0,84.56666666666668,ED_VERY_DANGEROUS,TEMP_HOT,AQI_HAZARDOUS,HUM_HUMID,WIND_BREEZY,UV_LOW,ZONE_TROPICAL
Singapore,Singapore,1.35,103.8,28.0,69,5.0,2.5,29.8,1,1023.0,29.8,28.0,8.400000000000002,0.0,0.0,1.5,0.0,9.900000000000002,ED_VERY_SAFE,TEMP_WARM,AQI_GOOD,HUM_HUMID,WIND_CALM,UV_LOW,ZONE_TROPICAL
Singapore,Singapore,1.35,103.8,26.1,100,7.0,11.0,29.0,1,1007.5,29.0,26.1,6.0,0.0,0.0,12.0,0.0,18.0,ED_MODERATE_SAFE,TEMP_WARM,AQI_GOOD,HUM_VERY_HUMID,WIND_CALM,UV_EXTREME,ZONE_TROPICAL
Singapore,Singapore,1.35,103.8,24.2,55,5.5,7.8,24.5,1,1007.0,24.5,24.2,0.0,0.0,0.0,8.7,0.0,8.7,ED_VERY_SAFE,TEMP_IDEAL,AQI_GOOD,HUM_COMFORTABLE,WIND_CALM,UV_HIGH,ZONE_TROPICAL
Singapore,Singapore,1.35,103.8,36.7,79,14.6,6.3,41.6,3,1009.0,41.6,36.7,30.692307692307693,0.0,18.0,6.449999999999999,0.0,55.142307692307696,ED_DANGEROUS,TEMP_VERY_HOT,AQI_SENSITIVE,HUM_HUMID,WIND_BREEZY,UV_HIGH,ZONE_TROPICAL
Singapore,Singapore,1.35,103.8,23.6,67,3.4,7.3,24.5,3,997.5,24.5,23.6,0.0,0.0,18.0,7.949999999999999,0.0,25.95,ED_MODERATE_SAFE,TEMP_IDEAL,AQI_SENSITIVE,HUM_HUMID,WIND_CALM,UV_HIGH,ZONE_TROPICAL
Singapore,Singapore,1.35,103.8,36.0,55,2.8,7.8,39.5,6,1011.1,39.5,36.0,27.5,0.0,50.0,8.7,12.0,98.2,ED_VERY_DANGEROUS,TEMP_VERY_HOT,AQI_HAZARDOUS,HUM_COMFORTABLE,WIND_CALM,UV_HIGH,ZONE_TROPICAL
Singapore,Singapore,1.35,103.8,35.1,40,5.1,6.4,37.6,1,1005.0,37.6,35.1,24.333333333333336,0.0,0.0,6.6000000000000005,0.0,30.933333333333337,ED_MODERATE_SAFE,TEMP_VERY_HOT,AQI_GOOD,HUM_COMFORTABLE,WIND_CALM,UV_HIGH,ZONE_TROPICAL
Singapore,Singapore,1.35,103.8,22.8,46,5.5,5.2,22.6,1,1023.0,22.8,22.8,0.0,0.0,0.0,5.2,0.0,5.2,ED_VERY_SAFE,TEMP_IDEAL,AQI_GOOD,HUM_COMFORTABLE,WIND_CALM,UV_MODERATE,ZONE_TROPICAL
Singapore,Singapore,1.35,103.8,30.1,91,24.3,0.2,33.7,2,1014.0,33.7,30.1,17.83333333333334,0.0,8.0,0.0,0.0,25.83333333333334,ED_MODERATE_SAFE,TEMP_HOT,AQI_MODERATE,HUM_VERY_HUMID,WIND_WINDY,UV_LOW,ZONE_TROPICAL
Singapore,Singapore,1.35,103.8,32.3,37,4.2,6.0,33.8,2,1014.3,33.8,32.3,17.999999999999996,0.0,8.0,6.0,0.0,31.999999999999996,ED_MODERATE_SAFE,TEMP_HOT,AQI_MODERATE,HUM_COMFORTABLE,WIND_CALM,UV_HIGH,ZONE_TROPICAL
Singapore,Singapore,1.35,103.8,35.1,37,23.4,12.0,37.5,1,1007.7,37.5,35.1,24.166666666666668,0.0,0.0,12.0,0.0,36.16666666666667,ED_CAUTION,TEMP_VERY_HOT,AQI_GOOD,HUM_COMFORTABLE,WIND_WINDY,UV_EXTREME,ZONE_TROPICAL
Singapore,Singapore,1.35,103.8,18.0,59,11.9,5.7,18.4,1,1022.0,18.4,18.0,0.0,0.0,0.0,5.7,0.0,5.7,ED_VERY_SAFE,TEMP_IDEAL,AQI_GOOD,HUM_COMFORTABLE,WIND_BREEZY,UV_MODERATE,ZONE_TROPICAL
Singapore,Singapore,1.35,103.8,29.5,91,6.5,3.3,32.9,2,1000.3,32.9,29.5,16.499999999999996,0.0,8.0,3.3,0.0,27.799999999999997,ED_MODERATE_SAFE,TEMP_WARM,AQI_MODERATE,HUM_VERY_HUMID,WIND_CALM,UV_MODERATE,ZONE_TROPICAL
Singapore,Singapore,1.35,103.8,35.9,37,1.5,11.6,38.5,1,1013.6,38.5,35.9,25.833333333333336,0.0,0.0,12.0,0.0,37.833333333333336,ED_CAUTION,TEMP_VERY_HOT,AQI_GOOD,HUM_COMFORTABLE,WIND_CALM,UV_EXTREME,ZONE_TROPICAL
Singapore,Singapore,1.35,103.8,12.4,55,13.9,2.9,12.7,2,1006.1,12.7,12.4,0.0,0.0,8.0,2.6999999999999997,0.0,10.7,ED_VERY_SAFE,TEMP_COOL,AQI_MODERATE,HUM_COMFORTABLE,WIND_BREEZY,UV_LOW,ZONE_TROPICAL
Singapore,Singapore,1.35,103.8,21.5,31,20.0,1.5,20.6,4,1012.2,21.5,21.5,0.0,0.0,32.0,0.0,0.0,32.0,ED_MODERATE_SAFE,TEMP_IDEAL,AQI_UNHEALTHY,HUM_COMFORTABLE,WIND_WINDY,UV_LOW,ZONE_TROPICAL
Singapore,Singapore,1.35,103.8,37.5,51,15.5,3.7,41.3,2,1030.7,41.3,37.5,30.346153846153843,0.0,8.0,3.7,0.0,42.04615384615384,ED_CAUTION,TEMP_VERY_HOT,AQI_MODERATE,HUM_COMFORTABLE,WIND_BREEZY,UV_MODERATE,ZONE_TROPICAL
Singapore,Singapore,1.35,103.8,37.0,73,6.7,10.9,41.8,1,1003.3,41.8,37.0,30.92307692307692,0.0,0.0,11.9,0.0,42.82307692307692,ED_CAUTION,TEMP_VERY_HOT,AQI_GOOD,HUM_HUMID,WIND_CALM,UV_VERY_HIGH,ZONE_TROPICAL
Singapore,Singapore,1.35,103.8,31.8,38,13.7,2.6,33.2,5,1007.3,33.2,31.8,17.000000000000004,0.0,45.0,1.8000000000000003,11.0625,74.8625,ED_DANGEROUS,TEMP_HOT,AQI_VERY_UNHEALTHY,HUM_COMFORTABLE,WIND_BREEZY,UV_LOW,ZONE_TROPICAL
Singapore,Singapore,1.35,103.8,22.8,100,6.7,0.0,25.3,1,1019.6,25.3,22.8,0.0,0.0,0.0,0.0,0.0,0.0,ED_VERY_SAFE,TEMP_IDEAL,AQI_GOOD,HUM_VERY_HUMID,WIND_CALM,UV_LOW,ZONE_TROPICAL
Singapore,Singapore,1.35,103.8,31.2,68,7.4,3.6,34.0,6,1012.4,34.0,31.2,18.333333333333332,0.0,50.0,3.6,12.0,83.93333333333332,ED_VERY_DANGEROUS,TEMP_HOT,AQI_HAZARDOUS,HUM_HUMID,WIND_CALM,UV_MODERATE,ZONE_TROPICAL
Singapore,Singapore,1.35,103.8,31.3,70,14.4,8.7,34.2,4,1022.5,34.2,31.3,18.66666666666667,0.0,32.0,9.7,8.625,68.99166666666667,ED_DANGEROUS,TEMP_HOT,AQI_UNHEALTHY,HUM_HUMID,WIND_BREEZY,UV_VERY_HIGH,ZONE_TROPICAL
Singapore,Singapore,1.35,103.8,25.3,43,3.3,5.5,25.1,2,1015.7,25.3,25.3,0.0,0.0,8.0,5.5,0.0,13.5,ED_VERY_SAFE,TEMP_WARM,AQI_MODERATE,HUM_COMFORTABLE,WIND_CALM,UV_MODERATE,ZONE_TROPICAL
London,UK,51.5,-0.1,8.1,51,14.4,4.2,8.2,2,1015.7,8.2,5.653277327137175,0.0,0.0,8.0,4.2,0.0,12.2,ED_VERY_SAFE,TEMP_COLD,AQI_MODERATE,HUM_COMFORTABLE,WIND_BREEZY,UV_MODERATE,ZONE_TEMPERATE
London,UK,51.5,-0.1,9.9,29,16.9,6.8,8.9,4,997.9,9.9,7.569608752692355,0.0,0.0,32.0,7.199999999999999,0.0,39.2,ED_CAUTION,TEMP_COLD,AQI_UNHEALTHY,HUM_DRY,WIND_BREEZY,UV_HIGH,ZONE_TEMPERATE
London,UK,51.5,-0.1,12.1,33,18.6,3.7,11.2,2,1009.1,12.1,12.1,0.0,0.0,8.0,3.7,0.0,11.7,ED_VERY_SAFE,TEMP_COOL,AQI_MODERATE,HUM_COMFORTABLE,WIND_BREEZY,UV_MODERATE,ZONE_TEMPERATE
London,UK,51.5,-0.1,2.1,60,22.7,6.6,2.6,1,1013.8,2.6,-2.940679894450482,0.0,4.4110198416757225,0.0,6.8999999999999995,0.0,11.311019841675723,ED_VERY_SAFE,TEMP_COLD,AQI_GOOD,HUM_HUMID,WIND_WINDY,UV_HIGH,ZONE_TEMPERATE
London,UK,51.5,-0.1,1.7,41,2.4,4.7,1.2,2,1007.5,1.7,1.7,0.0,0.0,8.0,4.7,0.0,12.7,ED_VERY_SAFE,TEMP_COLD,AQI_MODERATE,HUM_COMFORTABLE,WIND_CALM,UV_MODERATE,ZONE_TEMPERATE
London,UK,51.5,-0.1,19.5,53,17.2,0.6,19.7,4,1014.8,19.7,19.5,0.0,0.0,32.0,0.0,0.0,32.0,ED_MODERATE_SAFE,TEMP_IDEAL,AQI_UNHEALTHY,HUM_COMFORTABLE,WIND_BREEZY,UV_LOW,ZONE_TEMPERATE
London,UK,51.5,-0.1,8.8,50,3.7,5.3,8.8,4,1008.8,8.8,8.8,0.0,0.0,32.0,5.3,0.0,37.3,ED_CAUTION,TEMP_COLD,AQI_UNHEALTHY,HUM_COMFORTABLE,WIND_CALM,UV_MODERATE,ZONE_TEMPERATE
London,UK,51.5,-0.1,4.3,80,6.9,7.3,5.8,1,1005.9,5.8,2.6274773981677875,0.0,0.0,0.0,7.949999999999999,0.0,7.949999999999999,ED_VERY_SAFE,TEMP_COLD,AQI_GOOD,HUM_VERY_HUMID,WIND_CALM,UV_HIGH,ZONE_TEMPERATE
London,UK,51.5,-0.1,2.8,54,10.7,5.3,3.0,1,1011.9,3.0,-0.1311346625184826,0.0,0.19670199377772235,0.0,5.3,0.0,5.496701993777722,ED_VERY_SAFE,TEMP_COLD,AQI_GOOD,HUM_COMFORTABLE,WIND_BREEZY,UV_MODERATE,ZONE_TEMPERATE
London,UK,51.5,-0.1,24.3,13,4.6,0.2,22.4,1,1021.8,24.3,24.3,0.0,0.0,0.0,0.0,0.0,0.0,ED_VERY_SAFE,TEMP_IDEAL,AQI_GOOD,HUM_DRY,WIND_CALM,UV_LOW,ZONE_TEMPERATE
London,UK,51.5,-0.1,9.8,34,17.6,0.0,9.0,1,1001.0,9.8,7.368477565578805,0.0,0.0,0.0,0.0,0.0,0.0,ED_VERY_SAFE,TEMP_COLD,AQI_GOOD,HUM_COMFORTABLE,WIND_BREEZY,UV_LOW,ZONE_TEMPERATE
London,UK,51.5,-0.1,-1.1,40,22.6,1.5,-1.6,1,1021.5,-1.1,-7.006756140261454,0.0,10.51013421039218,0.0,0.0,0.0,10.51013421039218,ED_VERY_SAFE,TEMP_FREEZING,AQI_GOOD,HUM_COMFORTABLE,WIND_WINDY,UV_LOW,ZONE_TEMPERATE
London,UK,51.5,-0.1,8.2,59,3.8,6.4,8.7,1,1014.3,8.7,8.2,0.0,0.0,0.0,6.6000000000000005,0.0,6.6000000000000005,ED_VERY_SAFE,TEMP_COLD,AQI_GOOD,HUM_COMFORTABLE,WIND_CALM,UV_HIGH,ZONE_TEMPERATE
London,UK,51.5,-0.1,11.9,5,6.3,4.8,9.6,2,1017.7,11.9,11.9,0.0,0.0,8.0,4.8,0.0,12.8,ED_VERY_SAFE,TEMP_COOL,AQI_MODERATE,HUM_DRY,WIND_CALM,UV_MODERATE,ZONE_TEMPERATE
London,UK,51.5,-0.1,4.5,46,4.6,6.5,4.3,2,999.6,4.5,4.5,0.0,0.0,8.0,6.75,0.0,14.75,ED_VERY_SAFE,TEMP_COLD,AQI_MODERATE,HUM_COMFORTABLE,WIND_CALM,UV_HIGH,ZONE_TEMPERATE
London,UK,51.5,-0.1,0.2,7,8.2,0.0,-2.0,4,1013.4,0.2,-2.565671407211963,0.0,3.8485071108179447,32.0,0.0,0.0,35.84850711081795,ED_CAUTION,TEMP_COLD,AQI_UNHEALTHY,HUM_DRY,WIND_CALM,UV_LOW,ZONE_TEMPERATE
London,UK,51.5,-0.1,13.2,75,11.6,4.5,14.5,3,1012.8,14.5,13.2,0.0,0.0,18.0,4.5,0.0,22.5,ED_MODERATE_SAFE,TEMP_COOL,AQI_SENSITIVE,HUM_HUMID,WIND_BREEZY,UV_MODERATE,ZONE_TEMPERATE
London,UK,51.5,-0.1,12.6,31,7.0,0.0,11.6,5,994.7,12.6,12.6,0.0,0.0,45.0,0.0,0.0,45.0,ED_CAUTION,TEMP_COOL,AQI_VERY_UNHEALTHY,HUM_COMFORTABLE,WIND_CALM,UV_LOW,ZONE_TEMPERATE
London,UK,51.5,-0.1,2.1,14,12.8,2.6,0.3,2,1001.7,2.1,-1.419585748109996,0.0,2.129378622164996,8.0,1.8000000000000003,0.0,11.929378622164997,ED_VERY_SAFE,TEMP_COLD,AQI_MODERATE,HUM_DRY,WIND_BREEZY,UV_LOW,ZONE_TEMPERATE
London,UK,51.5,-0.1,17.8,25,7.1,0.0,16.5,5,1006.4,17.8,17.8,0.0,0.0,45.0,0.0,0.0,45.0,ED_CAUTION,TEMP_COOL,AQI_VERY_UNHEALTHY,HUM_DRY,WIND_CALM,UV_LOW,ZONE_TEMPERATE
London,UK,51.5,-0.1,6.4,79,9.4,2.1,7.8,1,1012.6,7.8,4.456665364735595,0.0,0.0,0.0,0.30000000000000027,0.0,0.30000000000000027,ED_VERY_SAFE,TEMP_COLD,AQI_GOOD,HUM_HUMID,WIND_CALM,UV_LOW,ZONE_TEMPERATE
London,UK,51.5,-0.1,-2.6,42,12.7,6.3,-3.0,2,1008.4,-2.6,-7.119421332617486,0.0,10.67913199892623,8.0,6.449999999999999,0.0,25.12913199892623,ED_MODERATE_SAFE,TEMP_FREEZING,AQI_MODERATE,HUM_COMFORTABLE,WIND_BREEZY,UV_HIGH,ZONE_TEMPERATE
London,UK,51.5,-0.1,8.7,42,9.1,6.8,8.3,4,1023.0,8.7,7.2499747223054065,0.0,0.0,32.0,7.199999999999999,0.0,39.2,ED_CAUTION,TEMP_COLD,AQI_UNHEALTHY,HUM_COMFORTABLE,WIND_CALM,UV_HIGH,ZONE_TEMPERATE
London,UK,51.5,-0.1,6.8,77,27.5,5.8,8.2,2,1019.4,8.2,2.606025157198393,0.0,0.0,8.0,5.8,0.0,13.8,ED_VERY_SAFE,TEMP_COLD,AQI_MODERATE,HUM_HUMID,WIND_WINDY,UV_MODERATE,ZONE_TEMPERATE
London,UK,51.5,-0.1,20.8,70,27.9,3.9,21.8,3,1030.7,21.8,20.8,0.0,0.0,18.0,3.9,0.0,21.9,ED_MODERATE_SAFE,TEMP_IDEAL,AQI_SENSITIVE,HUM_HUMID,WIND_WINDY,UV_MODERATE,ZONE_TEMPERATE
London,UK,51.5,-0.1,-0.7,39,13.3,3.2,-1.2,2,1007.1,-0.7,-4.9368734576648565,0.0,7.405310186497285,8.0,3.2,0.0,18.605310186497285,ED_MODERATE_SAFE,TEMP_FREEZING,AQI_MODERATE,HUM_COMFORTABLE,WIND_BREEZY,UV_MODERATE,ZONE_TEMPERATE
London,UK,51.5,-0.1,13.6,77,18.9,2.5,14.9,1,1021.3,14.9,13.6,0.0,0.0,0.0,1.5,0.0,1.5,ED_VERY_SAFE,TEMP_COOL,AQI_GOOD,HUM_HUMID,WIND_BREEZY,UV_LOW,ZONE_TEMPERATE
London,UK,51.5,-0.1,7.2,35,10.4,4.3,6.4,5,997.8,7.2,5.209110534568122,0.0,0.0,45.0,4.3,0.0,49.3,ED_CAUTION,TEMP_COLD,AQI_VERY_UNHEALTHY,HUM_COMFORTABLE,WIND_BREEZY,UV_MODERATE,ZONE_TEMPERATE
London,UK,51.5,-0.1,5.9,46,22.8,3.9,5.6,6,1002.9,5.9,1.893630639841601,0.0,0.0,50.0,3.9,0.0,53.9,ED_CAUTION,TEMP_COLD,AQI_HAZARDOUS,HUM_COMFORTABLE,WIND_WINDY,UV_MODERATE,ZONE_TEMPERATE
London,UK,51.5,-0.1,14.3,32,6.2,3.0,13.4,1,1007.3,14.3,14.3,0.0,0.0,0.0,3.0,0.0,3.0,ED_VERY_SAFE,TEMP_COOL,AQI_GOOD,HUM_COMFORTABLE,WIND_CALM,UV_MODERATE,ZONE_TEMPERATE
London,UK,51.5,-0.1,10.1,43,11.8,6.0,9.8,2,1020.0,10.1,10.1,0.0,0.0,8.0,6.0,0.0,14.0,ED_VERY_SAFE,TEMP_COOL,AQI_MODERATE,HUM_COMFORTABLE,WIND_BREEZY,UV_HIGH,ZONE_TEMPERATE
London,UK,51.5,-0.1,2.8,44,13.2,0.0,2.5,4,1010.8,2.8,-0.6433346383248808,0.0,0.9650019574873205,32.0,0.0,0.0,32.96500195748732,ED_MODERATE_SAFE,TEMP_COLD,AQI_UNHEALTHY,HUM_COMFORTABLE,WIND_BREEZY,UV_LOW,ZONE_TEMPERATE
London,UK,51.5,-0.1,7.6,40,12.3,0.0,7.1,1,1012.4,7.6,5.357655821176421,0.0,0.0,0.0,0.0,0.0,0.0,ED_VERY_SAFE,TEMP_COLD,AQI_GOOD,HUM_COMFORTABLE,WIND_BREEZY,UV_LOW,ZONE_TEMPERATE
London,UK,51.5,-0.1,3.6,29,16.7,1.4,2.6,1,1008.2,3.6,-0.24295937718683192,0.0,0.3644390657802479,0.0,0.0,0.0,0.3644390657802479,ED_VERY_SAFE,TEMP_COLD,AQI_GOOD,HUM_DRY,WIND_BREEZY,UV_LOW,ZONE_TEMPERATE
London,UK,51.5,-0.1,10.2,43,16.3,5.7,9.9,5,1010.1,10.2,10.2,0.0,0.0,45.0,5.7,0.0,50.7,ED_CAUTION,TEMP_COOL,AQI_VERY_UNHEALTHY,HUM_COMFORTABLE,WIND_BREEZY,UV_MODERATE,ZONE_TEMPERATE
London,UK,51.5,-0.1,10.8,37,15.8,6.8,10.2,1,1023.4,10.8,10.8,0.0,0.0,0.0,7.199999999999999,0.0,7.199999999999999,ED_VERY_SAFE,TEMP_COOL,AQI_GOOD,HUM_COMFORTABLE,WIND_BREEZY,UV_HIGH,ZONE_TEMPERATE
London,UK,51.5,-0.1,15.7,63,4.3,0.5,16.4,1,998.5,16.4,15.7,0.0,0.0,0.0,0.0,0.0,0.0,ED_VERY_SAFE,TEMP_COOL,AQI_GOOD,HUM_HUMID,WIND_CALM,UV_LOW,ZONE_TEMPERATE
London,UK,51.5,-0.1,13.5,36,14.0,3.0,12.8,1,1010.4,13.5,13.5,0.0,0.0,0.0,3.0,0.0,3.0,ED_VERY_SAFE,TEMP_COOL,AQI_GOOD,HUM_COMFORTABLE,WIND_BREEZY,UV_MODERATE,ZONE_TEMPERATE
London,UK,51.5,-0.1,3.5,45,26.1,4.6,3.2,2,1017.5,3.5,-1.5272649724890393,0.0,2.290897458733559,8.0,4.6,0.0,14.890897458733559,ED_VERY_SAFE,TEMP_COLD,AQI_MODERATE,HUM_COMFORTABLE,WIND_WINDY,UV_MODERATE,ZONE_TEMPERATE
London,UK,51.5,-0.1,12.7,50,11.8,7.3,12.8,4,997.4,12.8,12.7,0.0,0.0,32.0,7.949999999999999,0.0,39.95,ED_CAUTION,TEMP_COOL,AQI_UNHEALTHY,HUM_COMFORTABLE,WIND_BREEZY,UV_HIGH,ZONE_TEMPERATE
London,UK,51.5,-0.1,2.9,27,16.7,0.1,1.8,3,1004.4,2.9,-1.1134970509480404,0.0,1.6702455764220616,18.0,0.0,0.0,19.67024557642206,ED_MODERATE_SAFE,TEMP_COLD,AQI_SENSITIVE,HUM_DRY,WIND_BREEZY,UV_LOW,ZONE_TEMPERATE
London,UK,51.5,-0.1,13.7,59,2.7,3.2,14.2,5,1016.8,14.2,13.7,0.0,0.0,45.0,3.2,0.0,48.2,ED_CAUTION,TEMP_COOL,AQI_VERY_UNHEALTHY,HUM_COMFORTABLE,WIND_CALM,UV_MODERATE,ZONE_TEMPERATE
London,UK,51.5,-0.1,17.3,42,8.0,0.1,16.9,1,1014.7,17.3,17.3,0.0,0.0,0.0,0.0,0.0,0.0,ED_VERY_SAFE,TEMP_COOL,AQI_GOOD,HUM_COMFORTABLE,WIND_CALM,UV_LOW,ZONE_TEMPERATE
London,UK,51.5,-0.1,7.1,52,3.3,2.8,7.2,3,999.4,7.2,7.1,0.0,0.0,18.0,2.3999999999999995,0.0,20.4,ED_MODERATE_SAFE,TEMP_COLD,AQI_SENSITIVE,HUM_COMFORTABLE,WIND_CALM,UV_LOW,ZONE_TEMPERATE
London,UK,51.5,-0.1,8.3,43,27.5,0.0,8.0,2,994.0,8.3,4.548987761565136,0.0,0.0,8.0,0.0,0.0,8.0,ED_VERY_SAFE,TEMP_COLD,AQI_MODERATE,HUM_COMFORTABLE,WIND_WINDY,UV_LOW,ZONE_TEMPERATE
London,UK,51.5,-0.1,4.3,53,5.0,7.9,4.5,6,1002.1,4.5,3.288728100585358,0.0,0.0,50.0,8.850000000000001,0.0,58.85,ED_DANGEROUS,TEMP_COLD,AQI_HAZARDOUS,HUM_COMFORTABLE,WIND_CALM,UV_HIGH,ZONE_TEMPERATE
London,UK,51.5,-0.1,7.9,70,6.1,4.1,8.9,1,1010.9,8.9,7.028243446417818,0.0,0.0,0.0,4.1,0.0,4.1,ED_VERY_SAFE,TEMP_COLD,AQI_GOOD,HUM_HUMID,WIND_CALM,UV_MODERATE,ZONE_TEMPERATE
London,UK,51.5,-0.1,1.7,53,5.3,0.0,1.8,1,1013.8,1.8,0.20953809857949224,0.0,0.0,0.0,0.0,0.0,0.0,ED_VERY_SAFE,TEMP_COLD,AQI_GOOD,HUM_COMFORTABLE,WIND_CALM,UV_LOW,ZONE_TEMPERATE
London,UK,51.5,-0.1,10.2,46,8.0,1.4,10.0,1,1013.5,10.2,10.2,0.0,0.0,0.0,0.0,0.0,0.0,ED_VERY_SAFE,TEMP_COOL,AQI_GOOD,HUM_COMFORTABLE,WIND_CALM,UV_LOW,ZONE_TEMPERATE
London,UK,51.5,-0.1,15.1,12,5.0,5.1,13.2,3,1010.2,15.1,15.1,0.0,0.0,18.0,5.1,0.0,23.1,ED_MODERATE_SAFE,TEMP_COOL,AQI_SENSITIVE,HUM_DRY,WIND_CALM,UV_MODERATE,ZONE_TEMPERATE
London,UK,51.5,-0.1,15.1,57,16.3,0.0,15.5,4,1021.3,15.5,15.1,0.0,0.0,32.0,0.0,0.0,32.0,ED_MODERATE_SAFE,TEMP_COOL,AQI_UNHEALTHY,HUM_COMFORTABLE,WIND_BREEZY,UV_LOW,ZONE_TEMPERATE
London,UK,51.5,-0.1,0.5,40,19.2,0.0,-0.0,3,1014.8,0.5,-4.493847205043955,0.0,6.740770807565932,18.0,0.0,0.0,24.74077080756593,ED_MODERATE_SAFE,TEMP_COLD,AQI_SENSITIVE,HUM_COMFORTABLE,WIND_BREEZY,UV_LOW,ZONE_TEMPERATE
London,UK,51.5,-0.1,8.6,58,36.6,1.6,9.0,1,1014.9,9.0,4.304500784451284,0.0,0.0,0.0,0.0,0.0,0.0,ED_VERY_SAFE,TEMP_COLD,AQI_GOOD,HUM_COMFORTABLE,WIND_WINDY,UV_LOW,ZONE_TEMPERATE
London,UK,51.5,-0.1,12.3,67,17.1,4.1,13.1,2,1011.5,13.1,12.3,0.0,0.0,8.0,4.1,0.0,12.1,ED_VERY_SAFE,TEMP_COOL,AQI_MODERATE,HUM_HUMID,WIND_BREEZY,UV_MODERATE,ZONE_TEMPERATE
London,UK,51.5,-0.1,13.6,78,7.5,1.4,14.9,3,1013.5,14.9,13.6,0.0,0.0,18.0,0.0,0.0,18.0,ED_MODERATE_SAFE,TEMP_COOL,AQI_SENSITIVE,HUM_HUMID,WIND_CALM,UV_LOW,ZONE_TEMPERATE
London,UK,51.5,-0.1,16.2,59,8.5,1.8,16.7,4,1017.3,16.7,16.2,0.0,0.0,32.0,0.0,0.0,32.0,ED_MODERATE_SAFE,TEMP_COOL,AQI_UNHEALTHY,HUM_COMFORTABLE,WIND_CALM,UV_LOW,ZONE_TEMPERATE
London,UK,51.5,-0.1,10.2,24,9.5,6.0,8.9,4,1015.3,10.2,10.2,0.0,0.0,32.0,6.0,0.0,38.0,ED_CAUTION,TEMP_COOL,AQI_UNHEALTHY,HUM_DRY,WIND_CALM,UV_HIGH,ZONE_TEMPERATE
London,UK,51.5,-0.1,9.7,20,8.5,1.2,8.2,2,1009.6,9.7,8.552282121629037,0.0,0.0,8.0,0.0,0.0,8.0,ED_VERY_SAFE,TEMP_COLD,AQI_MODERATE,HUM_DRY,WIND_CALM,UV_LOW,ZONE_TEMPERATE
London,UK,51.5,-0.1,-1.8,68,10.4,3.6,-0.9,3,1009.8,-0.9,-5.574911456388481,0.0,8.362367184582721,18.0,3.6,0.0,29.962367184582725,ED_MODERATE_SAFE,TEMP_FREEZING,AQI_SENSITIVE,HUM_HUMID,WIND_BREEZY,UV_MODERATE,ZONE_TEMPERATE
London,UK,51.5,-0.1,17.8,35,8.1,3.6,17.0,1,1012.0,17.8,17.8,0.0,0.0,0.0,3.6,0.0,3.6,ED_VERY_SAFE,TEMP_COOL,AQI_GOOD,HUM_COMFORTABLE,WIND_CALM,UV_MODERATE,ZONE_TEMPERATE
London,UK,51.5,-0.1,15.4,5,6.9,3.7,13.1,3,1002.6,15.4,15.4,0.0,0.0,18.0,3.7,0.0,21.7,ED_MODERATE_SAFE,TEMP_COOL,AQI_SENSITIVE,HUM_DRY,WIND_CALM,UV_MODERATE,ZONE_TEMPERATE
London,UK,51.5,-0.1,3.6,59,11.0,5.3,4.0,6,1020.4,4.0,0.765131997986022,0.0,0.0,50.0,5.3,0.0,55.3,ED_DANGEROUS,TEMP_COLD,AQI_HAZARDOUS,HUM_COMFORTABLE,WIND_BREEZY,UV_MODERATE,ZONE_TEMPERATE
London,UK,51.5,-0.1,0.1,47,27.5,3.8,-0.1,4,1016.3,0.1,-6.072541142306394,0.0,9.108811713459591,32.0,3.8,0.0,44.908811713459585,ED_CAUTION,TEMP_COLD,AQI_UNHEALTHY,HUM_COMFORTABLE,WIND_WINDY,UV_MODERATE,ZONE_TEMPERATE
London,UK,51.5,-0.1,1.1,40,8.7,0.4,0.7,6,1005.1,1.1,-1.6523173621949185,0.0,2.4784760432923765,50.0,0.0,0.0,52.478476043292375,ED_CAUTION,TEMP_COLD,AQI_HAZARDOUS,HUM_COMFORTABLE,WIND_CALM,UV_LOW,ZONE_TEMPERATE
London,UK,51.5,-0.1,4.9,38,3.1,4.1,4.3,4,1019.5,4.9,4.9,0.0,0.0,32.0,4.1,0.0,36.1,ED_CAUTION,TEMP_COLD,AQI_UNHEALTHY,HUM_COMFORTABLE,WIND_CALM,UV_MODERATE,ZONE_TEMPERATE
London,UK,51.5,-0.1,7.9,5,9.6,2.4,5.6,4,1030.4,7.9,6.200340617349914,0.0,0.0,32.0,1.1999999999999997,0.0,33.2,ED_MODERATE_SAFE,TEMP_COLD,AQI_UNHEALTHY,HUM_DRY,WIND_CALM,UV_LOW,ZONE_TEMPERATE
London,UK,51.5,-0.1,7.6,60,10.1,10.7,8.0,4,1011.3,8.0,5.745192348889284,0.0,0.0,32.0,11.7,0.0,43.7,ED_CAUTION,TEMP_COLD,AQI_UNHEALTHY,HUM_HUMID,WIND_BREEZY,UV_VERY_HIGH,ZONE_TEMPERATE
London,UK,51.5,-0.1,10.9,30,18.4,1.3,9.9,2,1019.5,10.9,10.9,0.0,0.0,8.0,0.0,0.0,8.0,ED_VERY_SAFE,TEMP_COOL,AQI_MODERATE,HUM_COMFORTABLE,WIND_BREEZY,UV_LOW,ZONE_TEMPERATE
London,UK,51.5,-0.1,11.3,17,23.9,0.0,9.6,1,1011.6,11.3,11.3,0.0,0.0,0.0,0.0,0.0,0.0,ED_VERY_SAFE,TEMP_COOL,AQI_GOOD,HUM_DRY,WIND_WINDY,UV_LOW,ZONE_TEMPERATE
London,UK,51.5,-0.1,3.5,46,10.2,7.4,3.2,1,1016.3,3.5,0.8207200303249027,0.0,0.0,0.0,8.100000000000001,0.0,8.100000000000001,ED_VERY_SAFE,TEMP_COLD,AQI_GOOD,HUM_COMFORTABLE,WIND_BREEZY,UV_HIGH,ZONE_TEMPERATE
London,UK,51.5,-0.1,12.7,5,13.2,0.0,10.4,1,1008.3,12.7,12.7,0.0,0.0,0.0,0.0,0.0,0.0,ED_VERY_SAFE,TEMP_COOL,AQI_GOOD,HUM_DRY,WIND_BREEZY,UV_LOW,ZONE_TEMPERATE
London,UK,51.5,-0.1,7.4,76,3.9,4.6,8.7,2,1009.6,8.7,7.4,0.0,0.0,8.0,4.6,0.0,12.6,ED_VERY_SAFE,TEMP_COLD,AQI_MODERATE,HUM_HUMID,WIND_CALM,UV_MODERATE,ZONE_TEMPERATE
London,UK,51.5,-0.1,6.6,69,10.1,4.6,7.6,4,1021.4,7.6,4.549662320688173,0.0,0.0,32.0,4.6,0.0,36.6,ED_CAUTION,TEMP_COLD,AQI_UNHEALTHY,HUM_HUMID,WIND_BREEZY,UV_MODERATE,ZONE_TEMPERATE
London,UK,51.5,-0.1,5.1,50,2.5,4.7,5.0,1,1011.4,5.1,5.1,0.0,0.0,0.0,4.7,0.0,4.7,ED_VERY_SAFE,TEMP_COLD,AQI_GOOD,HUM_COMFORTABLE,WIND_CALM,UV_MODERATE,ZONE_TEMPERATE
London,UK,51.5,-0.1,16.1,80,7.5,0.7,17.6,1,1008.2,17.6,16.1,0.0,0.0,0.0,0.0,0.0,0.0,ED_VERY_SAFE,TEMP_COOL,AQI_GOOD,HUM_VERY_HUMID,WIND_CALM,UV_LOW,ZONE_TEMPERATE
London,UK,51.5,-0.1,5.5,78,7.9,3.1,6.8,6,1009.9,6.8,3.747370676253713,0.0,0.0,50.0,3.1,0.0,53.1,ED_CAUTION,TEMP_COLD,AQI_HAZARDOUS,HUM_HUMID,WIND_CALM,UV_MODERATE,ZONE_TEMPERATE
London,UK,51.5,-0.1,0.6,8,14.3,8.1,-1.5,3,1015.5,0.6,-3.5455806330319013,0.0,5.318370949547852,18.0,9.1,0.0,32.41837094954785,ED_MODERATE_SAFE,TEMP_COLD,AQI_SENSITIVE,HUM_DRY,WIND_BREEZY,UV_VERY_HIGH,ZONE_TEMPERATE
London,UK,51.5,-0.1,12.5,27,20.1,0.9,11.3,2,1020.8,12.5,12.5,0.0,0.0,8.0,0.0,0.0,8.0,ED_VERY_SAFE,TEMP_COOL,AQI_MODERATE,HUM_DRY,WIND_WINDY,UV_LOW,ZONE_TEMPERATE
London,UK,51.5,-0.1,13.1,34,3.2,4.2,12.3,1,1003.9,13.1,13.1,0.0,0.0,0.0,4.2,0.0,4.2,ED_VERY_SAFE,TEMP_COOL,AQI_GOOD,HUM_COMFORTABLE,WIND_CALM,UV_MODERATE,ZONE_TEMPERATE
London,UK,51.5,-0.1,0.7,46,8.7,0.0,0.5,3,1023.8,0.7,-2.125112538061069,0.0,3.1876688070916046,18.0,0.0,0.0,21.187668807091605,ED_MODERATE_SAFE,TEMP_COLD,AQI_SENSITIVE,HUM_COMFORTABLE,WIND_CALM,UV_LOW,ZONE_TEMPERATE
London,UK,51.5,-0.1,14.3,67,12.7,0.6,15.1,1,1000.8,15.1,14.3,0.0,0.0,0.0,0.0,0.0,0.0,ED_VERY_SAFE,TEMP_COOL,AQI_GOOD,HUM_HUMID,WIND_BREEZY,UV_LOW,ZONE_TEMPERATE
London,UK,51.5,-0.1,-3.0,82,7.9,1.8,-1.4,3,1011.6,-1.4,-6.226563157122886,0.0,9.339844735684329,18.0,0.0,0.0,27.33984473568433,ED_MODERATE_SAFE,TEMP_FREEZING,AQI_SENSITIVE,HUM_VERY_HUMID,WIND_CALM,UV_LOW,ZONE_TEMPERATE
London,UK,51.5,-0.1,-2.8,62,12.8,8.5,-2.2,2,1024.3,-2.2,-7.386348138152607,0.0,11.07952220722891,8.0,9.5,0.0,28.579522207228912,ED_MODERATE_SAFE,TEMP_FREEZING,AQI_MODERATE,HUM_HUMID,WIND_BREEZY,UV_VERY_HIGH,ZONE_TEMPERATE
London,UK,51.5,-0.1,16.0,30,7.0,5.7,15.0,2,1015.7,16.0,16.0,0.0,0.0,8.0,5.7,0.0,13.7,ED_VERY_SAFE,TEMP_COOL,AQI_MODERATE,HUM_COMFORTABLE,WIND_CALM,UV_MODERATE,ZONE_TEMPERATE
London,UK,51.5,-0.1,11.9,32,20.2,3.9,10.9,1,1015.1,11.9,11.9,0.0,0.0,0.0,3.9,0.0,3.9,ED_VERY_SAFE,TEMP_COOL,AQI_GOOD,HUM_COMFORTABLE,WIND_WINDY,UV_MODERATE,ZONE_TEMPERATE
London,UK,51.5,-0.1,5.7,45,5.1,5.3,5.4,1,1009.9,5.7,4.83956274213125,0.0,0.0,0.0,5.3,0.0,5.3,ED_VERY_SAFE,TEMP_COLD,AQI_GOOD,HUM_COMFORTABLE,WIND_CALM,UV_MODERATE,ZONE_TEMPERATE
London,UK,51.5,-0.1,16.0,32,7.4,5.3,15.1,1,1009.7,16.0,16.0,0.0,0.0,0.0,5.3,0.0,5.3,ED_VERY_SAFE,TEMP_COOL,AQI_GOOD,HUM_COMFORTABLE,WIND_CALM,UV_MODERATE,ZONE_TEMPERATE
London,UK,51.5,-0.1,7.3,60,7.4,0.0,7.8,2,1027.2,7.8,5.9822705397923475,0.0,0.0,8.0,0.0,0.0,8.0,ED_VERY_SAFE,TEMP_COLD,AQI_MODERATE,HUM_HUMID,WIND_CALM,UV_LOW,ZONE_TEMPERATE
London,UK,51.5,-0.1,1.8,82,9.9,0.8,3.4,1,1019.3,3.4,-1.139590817451741,0.0,1.7093862261776103,0.0,0.0,0.0,1.7093862261776103,ED_VERY_SAFE,TEMP_COLD,AQI_GOOD,HUM_VERY_HUMID,WIND_CALM,UV_LOW,ZONE_TEMPERATE
London,UK,51.5,-0.1,14.3,21,16.2,4.7,12.8,3,1021.8,14.3,14.3,0.0,0.0,18.0,4.7,0.0,22.7,ED_MODERATE_SAFE,TEMP_COOL,AQI_SENSITIVE,HUM_DRY,WIND_BREEZY,UV_MODERATE,ZONE_TEMPERATE
London,UK,51.5,-0.1,8.0,58,7.3,1.6,8.4,2,1007.8,8.4,6.824188537159721,0.0,0.0,8.0,0.0,0.0,8.0,ED_VERY_SAFE,TEMP_COLD,AQI_MODERATE,HUM_COMFORTABLE,WIND_CALM,UV_LOW,ZONE_TEMPERATE
London,UK,51.5,-0.1,13.9,5,49.2,7.5,11.7,1,1015.4,13.9,13.9,0.0,0.0,0.0,8.25,0.0,8.25,ED_VERY_SAFE,TEMP_COOL,AQI_GOOD,HUM_DRY,WIND_STRONG,UV_HIGH,ZONE_TEMPERATE
London,UK,51.5,-0.1,5.2,49,8.9,3.2,5.2,1,998.8,5.2,3.1458968708325714,0.0,0.0,0.0,3.2,0.0,3.2,ED_VERY_SAFE,TEMP_COLD,AQI_GOOD,HUM_COMFORTABLE,WIND_CALM,UV_MODERATE,ZONE_TEMPERATE
London,UK,51.5,-0.1,9.7,48,8.4,6.4,9.6,1,1023.4,9.7,8.572327311071907,0.0,0.0,0.0,6.6000000000000005,0.0,6.6000000000000005,ED_VERY_SAFE,TEMP_COLD,AQI_GOOD,HUM_COMFORTABLE,WIND_CALM,UV_HIGH,ZONE_TEMPERATE
London,UK,51.5,-0.1,8.3,49,9.3,2.6,8.2,4,1006.6,8.3,6.735479979949923,0.0,0.0,32.0,1.8000000000000003,0.0,33.8,ED_MODERATE_SAFE,TEMP_COLD,AQI_UNHEALTHY,HUM_COMFORTABLE,WIND_CALM,UV_LOW,ZONE_TEMPERATE
London,UK,51.5,-0.1,16.4,43,4.7,5.0,16.1,1,1010.6,16.4,16.4,0.0,0.0,0.0,5.0,0.0,5.0,ED_VERY_SAFE,TEMP_COOL,AQI_GOOD,HUM_COMFORTABLE,WIND_CALM,UV_MODERATE,ZONE_TEMPERATE
London,UK,51.5,-0.1,12.5,5,10.0,0.0,10.2,1,1008.8,12.5,12.5,0.0,0.0,0.0,0.0,0.0,0.0,ED_VERY_SAFE,TEMP_COOL,AQI_GOOD,HUM_DRY,WIND_BREEZY,UV_LOW,ZONE_TEMPERATE
London,UK,51.5,-0.1,8.5,18,12.7,7.1,6.8,3,1021.8,8.5,6.388822399534973,0.0,0.0,18.0,7.6499999999999995,0.0,25.65,ED_MODERATE_SAFE,TEMP_COLD,AQI_SENSITIVE,HUM_DRY,WIND_BREEZY,UV_HIGH,ZONE_TEMPERATE
London,UK,51.5,-0.1,16.2,82,6.6,4.1,17.8,1,1016.9,17.8,16.2,0.0,0.0,0.0,4.1,0.0,4.1,ED_VERY_SAFE,TEMP_COOL,AQI_GOOD,HUM_VERY_HUMID,WIND_CALM,UV_MODERATE,ZONE_TEMPERATE
London,UK,51.5,-0.1,13.0,61,32.9,3.0,13.5,3,1030.1,13.5,13.0,0.0,0.0,18.0,3.0,0.0,21.0,ED_MODERATE_SAFE,TEMP_COOL,AQI_SENSITIVE,HUM_HUMID,WIND_WINDY,UV_MODERATE,ZONE_TEMPERATE
London,UK,51.5,-0.1,6.7,39,7.5,0.7,6.2,2,1007.2,6.7,5.255869253401507,0.0,0.0,8.0,0.0,0.0,8.0,ED_VERY_SAFE,TEMP_COLD,AQI_MODERATE,HUM_COMFORTABLE,WIND_CALM,UV_LOW,ZONE_TEMPERATE
London,UK,51.5,-0.1,4.0,84,16.8,5.8,5.7,1,1022.4,5.7,0.23981954424890173,0.0,0.0,0.0,5.8,0.0,5.8,ED_VERY_SAFE,TEMP_COLD,AQI_GOOD,HUM_VERY_HUMID,WIND_BREEZY,UV_MODERATE,ZONE_TEMPERATE
London,UK,51.5,-0.1,19.8,10,3.2,0.6,17.7,6,1004.5,19.8,19.8,0.0,0.0,50.0,0.0,0.0,50.0,ED_CAUTION,TEMP_IDEAL,AQI_HAZARDOUS,HUM_DRY,WIND_CALM,UV_LOW,ZONE_TEMPERATE
London,UK,51.5,-0.1,10.1,46,5.4,0.0,9.8,1,1011.0,10.1,10.1,0.0,0.0,0.0,0.0,0.0,0.0,ED_VERY_SAFE,TEMP_COOL,AQI_GOOD,HUM_COMFORTABLE,WIND_CALM,UV_LOW,ZONE_TEMPERATE
London,UK,51.5,-0.1,2.0,35,3.5,0.0,1.2,2,1010.4,2.0,2.0,0.0,0.0,8.0,0.0,0.0,8.0,ED_VERY_SAFE,TEMP_COLD,AQI_MODERATE,HUM_COMFORTABLE,WIND_CALM,UV_LOW,ZONE_TEMPERATE
London,UK,51.5,-0.1,7.8,28,18.8,4.2,6.7,2,1016.0,7.8,4.73178553900013,0.0,0.0,8.0,4.2,0.0,12.2,ED_VERY_SAFE,TEMP_COLD,AQI_MODERATE,HUM_DRY,WIND_BREEZY,UV_MODERATE,ZONE_TEMPERATE
London,UK,51.5,-0.1,12.9,48,28.3,4.0,12.8,3,1015.6,12.9,12.9,0.0,0.0,18.0,4.0,0.0,22.0,ED_MODERATE_SAFE,TEMP_COOL,AQI_SENSITIVE,HUM_COMFORTABLE,WIND_WINDY,UV_MODERATE,ZONE_TEMPERATE
London,UK,51.5,-0.1,9.5,59,5.0,1.6,10.0,4,1017.1,10.0,9.187888725953371,0.0,0.0,32.0,0.0,0.0,32.0,ED_MODERATE_SAFE,TEMP_COLD,AQI_UNHEALTHY,HUM_COMFORTABLE,WIND_CALM,UV_LOW,ZONE_TEMPERATE
London,UK,51.5,-0.1,15.4,17,4.2,3.2,13.7,2,1031.5,15.4,15.4,0.0,0.0,8.0,3.2,0.0,11.2,ED_VERY_SAFE,TEMP_COOL,AQI_MODERATE,HUM_DRY,WIND_CALM,UV_MODERATE,ZONE_TEMPERATE
London,UK,51.5,-0.1,8.3,35,6.7,3.1,7.5,3,1010.8,8.3,7.325470764183945,0.0,0.0,18.0,3.1,0.0,21.1,ED_MODERATE_SAFE,TEMP_COLD,AQI_SENSITIVE,HUM_COMFORTABLE,WIND_CALM,UV_MODERATE,ZONE_TEMPERATE
London,UK,51.5,-0.1,16.8,73,12.1,4.6,17.9,3,1002.3,17.9,16.8,0.0,0.0,18.0,4.6,0.0,22.6,ED_MODERATE_SAFE,TEMP_COOL,AQI_SENSITIVE,HUM_HUMID,WIND_BREEZY,UV_MODERATE,ZONE_TEMPERATE
London,UK,51.5,-0.1,13.2,73,10.4,4.9,14.3,1,1023.6,14.3,13.2,0.0,0.0,0.0,4.9,0.0,4.9,ED_VERY_SAFE,TEMP_COOL,AQI_GOOD,HUM_HUMID,WIND_BREEZY,UV_MODERATE,ZONE_TEMPERATE
London,UK,51.5,-0.1,5.2,28,10.8,7.0,4.1,2,1005.9,5.2,2.7306584212577545,0.0,0.0,8.0,7.5,0.0,15.5,ED_MODERATE_SAFE,TEMP_COLD,AQI_MODERATE,HUM_DRY,WIND_BREEZY,UV_HIGH,ZONE_TEMPERATE
London,UK,51.5,-0.1,1.0,70,5.2,0.0,2.0,4,1004.1,2.0,-0.5443374079874118,0.0,0.8165061119811163,32.0,0.0,0.0,32.81650611198111,ED_MODERATE_SAFE,TEMP_COLD,AQI_UNHEALTHY,HUM_HUMID,WIND_CALM,UV_LOW,ZONE_TEMPERATE
London,UK,51.5,-0.1,-1.3,45,19.6,2.7,-1.6,6,1002.8,-1.3,-6.820664932720103,0.0,10.230997399080154,50.0,2.1000000000000005,0.0,62.330997399080154,ED_DANGEROUS,TEMP_FREEZING,AQI_HAZARDOUS,HUM_COMFORTABLE,WIND_BREEZY,UV_LOW,ZONE_TEMPERATE
London,UK,51.5,-0.1,0.2,17,8.5,2.5,-1.5,4,1017.8,0.2,-2.6568266335266753,0.0,3.985239950290012,32.0,1.5,0.0,37.48523995029001,ED_CAUTION,TEMP_COLD,AQI_UNHEALTHY,HUM_DRY,WIND_CALM,UV_LOW,ZONE_TEMPERATE
London,UK,51.5,-0.1,7.1,17,13.5,2.1,5.4,2,1021.1,7.1,4.558891723288425,0.0,0.0,8.0,0.30000000000000027,0.0,8.3,ED_VERY_SAFE,TEMP_COLD,AQI_MODERATE,HUM_DRY,WIND_BREEZY,UV_LOW,ZONE_TEMPERATE
London,UK,51.5,-0.1,3.7,31,10.9,0.6,2.8,2,1011.7,3.7,0.9066960096131984,0.0,0.0,8.0,0.0,0.0,8.0,ED_VERY_SAFE,TEMP_COLD,AQI_MODERATE,HUM_COMFORTABLE,WIND_BREEZY,UV_LOW,ZONE_TEMPERATE
London,UK,51.5,-0.1,4.4,32,3.7,0.6,3.6,1,1018.7,4.4,4.4,0.0,0.0,0.0,0.0,0.0,0.0,ED_VERY_SAFE,TEMP_COLD,AQI_GOOD,HUM_COMFORTABLE,WIND_CALM,UV_LOW,ZONE_TEMPERATE
London,UK,51.5,-0.1,4.1,75,7.8,7.6,5.4,2,1016.2,5.4,2.132222764060035,0.0,0.0,8.0,8.399999999999999,0.0,16.4,ED_MODERATE_SAFE,TEMP_COLD,AQI_MODERATE,HUM_HUMID,WIND_CALM,UV_HIGH,ZONE_TEMPERATE
London,UK,51.5,-0.1,10.2,46,5.8,6.0,10.0,2,1012.3,10.2,10.2,0.0,0.0,8.0,6.0,0.0,14.0,ED_VERY_SAFE,TEMP_COOL,AQI_MODERATE,HUM_COMFORTABLE,WIND_CALM,UV_HIGH,ZONE_TEMPERATE
London,UK,51.5,-0.1,9.9,57,8.3,2.0,10.2,1,986.4,10.2,8.828130538761961,0.0,0.0,0.0,0.0,0.0,0.0,ED_VERY_SAFE,TEMP_COLD,AQI_GOOD,HUM_COMFORTABLE,WIND_CALM,UV_LOW,ZONE_TEMPERATE
London,UK,51.5,-0.1,5.2,43,15.0,2.9,4.9,1,1001.2,5.2,1.9955733027118332,0.0,0.0,0.0,2.6999999999999997,0.0,2.6999999999999997,ED_VERY_SAFE,TEMP_COLD,AQI_GOOD,HUM_COMFORTABLE,WIND_BREEZY,UV_LOW,ZONE_TEMPERATE
London,UK,51.5,-0.1,-1.3,21,8.6,6.8,-2.8,6,1012.8,-1.3,-4.458039545903077,0.0,6.687059318854615,50.0,7.199999999999999,0.0,63.88705931885461,ED_DANGEROUS,TEMP_FREEZING,AQI_HAZARDOUS,HUM_DRY,WIND_CALM,UV_HIGH,ZONE_TEMPERATE
London,UK,51.5,-0.1,4.5,34,13.7,4.6,3.7,1,1010.0,4.5,1.3453463497395886,0.0,0.0,0.0,4.6,0.0,4.6,ED_VERY_SAFE,TEMP_COLD,AQI_GOOD,HUM_COMFORTABLE,WIND_BREEZY,UV_MODERATE,ZONE_TEMPERATE
London,UK,51.5,-0.1,14.5,12,6.1,0.4,12.6,2,1032.5,14.5,14.5,0.0,0.0,8.0,0.0,0.0,8.0,ED_VERY_SAFE,TEMP_COOL,AQI_MODERATE,HUM_DRY,WIND_CALM,UV_LOW,ZONE_TEMPERATE
London,UK,51.5,-0.1,12.4,83,17.9,4.0,14.1,4,1009.0,14.1,12.4,0.0,0.0,32.0,4.0,0.0,36.0,ED_CAUTION,TEMP_COOL,AQI_UNHEALTHY,HUM_VERY_HUMID,WIND_BREEZY,UV_MODERATE,ZONE_TEMPERATE
London,UK,51.5,-0.1,5.3,15,63.2,2.6,3.5,1,1011.1,5.3,-1.5800008400660195,0.0,2.3700012600990306,0.0,1.8000000000000003,0.0,4.170001260099031,ED_VERY_SAFE,TEMP_COLD,AQI_GOOD,HUM_DRY,WIND_STRONG,UV_LOW,ZONE_TEMPERATE
London,UK,51.5,-0.1,9.5,71,9.1,3.8,10.5,2,1016.0,10.5,8.198801622050336,0.0,0.0,8.0,3.8,0.0,11.8,ED_VERY_SAFE,TEMP_COLD,AQI_MODERATE,HUM_HUMID,WIND_CALM,UV_MODERATE,ZONE_TEMPERATE
London,UK,51.5,-0.1,15.8,47,3.2,1.9,15.6,2,1009.2,15.8,15.8,0.0,0.0,8.0,0.0,0.0,8.0,ED_VERY_SAFE,TEMP_COOL,AQI_MODERATE,HUM_COMFORTABLE,WIND_CALM,UV_LOW,ZONE_TEMPERATE
London,UK,51.5,-0.1,8.5,33,25.4,1.8,7.6,6,1015.8,8.5,4.979743214269578,0.0,0.0,50.0,0.0,0.0,50.0,ED_CAUTION,TEMP_COLD,AQI_HAZARDOUS,HUM_COMFORTABLE,WIND_WINDY,UV_LOW,ZONE_TEMPERATE
London,UK,51.5,-0.1,1.4,50,7.1,3.7,1.3,2,1023.4,1.4,-0.8086094610866074,0.0,1.2129141916299115,8.0,3.7,0.0,12.912914191629913,ED_VERY_SAFE,TEMP_COLD,AQI_MODERATE,HUM_COMFORTABLE,WIND_CALM,UV_MODERATE,ZONE_TEMPERATE
London,UK,51.5,-0.1,6.6,41,18.7,0.7,6.2,4,1015.0,6.6,3.237090747061788,0.0,0.0,32.0,0.0,0.0,32.0,ED_MODERATE_SAFE,TEMP_COLD,AQI_UNHEALTHY,HUM_COMFORTABLE,WIND_BREEZY,UV_LOW,ZONE_TEMPERATE
London,UK,51.5,-0.1,22.5,29,27.3,6.6,21.5,2,1021.5,22.5,22.5,0.0,0.0,8.0,6.8999999999999995,0.0,14.899999999999999,ED_VERY_SAFE,TEMP_IDEAL,AQI_MODERATE,HUM_DRY,WIND_WINDY,UV_HIGH,ZONE_TEMPERATE
London,UK,51.5,-0.1,6.8,55,23.9,1.3,7.1,5,1003.1,7.1,2.933243756887526,0.0,0.0,45.0,0.0,0.0,45.0,ED_CAUTION,TEMP_COLD,AQI_VERY_UNHEALTHY,HUM_COMFORTABLE,WIND_WINDY,UV_LOW,ZONE_TEMPERATE
London,UK,51.5,-0.1,0.0,43,19.8,0.0,-0.3,3,1005.7,0.0,-5.212719566160443,0.0,7.819079349240664,18.0,0.0,0.0,25.819079349240663,ED_MODERATE_SAFE,TEMP_COLD,AQI_SENSITIVE,HUM_COMFORTABLE,WIND_BREEZY,UV_LOW,ZONE_TEMPERATE
London,UK,51.5,-0.1,4.9,56,18.1,7.8,5.3,1,1026.2,5.3,1.1819977591226598,0.0,0.0,0.0,8.7,0.0,8.7,ED_VERY_SAFE,TEMP_COLD,AQI_GOOD,HUM_COMFORTABLE,WIND_BREEZY,UV_HIGH,ZONE_TEMPERATE
London,UK,51.5,-0.1,4.2,55,38.2,4.9,4.5,4,1024.0,4.5,-1.6522005866433545,0.0,2.4783008799650332,32.0,4.9,0.0,39.37830087996503,ED_CAUTION,TEMP_COLD,AQI_UNHEALTHY,HUM_COMFORTABLE,WIND_WINDY,UV_MODERATE,ZONE_TEMPERATE
London,UK,51.5,-0.1,13.5,38,21.9,4.2,12.9,1,995.6,13.5,13.5,0.0,0.0,0.0,4.2,0.0,4.2,ED_VERY_SAFE,TEMP_COOL,AQI_GOOD,HUM_COMFORTABLE,WIND_WINDY,UV_MODERATE,ZONE_TEMPERATE
London,UK,51.5,-0.1,13.0,40,33.2,6.5,12.5,1,1022.1,13.0,13.0,0.0,0.0,0.0,6.75,0.0,6.75,ED_VERY_SAFE,TEMP_COOL,AQI_GOOD,HUM_COMFORTABLE,WIND_WINDY,UV_HIGH,ZONE_TEMPERATE
London,UK,51.5,-0.1,4.9,67,3.6,3.3,5.7,1,1029.2,5.7,4.9,0.0,0.0,0.0,3.3,0.0,3.3,ED_VERY_SAFE,TEMP_COLD,AQI_GOOD,HUM_HUMID,WIND_CALM,UV_MODERATE,ZONE_TEMPERATE
London,UK,51.5,-0.1,13.1,44,11.5,2.3,12.8,1,1017.6,13.1,13.1,0.0,0.0,0.0,0.8999999999999995,0.0,0.8999999999999995,ED_VERY_SAFE,TEMP_COOL,AQI_GOOD,HUM_COMFORTABLE,WIND_BREEZY,UV_LOW,ZONE_TEMPERATE
London,UK,51.5,-0.1,4.7,65,8.2,3.6,5.4,1,1010.8,5.4,2.729501319750754,0.0,0.0,0.0,3.6,0.0,3.6,ED_VERY_SAFE,TEMP_COLD,AQI_GOOD,HUM_HUMID,WIND_CALM,UV_MODERATE,ZONE_TEMPERATE
London,UK,51.5,-0.1,16.0,31,9.0,4.4,15.1,1,1017.4,16.0,16.0,0.0,0.0,0.0,4.4,0.0,4.4,ED_VERY_SAFE,TEMP_COOL,AQI_GOOD,HUM_COMFORTABLE,WIND_CALM,UV_MODERATE,ZONE_TEMPERATE
London,UK,51.5,-0.1,15.2,33,4.3,0.0,14.4,3,1009.1,15.2,15.2,0.0,0.0,18.0,0.0,0.0,18.0,ED_MODERATE_SAFE,TEMP_COOL,AQI_SENSITIVE,HUM_COMFORTABLE,WIND_CALM,UV_LOW,ZONE_TEMPERATE
London,UK,51.5,-0.1,22.7,71,10.1,5.6,23.8,2,1008.3,23.8,22.7,0.0,0.0,8.0,5.6,0.0,13.6,ED_VERY_SAFE,TEMP_IDEAL,AQI_MODERATE,HUM_HUMID,WIND_BREEZY,UV_MODERATE,ZONE_TEMPERATE
London,UK,51.5,-0.1,8.0,8,14.3,6.4,5.9,1,1000.4,8.0,5.544370691100913,0.0,0.0,0.0,6.6000000000000005,0.0,6.6000000000000005,ED_VERY_SAFE,TEMP_COLD,AQI_GOOD,HUM_DRY,WIND_BREEZY,UV_HIGH,ZONE_TEMPERATE
London,UK,51.5,-0.1,1.1,30,16.1,10.8,0.1,5,1016.8,1.1,-3.2518812604533025,0.0,4.877821890679954,45.0,11.8,0.0,61.67782189067995,ED_DANGEROUS,TEMP_COLD,AQI_VERY_UNHEALTHY,HUM_COMFORTABLE,WIND_BREEZY,UV_VERY_HIGH,ZONE_TEMPERATE
London,UK,51.5,-0.1,3.2,38,10.2,5.4,2.6,2,1010.7,3.2,0.46178934311582087,0.0,0.0,8.0,5.4,0.0,13.4,ED_VERY_SAFE,TEMP_COLD,AQI_MODERATE,HUM_COMFORTABLE,WIND_BREEZY,UV_MODERATE,ZONE_TEMPERATE
London,UK,51.5,-0.1,6.9,72,8.8,0.1,7.9,2,1007.1,7.9,5.180874061687581,0.0,0.0,8.0,0.0,0.0,8.0,ED_VERY_SAFE,TEMP_COLD,AQI_MODERATE,HUM_HUMID,WIND_CALM,UV_LOW,ZONE_TEMPERATE
London,UK,51.5,-0.1,5.0,95,31.5,3.3,7.2,3,1025.4,7.2,-0.07595460678397492,0.0,0.11393191017596394,18.0,3.3,0.0,21.413931910175965,ED_MODERATE_SAFE,TEMP_COLD,AQI_SENSITIVE,HUM_VERY_HUMID,WIND_WINDY,UV_MODERATE,ZONE_TEMPERATE
London,UK,51.5,-0.1,14.6,49,9.6,2.2,14.5,2,1015.9,14.6,14.6,0.0,0.0,8.0,0.6000000000000005,0.0,8.600000000000001,ED_VERY_SAFE,TEMP_COOL,AQI_MODERATE,HUM_COMFORTABLE,WIND_CALM,UV_LOW,ZONE_TEMPERATE
London,UK,51.5,-0.1,8.6,75,4.6,5.7,9.8,2,1001.4,9.8,8.6,0.0,0.0,8.0,5.7,0.0,13.7,ED_VERY_SAFE,TEMP_COLD,AQI_MODERATE,HUM_HUMID,WIND_CALM,UV_MODERATE,ZONE_TEMPERATE
London,UK,51.5,-0.1,21.4,60,18.1,0.0,21.9,3,1007.5,21.9,21.4,0.0,0.0,18.0,0.0,0.0,18.0,ED_MODERATE_SAFE,TEMP_IDEAL,AQI_SENSITIVE,HUM_HUMID,WIND_BREEZY,UV_LOW,ZONE_TEMPERATE
London,UK,51.5,-0.1,2.3,58,6.6,5.4,2.7,2,998.9,2.7,0.4052710103199535,0.0,0.0,8.0,5.4,0.0,13.4,ED_VERY_SAFE,TEMP_COLD,AQI_MODERATE,HUM_COMFORTABLE,WIND_CALM,UV_MODERATE,ZONE_TEMPERATE
London,UK,51.5,-0.1,11.7,55,19.6,2.7,11.9,2,999.5,11.9,11.7,0.0,0.0,8.0,2.1000000000000005,0.0,10.100000000000001,ED_VERY_SAFE,TEMP_COOL,AQI_MODERATE,HUM_COMFORTABLE,WIND_BREEZY,UV_LOW,ZONE_TEMPERATE
London,UK,51.5,-0.1,11.8,16,1.4,0.0,10.1,1,996.4,11.8,11.8,0.0,0.0,0.0,0.0,0.0,0.0,ED_VERY_SAFE,TEMP_COOL,AQI_GOOD,HUM_DRY,WIND_CALM,UV_LOW,ZONE_TEMPERATE
London,UK,51.5,-0.1,10.4,30,2.2,8.9,9.4,3,1013.6,10.4,10.4,0.0,0.0,18.0,9.9,0.0,27.9,ED_MODERATE_SAFE,TEMP_COOL,AQI_SENSITIVE,HUM_COMFORTABLE,WIND_CALM,UV_VERY_HIGH,ZONE_TEMPERATE
London,UK,51.5,-0.1,7.4,73,24.9,3.3,8.6,3,997.4,8.6,3.6092200575618705,0.0,0.0,18.0,3.3,0.0,21.3,ED_MODERATE_SAFE,TEMP_COLD,AQI_SENSITIVE,HUM_HUMID,WIND_WINDY,UV_MODERATE,ZONE_TEMPERATE
London,UK,51.5,-0.1,-0.6,32,14.7,1.1,-1.5,1,1003.1,-0.6,-5.098223762269342,0.0,7.647335643404013,0.0,0.0,0.0,7.647335643404013,ED_VERY_SAFE,TEMP_FREEZING,AQI_GOOD,HUM_COMFORTABLE,WIND_BREEZY,UV_LOW,ZONE_TEMPERATE
London,UK,51.5,-0.1,16.8,52,6.2,6.7,16.9,2,1022.1,16.9,16.8,0.0,0.0,8.0,7.050000000000001,0.0,15.05,ED_MODERATE_SAFE,TEMP_COOL,AQI_MODERATE,HUM_COMFORTABLE,WIND_CALM,UV_HIGH,ZONE_TEMPERATE
London,UK,51.5,-0.1,6.7,63,18.1,6.4,7.4,2,1012.2,7.4,3.435040428361418,0.0,0.0,8.0,6.6000000000000005,0.0,14.600000000000001,ED_VERY_SAFE,TEMP_COLD,AQI_MODERATE,HUM_HUMID,WIND_BREEZY,UV_HIGH,ZONE_TEMPERATE
London,UK,51.5,-0.1,13.7,79,6.7,5.3,15.1,1,1021.8,15.1,13.7,0.0,0.0,0.0,5.3,0.0,5.3,ED_VERY_SAFE,TEMP_COOL,AQI_GOOD,HUM_HUMID,WIND_CALM,UV_MODERATE,ZONE_TEMPERATE
London,UK,51.5,-0.1,14.2,47,8.1,2.4,14.0,1,1005.0,14.2,14.2,0.0,0.0,0.0,1.1999999999999997,0.0,1.1999999999999997,ED_VERY_SAFE,TEMP_COOL,AQI_GOOD,HUM_COMFORTABLE,WIND_CALM,UV_LOW,ZONE_TEMPERATE
London,UK,51.5,-0.1,-2.1,19,18.2,5.2,-3.7,1,1014.6,-2.1,-7.596939667788334,0.0,11.3954095016825,0.0,5.2,0.0,16.5954095016825,ED_MODERATE_SAFE,TEMP_FREEZING,AQI_GOOD,HUM_DRY,WIND_BREEZY,UV_MODERATE,ZONE_TEMPERATE
London,UK,51.5,-0.1,11.5,52,2.8,5.8,11.6,2,1011.5,11.6,11.5,0.0,0.0,8.0,5.8,0.0,13.8,ED_VERY_SAFE,TEMP_COOL,AQI_MODERATE,HUM_COMFORTABLE,WIND_CALM,UV_MODERATE,ZONE_TEMPERATE
London,UK,51.5,-0.1,10.2,56,4.5,2.8,10.4,1,1013.5,10.4,10.2,0.0,0.0,0.0,2.3999999999999995,0.0,2.3999999999999995,ED_VERY_SAFE,TEMP_COOL,AQI_GOOD,HUM_COMFORTABLE,WIND_CALM,UV_LOW,ZONE_TEMPERATE
London,UK,51.5,-0.1,4.2,24,8.3,5.6,2.9,2,1017.9,4.2,2.1147681811130425,0.0,0.0,8.0,5.6,0.0,13.6,ED_VERY_SAFE,TEMP_COLD,AQI_MODERATE,HUM_DRY,WIND_CALM,UV_MODERATE,ZONE_TEMPERATE
London,UK,51.5,-0.1,5.6,45,9.2,2.4,5.4,3,1000.4,5.6,3.55047065035594,0.0,0.0,18.0,1.1999999999999997,0.0,19.2,ED_MODERATE_SAFE,TEMP_COLD,AQI_SENSITIVE,HUM_COMFORTABLE,WIND_CALM,UV_LOW,ZONE_TEMPERATE
London,UK,51.5,-0.1,17.9,50,7.4,3.3,17.9,3,1026.8,17.9,17.9,0.0,0.0,18.0,3.3,0.0,21.3,ED_MODERATE_SAFE,TEMP_COOL,AQI_SENSITIVE,HUM_COMFORTABLE,WIND_CALM,UV_MODERATE,ZONE_TEMPERATE
London,UK,51.5,-0.1,14.8,100,11.5,2.7,17.3,1,1004.7,17.3,14.8,0.0,0.0,0.0,2.1000000000000005,0.0,2.1000000000000005,ED_VERY_SAFE,TEMP_COOL,AQI_GOOD,HUM_VERY_HUMID,WIND_BREEZY,UV_LOW,ZONE_TEMPERATE
London,UK,51.5,-0.1,7.6,100,11.0,4.7,10.1,2,1016.7,10.1,5.578826670525817,0.0,0.0,8.0,4.7,0.0,12.7,ED_VERY_SAFE,TEMP_COLD,AQI_MODERATE,HUM_VERY_HUMID,WIND_BREEZY,UV_MODERATE,ZONE_TEMPERATE
London,UK,51.5,-0.1,8.2,77,7.7,2.2,9.6,1,999.1,9.6,6.961830986071061,0.0,0.0,0.0,0.6000000000000005,0.0,0.6000000000000005,ED_VERY_SAFE,TEMP_COLD,AQI_GOOD,HUM_HUMID,WIND_CALM,UV_LOW,ZONE_TEMPERATE
London,UK,51.5,-0.1,-4.0,57,1.7,1.0,-3.7,2,1021.9,-3.7,-4.0,0.0,6.0,8.0,0.0,0.0,14.0,ED_VERY_SAFE,TEMP_FREEZING,AQI_MODERATE,HUM_COMFORTABLE,WIND_CALM,UV_LOW,ZONE_TEMPERATE
London,UK,51.5,-0.1,12.3,52,13.1,6.4,12.4,2,1016.6,12.4,12.3,0.0,0.0,8.0,6.6000000000000005,0.0,14.600000000000001,ED_VERY_SAFE,TEMP_COOL,AQI_MODERATE,HUM_COMFORTABLE,WIND_BREEZY,UV_HIGH,ZONE_TEMPERATE
London,UK,51.5,-0.1,10.7,40,4.8,0.0,10.2,2,1006.9,10.7,10.7,0.0,0.0,8.0,0.0,0.0,8.0,ED_VERY_SAFE,TEMP_COOL,AQI_MODERATE,HUM_COMFORTABLE,WIND_CALM,UV_LOW,ZONE_TEMPERATE
London,UK,51.5,-0.1,-0.1,44,29.3,9.6,-0.3,3,1006.0,-0.1,-6.52929514506444,0.0,9.79394271759666,18.0,10.6,0.0,38.39394271759666,ED_CAUTION,TEMP_FREEZING,AQI_SENSITIVE,HUM_COMFORTABLE,WIND_WINDY,UV_VERY_HIGH,ZONE_TEMPERATE
London,UK,51.5,-0.1,14.0,72,5.8,4.9,15.1,3,1018.6,15.1,14.0,0.0,0.0,18.0,4.9,0.0,22.9,ED_MODERATE_SAFE,TEMP_COOL,AQI_SENSITIVE,HUM_HUMID,WIND_CALM,UV_MODERATE,ZONE_TEMPERATE
London,UK,51.5,-0.1,-0.1,54,25.7,1.3,0.1,1,1014.1,0.1,-6.1227249829330175,0.0,9.184087474399526,0.0,0.0,0.0,9.184087474399526,ED_VERY_SAFE,TEMP_FREEZING,AQI_GOOD,HUM_COMFORTABLE,WIND_WINDY,UV_LOW,ZONE_TEMPERATE
London,UK,51.5,-0.1,6.8,45,1.8,0.5,6.5,1,1014.0,6.8,6.8,0.0,0.0,0.0,0.0,0.0,0.0,ED_VERY_SAFE,TEMP_COLD,AQI_GOOD,HUM_COMFORTABLE,WIND_CALM,UV_LOW,ZONE_TEMPERATE
London,UK,51.5,-0.1,4.5,28,11.4,11.5,3.4,1,1021.8,4.5,1.7675829368461122,0.0,0.0,0.0,12.0,0.0,12.0,ED_VERY_SAFE,TEMP_COLD,AQI_GOOD,HUM_DRY,WIND_BREEZY,UV_EXTREME,ZONE_TEMPERATE
London,UK,51.5,-0.1,8.2,46,22.5,4.8,8.0,1,1005.2,8.2,4.855400518417345,0.0,0.0,0.0,4.8,0.0,4.8,ED_VERY_SAFE,TEMP_COLD,AQI_GOOD,HUM_COMFORTABLE,WIND_WINDY,UV_MODERATE,ZONE_TEMPERATE
London,UK,51.5,-0.1,7.0,49,7.5,5.1,6.9,2,1024.4,7.0,5.6065196676814875,0.0,0.0,8.0,5.1,0.0,13.1,ED_VERY_SAFE,TEMP_COLD,AQI_MODERATE,HUM_COMFORTABLE,WIND_CALM,UV_MODERATE,ZONE_TEMPERATE
London,UK,51.5,-0.1,0.9,49,16.8,1.3,0.9,4,994.4,0.9,-3.6172618444659865,0.0,5.425892766698979,32.0,0.0,0.0,37.42589276669898,ED_CAUTION,TEMP_COLD,AQI_UNHEALTHY,HUM_COMFORTABLE,WIND_BREEZY,UV_LOW,ZONE_TEMPERATE
London,UK,51.5,-0.1,14.6,5,24.6,5.7,12.4,1,996.8,14.6,14.6,0.0,0.0,0.0,5.7,0.0,5.7,ED_VERY_SAFE,TEMP_COOL,AQI_GOOD,HUM_DRY,WIND_WINDY,UV_MODERATE,ZONE_TEMPERATE
London,UK,51.5,-0.1,4.2,67,9.9,8.0,5.0,1,1011.4,5.0,1.72527959928644,0.0,0.0,0.0,9.0,0.0,9.0,ED_VERY_SAFE,TEMP_COLD,AQI_GOOD,HUM_HUMID,WIND_CALM,UV_VERY_HIGH,ZONE_TEMPERATE
London,UK,51.5,-0.1,1.9,60,7.7,2.9,2.4,1,1010.1,2.4,-0.416377937567429,0.0,0.6245669063511432,0.0,2.6999999999999997,0.0,3.324566906351143,ED_VERY_SAFE,TEMP_COLD,AQI_GOOD,HUM_HUMID,WIND_CALM,UV_LOW,ZONE_TEMPERATE
London,UK,51.5,-0.1,7.3,25,12.8,2.0,6.1,5,1013.6,7.3,4.912488624996448,0.0,0.0,45.0,0.0,0.0,45.0,ED_CAUTION,TEMP_COLD,AQI_VERY_UNHEALTHY,HUM_DRY,WIND_BREEZY,UV_LOW,ZONE_TEMPERATE
London,UK,51.5,-0.1,5.2,46,6.0,2.3,4.9,3,994.5,5.2,3.953278307232884,0.0,0.0,18.0,0.8999999999999995,0.0,18.9,ED_MODERATE_SAFE,TEMP_COLD,AQI_SENSITIVE,HUM_COMFORTABLE,WIND_CALM,UV_LOW,ZONE_TEMPERATE
London,UK,51.5,-0.1,5.2,38,6.7,2.0,4.6,2,1015.2,5.2,3.732429984611681,0.0,0.0,8.0,0.0,0.0,8.0,ED_VERY_SAFE,TEMP_COLD,AQI_MODERATE,HUM_COMFORTABLE,WIND_CALM,UV_LOW,ZONE_TEMPERATE
London,UK,51.5,-0.1,1.7,32,5.7,9.4,0.8,2,997.6,1.7,0.04599105670184245,0.0,0.0,8.0,10.4,0.0,18.4,ED_MODERATE_SAFE,TEMP_COLD,AQI_MODERATE,HUM_COMFORTABLE,WIND_CALM,UV_VERY_HIGH,ZONE_TEMPERATE
London,UK,51.5,-0.1,8.2,83,16.1,0.9,9.9,1,1012.6,9.9,5.552074530998485,0.0,0.0,0.0,0.0,0.0,0.0,ED_VERY_SAFE,TEMP_COLD,AQI_GOOD,HUM_VERY_HUMID,WIND_BREEZY,UV_LOW,ZONE_TEMPERATE
London,UK,51.5,-0.1,15.2,49,30.3,0.0,15.1,4,1016.3,15.2,15.2,0.0,0.0,32.0,0.0,0.0,32.0,ED_MODERATE_SAFE,TEMP_COOL,AQI_UNHEALTHY,HUM_COMFORTABLE,WIND_WINDY,UV_LOW,ZONE_TEMPERATE
London,UK,51.5,-0.1,10.3,55,19.6,3.4,10.5,2,1008.1,10.5,10.3,0.0,0.0,8.0,3.4,0.0,11.4,ED_VERY_SAFE,TEMP_COOL,AQI_MODERATE,HUM_COMFORTABLE,WIND_BREEZY,UV_MODERATE,ZONE_TEMPERATE
London,UK,51.5,-0.1,8.8,34,3.2,4.3,8.1,3,1022.2,8.8,8.8,0.0,0.0,18.0,4.3,0.0,22.3,ED_MODERATE_SAFE,TEMP_COLD,AQI_SENSITIVE,HUM_COMFORTABLE,WIND_CALM,UV_MODERATE,ZONE_TEMPERATE
London,UK,51.5,-0.1,8.1,20,4.8,1.9,6.6,1,1015.1,8.1,8.1,0.0,0.0,0.0,0.0,0.0,0.0,ED_VERY_SAFE,TEMP_COLD,AQI_GOOD,HUM_DRY,WIND_CALM,UV_LOW,ZONE_TEMPERATE
London,UK,51.5,-0.1,3.1,26,15.1,5.6,1.9,3,1026.6,3.1,-0.610426386958794,0.0,0.9156395804381923,18.0,5.6,0.0,24.51563958043819,ED_MODERATE_SAFE,TEMP_COLD,AQI_SENSITIVE,HUM_DRY,WIND_BREEZY,UV_MODERATE,ZONE_TEMPERATE
London,UK,51.5,-0.1,4.6,52,5.8,9.1,4.7,1,1013.4,4.7,3.3322803144703808,0.0,0.0,0.0,10.1,0.0,10.1,ED_VERY_SAFE,TEMP_COLD,AQI_GOOD,HUM_COMFORTABLE,WIND_CALM,UV_VERY_HIGH,ZONE_TEMPERATE
London,UK,51.5,-0.1,-0.2,57,5.6,0.0,0.2,2,997.8,0.2,-2.087344745485542,0.0,3.1310171182283124,8.0,0.0,0.0,11.131017118228312,ED_VERY_SAFE,TEMP_FREEZING,AQI_MODERATE,HUM_COMFORTABLE,WIND_CALM,UV_LOW,ZONE_TEMPERATE
London,UK,51.5,-0.1,8.4,52,2.9,0.5,8.5,6,1021.5,8.5,8.4,0.0,0.0,50.0,0.0,0.0,50.0,ED_CAUTION,TEMP_COLD,AQI_HAZARDOUS,HUM_COMFORTABLE,WIND_CALM,UV_LOW,ZONE_TEMPERATE
Sydney,Australia,-33.9,151.2,10.5,25,4.9,6.1,9.3,1,1013.6,10.5,10.5,0.0,0.0,0.0,6.1499999999999995,0.0,6.1499999999999995,ED_VERY_SAFE,TEMP_COOL,AQI_GOOD,HUM_DRY,WIND_CALM,UV_HIGH,ZONE_SUBTROPICAL
Sydney,Australia,-33.9,151.2,27.0,53,0.3,7.1,27.7,1,1013.3,27.7,27.0,2.099999999999998,0.0,0.0,7.6499999999999995,0.0,9.749999999999996,ED_VERY_SAFE,TEMP_WARM,AQI_GOOD,HUM_COMFORTABLE,WIND_CALM,UV_HIGH,ZONE_SUBTROPICAL
Sydney,Australia,-33.9,151.2,11.9,29,5.7,1.9,10.9,5,1014.6,11.9,11.9,0.0,0.0,45.0,0.0,0.0,45.0,ED_CAUTION,TEMP_COOL,AQI_VERY_UNHEALTHY,HUM_DRY,WIND_CALM,UV_LOW,ZONE_SUBTROPICAL
Sydney,Australia,-33.9,151.2,9.3,52,39.3,5.8,9.4,2,1001.9,9.4,5.076762353751505,0.0,0.0,8.0,5.8,0.0,13.8,ED_VERY_SAFE,TEMP_COLD,AQI_MODERATE,HUM_COMFORTABLE,WIND_WINDY,UV_MODERATE,ZONE_SUBTROPICAL
Sydney,Australia,-33.9,151.2,21.6,59,10.6,8.7,22.1,1,1033.4,22.1,21.6,0.0,0.0,0.0,9.7,0.0,9.7,ED_VERY_SAFE,TEMP_IDEAL,AQI_GOOD,HUM_COMFORTABLE,WIND_BREEZY,UV_VERY_HIGH,ZONE_SUBTROPICAL
Sydney,Australia,-33.9,151.2,28.0,35,2.4,9.1,28.1,5,1009.2,28.1,28.0,3.3000000000000043,0.0,45.0,10.1,0.0,58.400000000000006,ED_DANGEROUS,TEMP_WARM,AQI_VERY_UNHEALTHY,HUM_COMFORTABLE,WIND_CALM,UV_VERY_HIGH,ZONE_SUBTROPICAL
Sydney,Australia,-33.9,151.2,20.4,21,9.4,8.5,19.0,2,1022.4,20.4,20.4,0.0,0.0,8.0,9.5,0.0,17.5,ED_MODERATE_SAFE,TEMP_IDEAL,AQI_MODERATE,HUM_DRY,WIND_CALM,UV_VERY_HIGH,ZONE_SUBTROPICAL
Sydney,Australia,-33.9,151.2,6.5,38,9.7,1.3,5.9,6,1033.7,6.5,4.512147646110613,0.0,0.0,50.0,0.0,0.0,50.0,ED_CAUTION,TEMP_COLD,AQI_HAZARDOUS,HUM_COMFORTABLE,WIND_CALM,UV_LOW,ZONE_SUBTROPICAL
Sydney,Australia,-33.9,151.2,15.5,37,6.0,8.4,14.9,1,1013.2,15.5,15.5,0.0,0.0,0.0,9.4,0.0,9.4,ED_VERY_SAFE,TEMP_COOL,AQI_GOOD,HUM_COMFORTABLE,WIND_CALM,UV_VERY_HIGH,ZONE_SUBTROPICAL
Sydney,Australia,-33.9,151.2,14.6,57,5.4,7.5,15.0,3,1008.8,15.0,14.6,0.0,0.0,18.0,8.25,0.0,26.25,ED_MODERATE_SAFE,TEMP_COOL,AQI_SENSITIVE,HUM_COMFORTABLE,WIND_CALM,UV_HIGH,ZONE_SUBTROPICAL
Sydney,Australia,-33.9,151.2,23.5,55,3.6,13.0,23.8,1,1016.5,23.8,23.5,0.0,0.0,0.0,12.0,0.0,12.0,ED_VERY_SAFE,TEMP_IDEAL,AQI_GOOD,HUM_COMFORTABLE,WIND_CALM,UV_EXTREME,ZONE_SUBTROPICAL
Sydney,Australia,-33.9,151.2,10.7,43,9.4,1.2,10.3,4,1023.1,10.7,10.7,0.0,0.0,32.0,0.0,0.0,32.0,ED_MODERATE_SAFE,TEMP_COOL,AQI_UNHEALTHY,HUM_COMFORTABLE,WIND_CALM,UV_LOW,ZONE_SUBTROPICAL
Sydney,Australia,-33.9,151.2,16.2,5,30.4,2.8,13.9,6,1012.2,16.2,16.2,0.0,0.0,50.0,2.3999999999999995,0.0,52.4,ED_CAUTION,TEMP_COOL,AQI_HAZARDOUS,HUM_DRY,WIND_WINDY,UV_LOW,ZONE_SUBTROPICAL
Sydney,Australia,-33.9,151.2,22.6,78,12.1,7.0,24.0,6,1017.7,24.0,22.6,0.0,0.0,50.0,7.5,0.0,57.5,ED_DANGEROUS,TEMP_IDEAL,AQI_HAZARDOUS,HUM_HUMID,WIND_BREEZY,UV_HIGH,ZONE_SUBTROPICAL
Sydney,Australia,-33.9,151.2,23.8,36,20.9,9.3,23.1,4,1011.7,23.8,23.8,0.0,0.0,32.0,10.3,0.0,42.3,ED_CAUTION,TEMP_IDEAL,AQI_UNHEALTHY,HUM_COMFORTABLE,WIND_WINDY,UV_VERY_HIGH,ZONE_SUBTROPICAL
Sydney,Australia,-33.9,151.2,19.2,18,2.1,5.6,17.5,3,1014.4,19.2,19.2,0.0,0.0,18.0,5.6,0.0,23.6,ED_MODERATE_SAFE,TEMP_IDEAL,AQI_SENSITIVE,HUM_DRY,WIND_CALM,UV_MODERATE,ZONE_SUBTROPICAL
Sydney,Australia,-33.9,151.2,13.4,28,14.4,7.0,12.3,1,1010.3,13.4,13.4,0.0,0.0,0.0,7.5,0.0,7.5,ED_VERY_SAFE,TEMP_COOL,AQI_GOOD,HUM_DRY,WIND_BREEZY,UV_HIGH,ZONE_SUBTROPICAL
Sydney,Australia,-33.9,151.2,22.3,29,25.1,7.3,21.2,1,1011.1,22.3,22.3,0.0,0.0,0.0,7.949999999999999,0.0,7.949999999999999,ED_VERY_SAFE,TEMP_IDEAL,AQI_GOOD,HUM_DRY,WIND_WINDY,UV_HIGH,ZONE_SUBTROPICAL
Sydney,Australia,-33.9,151.2,19.8,86,17.0,6.0,21.6,1,1016.5,21.6,19.8,0.0,0.0,0.0,6.0,0.0,6.0,ED_VERY_SAFE,TEMP_IDEAL,AQI_GOOD,HUM_VERY_HUMID,WIND_BREEZY,UV_HIGH,ZONE_SUBTROPICAL
Sydney,Australia,-33.9,151.2,18.5,58,12.0,11.7,18.9,1,1011.2,18.9,18.5,0.0,0.0,0.0,12.0,0.0,12.0,ED_VERY_SAFE,TEMP_IDEAL,AQI_GOOD,HUM_COMFORTABLE,WIND_BREEZY,UV_EXTREME,ZONE_SUBTROPICAL
Sydney,Australia,-33.9,151.2,7.3,49,7.0,8.4,7.3,2,1017.2,7.3,6.0856120770787205,0.0,0.0,8.0,9.4,0.0,17.4,ED_MODERATE_SAFE,TEMP_COLD,AQI_MODERATE,HUM_COMFORTABLE,WIND_CALM,UV_VERY_HIGH,ZONE_SUBTROPICAL
Sydney,Australia,-33.9,151.2,8.8,52,8.7,7.6,8.9,5,1024.3,8.9,7.448989773228486,0.0,0.0,45.0,8.399999999999999,0.0,53.4,ED_CAUTION,TEMP_COLD,AQI_VERY_UNHEALTHY,HUM_COMFORTABLE,WIND_CALM,UV_HIGH,ZONE_SUBTROPICAL
Sydney,Australia,-33.9,151.2,7.9,27,8.9,9.3,6.7,2,1016.7,7.9,6.342777535722688,0.0,0.0,8.0,10.3,0.0,18.3,ED_MODERATE_SAFE,TEMP_COLD,AQI_MODERATE,HUM_DRY,WIND_CALM,UV_VERY_HIGH,ZONE_SUBTROPICAL
Sydney,Australia,-33.9,151.2,10.7,42,35.2,8.9,10.3,3,1016.5,10.7,10.7,0.0,0.0,18.0,9.9,0.0,27.9,ED_MODERATE_SAFE,TEMP_COOL,AQI_SENSITIVE,HUM_COMFORTABLE,WIND_WINDY,UV_VERY_HIGH,ZONE_SUBTROPICAL
Sydney,Australia,-33.9,151.2,15.0,55,7.7,8.2,15.2,4,1014.4,15.2,15.0,0.0,0.0,32.0,9.2,0.0,41.2,ED_CAUTION,TEMP_COOL,AQI_UNHEALTHY,HUM_COMFORTABLE,WIND_CALM,UV_VERY_HIGH,ZONE_SUBTROPICAL
Sydney,Australia,-33.9,151.2,20.6,30,4.9,4.4,19.6,4,1019.8,20.6,20.6,0.0,0.0,32.0,4.4,0.0,36.4,ED_CAUTION,TEMP_IDEAL,AQI_UNHEALTHY,HUM_COMFORTABLE,WIND_CALM,UV_MODERATE,ZONE_SUBTROPICAL
Sydney,Australia,-33.9,151.2,16.9,61,22.1,4.4,17.4,3,1004.7,17.4,16.9,0.0,0.0,18.0,4.4,0.0,22.4,ED_MODERATE_SAFE,TEMP_COOL,AQI_SENSITIVE,HUM_HUMID,WIND_WINDY,UV_MODERATE,ZONE_SUBTROPICAL
Sydney,Australia,-33.9,151.2,19.9,37,13.8,8.5,19.3,1,1005.8,19.9,19.9,0.0,0.0,0.0,9.5,0.0,9.5,ED_VERY_SAFE,TEMP_IDEAL,AQI_GOOD,HUM_COMFORTABLE,WIND_BREEZY,UV_VERY_HIGH,ZONE_SUBTROPICAL
Sydney,Australia,-33.9,151.2,10.8,23,13.1,10.8,9.4,1,1021.6,10.8,10.8,0.0,0.0,0.0,11.8,0.0,11.8,ED_VERY_SAFE,TEMP_COOL,AQI_GOOD,HUM_DRY,WIND_BREEZY,UV_VERY_HIGH,ZONE_SUBTROPICAL
Sydney,Australia,-33.9,151.2,22.6,39,3.7,1.9,22.1,3,1004.1,22.6,22.6,0.0,0.0,18.0,0.0,0.0,18.0,ED_MODERATE_SAFE,TEMP_IDEAL,AQI_SENSITIVE,HUM_COMFORTABLE,WIND_CALM,UV_LOW,ZONE_SUBTROPICAL
Sydney,Australia,-33.9,151.2,21.9,26,10.8,8.1,20.7,1,1009.7,21.9,21.9,0.0,0.0,0.0,9.1,0.0,9.1,ED_VERY_SAFE,TEMP_IDEAL,AQI_GOOD,HUM_DRY,WIND_BREEZY,UV_VERY_HIGH,ZONE_SUBTROPICAL
Sydney,Australia,-33.9,151.2,22.0,50,10.4,4.8,21.9,1,1026.7,22.0,22.0,0.0,0.0,0.0,4.8,0.0,4.8,ED_VERY_SAFE,TEMP_IDEAL,AQI_GOOD,HUM_COMFORTABLE,WIND_BREEZY,UV_MODERATE,ZONE_SUBTROPICAL
Sydney,Australia,-33.9,151.2,17.3,47,45.1,7.1,17.1,1,997.5,17.3,17.3,0.0,0.0,0.0,7.6499999999999995,0.0,7.6499999999999995,ED_VERY_SAFE,TEMP_COOL,AQI_GOOD,HUM_COMFORTABLE,WIND_STRONG,UV_HIGH,ZONE_SUBTROPICAL
Sydney,Australia,-33.9,151.2,15.7,5,4.7,1.8,13.5,2,1013.0,15.7,15.7,0.0,0.0,8.0,0.0,0.0,8.0,ED_VERY_SAFE,TEMP_COOL,AQI_MODERATE,HUM_DRY,WIND_CALM,UV_LOW,ZONE_SUBTROPICAL
Sydney,Australia,-33.9,151.2,20.8,83,13.5,4.7,22.5,1,1016.6,22.5,20.8,0.0,0.0,0.0,4.7,0.0,4.7,ED_VERY_SAFE,TEMP_IDEAL,AQI_GOOD,HUM_VERY_HUMID,WIND_BREEZY,UV_MODERATE,ZONE_SUBTROPICAL
Sydney,Australia,-33.9,151.2,24.2,50,17.6,7.6,24.2,1,1023.6,24.2,24.2,0.0,0.0,0.0,8.399999999999999,0.0,8.399999999999999,ED_VERY_SAFE,TEMP_IDEAL,AQI_GOOD,HUM_COMFORTABLE,WIND_BREEZY,UV_HIGH,ZONE_SUBTROPICAL
Sydney,Australia,-33.9,151.2,12.6,45,12.8,11.0,12.4,1,1002.5,12.6,12.6,0.0,0.0,0.0,12.0,0.0,12.0,ED_VERY_SAFE,TEMP_COOL,AQI_GOOD,HUM_COMFORTABLE,WIND_BREEZY,UV_EXTREME,ZONE_SUBTROPICAL
Sydney,Australia,-33.9,151.2,20.6,75,17.1,7.0,21.8,1,1015.5,21.8,20.6,0.0,0.0,0.0,7.5,0.0,7.5,ED_VERY_SAFE,TEMP_IDEAL,AQI_GOOD,HUM_HUMID,WIND_BREEZY,UV_HIGH,ZONE_SUBTROPICAL
Sydney,Australia,-33.9,151.2,25.5,23,2.6,6.0,24.3,2,1022.8,25.5,25.5,0.0,0.0,8.0,6.0,0.0,14.0,ED_VERY_SAFE,TEMP_WARM,AQI_MODERATE,HUM_DRY,WIND_CALM,UV_HIGH,ZONE_SUBTROPICAL
Sydney,Australia,-33.9,151.2,15.1,38,9.5,2.9,14.5,5,1024.4,15.1,15.1,0.0,0.0,45.0,2.6999999999999997,0.0,47.7,ED_CAUTION,TEMP_COOL,AQI_VERY_UNHEALTHY,HUM_COMFORTABLE,WIND_CALM,UV_LOW,ZONE_SUBTROPICAL
Sydney,Australia,-33.9,151.2,23.4,54,6.0,10.0,23.6,1,1020.7,23.6,23.4,0.0,0.0,0.0,11.0,0.0,11.0,ED_VERY_SAFE,TEMP_IDEAL,AQI_GOOD,HUM_COMFORTABLE,WIND_CALM,UV_VERY_HIGH,ZONE_SUBTROPICAL
Sydney,Australia,-33.9,151.2,13.4,51,14.8,4.1,13.4,3,995.2,13.4,13.4,0.0,0.0,18.0,4.1,0.0,22.1,ED_MODERATE_SAFE,TEMP_COOL,AQI_SENSITIVE,HUM_COMFORTABLE,WIND_BREEZY,UV_MODERATE,ZONE_SUBTROPICAL
Sydney,Australia,-33.9,151.2,23.8,37,3.7,6.3,23.1,3,1025.5,23.8,23.8,0.0,0.0,18.0,6.449999999999999,0.0,24.45,ED_MODERATE_SAFE,TEMP_IDEAL,AQI_SENSITIVE,HUM_COMFORTABLE,WIND_CALM,UV_HIGH,ZONE_SUBTROPICAL
Sydney,Australia,-33.9,151.2,35.4,50,5.7,5.3,38.5,5,1009.6,38.5,35.4,25.833333333333336,0.0,45.0,5.3,11.0625,87.19583333333334,ED_VERY_DANGEROUS,TEMP_VERY_HOT,AQI_VERY_UNHEALTHY,HUM_COMFORTABLE,WIND_CALM,UV_MODERATE,ZONE_SUBTROPICAL
Sydney,Australia,-33.9,151.2,23.3,19,41.8,8.6,21.7,1,1019.5,23.3,23.3,0.0,0.0,0.0,9.6,0.0,9.6,ED_VERY_SAFE,TEMP_IDEAL,AQI_GOOD,HUM_DRY,WIND_STRONG,UV_VERY_HIGH,ZONE_SUBTROPICAL
Sydney,Australia,-33.9,151.2,24.8,20,16.6,5.9,23.3,1,1024.1,24.8,24.8,0.0,0.0,0.0,5.9,0.0,5.9,ED_VERY_SAFE,TEMP_IDEAL,AQI_GOOD,HUM_DRY,WIND_BREEZY,UV_MODERATE,ZONE_SUBTROPICAL
Sydney,Australia,-33.9,151.2,24.4,34,2.3,6.4,23.6,1,1005.9,24.4,24.4,0.0,0.0,0.0,6.6000000000000005,0.0,6.6000000000000005,ED_VERY_SAFE,TEMP_IDEAL,AQI_GOOD,HUM_COMFORTABLE,WIND_CALM,UV_HIGH,ZONE_SUBTROPICAL
Sydney,Australia,-33.9,151.2,13.1,5,11.4,9.2,10.8,2,1011.9,13.1,13.1,0.0,0.0,8.0,10.2,0.0,18.2,ED_MODERATE_SAFE,TEMP_COOL,AQI_MODERATE,HUM_DRY,WIND_BREEZY,UV_VERY_HIGH,ZONE_SUBTROPICAL
Sydney,Australia,-33.9,151.2,16.4,50,12.3,2.4,16.5,3,1018.2,16.5,16.4,0.0,0.0,18.0,1.1999999999999997,0.0,19.2,ED_MODERATE_SAFE,TEMP_COOL,AQI_SENSITIVE,HUM_COMFORTABLE,WIND_BREEZY,UV_LOW,ZONE_SUBTROPICAL
Sydney,Australia,-33.9,151.2,22.3,42,15.5,3.1,22.0,1,1014.0,22.3,22.3,0.0,0.0,0.0,3.1,0.0,3.1,ED_VERY_SAFE,TEMP_IDEAL,AQI_GOOD,HUM_COMFORTABLE,WIND_BREEZY,UV_MODERATE,ZONE_SUBTROPICAL
Sydney,Australia,-33.9,151.2,15.0,19,21.5,10.8,13.4,3,1010.2,15.0,15.0,0.0,0.0,18.0,11.8,0.0,29.8,ED_MODERATE_SAFE,TEMP_COOL,AQI_SENSITIVE,HUM_DRY,WIND_WINDY,UV_VERY_HIGH,ZONE_SUBTROPICAL
Sydney,Australia,-33.9,151.2,13.9,29,15.9,6.3,12.9,4,1016.5,13.9,13.9,0.0,0.0,32.0,6.449999999999999,0.0,38.45,ED_CAUTION,TEMP_COOL,AQI_UNHEALTHY,HUM_DRY,WIND_BREEZY,UV_HIGH,ZONE_SUBTROPICAL
Sydney,Australia,-33.9,151.2,12.7,31,16.3,9.1,11.8,2,1026.1,12.7,12.7,0.0,0.0,8.0,10.1,0.0,18.1,ED_MODERATE_SAFE,TEMP_COOL,AQI_MODERATE,HUM_COMFORTABLE,WIND_BREEZY,UV_VERY_HIGH,ZONE_SUBTROPICAL
Sydney,Australia,-33.9,151.2,20.4,28,2.9,7.4,19.3,3,998.0,20.4,20.4,0.0,0.0,18.0,8.100000000000001,0.0,26.1,ED_MODERATE_SAFE,TEMP_IDEAL,AQI_SENSITIVE,HUM_DRY,WIND_CALM,UV_HIGH,ZONE_SUBTROPICAL
Sydney,Australia,-33.9,151.2,24.7,40,15.6,8.5,24.2,1,1020.6,24.7,24.7,0.0,0.0,0.0,9.5,0.0,9.5,ED_VERY_SAFE,TEMP_IDEAL,AQI_GOOD,HUM_COMFORTABLE,WIND_BREEZY,UV_VERY_HIGH,ZONE_SUBTROPICAL
Sydney,Australia,-33.9,151.2,19.4,21,4.6,11.1,17.9,2,1011.0,19.4,19.4,0.0,0.0,8.0,12.0,0.0,20.0,ED_MODERATE_SAFE,TEMP_IDEAL,AQI_MODERATE,HUM_DRY,WIND_CALM,UV_EXTREME,ZONE_SUBTROPICAL
Sydney,Australia,-33.9,151.2,27.4,63,8.8,7.5,28.8,1,1016.8,28.8,27.4,5.400000000000002,0.0,0.0,8.25,0.0,13.650000000000002,ED_VERY_SAFE,TEMP_WARM,AQI_GOOD,HUM_HUMID,WIND_CALM,UV_HIGH,ZONE_SUBTROPICAL
Sydney,Australia,-33.9,151.2,22.3,30,17.6,3.3,21.3,2,1001.2,22.3,22.3,0.0,0.0,8.0,3.3,0.0,11.3,ED_VERY_SAFE,TEMP_IDEAL,AQI_MODERATE,HUM_COMFORTABLE,WIND_BREEZY,UV_MODERATE,ZONE_SUBTROPICAL
Sydney,Australia,-33.9,151.2,12.2,44,4.1,8.8,11.9,2,1017.5,12.2,12.2,0.0,0.0,8.0,9.8,0.0,17.8,ED_MODERATE_SAFE,TEMP_COOL,AQI_MODERATE,HUM_COMFORTABLE,WIND_CALM,UV_VERY_HIGH,ZONE_SUBTROPICAL
Sydney,Australia,-33.9,151.2,18.3,38,11.2,4.3,17.7,1,1008.3,18.3,18.3,0.0,0.0,0.0,4.3,0.0,4.3,ED_VERY_SAFE,TEMP_IDEAL,AQI_GOOD,HUM_COMFORTABLE,WIND_BREEZY,UV_MODERATE,ZONE_SUBTROPICAL
Sydney,Australia,-33.9,151.2,23.3,61,11.3,8.2,23.9,5,1018.4,23.9,23.3,0.0,0.0,45.0,9.2,0.0,54.2,ED_CAUTION,TEMP_IDEAL,AQI_VERY_UNHEALTHY,HUM_HUMID,WIND_BREEZY,UV_VERY_HIGH,ZONE_SUBTROPICAL
Sydney,Australia,-33.9,151.2,15.9,36,12.8,11.9,15.2,1,1022.4,15.9,15.9,0.0,0.0,0.0,12.0,0.0,12.0,ED_VERY_SAFE,TEMP_COOL,AQI_GOOD,HUM_COMFORTABLE,WIND_BREEZY,UV_EXTREME,ZONE_SUBTROPICAL
Sydney,Australia,-33.9,151.2,18.1,62,26.3,4.0,18.8,2,1010.1,18.8,18.1,0.0,0.0,8.0,4.0,0.0,12.0,ED_VERY_SAFE,TEMP_IDEAL,AQI_MODERATE,HUM_HUMID,WIND_WINDY,UV_MODERATE,ZONE_SUBTROPICAL
Sydney,Australia,-33.9,151.2,6.2,13,10.8,4.4,4.4,1,1007.5,6.2,3.9323761471307783,0.0,0.0,0.0,4.4,0.0,4.4,ED_VERY_SAFE,TEMP_COLD,AQI_GOOD,HUM_DRY,WIND_BREEZY,UV_MODERATE,ZONE_SUBTROPICAL
Sydney,Australia,-33.9,151.2,25.5,33,26.8,11.4,24.7,2,1011.7,25.5,25.5,0.0,0.0,8.0,12.0,0.0,20.0,ED_MODERATE_SAFE,TEMP_WARM,AQI_MODERATE,HUM_COMFORTABLE,WIND_WINDY,UV_EXTREME,ZONE_SUBTROPICAL
Sydney,Australia,-33.9,151.2,21.9,30,11.0,0.0,20.9,1,1006.8,21.9,21.9,0.0,0.0,0.0,0.0,0.0,0.0,ED_VERY_SAFE,TEMP_IDEAL,AQI_GOOD,HUM_COMFORTABLE,WIND_BREEZY,UV_LOW,ZONE_SUBTROPICAL
Sydney,Australia,-33.9,151.2,25.0,7,2.5,6.7,22.8,2,1017.8,25.0,25.0,0.0,0.0,8.0,7.050000000000001,0.0,15.05,ED_MODERATE_SAFE,TEMP_WARM,AQI_MODERATE,HUM_DRY,WIND_CALM,UV_HIGH,ZONE_SUBTROPICAL
Sydney,Australia,-33.9,151.2,21.4,69,9.6,4.4,22.4,1,1019.2,22.4,21.4,0.0,0.0,0.0,4.4,0.0,4.4,ED_VERY_SAFE,TEMP_IDEAL,AQI_GOOD,HUM_HUMID,WIND_CALM,UV_MODERATE,ZONE_SUBTROPICAL
Sydney,Australia,-33.9,151.2,16.4,54,19.5,5.0,16.6,2,1008.1,16.6,16.4,0.0,0.0,8.0,5.0,0.0,13.0,ED_VERY_SAFE,TEMP_COOL,AQI_MODERATE,HUM_COMFORTABLE,WIND_BREEZY,UV_MODERATE,ZONE_SUBTROPICAL
Sydney,Australia,-33.9,151.2,20.5,22,19.2,12.4,19.1,2,1011.6,20.5,20.5,0.0,0.0,8.0,12.0,0.0,20.0,ED_MODERATE_SAFE,TEMP_IDEAL,AQI_MODERATE,HUM_DRY,WIND_BREEZY,UV_EXTREME,ZONE_SUBTROPICAL
Sydney,Australia,-33.9,151.2,16.1,58,11.9,6.9,16.5,1,1007.8,16.5,16.1,0.0,0.0,0.0,7.3500000000000005,0.0,7.3500000000000005,ED_VERY_SAFE,TEMP_COOL,AQI_GOOD,HUM_COMFORTABLE,WIND_BREEZY,UV_HIGH,ZONE_SUBTROPICAL
Sydney,Australia,-33.9,151.2,27.4,21,2.1,4.8,26.7,1,1001.8,27.4,27.4,1.1999999999999957,0.0,0.0,4.8,0.0,5.999999999999996,ED_VERY_SAFE,TEMP_WARM,AQI_GOOD,HUM_DRY,WIND_CALM,UV_MODERATE,ZONE_SUBTROPICAL
Sydney,Australia,-33.9,151.2,16.6,37,13.2,8.6,15.9,1,1010.5,16.6,16.6,0.0,0.0,0.0,9.6,0.0,9.6,ED_VERY_SAFE,TEMP_COOL,AQI_GOOD,HUM_COMFORTABLE,WIND_BREEZY,UV_VERY_HIGH,ZONE_SUBTROPICAL
Sydney,Australia,-33.9,151.2,17.6,24,14.5,1.0,16.3,2,1009.7,17.6,17.6,0.0,0.0,8.0,0.0,0.0,8.0,ED_VERY_SAFE,TEMP_COOL,AQI_MODERATE,HUM_DRY,WIND_BREEZY,UV_LOW,ZONE_SUBTROPICAL
Sydney,Australia,-33.9,151.2,16.0,48,6.2,10.4,15.9,3,1004.6,16.0,16.0,0.0,0.0,18.0,11.4,0.0,29.4,ED_MODERATE_SAFE,TEMP_COOL,AQI_SENSITIVE,HUM_COMFORTABLE,WIND_CALM,UV_VERY_HIGH,ZONE_SUBTROPICAL
Sydney,Australia,-33.9,151.2,19.6,53,5.0,6.4,19.7,1,1000.1,19.7,19.6,0.0,0.0,0.0,6.6000000000000005,0.0,6.6000000000000005,ED_VERY_SAFE,TEMP_IDEAL,AQI_GOOD,HUM_COMFORTABLE,WIND_CALM,UV_HIGH,ZONE_SUBTROPICAL
Sydney,Australia,-33.9,151.2,20.2,48,7.8,2.8,20.1,4,1011.9,20.2,20.2,0.0,0.0,32.0,2.3999999999999995,0.0,34.4,ED_MODERATE_SAFE,TEMP_IDEAL,AQI_UNHEALTHY,HUM_COMFORTABLE,WIND_CALM,UV_LOW,ZONE_SUBTROPICAL
Sydney,Australia,-33.9,151.2,23.1,48,16.5,6.0,23.0,2,1011.5,23.1,23.1,0.0,0.0,8.0,6.0,0.0,14.0,ED_VERY_SAFE,TEMP_IDEAL,AQI_MODERATE,HUM_COMFORTABLE,WIND_BREEZY,UV_HIGH,ZONE_SUBTROPICAL
Sydney,Australia,-33.9,151.2,20.6,36,9.0,8.8,19.9,1,1019.0,20.6,20.6,0.0,0.0,0.0,9.8,0.0,9.8,ED_VERY_SAFE,TEMP_IDEAL,AQI_GOOD,HUM_COMFORTABLE,WIND_CALM,UV_VERY_HIGH,ZONE_SUBTROPICAL
Sydney,Australia,-33.9,151.2,10.0,41,4.3,7.4,9.6,1,1019.2,10.0,10.0,0.0,0.0,0.0,8.100000000000001,0.0,8.100000000000001,ED_VERY_SAFE,TEMP_COOL,AQI_GOOD,HUM_COMFORTABLE,WIND_CALM,UV_HIGH,ZONE_SUBTROPICAL
Sydney,Australia,-33.9,151.2,15.0,37,9.7,1.4,14.3,2,1017.4,15.0,15.0,0.0,0.0,8.0,0.0,0.0,8.0,ED_VERY_SAFE,TEMP_COOL,AQI_MODERATE,HUM_COMFORTABLE,WIND_CALM,UV_LOW,ZONE_SUBTROPICAL
Sydney,Australia,-33.9,151.2,10.0,22,10.7,5.1,8.6,2,997.1,10.0,8.515019768811348,0.0,0.0,8.0,5.1,0.0,13.1,ED_VERY_SAFE,TEMP_COOL,AQI_MODERATE,HUM_DRY,WIND_BREEZY,UV_MODERATE,ZONE_SUBTROPICAL
Sydney,Australia,-33.9,151.2,17.9,56,5.4,2.8,18.2,2,1023.7,18.2,17.9,0.0,0.0,8.0,2.3999999999999995,0.0,10.399999999999999,ED_VERY_SAFE,TEMP_COOL,AQI_MODERATE,HUM_COMFORTABLE,WIND_CALM,UV_LOW,ZONE_SUBTROPICAL
Sydney,Australia,-33.9,151.2,24.8,45,2.0,7.9,24.5,3,1011.3,24.8,24.8,0.0,0.0,18.0,8.850000000000001,0.0,26.85,ED_MODERATE_SAFE,TEMP_IDEAL,AQI_SENSITIVE,HUM_COMFORTABLE,WIND_CALM,UV_HIGH,ZONE_SUBTROPICAL
Sydney,Australia,-33.9,151.2,14.6,30,4.6,5.0,13.6,5,1010.9,14.6,14.6,0.0,0.0,45.0,5.0,0.0,50.0,ED_CAUTION,TEMP_COOL,AQI_VERY_UNHEALTHY,HUM_COMFORTABLE,WIND_CALM,UV_MODERATE,ZONE_SUBTROPICAL
Sydney,Australia,-33.9,151.2,15.6,36,17.1,8.0,14.9,4,1000.7,15.6,15.6,0.0,0.0,32.0,9.0,0.0,41.0,ED_CAUTION,TEMP_COOL,AQI_UNHEALTHY,HUM_COMFORTABLE,WIND_BREEZY,UV_VERY_HIGH,ZONE_SUBTROPICAL
Sydney,Australia,-33.9,151.2,14.2,70,12.5,4.7,15.2,1,1001.0,15.2,14.2,0.0,0.0,0.0,4.7,0.0,4.7,ED_VERY_SAFE,TEMP_COOL,AQI_GOOD,HUM_HUMID,WIND_BREEZY,UV_MODERATE,ZONE_SUBTROPICAL
Sydney,Australia,-33.9,151.2,15.3,62,7.2,5.7,15.9,5,1012.4,15.9,15.3,0.0,0.0,45.0,5.7,0.0,50.7,ED_CAUTION,TEMP_COOL,AQI_VERY_UNHEALTHY,HUM_HUMID,WIND_CALM,UV_MODERATE,ZONE_SUBTROPICAL
Sydney,Australia,-33.9,151.2,15.6,43,7.7,7.6,15.2,2,1010.2,15.6,15.6,0.0,0.0,8.0,8.399999999999999,0.0,16.4,ED_MODERATE_SAFE,TEMP_COOL,AQI_MODERATE,HUM_COMFORTABLE,WIND_CALM,UV_HIGH,ZONE_SUBTROPICAL
Sydney,Australia,-33.9,151.2,21.5,13,7.0,4.1,19.6,1,1012.2,21.5,21.5,0.0,0.0,0.0,4.1,0.0,4.1,ED_VERY_SAFE,TEMP_IDEAL,AQI_GOOD,HUM_DRY,WIND_CALM,UV_MODERATE,ZONE_SUBTROPICAL
Sydney,Australia,-33.9,151.2,29.9,38,5.1,7.0,30.7,4,1009.9,30.7,29.9,11.099999999999998,0.0,32.0,7.5,0.0,50.599999999999994,ED_CAUTION,TEMP_WARM,AQI_UNHEALTHY,HUM_COMFORTABLE,WIND_CALM,UV_HIGH,ZONE_SUBTROPICAL
Sydney,Australia,-33.9,151.2,35.3,21,10.7,3.9,36.9,2,1019.9,36.9,35.3,23.166666666666664,0.0,8.0,3.9,0.0,35.06666666666666,ED_CAUTION,TEMP_VERY_HOT,AQI_MODERATE,HUM_DRY,WIND_BREEZY,UV_MODERATE,ZONE_SUBTROPICAL
Sydney,Australia,-33.9,151.2,10.5,59,0.9,10.4,10.9,5,1006.6,10.9,10.5,0.0,0.0,45.0,11.4,0.0,56.4,ED_DANGEROUS,TEMP_COOL,AQI_VERY_UNHEALTHY,HUM_COMFORTABLE,WIND_CALM,UV_VERY_HIGH,ZONE_SUBTROPICAL
Sydney,Australia,-33.9,151.2,29.2,47,9.2,9.5,30.3,1,1016.6,30.3,29.2,9.900000000000002,0.0,0.0,10.5,0.0,20.400000000000002,ED_MODERATE_SAFE,TEMP_WARM,AQI_GOOD,HUM_COMFORTABLE,WIND_CALM,UV_VERY_HIGH,ZONE_SUBTROPICAL
Sydney,Australia,-33.9,151.2,11.9,53,38.3,6.7,12.0,3,1026.4,12.0,11.9,0.0,0.0,18.0,7.050000000000001,0.0,25.05,ED_MODERATE_SAFE,TEMP_COOL,AQI_SENSITIVE,HUM_COMFORTABLE,WIND_WINDY,UV_HIGH,ZONE_SUBTROPICAL
Sydney,Australia,-33.9,151.2,20.3,43,16.3,6.3,19.9,2,1020.8,20.3,20.3,0.0,0.0,8.0,6.449999999999999,0.0,14.45,ED_VERY_SAFE,TEMP_IDEAL,AQI_MODERATE,HUM_COMFORTABLE,WIND_BREEZY,UV_HIGH,ZONE_SUBTROPICAL
Sydney,Australia,-33.9,151.2,22.9,42,2.2,0.0,22.5,1,1016.4,22.9,22.9,0.0,0.0,0.0,0.0,0.0,0.0,ED_VERY_SAFE,TEMP_IDEAL,AQI_GOOD,HUM_COMFORTABLE,WIND_CALM,UV_LOW,ZONE_SUBTROPICAL
Sydney,Australia,-33.9,151.2,11.4,13,12.4,6.1,9.5,6,1012.9,11.4,11.4,0.0,0.0,50.0,6.1499999999999995,0.0,56.15,ED_DANGEROUS,TEMP_COOL,AQI_HAZARDOUS,HUM_DRY,WIND_BREEZY,UV_HIGH,ZONE_SUBTROPICAL
Sydney,Australia,-33.9,151.2,20.8,32,12.8,6.1,19.9,3,1024.1,20.8,20.8,0.0,0.0,18.0,6.1499999999999995,0.0,24.15,ED_MODERATE_SAFE,TEMP_IDEAL,AQI_SENSITIVE,HUM_COMFORTABLE,WIND_BREEZY,UV_HIGH,ZONE_SUBTROPICAL
Sydney,Australia,-33.9,151.2,12.6,62,9.2,9.2,13.2,4,1025.2,13.2,12.6,0.0,0.0,32.0,10.2,0.0,42.2,ED_CAUTION,TEMP_COOL,AQI_UNHEALTHY,HUM_HUMID,WIND_CALM,UV_VERY_HIGH,ZONE_SUBTROPICAL
Sydney,Australia,-33.9,151.2,14.7,5,18.5,0.6,12.5,1,1024.1,14.7,14.7,0.0,0.0,0.0,0.0,0.0,0.0,ED_VERY_SAFE,TEMP_COOL,AQI_GOOD,HUM_DRY,WIND_BREEZY,UV_LOW,ZONE_SUBTROPICAL
Sydney,Australia,-33.9,151.2,15.6,64,15.9,6.6,16.2,2,1019.1,16.2,15.6,0.0,0.0,8.0,6.8999999999999995,0.0,14.899999999999999,ED_VERY_SAFE,TEMP_COOL,AQI_MODERATE,HUM_HUMID,WIND_BREEZY,UV_HIGH,ZONE_SUBTROPICAL
Sydney,Australia,-33.9,151.2,22.5,91,14.1,7.4,24.5,2,1017.9,24.5,22.5,0.0,0.0,8.0,8.100000000000001,0.0,16.1,ED_MODERATE_SAFE,TEMP_IDEAL,AQI_MODERATE,HUM_VERY_HUMID,WIND_BREEZY,UV_HIGH,ZONE_SUBTROPICAL
Sydney,Australia,-33.9,151.2,17.4,41,9.0,5.8,16.9,1,1012.2,17.4,17.4,0.0,0.0,0.0,5.8,0.0,5.8,ED_VERY_SAFE,TEMP_COOL,AQI_GOOD,HUM_COMFORTABLE,WIND_CALM,UV_MODERATE,ZONE_SUBTROPICAL
Sydney,Australia,-33.9,151.2,16.6,55,10.6,5.7,16.9,1,1014.1,16.9,16.6,0.0,0.0,0.0,5.7,0.0,5.7,ED_VERY_SAFE,TEMP_COOL,AQI_GOOD,HUM_COMFORTABLE,WIND_BREEZY,UV_MODERATE,ZONE_SUBTROPICAL
Sydney,Australia,-33.9,151.2,18.3,30,4.9,3.6,17.3,4,1015.0,18.3,18.3,0.0,0.0,32.0,3.6,0.0,35.6,ED_CAUTION,TEMP_IDEAL,AQI_UNHEALTHY,HUM_COMFORTABLE,WIND_CALM,UV_MODERATE,ZONE_SUBTROPICAL
Sydney,Australia,-33.9,151.2,24.9,52,18.6,8.1,25.0,3,1000.4,25.0,24.9,0.0,0.0,18.0,9.1,0.0,27.1,ED_MODERATE_SAFE,TEMP_IDEAL,AQI_SENSITIVE,HUM_COMFORTABLE,WIND_BREEZY,UV_VERY_HIGH,ZONE_SUBTROPICAL
Sydney,Australia,-33.9,151.2,23.3,40,10.0,7.2,22.8,2,1016.2,23.3,23.3,0.0,0.0,8.0,7.800000000000001,0.0,15.8,ED_MODERATE_SAFE,TEMP_IDEAL,AQI_MODERATE,HUM_COMFORTABLE,WIND_BREEZY,UV_HIGH,ZONE_SUBTROPICAL
Sydney,Australia,-33.9,151.2,23.5,46,6.1,3.9,23.3,2,1021.9,23.5,23.5,0.0,0.0,8.0,3.9,0.0,11.9,ED_VERY_SAFE,TEMP_IDEAL,AQI_MODERATE,HUM_COMFORTABLE,WIND_CALM,UV_MODERATE,ZONE_SUBTROPICAL
Sydney,Australia,-33.9,151.2,15.7,23,5.5,2.5,14.4,4,1002.8,15.7,15.7,0.0,0.0,32.0,1.5,0.0,33.5,ED_MODERATE_SAFE,TEMP_COOL,AQI_UNHEALTHY,HUM_DRY,WIND_CALM,UV_LOW,ZONE_SUBTROPICAL
Sydney,Australia,-33.9,151.2,11.7,58,6.5,4.1,12.1,2,1002.3,12.1,11.7,0.0,0.0,8.0,4.1,0.0,12.1,ED_VERY_SAFE,TEMP_COOL,AQI_MODERATE,HUM_COMFORTABLE,WIND_CALM,UV_MODERATE,ZONE_SUBTROPICAL
Sydney,Australia,-33.9,151.2,23.7,46,17.2,5.3,23.5,3,991.9,23.7,23.7,0.0,0.0,18.0,5.3,0.0,23.3,ED_MODERATE_SAFE,TEMP_IDEAL,AQI_SENSITIVE,HUM_COMFORTABLE,WIND_BREEZY,UV_MODERATE,ZONE_SUBTROPICAL
Sydney,Australia,-33.9,151.2,12.4,55,11.3,1.9,12.6,5,1011.3,12.6,12.4,0.0,0.0,45.0,0.0,0.0,45.0,ED_CAUTION,TEMP_COOL,AQI_VERY_UNHEALTHY,HUM_COMFORTABLE,WIND_BREEZY,UV_LOW,ZONE_SUBTROPICAL
Sydney,Australia,-33.9,151.2,17.6,56,11.5,5.2,17.9,2,1028.9,17.9,17.6,0.0,0.0,8.0,5.2,0.0,13.2,ED_VERY_SAFE,TEMP_COOL,AQI_MODERATE,HUM_COMFORTABLE,WIND_BREEZY,UV_MODERATE,ZONE_SUBTROPICAL
Sydney,Australia,-33.9,151.2,28.2,59,1.8,4.8,29.6,1,1011.5,29.6,28.2,7.800000000000004,0.0,0.0,4.8,0.0,12.600000000000005,ED_VERY_SAFE,TEMP_WARM,AQI_GOOD,HUM_COMFORTABLE,WIND_CALM,UV_MODERATE,ZONE_SUBTROPICAL
Sydney,Australia,-33.9,151.2,18.9,17,28.3,10.5,17.2,2,1012.3,18.9,18.9,0.0,0.0,8.0,11.5,0.0,19.5,ED_MODERATE_SAFE,TEMP_IDEAL,AQI_MODERATE,HUM_DRY,WIND_WINDY,UV_VERY_HIGH,ZONE_SUBTROPICAL
Sydney,Australia,-33.9,151.2,25.3,44,12.2,6.4,25.1,4,1009.6,25.3,25.3,0.0,0.0,32.0,6.6000000000000005,0.0,38.6,ED_CAUTION,TEMP_WARM,AQI_UNHEALTHY,HUM_COMFORTABLE,WIND_BREEZY,UV_HIGH,ZONE_SUBTROPICAL
Sydney,Australia,-33.9,151.2,21.2,12,37.4,1.0,19.3,4,1012.1,21.2,21.2,0.0,0.0,32.0,0.0,0.0,32.0,ED_MODERATE_SAFE,TEMP_IDEAL,AQI_UNHEALTHY,HUM_DRY,WIND_WINDY,UV_LOW,ZONE_SUBTROPICAL
Sydney,Australia,-33.9,151.2,22.9,31,7.0,7.8,22.0,3,1010.8,22.9,22.9,0.0,0.0,18.0,8.7,0.0,26.7,ED_MODERATE_SAFE,TEMP_IDEAL,AQI_SENSITIVE,HUM_COMFORTABLE,WIND_CALM,UV_HIGH,ZONE_SUBTROPICAL
Sydney,Australia,-33.9,151.2,22.6,85,31.7,7.0,24.3,3,1019.0,24.3,22.6,0.0,0.0,18.0,7.5,0.0,25.5,ED_MODERATE_SAFE,TEMP_IDEAL,AQI_SENSITIVE,HUM_VERY_HUMID,WIND_WINDY,UV_HIGH,ZONE_SUBTROPICAL
Sydney,Australia,-33.9,151.2,22.0,30,16.7,5.5,21.0,3,1015.6,22.0,22.0,0.0,0.0,18.0,5.5,0.0,23.5,ED_MODERATE_SAFE,TEMP_IDEAL,AQI_SENSITIVE,HUM_COMFORTABLE,WIND_BREEZY,UV_MODERATE,ZONE_SUBTROPICAL
Sydney,Australia,-33.9,151.2,18.9,44,10.0,3.1,18.5,1,1005.8,18.9,18.9,0.0,0.0,0.0,3.1,0.0,3.1,ED_VERY_SAFE,TEMP_IDEAL,AQI_GOOD,HUM_COMFORTABLE,WIND_BREEZY,UV_MODERATE,ZONE_SUBTROPICAL
Sydney,Australia,-33.9,151.2,19.8,52,12.6,6.6,20.0,1,996.7,20.0,19.8,0.0,0.0,0.0,6.8999999999999995,0.0,6.8999999999999995,ED_VERY_SAFE,TEMP_IDEAL,AQI_GOOD,HUM_COMFORTABLE,WIND_BREEZY,UV_HIGH,ZONE_SUBTROPICAL
Sydney,Australia,-33.9,151.2,15.7,51,19.6,3.0,15.8,1,1012.3,15.8,15.7,0.0,0.0,0.0,3.0,0.0,3.0,ED_VERY_SAFE,TEMP_COOL,AQI_GOOD,HUM_COMFORTABLE,WIND_BREEZY,UV_MODERATE,ZONE_SUBTROPICAL
Sydney,Australia,-33.9,151.2,22.2,45,30.4,3.1,21.9,2,1007.9,22.2,22.2,0.0,0.0,8.0,3.1,0.0,11.1,ED_VERY_SAFE,TEMP_IDEAL,AQI_MODERATE,HUM_COMFORTABLE,WIND_WINDY,UV_MODERATE,ZONE_SUBTROPICAL
Sydney,Australia,-33.9,151.2,5.3,22,22.6,9.3,3.9,1,1006.2,5.3,1.1499222334274686,0.0,0.0,0.0,10.3,0.0,10.3,ED_VERY_SAFE,TEMP_COLD,AQI_GOOD,HUM_DRY,WIND_WINDY,UV_VERY_HIGH,ZONE_SUBTROPICAL
Sydney,Australia,-33.9,151.2,16.6,36,30.0,6.5,15.9,1,1018.8,16.6,16.6,0.0,0.0,0.0,6.75,0.0,6.75,ED_VERY_SAFE,TEMP_COOL,AQI_GOOD,HUM_COMFORTABLE,WIND_WINDY,UV_HIGH,ZONE_SUBTROPICAL
Sydney,Australia,-33.9,151.2,28.3,60,3.6,1.4,29.8,5,1022.9,29.8,28.3,8.400000000000002,0.0,45.0,0.0,0.0,53.400000000000006,ED_CAUTION,TEMP_WARM,AQI_VERY_UNHEALTHY,HUM_HUMID,WIND_CALM,UV_LOW,ZONE_SUBTROPICAL
Sydney,Australia,-33.9,151.2,21.0,35,6.3,7.4,20.3,1,1004.2,21.0,21.0,0.0,0.0,0.0,8.100000000000001,0.0,8.100000000000001,ED_VERY_SAFE,TEMP_IDEAL,AQI_GOOD,HUM_COMFORTABLE,WIND_CALM,UV_HIGH,ZONE_SUBTROPICAL
Sydney,Australia,-33.9,151.2,21.3,56,2.9,5.6,21.6,6,1009.9,21.6,21.3,0.0,0.0,50.0,5.6,0.0,55.6,ED_DANGEROUS,TEMP_IDEAL,AQI_HAZARDOUS,HUM_COMFORTABLE,WIND_CALM,UV_MODERATE,ZONE_SUBTROPICAL
Sydney,Australia,-33.9,151.2,18.3,56,6.5,3.5,18.6,1,1003.7,18.6,18.3,0.0,0.0,0.0,3.5,0.0,3.5,ED_VERY_SAFE,TEMP_IDEAL,AQI_GOOD,HUM_COMFORTABLE,WIND_CALM,UV_MODERATE,ZONE_SUBTROPICAL
Sydney,Australia,-33.9,151.2,17.8,63,4.2,11.4,18.4,2,1022.6,18.4,17.8,0.0,0.0,8.0,12.0,0.0,20.0,ED_MODERATE_SAFE,TEMP_COOL,AQI_MODERATE,HUM_HUMID,WIND_CALM,UV_EXTREME,ZONE_SUBTROPICAL
Sydney,Australia,-33.9,151.2,9.1,12,16.7,2.5,7.3,3,998.5,9.1,6.596979488079818,0.0,0.0,18.0,1.5,0.0,19.5,ED_MODERATE_SAFE,TEMP_COLD,AQI_SENSITIVE,HUM_DRY,WIND_BREEZY,UV_LOW,ZONE_SUBTROPICAL
Sydney,Australia,-33.9,151.2,13.4,33,10.7,8.8,12.5,5,1014.9,13.4,13.4,0.0,0.0,45.0,9.8,0.0,54.8,ED_CAUTION,TEMP_COOL,AQI_VERY_UNHEALTHY,HUM_COMFORTABLE,WIND_BREEZY,UV_VERY_HIGH,ZONE_SUBTROPICAL
Sydney,Australia,-33.9,151.2,16.6,51,12.8,6.5,16.6,3,1014.6,16.6,16.6,0.0,0.0,18.0,6.75,0.0,24.75,ED_MODERATE_SAFE,TEMP_COOL,AQI_SENSITIVE,HUM_COMFORTABLE,WIND_BREEZY,UV_HIGH,ZONE_SUBTROPICAL
Sydney,Australia,-33.9,151.2,18.4,50,10.6,7.8,18.4,2,996.4,18.4,18.4,0.0,0.0,8.0,8.7,0.0,16.7,ED_MODERATE_SAFE,TEMP_IDEAL,AQI_MODERATE,HUM_COMFORTABLE,WIND_BREEZY,UV_HIGH,ZONE_SUBTROPICAL
Sydney,Australia,-33.9,151.2,22.7,62,12.6,0.0,23.3,1,1004.8,23.3,22.7,0.0,0.0,0.0,0.0,0.0,0.0,ED_VERY_SAFE,TEMP_IDEAL,AQI_GOOD,HUM_HUMID,WIND_BREEZY,UV_LOW,ZONE_SUBTROPICAL
Sydney,Australia,-33.9,151.2,18.7,48,8.4,6.1,18.6,6,1017.7,18.7,18.7,0.0,0.0,50.0,6.1499999999999995,0.0,56.15,ED_DANGEROUS,TEMP_IDEAL,AQI_HAZARDOUS,HUM_COMFORTABLE,WIND_CALM,UV_HIGH,ZONE_SUBTROPICAL
Sydney,Australia,-33.9,151.2,18.5,32,19.7,4.7,17.6,1,1010.2,18.5,18.5,0.0,0.0,0.0,4.7,0.0,4.7,ED_VERY_SAFE,TEMP_IDEAL,AQI_GOOD,HUM_COMFORTABLE,WIND_BREEZY,UV_MODERATE,ZONE_SUBTROPICAL
Sydney,Australia,-33.9,151.2,23.7,44,8.6,4.7,23.4,1,1000.3,23.7,23.7,0.0,0.0,0.0,4.7,0.0,4.7,ED_VERY_SAFE,TEMP_IDEAL,AQI_GOOD,HUM_COMFORTABLE,WIND_CALM,UV_MODERATE,ZONE_SUBTROPICAL
Sydney,Australia,-33.9,151.2,26.6,55,1.9,0.7,27.3,1,1012.5,27.3,26.6,0.9000000000000021,0.0,0.0,0.0,0.0,0.9000000000000021,ED_VERY_SAFE,TEMP_WARM,AQI_GOOD,HUM_COMFORTABLE,WIND_CALM,UV_LOW,ZONE_SUBTROPICAL
Sydney,Australia,-33.9,151.2,10.4,58,10.3,7.9,10.8,2,1032.4,10.8,10.4,0.0,0.0,8.0,8.850000000000001,0.0,16.85,ED_MODERATE_SAFE,TEMP_COOL,AQI_MODERATE,HUM_COMFORTABLE,WIND_BREEZY,UV_HIGH,ZONE_SUBTROPICAL
Sydney,Australia,-33.9,151.2,16.1,52,10.8,5.2,16.2,1,1006.3,16.2,16.1,0.0,0.0,0.0,5.2,0.0,5.2,ED_VERY_SAFE,TEMP_COOL,AQI_GOOD,HUM_COMFORTABLE,WIND_BREEZY,UV_MODERATE,ZONE_SUBTROPICAL
Sydney,Australia,-33.9,151.2,11.2,22,13.5,0.0,9.8,6,1003.2,11.2,11.2,0.0,0.0,50.0,0.0,0.0,50.0,ED_CAUTION,TEMP_COOL,AQI_HAZARDOUS,HUM_DRY,WIND_BREEZY,UV_LOW,ZONE_SUBTROPICAL
Sydney,Australia,-33.9,151.2,25.8,52,2.4,0.0,26.2,5,1007.2,26.2,25.8,0.0,0.0,45.0,0.0,0.0,45.0,ED_CAUTION,TEMP_WARM,AQI_VERY_UNHEALTHY,HUM_COMFORTABLE,WIND_CALM,UV_LOW,ZONE_SUBTROPICAL
Sydney,Australia,-33.9,151.2,14.0,64,9.9,9.9,14.7,4,1020.7,14.7,14.0,0.0,0.0,32.0,10.9,0.0,42.9,ED_CAUTION,TEMP_COOL,AQI_UNHEALTHY,HUM_HUMID,WIND_CALM,UV_VERY_HIGH,ZONE_SUBTROPICAL
Sydney,Australia,-33.9,151.2,5.6,71,10.7,7.2,6.7,1,1003.5,6.7,3.2312587274431186,0.0,0.0,0.0,7.800000000000001,0.0,7.800000000000001,ED_VERY_SAFE,TEMP_COLD,AQI_GOOD,HUM_HUMID,WIND_BREEZY,UV_HIGH,ZONE_SUBTROPICAL
Sydney,Australia,-33.9,151.2,22.7,61,4.2,2.6,23.3,2,1020.2,23.3,22.7,0.0,0.0,8.0,1.8000000000000003,0.0,9.8,ED_VERY_SAFE,TEMP_IDEAL,AQI_MODERATE,HUM_HUMID,WIND_CALM,UV_LOW,ZONE_SUBTROPICAL
Sydney,Australia,-33.9,151.2,30.4,21,20.2,3.0,30.6,1,1021.2,30.6,30.4,10.800000000000004,0.0,0.0,3.0,0.0,13.800000000000004,ED_VERY_SAFE,TEMP_HOT,AQI_GOOD,HUM_DRY,WIND_WINDY,UV_MODERATE,ZONE_SUBTROPICAL
Sydney,Australia,-33.9,151.2,10.1,67,20.5,1.4,10.9,1,1000.5,10.9,10.1,0.0,0.0,0.0,0.0,0.0,0.0,ED_VERY_SAFE,TEMP_COOL,AQI_GOOD,HUM_HUMID,WIND_WINDY,UV_LOW,ZONE_SUBTROPICAL
Sydney,Australia,-33.9,151.2,20.6,28,12.2,6.7,19.5,2,1011.2,20.6,20.6,0.0,0.0,8.0,7.050000000000001,0.0,15.05,ED_MODERATE_SAFE,TEMP_IDEAL,AQI_MODERATE,HUM_DRY,WIND_BREEZY,UV_HIGH,ZONE_SUBTROPICAL
Sydney,Australia,-33.9,151.2,19.1,68,17.5,5.2,20.0,4,1013.9,20.0,19.1,0.0,0.0,32.0,5.2,0.0,37.2,ED_CAUTION,TEMP_IDEAL,AQI_UNHEALTHY,HUM_HUMID,WIND_BREEZY,UV_MODERATE,ZONE_SUBTROPICAL
Sydney,Australia,-33.9,151.2,20.9,27,3.0,5.8,19.7,1,1019.5,20.9,20.9,0.0,0.0,0.0,5.8,0.0,5.8,ED_VERY_SAFE,TEMP_IDEAL,AQI_GOOD,HUM_DRY,WIND_CALM,UV_MODERATE,ZONE_SUBTROPICAL
Sydney,Australia,-33.9,151.2,6.3,28,2.4,3.6,5.2,2,998.5,6.3,6.3,0.0,0.0,8.0,3.6,0.0,11.6,ED_VERY_SAFE,TEMP_COLD,AQI_MODERATE,HUM_DRY,WIND_CALM,UV_MODERATE,ZONE_SUBTROPICAL
Sydney,Australia,-33.9,151.2,25.1,34,9.4,4.4,24.4,3,1013.1,25.1,25.1,0.0,0.0,18.0,4.4,0.0,22.4,ED_MODERATE_SAFE,TEMP_WARM,AQI_SENSITIVE,HUM_COMFORTABLE,WIND_CALM,UV_MODERATE,ZONE_SUBTROPICAL
Sydney,Australia,-33.9,151.2,20.9,13,4.4,0.3,19.0,1,1006.7,20.9,20.9,0.0,0.0,0.0,0.0,0.0,0.0,ED_VERY_SAFE,TEMP_IDEAL,AQI_GOOD,HUM_DRY,WIND_CALM,UV_LOW,ZONE_SUBTROPICAL
Sydney,Australia,-33.9,151.2,21.6,38,20.9,3.0,21.0,2,1007.7,21.6,21.6,0.0,0.0,8.0,3.0,0.0,11.0,ED_VERY_SAFE,TEMP_IDEAL,AQI_MODERATE,HUM_COMFORTABLE,WIND_WINDY,UV_MODERATE,ZONE_SUBTROPICAL
Sydney,Australia,-33.9,151.2,9.9,10,20.9,12.1,7.9,2,1005.2,9.9,7.164981638796003,0.0,0.0,8.0,12.0,0.0,20.0,ED_MODERATE_SAFE,TEMP_COLD,AQI_MODERATE,HUM_DRY,WIND_WINDY,UV_EXTREME,ZONE_SUBTROPICAL
Sydney,Australia,-33.9,151.2,18.5,66,17.6,5.9,19.3,1,1017.1,19.3,18.5,0.0,0.0,0.0,5.9,0.0,5.9,ED_VERY_SAFE,TEMP_IDEAL,AQI_GOOD,HUM_HUMID,WIND_BREEZY,UV_MODERATE,ZONE_SUBTROPICAL
Sydney,Australia,-33.9,151.2,14.3,48,23.0,3.2,14.2,3,1029.1,14.3,14.3,0.0,0.0,18.0,3.2,0.0,21.2,ED_MODERATE_SAFE,TEMP_COOL,AQI_SENSITIVE,HUM_COMFORTABLE,WIND_WINDY,UV_MODERATE,ZONE_SUBTROPICAL
Sydney,Australia,-33.9,151.2,21.9,72,4.5,4.5,23.0,3,1002.3,23.0,21.9,0.0,0.0,18.0,4.5,0.0,22.5,ED_MODERATE_SAFE,TEMP_IDEAL,AQI_SENSITIVE,HUM_HUMID,WIND_CALM,UV_MODERATE,ZONE_SUBTROPICAL
Sydney,Australia,-33.9,151.2,26.9,69,13.7,10.7,28.4,2,1010.6,28.4,26.9,4.199999999999996,0.0,8.0,11.7,0.0,23.899999999999995,ED_MODERATE_SAFE,TEMP_WARM,AQI_MODERATE,HUM_HUMID,WIND_BREEZY,UV_VERY_HIGH,ZONE_SUBTROPICAL
Sydney,Australia,-33.9,151.2,19.2,88,4.5,5.9,21.1,2,1011.8,21.1,19.2,0.0,0.0,8.0,5.9,0.0,13.9,ED_VERY_SAFE,TEMP_IDEAL,AQI_MODERATE,HUM_VERY_HUMID,WIND_CALM,UV_MODERATE,ZONE_SUBTROPICAL
Sydney,Australia,-33.9,151.2,20.2,55,38.0,8.3,20.5,2,1019.7,20.5,20.2,0.0,0.0,8.0,9.3,0.0,17.3,ED_MODERATE_SAFE,TEMP_IDEAL,AQI_MODERATE,HUM_COMFORTABLE,WIND_WINDY,UV_VERY_HIGH,ZONE_SUBTROPICAL
Sydney,Australia,-33.9,151.2,32.1,56,4.1,4.4,34.5,3,1018.6,34.5,32.1,19.166666666666668,0.0,18.0,4.4,0.0,41.56666666666667,ED_CAUTION,TEMP_HOT,AQI_SENSITIVE,HUM_COMFORTABLE,WIND_CALM,UV_MODERATE,ZONE_SUBTROPICAL
Sydney,Australia,-33.9,151.2,20.5,45,5.8,12.0,20.2,4,1017.1,20.5,20.5,0.0,0.0,32.0,12.0,0.0,44.0,ED_CAUTION,TEMP_IDEAL,AQI_UNHEALTHY,HUM_COMFORTABLE,WIND_CALM,UV_EXTREME,ZONE_SUBTROPICAL
Sydney,Australia,-33.9,151.2,23.9,38,6.6,3.8,23.3,2,1022.7,23.9,23.9,0.0,0.0,8.0,3.8,0.0,11.8,ED_VERY_SAFE,TEMP_IDEAL,AQI_MODERATE,HUM_COMFORTABLE,WIND_CALM,UV_MODERATE,ZONE_SUBTROPICAL
Sydney,Australia,-33.9,151.2,14.9,29,33.9,10.4,13.8,4,1023.5,14.9,14.9,0.0,0.0,32.0,11.4,0.0,43.4,ED_CAUTION,TEMP_COOL,AQI_UNHEALTHY,HUM_DRY,WIND_WINDY,UV_VERY_HIGH,ZONE_SUBTROPICAL
Sydney,Australia,-33.9,151.2,27.1,31,10.8,6.1,26.8,2,1013.9,27.1,27.1,0.30000000000000426,0.0,8.0,6.1499999999999995,0.0,14.450000000000003,ED_VERY_SAFE,TEMP_WARM,AQI_MODERATE,HUM_COMFORTABLE,WIND_BREEZY,UV_HIGH,ZONE_SUBTROPICAL
Sydney,Australia,-33.9,151.2,9.2,52,0.9,6.3,9.3,1,1008.3,9.3,9.2,0.0,0.0,0.0,6.449999999999999,0.0,6.449999999999999,ED_VERY_SAFE,TEMP_COLD,AQI_GOOD,HUM_COMFORTABLE,WIND_CALM,UV_HIGH,ZONE_SUBTROPICAL
Sydney,Australia,-33.9,151.2,14.4,25,23.4,7.0,13.2,5,1034.4,14.4,14.4,0.0,0.0,45.0,7.5,0.0,52.5,ED_CAUTION,TEMP_COOL,AQI_VERY_UNHEALTHY,HUM_DRY,WIND_WINDY,UV_HIGH,ZONE_SUBTROPICAL
Sydney,Australia,-33.9,151.2,14.1,80,9.5,3.9,15.6,3,1009.4,15.6,14.1,0.0,0.0,18.0,3.9,0.0,21.9,ED_MODERATE_SAFE,TEMP_COOL,AQI_SENSITIVE,HUM_VERY_HUMID,WIND_CALM,UV_MODERATE,ZONE_SUBTROPICAL
Sydney,Australia,-33.9,151.2,12.2,45,13.0,0.0,11.9,1,1021.4,12.2,12.2,0.0,0.0,0.0,0.0,0.0,0.0,ED_VERY_SAFE,TEMP_COOL,AQI_GOOD,HUM_COMFORTABLE,WIND_BREEZY,UV_LOW,ZONE_SUBTROPICAL
Sydney,Australia,-33.9,151.2,14.8,18,19.2,3.0,13.2,6,980.8,14.8,14.8,0.0,0.0,50.0,3.0,0.0,53.0,ED_CAUTION,TEMP_COOL,AQI_HAZARDOUS,HUM_DRY,WIND_BREEZY,UV_MODERATE,ZONE_SUBTROPICAL
Sydney,Australia,-33.9,151.2,16.8,55,7.1,3.4,17.0,1,1017.9,17.0,16.8,0.0,0.0,0.0,3.4,0.0,3.4,ED_VERY_SAFE,TEMP_COOL,AQI_GOOD,HUM_COMFORTABLE,WIND_CALM,UV_MODERATE,ZONE_SUBTROPICAL
Sydney,Australia,-33.9,151.2,16.9,46,21.0,2.3,16.6,1,1018.2,16.9,16.9,0.0,0.0,0.0,0.8999999999999995,0.0,0.8999999999999995,ED_VERY_SAFE,TEMP_COOL,AQI_GOOD,HUM_COMFORTABLE,WIND_WINDY,UV_LOW,ZONE_SUBTROPICAL
Sydney,Australia,-33.9,151.2,22.5,50,4.5,9.9,22.5,1,1002.9,22.5,22.5,0.0,0.0,0.0,10.9,0.0,10.9,ED_VERY_SAFE,TEMP_IDEAL,AQI_GOOD,HUM_COMFORTABLE,WIND_CALM,UV_VERY_HIGH,ZONE_SUBTROPICAL
Sydney,Australia,-33.9,151.2,29.0,14,21.8,8.0,28.5,3,1011.7,29.0,29.0,6.0,0.0,18.0,9.0,0.0,33.0,ED_MODERATE_SAFE,TEMP_WARM,AQI_SENSITIVE,HUM_DRY,WIND_WINDY,UV_VERY_HIGH,ZONE_SUBTROPICAL
Sydney,Australia,-33.9,151.2,12.3,29,15.9,0.9,11.2,2,1005.3,12.3,12.3,0.0,0.0,8.0,0.0,0.0,8.0,ED_VERY_SAFE,TEMP_COOL,AQI_MODERATE,HUM_DRY,WIND_BREEZY,UV_LOW,ZONE_SUBTROPICAL
Sydney,Australia,-33.9,151.2,24.6,33,14.5,9.8,23.8,2,1022.0,24.6,24.6,0.0,0.0,8.0,10.8,0.0,18.8,ED_MODERATE_SAFE,TEMP_IDEAL,AQI_MODERATE,HUM_COMFORTABLE,WIND_BREEZY,UV_VERY_HIGH,ZONE_SUBTROPICAL
Sydney,Australia,-33.9,151.2,14.2,50,12.0,2.6,14.2,1,1009.5,14.2,14.2,0.0,0.0,0.0,1.8000000000000003,0.0,1.8000000000000003,ED_VERY_SAFE,TEMP_COOL,AQI_GOOD,HUM_COMFORTABLE,WIND_BREEZY,UV_LOW,ZONE_SUBTROPICAL
Sydney,Australia,-33.9,151.2,32.4,28,22.2,5.6,33.5,1,1015.1,33.5,32.4,17.5,0.0,0.0,5.6,0.0,23.1,ED_MODERATE_SAFE,TEMP_HOT,AQI_GOOD,HUM_DRY,WIND_WINDY,UV_MODERATE,ZONE_SUBTROPICAL
Sydney,Australia,-33.9,151.2,14.6,9,4.1,1.6,12.6,4,1019.3,14.6,14.6,0.0,0.0,32.0,0.0,0.0,32.0,ED_MODERATE_SAFE,TEMP_COOL,AQI_UNHEALTHY,HUM_DRY,WIND_CALM,UV_LOW,ZONE_SUBTROPICAL
Sydney,Australia,-33.9,151.2,21.3,48,26.1,8.9,21.2,5,1015.9,21.3,21.3,0.0,0.0,45.0,9.9,0.0,54.9,ED_CAUTION,TEMP_IDEAL,AQI_VERY_UNHEALTHY,HUM_COMFORTABLE,WIND_WINDY,UV_VERY_HIGH,ZONE_SUBTROPICAL
Sydney,Australia,-33.9,151.2,36.3,46,11.1,9.8,39.5,5,1014.0,39.5,36.3,27.5,0.0,45.0,10.8,11.0625,94.3625,ED_VERY_DANGEROUS,TEMP_VERY_HOT,AQI_VERY_UNHEALTHY,HUM_COMFORTABLE,WIND_BREEZY,UV_VERY_HIGH,ZONE_SUBTROPICAL
Sydney,Australia,-33.9,151.2,8.7,34,14.6,2.3,7.9,2,1016.6,8.7,6.363892970374388,0.0,0.0,8.0,0.8999999999999995,0.0,8.899999999999999,ED_VERY_SAFE,TEMP_COLD,AQI_MODERATE,HUM_COMFORTABLE,WIND_BREEZY,UV_LOW,ZONE_SUBTROPICAL
Sydney,Australia,-33.9,151.2,24.1,74,18.7,5.5,25.3,2,1013.9,25.3,24.1,0.0,0.0,8.0,5.5,0.0,13.5,ED_VERY_SAFE,TEMP_IDEAL,AQI_MODERATE,HUM_HUMID,WIND_BREEZY,UV_MODERATE,ZONE_SUBTROPICAL
Sydney,Australia,-33.9,151.2,9.9,33,15.7,8.4,9.0,2,1006.7,9.9,7.706715742775657,0.0,0.0,8.0,9.4,0.0,17.4,ED_MODERATE_SAFE,TEMP_COLD,AQI_MODERATE,HUM_COMFORTABLE,WIND_BREEZY,UV_VERY_HIGH,ZONE_SUBTROPICAL
Sydney,Australia,-33.9,151.2,25.6,62,0.9,8.8,26.4,5,999.2,26.4,25.6,0.0,0.0,45.0,9.8,0.0,54.8,ED_CAUTION,TEMP_WARM,AQI_VERY_UNHEALTHY,HUM_HUMID,WIND_CALM,UV_VERY_HIGH,ZONE_SUBTROPICAL
Sydney,Australia,-33.9,151.2,13.1,22,1.1,0.0,11.6,2,1004.1,13.1,13.1,0.0,0.0,8.0,0.0,0.0,8.0,ED_VERY_SAFE,TEMP_COOL,AQI_MODERATE,HUM_DRY,WIND_CALM,UV_LOW,ZONE_SUBTROPICAL
Sydney,Australia,-33.9,151.2,25.5,14,6.4,6.3,23.8,3,1005.7,25.5,25.5,0.0,0.0,18.0,6.449999999999999,0.0,24.45,ED_MODERATE_SAFE,TEMP_WARM,AQI_SENSITIVE,HUM_DRY,WIND_CALM,UV_HIGH,ZONE_SUBTROPICAL
Sydney,Australia,-33.9,151.2,15.2,41,8.3,6.3,14.7,3,1020.3,15.2,15.2,0.0,0.0,18.0,6.449999999999999,0.0,24.45,ED_MODERATE_SAFE,TEMP_COOL,AQI_SENSITIVE,HUM_COMFORTABLE,WIND_CALM,UV_HIGH,ZONE_SUBTROPICAL
Sydney,Australia,-33.9,151.2,20.6,56,15.5,5.8,20.9,1,1022.3,20.9,20.6,0.0,0.0,0.0,5.8,0.0,5.8,ED_VERY_SAFE,TEMP_IDEAL,AQI_GOOD,HUM_COMFORTABLE,WIND_BREEZY,UV_MODERATE,ZONE_SUBTROPICAL
Sydney,Australia,-33.9,151.2,24.5,40,17.2,6.1,24.0,4,1007.2,24.5,24.5,0.0,0.0,32.0,6.1499999999999995,0.0,38.15,ED_CAUTION,TEMP_IDEAL,AQI_UNHEALTHY,HUM_COMFORTABLE,WIND_BREEZY,UV_HIGH,ZONE_SUBTROPICAL
Sydney,Australia,-33.9,151.2,18.5,16,7.8,5.3,16.8,1,1009.6,18.5,18.5,0.0,0.0,0.0,5.3,0.0,5.3,ED_VERY_SAFE,TEMP_IDEAL,AQI_GOOD,HUM_DRY,WIND_CALM,UV_MODERATE,ZONE_SUBTROPICAL
Sydney,Australia,-33.9,151.2,18.2,47,4.3,6.2,18.1,4,1009.5,18.2,18.2,0.0,0.0,32.0,6.300000000000001,0.0,38.3,ED_CAUTION,TEMP_IDEAL,AQI_UNHEALTHY,HUM_COMFORTABLE,WIND_CALM,UV_HIGH,ZONE_SUBTROPICAL
Sydney,Australia,-33.9,151.2,13.8,53,29.9,8.8,13.9,4,1017.4,13.9,13.8,0.0,0.0,32.0,9.8,0.0,41.8,ED_CAUTION,TEMP_COOL,AQI_UNHEALTHY,HUM_COMFORTABLE,WIND_WINDY,UV_VERY_HIGH,ZONE_SUBTROPICAL
Sydney,Australia,-33.9,151.2,22.1,74,20.9,2.2,23.3,2,1022.5,23.3,22.1,0.0,0.0,8.0,0.6000000000000005,0.0,8.600000000000001,ED_VERY_SAFE,TEMP_IDEAL,AQI_MODERATE,HUM_HUMID,WIND_WINDY,UV_LOW,ZONE_SUBTROPICAL
Sydney,Australia,-33.9,151.2,18.7,46,6.4,8.5,18.5,1,1009.1,18.7,18.7,0.0,0.0,0.0,9.5,0.0,9.5,ED_VERY_SAFE,TEMP_IDEAL,AQI_GOOD,HUM_COMFORTABLE,WIND_CALM,UV_VERY_HIGH,ZONE_SUBTROPICAL
Sydney,Australia,-33.9,151.2,7.9,75,2.7,3.1,9.2,3,1007.5,9.2,7.9,0.0,0.0,18.0,3.1,0.0,21.1,ED_MODERATE_SAFE,TEMP_COLD,AQI_SENSITIVE,HUM_HUMID,WIND_CALM,UV_MODERATE,ZONE_SUBTROPICAL
Cairo,Egypt,30.0,31.2,19.4,68,5.2,6.7,20.4,1,1013.2,20.4,19.4,0.0,0.0,0.0,7.050000000000001,0.0,7.050000000000001,ED_VERY_SAFE,TEMP_IDEAL,AQI_GOOD,HUM_HUMID,WIND_CALM,UV_HIGH,ZONE_SUBTROPICAL
Cairo,Egypt,30.0,31.2,8.9,57,17.1,0.0,9.3,6,1023.2,9.3,6.301572318176631,0.0,0.0,50.0,0.0,0.0,50.0,ED_CAUTION,TEMP_COLD,AQI_HAZARDOUS,HUM_COMFORTABLE,WIND_BREEZY,UV_LOW,ZONE_SUBTROPICAL
Cairo,Egypt,30.0,31.2,9.4,53,15.0,1.9,9.6,1,1017.2,9.6,7.174299455887955,0.0,0.0,0.0,0.0,0.0,0.0,ED_VERY_SAFE,TEMP_COLD,AQI_GOOD,HUM_COMFORTABLE,WIND_BREEZY,UV_LOW,ZONE_SUBTROPICAL
Cairo,Egypt,30.0,31.2,24.2,34,11.6,3.7,23.4,2,1009.1,24.2,24.2,0.0,0.0,8.0,3.7,0.0,11.7,ED_VERY_SAFE,TEMP_IDEAL,AQI_MODERATE,HUM_COMFORTABLE,WIND_BREEZY,UV_MODERATE,ZONE_SUBTROPICAL
Cairo,Egypt,30.0,31.2,27.3,23,9.3,7.0,26.6,5,1016.6,27.3,27.3,0.9000000000000021,0.0,45.0,7.5,0.0,53.400000000000006,ED_CAUTION,TEMP_WARM,AQI_VERY_UNHEALTHY,HUM_DRY,WIND_CALM,UV_HIGH,ZONE_SUBTROPICAL
Cairo,Egypt,30.0,31.2,20.0,5,5.5,3.1,17.8,3,1016.7,20.0,20.0,0.0,0.0,18.0,3.1,0.0,21.1,ED_MODERATE_SAFE,TEMP_IDEAL,AQI_SENSITIVE,HUM_DRY,WIND_CALM,UV_MODERATE,ZONE_SUBTROPICAL
Cairo,Egypt,30.0,31.2,15.8,78,8.7,5.7,17.2,3,1005.8,17.2,15.8,0.0,0.0,18.0,5.7,0.0,23.7,ED_MODERATE_SAFE,TEMP_COOL,AQI_SENSITIVE,HUM_HUMID,WIND_CALM,UV_MODERATE,ZONE_SUBTROPICAL
Cairo,Egypt,30.0,31.2,16.0,13,7.9,6.1,14.2,3,1021.5,16.0,16.0,0.0,0.0,18.0,6.1499999999999995,0.0,24.15,ED_MODERATE_SAFE,TEMP_COOL,AQI_SENSITIVE,HUM_DRY,WIND_CALM,UV_HIGH,ZONE_SUBTROPICAL
Cairo,Egypt,30.0,31.2,18.4,38,2.7,5.7,17.8,5,1015.9,18.4,18.4,0.0,0.0,45.0,5.7,0.0,50.7,ED_CAUTION,TEMP_IDEAL,AQI_VERY_UNHEALTHY,HUM_COMFORTABLE,WIND_CALM,UV_MODERATE,ZONE_SUBTROPICAL
Cairo,Egypt,30.0,31.2,18.3,50,5.7,5.9,18.3,1,1016.3,18.3,18.3,0.0,0.0,0.0,5.9,0.0,5.9,ED_VERY_SAFE,TEMP_IDEAL,AQI_GOOD,HUM_COMFORTABLE,WIND_CALM,UV_MODERATE,ZONE_SUBTROPICAL
Cairo,Egypt,30.0,31.2,20.3,42,11.7,8.3,19.9,3,1021.0,20.3,20.3,0.0,0.0,18.0,9.3,0.0,27.3,ED_MODERATE_SAFE,TEMP_IDEAL,AQI_SENSITIVE,HUM_COMFORTABLE,WIND_BREEZY,UV_VERY_HIGH,ZONE_SUBTROPICAL
Cairo,Egypt,30.0,31.2,22.0,52,33.9,5.5,22.1,1,1026.4,22.1,22.0,0.0,0.0,0.0,5.5,0.0,5.5,ED_VERY_SAFE,TEMP_IDEAL,AQI_GOOD,HUM_COMFORTABLE,WIND_WINDY,UV_MODERATE,ZONE_SUBTROPICAL
Cairo,Egypt,30.0,31.2,22.8,64,3.1,8.2,23.5,1,1022.1,23.5,22.8,0.0,0.0,0.0,9.2,0.0,9.2,ED_VERY_SAFE,TEMP_IDEAL,AQI_GOOD,HUM_HUMID,WIND_CALM,UV_VERY_HIGH,ZONE_SUBTROPICAL
Cairo,Egypt,30.0,31.2,22.7,53,9.0,2.8,22.8,5,1005.2,22.8,22.7,0.0,0.0,45.0,2.3999999999999995,0.0,47.4,ED_CAUTION,TEMP_IDEAL,AQI_VERY_UNHEALTHY,HUM_COMFORTABLE,WIND_CALM,UV_LOW,ZONE_SUBTROPICAL
Cairo,Egypt,30.0,31.2,34.3,15,8.3,3.7,35.3,2,1023.2,35.3,34.3,20.499999999999996,0.0,8.0,3.7,0.0,32.199999999999996,ED_MODERATE_SAFE,TEMP_HOT,AQI_MODERATE,HUM_DRY,WIND_CALM,UV_MODERATE,ZONE_SUBTROPICAL
Cairo,Egypt,30.0,31.2,25.1,50,7.8,5.6,25.1,5,1020.8,25.1,25.1,0.0,0.0,45.0,5.6,0.0,50.6,ED_CAUTION,TEMP_WARM,AQI_VERY_UNHEALTHY,HUM_COMFORTABLE,WIND_CALM,UV_MODERATE,ZONE_SUBTROPICAL
Cairo,Egypt,30.0,31.2,17.9,67,15.8,5.5,18.8,5,1016.7,18.8,17.9,0.0,0.0,45.0,5.5,0.0,50.5,ED_CAUTION,TEMP_COOL,AQI_VERY_UNHEALTHY,HUM_HUMID,WIND_BREEZY,UV_MODERATE,ZONE_SUBTROPICAL
Cairo,Egypt,30.0,31.2,26.6,38,5.8,4.1,26.5,3,1010.8,26.6,26.6,0.0,0.0,18.0,4.1,0.0,22.1,ED_MODERATE_SAFE,TEMP_WARM,AQI_SENSITIVE,HUM_COMFORTABLE,WIND_CALM,UV_MODERATE,ZONE_SUBTROPICAL
Cairo,Egypt,30.0,31.2,13.6,65,7.9,0.4,14.3,4,1019.8,14.3,13.6,0.0,0.0,32.0,0.0,0.0,32.0,ED_MODERATE_SAFE,TEMP_COOL,AQI_UNHEALTHY,HUM_HUMID,WIND_CALM,UV_LOW,ZONE_SUBTROPICAL
Cairo,Egypt,30.0,31.2,16.4,57,21.0,0.0,16.7,1,1019.7,16.7,16.4,0.0,0.0,0.0,0.0,0.0,0.0,ED_VERY_SAFE,TEMP_COOL,AQI_GOOD,HUM_COMFORTABLE,WIND_WINDY,UV_LOW,ZONE_SUBTROPICAL
Cairo,Egypt,30.0,31.2,18.7,69,12.4,13.0,19.6,1,1009.4,19.6,18.7,0.0,0.0,0.0,12.0,0.0,12.0,ED_VERY_SAFE,TEMP_IDEAL,AQI_GOOD,HUM_HUMID,WIND_BREEZY,UV_EXTREME,ZONE_SUBTROPICAL
Cairo,Egypt,30.0,31.2,20.4,80,31.7,2.6,21.9,2,1013.6,21.9,20.4,0.0,0.0,8.0,1.8000000000000003,0.0,9.8,ED_VERY_SAFE,TEMP_IDEAL,AQI_MODERATE,HUM_VERY_HUMID,WIND_WINDY,UV_LOW,ZONE_SUBTROPICAL
Cairo,Egypt,30.0,31.2,19.1,35,9.5,3.4,18.4,3,1018.6,19.1,19.1,0.0,0.0,18.0,3.4,0.0,21.4,ED_MODERATE_SAFE,TEMP_IDEAL,AQI_SENSITIVE,HUM_COMFORTABLE,WIND_CALM,UV_MODERATE,ZONE_SUBTROPICAL
Cairo,Egypt,30.0,31.2,20.9,78,15.8,7.4,22.3,2,1000.6,22.3,20.9,0.0,0.0,8.0,8.100000000000001,0.0,16.1,ED_MODERATE_SAFE,TEMP_IDEAL,AQI_MODERATE,HUM_HUMID,WIND_BREEZY,UV_HIGH,ZONE_SUBTROPICAL
Cairo,Egypt,30.0,31.2,25.1,15,13.4,10.2,23.3,5,1007.2,25.1,25.1,0.0,0.0,45.0,11.2,0.0,56.2,ED_DANGEROUS,TEMP_WARM,AQI_VERY_UNHEALTHY,HUM_DRY,WIND_BREEZY,UV_VERY_HIGH,ZONE_SUBTROPICAL
Cairo,Egypt,30.0,31.2,31.7,33,25.8,7.1,32.8,1,1017.5,32.8,31.7,16.33333333333333,0.0,0.0,7.6499999999999995,0.0,23.983333333333327,ED_MODERATE_SAFE,TEMP_HOT,AQI_GOOD,HUM_COMFORTABLE,WIND_WINDY,UV_HIGH,ZONE_SUBTROPICAL
Cairo,Egypt,30.0,31.2,19.2,50,6.1,8.3,19.3,5,1009.6,19.3,19.2,0.0,0.0,45.0,9.3,0.0,54.3,ED_CAUTION,TEMP_IDEAL,AQI_VERY_UNHEALTHY,HUM_COMFORTABLE,WIND_CALM,UV_VERY_HIGH,ZONE_SUBTROPICAL
Cairo,Egypt,30.0,31.2,14.1,60,8.4,5.8,14.6,4,1001.6,14.6,14.1,0.0,0.0,32.0,5.8,0.0,37.8,ED_CAUTION,TEMP_COOL,AQI_UNHEALTHY,HUM_HUMID,WIND_CALM,UV_MODERATE,ZONE_SUBTROPICAL
Cairo,Egypt,30.0,31.2,26.7,47,8.5,6.7,27.1,4,1016.3,27.1,26.7,0.30000000000000426,0.0,32.0,7.050000000000001,0.0,39.35000000000001,ED_CAUTION,TEMP_WARM,AQI_UNHEALTHY,HUM_COMFORTABLE,WIND_CALM,UV_HIGH,ZONE_SUBTROPICAL
Cairo,Egypt,30.0,31.2,23.3,72,18.5,5.5,24.4,2,1011.1,24.4,23.3,0.0,0.0,8.0,5.5,0.0,13.5,ED_VERY_SAFE,TEMP_IDEAL,AQI_MODERATE,HUM_HUMID,WIND_BREEZY,UV_MODERATE,ZONE_SUBTROPICAL
Cairo,Egypt,30.0,31.2,16.2,10,12.9,2.2,14.2,4,1013.8,16.2,16.2,0.0,0.0,32.0,0.6000000000000005,0.0,32.6,ED_MODERATE_SAFE,TEMP_COOL,AQI_UNHEALTHY,HUM_DRY,WIND_BREEZY,UV_LOW,ZONE_SUBTROPICAL
Cairo,Egypt,30.0,31.2,35.2,34,7.0,3.4,37.4,4,1007.2,37.4,35.2,24.0,0.0,32.0,3.4,8.625,68.025,ED_DANGEROUS,TEMP_VERY_HOT,AQI_UNHEALTHY,HUM_COMFORTABLE,WIND_CALM,UV_MODERATE,ZONE_SUBTROPICAL
Cairo,Egypt,30.0,31.2,23.3,17,15.7,6.3,21.6,3,1017.8,23.3,23.3,0.0,0.0,18.0,6.449999999999999,0.0,24.45,ED_MODERATE_SAFE,TEMP_IDEAL,AQI_SENSITIVE,HUM_DRY,WIND_BREEZY,UV_HIGH,ZONE_SUBTROPICAL
Cairo,Egypt,30.0,31.2,22.8,62,29.9,9.6,23.5,3,1005.9,23.5,22.8,0.0,0.0,18.0,10.6,0.0,28.6,ED_MODERATE_SAFE,TEMP_IDEAL,AQI_SENSITIVE,HUM_HUMID,WIND_WINDY,UV_VERY_HIGH,ZONE_SUBTROPICAL
Cairo,Egypt,30.0,31.2,23.7,25,7.4,6.2,22.4,3,1012.9,23.7,23.7,0.0,0.0,18.0,6.300000000000001,0.0,24.3,ED_MODERATE_SAFE,TEMP_IDEAL,AQI_SENSITIVE,HUM_DRY,WIND_CALM,UV_HIGH,ZONE_SUBTROPICAL
Cairo,Egypt,30.0,31.2,15.2,67,13.3,9.4,16.0,1,1029.8,16.0,15.2,0.0,0.0,0.0,10.4,0.0,10.4,ED_VERY_SAFE,TEMP_COOL,AQI_GOOD,HUM_HUMID,WIND_BREEZY,UV_VERY_HIGH,ZONE_SUBTROPICAL
Cairo,Egypt,30.0,31.2,23.6,61,11.4,6.0,24.1,6,1013.3,24.1,23.6,0.0,0.0,50.0,6.0,0.0,56.0,ED_DANGEROUS,TEMP_IDEAL,AQI_HAZARDOUS,HUM_HUMID,WIND_BREEZY,UV_HIGH,ZONE_SUBTROPICAL
Cairo,Egypt,30.0,31.2,15.9,60,2.3,4.7,16.4,1,998.8,16.4,15.9,0.0,0.0,0.0,4.7,0.0,4.7,ED_VERY_SAFE,TEMP_COOL,AQI_GOOD,HUM_HUMID,WIND_CALM,UV_MODERATE,ZONE_SUBTROPICAL
Cairo,Egypt,30.0,31.2,14.8,58,14.4,4.3,15.2,1,1030.1,15.2,14.8,0.0,0.0,0.0,4.3,0.0,4.3,ED_VERY_SAFE,TEMP_COOL,AQI_GOOD,HUM_COMFORTABLE,WIND_BREEZY,UV_MODERATE,ZONE_SUBTROPICAL
Cairo,Egypt,30.0,31.2,14.9,32,15.4,3.4,14.0,2,1010.6,14.9,14.9,0.0,0.0,8.0,3.4,0.0,11.4,ED_VERY_SAFE,TEMP_COOL,AQI_MODERATE,HUM_COMFORTABLE,WIND_BREEZY,UV_MODERATE,ZONE_SUBTROPICAL
Cairo,Egypt,30.0,31.2,12.5,47,4.3,7.0,12.3,3,1024.2,12.5,12.5,0.0,0.0,18.0,7.5,0.0,25.5,ED_MODERATE_SAFE,TEMP_COOL,AQI_SENSITIVE,HUM_COMFORTABLE,WIND_CALM,UV_HIGH,ZONE_SUBTROPICAL
Cairo,Egypt,30.0,31.2,8.0,20,10.4,3.2,6.5,2,1018.8,8.0,6.167690267097597,0.0,0.0,8.0,3.2,0.0,11.2,ED_VERY_SAFE,TEMP_COLD,AQI_MODERATE,HUM_DRY,WIND_BREEZY,UV_MODERATE,ZONE_SUBTROPICAL
Cairo,Egypt,30.0,31.2,22.1,33,13.7,6.7,21.3,2,1009.0,22.1,22.1,0.0,0.0,8.0,7.050000000000001,0.0,15.05,ED_MODERATE_SAFE,TEMP_IDEAL,AQI_MODERATE,HUM_COMFORTABLE,WIND_BREEZY,UV_HIGH,ZONE_SUBTROPICAL
Cairo,Egypt,30.0,31.2,9.6,70,10.3,4.5,10.6,2,1023.9,10.6,8.101843952813056,0.0,0.0,8.0,4.5,0.0,12.5,ED_VERY_SAFE,TEMP_COLD,AQI_MODERATE,HUM_HUMID,WIND_BREEZY,UV_MODERATE,ZONE_SUBTROPICAL
Cairo,Egypt,30.0,31.2,20.9,27,10.4,10.4,19.8,4,1018.8,20.9,20.9,0.0,0.0,32.0,11.4,0.0,43.4,ED_CAUTION,TEMP_IDEAL,AQI_UNHEALTHY,HUM_DRY,WIND_BREEZY,UV_VERY_HIGH,ZONE_SUBTROPICAL
Cairo,Egypt,30.0,31.2,23.2,68,6.9,1.9,24.1,6,1013.6,24.1,23.2,0.0,0.0,50.0,0.0,0.0,50.0,ED_CAUTION,TEMP_IDEAL,AQI_HAZARDOUS,HUM_HUMID,WIND_CALM,UV_LOW,ZONE_SUBTROPICAL
Cairo,Egypt,30.0,31.2,14.1,24,5.4,7.8,12.8,6,1017.2,14.1,14.1,0.0,0.0,50.0,8.7,0.0,58.7,ED_DANGEROUS,TEMP_COOL,AQI_HAZARDOUS,HUM_DRY,WIND_CALM,UV_HIGH,ZONE_SUBTROPICAL
Cairo,Egypt,30.0,31.2,21.2,21,1.4,3.5,19.7,4,1017.8,21.2,21.2,0.0,0.0,32.0,3.5,0.0,35.5,ED_CAUTION,TEMP_IDEAL,AQI_UNHEALTHY,HUM_DRY,WIND_CALM,UV_MODERATE,ZONE_SUBTROPICAL
Cairo,Egypt,30.0,31.2,23.5,33,25.1,8.5,22.6,1,1011.1,23.5,23.5,0.0,0.0,0.0,9.5,0.0,9.5,ED_VERY_SAFE,TEMP_IDEAL,AQI_GOOD,HUM_COMFORTABLE,WIND_WINDY,UV_VERY_HIGH,ZONE_SUBTROPICAL
Cairo,Egypt,30.0,31.2,21.7,9,5.3,0.6,19.6,4,995.2,21.7,21.7,0.0,0.0,32.0,0.0,0.0,32.0,ED_MODERATE_SAFE,TEMP_IDEAL,AQI_UNHEALTHY,HUM_DRY,WIND_CALM,UV_LOW,ZONE_SUBTROPICAL
Cairo,Egypt,30.0,31.2,21.3,34,2.3,4.4,20.5,1,1015.8,21.3,21.3,0.0,0.0,0.0,4.4,0.0,4.4,ED_VERY_SAFE,TEMP_IDEAL,AQI_GOOD,HUM_COMFORTABLE,WIND_CALM,UV_MODERATE,ZONE_SUBTROPICAL
Cairo,Egypt,30.0,31.2,9.9,19,23.6,4.6,8.4,2,1002.5,9.9,6.927306749510384,0.0,0.0,8.0,4.6,0.0,12.6,ED_VERY_SAFE,TEMP_COLD,AQI_MODERATE,HUM_DRY,WIND_WINDY,UV_MODERATE,ZONE_SUBTROPICAL
Cairo,Egypt,30.0,31.2,22.7,53,30.7,4.2,22.8,5,1018.7,22.8,22.7,0.0,0.0,45.0,4.2,0.0,49.2,ED_CAUTION,TEMP_IDEAL,AQI_VERY_UNHEALTHY,HUM_COMFORTABLE,WIND_WINDY,UV_MODERATE,ZONE_SUBTROPICAL
Cairo,Egypt,30.0,31.2,31.4,68,11.4,6.6,34.2,4,1025.5,34.2,31.4,18.66666666666667,0.0,32.0,6.8999999999999995,8.625,66.19166666666666,ED_DANGEROUS,TEMP_HOT,AQI_UNHEALTHY,HUM_HUMID,WIND_BREEZY,UV_HIGH,ZONE_SUBTROPICAL
Cairo,Egypt,30.0,31.2,5.9,54,6.5,7.9,6.1,2,1000.0,6.1,4.6029830506129645,0.0,0.0,8.0,8.850000000000001,0.0,16.85,ED_MODERATE_SAFE,TEMP_COLD,AQI_MODERATE,HUM_COMFORTABLE,WIND_CALM,UV_HIGH,ZONE_SUBTROPICAL
Cairo,Egypt,30.0,31.2,19.2,76,31.1,6.2,20.5,3,1011.3,20.5,19.2,0.0,0.0,18.0,6.300000000000001,0.0,24.3,ED_MODERATE_SAFE,TEMP_IDEAL,AQI_SENSITIVE,HUM_HUMID,WIND_WINDY,UV_HIGH,ZONE_SUBTROPICAL
Cairo,Egypt,30.0,31.2,24.2,38,10.7,6.7,23.6,1,1024.0,24.2,24.2,0.0,0.0,0.0,7.050000000000001,0.0,7.050000000000001,ED_VERY_SAFE,TEMP_IDEAL,AQI_GOOD,HUM_COMFORTABLE,WIND_BREEZY,UV_HIGH,ZONE_SUBTROPICAL
Cairo,Egypt,30.0,31.2,14.8,62,16.4,10.4,15.5,5,1020.3,15.5,14.8,0.0,0.0,45.0,11.4,0.0,56.4,ED_DANGEROUS,TEMP_COOL,AQI_VERY_UNHEALTHY,HUM_HUMID,WIND_BREEZY,UV_VERY_HIGH,ZONE_SUBTROPICAL
Cairo,Egypt,30.0,31.2,25.6,32,17.6,3.8,24.8,3,1028.5,25.6,25.6,0.0,0.0,18.0,3.8,0.0,21.8,ED_MODERATE_SAFE,TEMP_WARM,AQI_SENSITIVE,HUM_COMFORTABLE,WIND_BREEZY,UV_MODERATE,ZONE_SUBTROPICAL
Cairo,Egypt,30.0,31.2,13.9,51,16.6,8.7,14.0,1,1007.5,14.0,13.9,0.0,0.0,0.0,9.7,0.0,9.7,ED_VERY_SAFE,TEMP_COOL,AQI_GOOD,HUM_COMFORTABLE,WIND_BREEZY,UV_VERY_HIGH,ZONE_SUBTROPICAL
Cairo,Egypt,30.0,31.2,10.1,26,5.2,8.8,8.9,1,1028.7,10.1,10.1,0.0,0.0,0.0,9.8,0.0,9.8,ED_VERY_SAFE,TEMP_COOL,AQI_GOOD,HUM_DRY,WIND_CALM,UV_VERY_HIGH,ZONE_SUBTROPICAL
Cairo,Egypt,30.0,31.2,12.0,58,5.9,2.8,12.3,3,1019.4,12.3,12.0,0.0,0.0,18.0,2.3999999999999995,0.0,20.4,ED_MODERATE_SAFE,TEMP_COOL,AQI_SENSITIVE,HUM_COMFORTABLE,WIND_CALM,UV_LOW,ZONE_SUBTROPICAL
Cairo,Egypt,30.0,31.2,15.5,39,17.7,3.2,14.9,1,995.4,15.5,15.5,0.0,0.0,0.0,3.2,0.0,3.2,ED_VERY_SAFE,TEMP_COOL,AQI_GOOD,HUM_COMFORTABLE,WIND_BREEZY,UV_MODERATE,ZONE_SUBTROPICAL
Cairo,Egypt,30.0,31.2,19.1,57,24.0,3.9,19.5,4,1018.9,19.5,19.1,0.0,0.0,32.0,3.9,0.0,35.9,ED_CAUTION,TEMP_IDEAL,AQI_UNHEALTHY,HUM_COMFORTABLE,WIND_WINDY,UV_MODERATE,ZONE_SUBTROPICAL
Cairo,Egypt,30.0,31.2,16.4,72,9.7,6.5,17.5,1,1019.0,17.5,16.4,0.0,0.0,0.0,6.75,0.0,6.75,ED_VERY_SAFE,TEMP_COOL,AQI_GOOD,HUM_HUMID,WIND_CALM,UV_HIGH,ZONE_SUBTROPICAL
Cairo,Egypt,30.0,31.2,23.4,21,19.9,5.8,21.9,1,1005.1,23.4,23.4,0.0,0.0,0.0,5.8,0.0,5.8,ED_VERY_SAFE,TEMP_IDEAL,AQI_GOOD,HUM_DRY,WIND_BREEZY,UV_MODERATE,ZONE_SUBTROPICAL
Cairo,Egypt,30.0,31.2,13.0,36,10.5,8.5,12.3,2,1018.4,13.0,13.0,0.0,0.0,8.0,9.5,0.0,17.5,ED_MODERATE_SAFE,TEMP_COOL,AQI_MODERATE,HUM_COMFORTABLE,WIND_BREEZY,UV_VERY_HIGH,ZONE_SUBTROPICAL
Cairo,Egypt,30.0,31.2,20.3,34,4.6,5.4,19.4,1,1012.6,20.3,20.3,0.0,0.0,0.0,5.4,0.0,5.4,ED_VERY_SAFE,TEMP_IDEAL,AQI_GOOD,HUM_COMFORTABLE,WIND_CALM,UV_MODERATE,ZONE_SUBTROPICAL
Cairo,Egypt,30.0,31.2,21.3,41,0.4,4.5,20.8,2,1013.5,21.3,21.3,0.0,0.0,8.0,4.5,0.0,12.5,ED_VERY_SAFE,TEMP_IDEAL,AQI_MODERATE,HUM_COMFORTABLE,WIND_CALM,UV_MODERATE,ZONE_SUBTROPICAL
Cairo,Egypt,30.0,31.2,23.5,58,12.6,4.9,23.9,1,1011.0,23.9,23.5,0.0,0.0,0.0,4.9,0.0,4.9,ED_VERY_SAFE,TEMP_IDEAL,AQI_GOOD,HUM_COMFORTABLE,WIND_BREEZY,UV_MODERATE,ZONE_SUBTROPICAL
Cairo,Egypt,30.0,31.2,6.9,48,12.5,5.9,6.8,2,1010.6,6.9,4.474578280199737,0.0,0.0,8.0,5.9,0.0,13.9,ED_VERY_SAFE,TEMP_COLD,AQI_MODERATE,HUM_COMFORTABLE,WIND_BREEZY,UV_MODERATE,ZONE_SUBTROPICAL
Cairo,Egypt,30.0,31.2,15.1,58,10.3,5.5,15.5,1,1007.9,15.5,15.1,0.0,0.0,0.0,5.5,0.0,5.5,ED_VERY_SAFE,TEMP_COOL,AQI_GOOD,HUM_COMFORTABLE,WIND_BREEZY,UV_MODERATE,ZONE_SUBTROPICAL
Cairo,Egypt,30.0,31.2,22.5,18,9.5,3.8,20.9,2,1023.0,22.5,22.5,0.0,0.0,8.0,3.8,0.0,11.8,ED_VERY_SAFE,TEMP_IDEAL,AQI_MODERATE,HUM_DRY,WIND_CALM,UV_MODERATE,ZONE_SUBTROPICAL
Cairo,Egypt,30.0,31.2,15.4,39,1.1,8.5,14.9,3,1010.6,15.4,15.4,0.0,0.0,18.0,9.5,0.0,27.5,ED_MODERATE_SAFE,TEMP_COOL,AQI_SENSITIVE,HUM_COMFORTABLE,WIND_CALM,UV_VERY_HIGH,ZONE_SUBTROPICAL
Cairo,Egypt,30.0,31.2,20.7,23,12.7,7.9,19.4,4,1009.6,20.7,20.7,0.0,0.0,32.0,8.850000000000001,0.0,40.85,ED_CAUTION,TEMP_IDEAL,AQI_UNHEALTHY,HUM_DRY,WIND_BREEZY,UV_HIGH,ZONE_SUBTROPICAL
Cairo,Egypt,30.0,31.2,7.9,69,10.7,6.3,8.9,2,999.1,8.9,5.993224726340147,0.0,0.0,8.0,6.449999999999999,0.0,14.45,ED_VERY_SAFE,TEMP_COLD,AQI_MODERATE,HUM_HUMID,WIND_BREEZY,UV_HIGH,ZONE_SUBTROPICAL
Cairo,Egypt,30.0,31.2,16.1,94,13.2,5.4,18.3,3,1013.5,18.3,16.1,0.0,0.0,18.0,5.4,0.0,23.4,ED_MODERATE_SAFE,TEMP_COOL,AQI_SENSITIVE,HUM_VERY_HUMID,WIND_BREEZY,UV_MODERATE,ZONE_SUBTROPICAL
Cairo,Egypt,30.0,31.2,31.1,27,14.7,5.1,31.8,1,1004.7,31.8,31.1,14.400000000000002,0.0,0.0,5.1,0.0,19.5,ED_MODERATE_SAFE,TEMP_HOT,AQI_GOOD,HUM_DRY,WIND_BREEZY,UV_MODERATE,ZONE_SUBTROPICAL
Cairo,Egypt,30.0,31.2,30.9,56,17.0,6.2,32.9,2,1000.4,32.9,30.9,16.499999999999996,0.0,8.0,6.300000000000001,0.0,30.799999999999997,ED_MODERATE_SAFE,TEMP_HOT,AQI_MODERATE,HUM_COMFORTABLE,WIND_BREEZY,UV_HIGH,ZONE_SUBTROPICAL
Cairo,Egypt,30.0,31.2,29.1,37,13.5,7.5,29.7,5,1015.2,29.7,29.1,8.099999999999998,0.0,45.0,8.25,0.0,61.349999999999994,ED_DANGEROUS,TEMP_WARM,AQI_VERY_UNHEALTHY,HUM_COMFORTABLE,WIND_BREEZY,UV_HIGH,ZONE_SUBTROPICAL
Cairo,Egypt,30.0,31.2,32.4,48,5.5,0.0,34.5,5,1015.4,34.5,32.4,19.166666666666668,0.0,45.0,0.0,11.0625,75.22916666666667,ED_VERY_DANGEROUS,TEMP_HOT,AQI_VERY_UNHEALTHY,HUM_COMFORTABLE,WIND_CALM,UV_LOW,ZONE_SUBTROPICAL
Cairo,Egypt,30.0,31.2,5.6,51,31.1,4.9,5.7,2,1014.2,5.7,0.7425695416610112,0.0,0.0,8.0,4.9,0.0,12.9,ED_VERY_SAFE,TEMP_COLD,AQI_MODERATE,HUM_COMFORTABLE,WIND_WINDY,UV_MODERATE,ZONE_SUBTROPICAL
Cairo,Egypt,30.0,31.2,25.8,27,8.5,7.0,24.9,1,1014.5,25.8,25.8,0.0,0.0,0.0,7.5,0.0,7.5,ED_VERY_SAFE,TEMP_WARM,AQI_GOOD,HUM_DRY,WIND_CALM,UV_HIGH,ZONE_SUBTROPICAL
Cairo,Egypt,30.0,31.2,13.1,37,10.9,6.1,12.4,3,1006.2,13.1,13.1,0.0,0.0,18.0,6.1499999999999995,0.0,24.15,ED_MODERATE_SAFE,TEMP_COOL,AQI_SENSITIVE,HUM_COMFORTABLE,WIND_BREEZY,UV_HIGH,ZONE_SUBTROPICAL
Cairo,Egypt,30.0,31.2,19.7,58,26.9,6.5,20.1,4,1014.9,20.1,19.7,0.0,0.0,32.0,6.75,0.0,38.75,ED_CAUTION,TEMP_IDEAL,AQI_UNHEALTHY,HUM_COMFORTABLE,WIND_WINDY,UV_HIGH,ZONE_SUBTROPICAL
Cairo,Egypt,30.0,31.2,13.5,49,26.1,5.4,13.4,1,1014.0,13.5,13.5,0.0,0.0,0.0,5.4,0.0,5.4,ED_VERY_SAFE,TEMP_COOL,AQI_GOOD,HUM_COMFORTABLE,WIND_WINDY,UV_MODERATE,ZONE_SUBTROPICAL
Cairo,Egypt,30.0,31.2,17.6,5,10.2,3.3,15.3,1,1022.3,17.6,17.6,0.0,0.0,0.0,3.3,0.0,3.3,ED_VERY_SAFE,TEMP_COOL,AQI_GOOD,HUM_DRY,WIND_BREEZY,UV_MODERATE,ZONE_SUBTROPICAL
Cairo,Egypt,30.0,31.2,23.6,84,25.0,2.0,25.3,4,1008.3,25.3,23.6,0.0,0.0,32.0,0.0,0.0,32.0,ED_MODERATE_SAFE,TEMP_IDEAL,AQI_UNHEALTHY,HUM_VERY_HUMID,WIND_WINDY,UV_LOW,ZONE_SUBTROPICAL
Cairo,Egypt,30.0,31.2,16.3,59,19.4,3.9,16.7,3,1021.9,16.7,16.3,0.0,0.0,18.0,3.9,0.0,21.9,ED_MODERATE_SAFE,TEMP_COOL,AQI_SENSITIVE,HUM_COMFORTABLE,WIND_BREEZY,UV_MODERATE,ZONE_SUBTROPICAL
Cairo,Egypt,30.0,31.2,19.1,24,9.6,5.3,17.8,2,1001.1,19.1,19.1,0.0,0.0,8.0,5.3,0.0,13.3,ED_VERY_SAFE,TEMP_IDEAL,AQI_MODERATE,HUM_DRY,WIND_CALM,UV_MODERATE,ZONE_SUBTROPICAL
Cairo,Egypt,30.0,31.2,6.5,42,7.0,10.2,6.1,2,1006.1,6.5,5.15535128584386,0.0,0.0,8.0,11.2,0.0,19.2,ED_MODERATE_SAFE,TEMP_COLD,AQI_MODERATE,HUM_COMFORTABLE,WIND_CALM,UV_VERY_HIGH,ZONE_SUBTROPICAL
Cairo,Egypt,30.0,31.2,28.8,6,10.7,4.8,27.7,6,989.7,28.8,28.8,5.400000000000002,0.0,50.0,4.8,0.0,60.2,ED_DANGEROUS,TEMP_WARM,AQI_HAZARDOUS,HUM_DRY,WIND_BREEZY,UV_MODERATE,ZONE_SUBTROPICAL
Cairo,Egypt,30.0,31.2,10.4,60,35.2,7.1,10.9,2,1017.4,10.9,10.4,0.0,0.0,8.0,7.6499999999999995,0.0,15.649999999999999,ED_MODERATE_SAFE,TEMP_COOL,AQI_MODERATE,HUM_HUMID,WIND_WINDY,UV_HIGH,ZONE_SUBTROPICAL
Cairo,Egypt,30.0,31.2,31.9,33,1.1,0.0,33.1,1,1023.6,33.1,31.9,16.833333333333336,0.0,0.0,0.0,0.0,16.833333333333336,ED_MODERATE_SAFE,TEMP_HOT,AQI_GOOD,HUM_COMFORTABLE,WIND_CALM,UV_LOW,ZONE_SUBTROPICAL
Cairo,Egypt,30.0,31.2,18.7,49,1.6,3.3,18.7,6,1023.4,18.7,18.7,0.0,0.0,50.0,3.3,0.0,53.3,ED_CAUTION,TEMP_IDEAL,AQI_HAZARDOUS,HUM_COMFORTABLE,WIND_CALM,UV_MODERATE,ZONE_SUBTROPICAL
Cairo,Egypt,30.0,31.2,12.8,29,22.6,6.7,11.8,3,989.4,12.8,12.8,0.0,0.0,18.0,7.050000000000001,0.0,25.05,ED_MODERATE_SAFE,TEMP_COOL,AQI_SENSITIVE,HUM_DRY,WIND_WINDY,UV_HIGH,ZONE_SUBTROPICAL
Cairo,Egypt,30.0,31.2,15.9,28,13.0,10.4,14.8,2,1036.7,15.9,15.9,0.0,0.0,8.0,11.4,0.0,19.4,ED_MODERATE_SAFE,TEMP_COOL,AQI_MODERATE,HUM_DRY,WIND_BREEZY,UV_VERY_HIGH,ZONE_SUBTROPICAL
Cairo,Egypt,30.0,31.2,15.2,52,31.1,11.5,15.3,1,1001.6,15.3,15.2,0.0,0.0,0.0,12.0,0.0,12.0,ED_VERY_SAFE,TEMP_COOL,AQI_GOOD,HUM_COMFORTABLE,WIND_WINDY,UV_EXTREME,ZONE_SUBTROPICAL
Cairo,Egypt,30.0,31.2,24.0,76,10.3,6.7,25.3,6,1005.3,25.3,24.0,0.0,0.0,50.0,7.050000000000001,0.0,57.05,ED_DANGEROUS,TEMP_IDEAL,AQI_HAZARDOUS,HUM_HUMID,WIND_BREEZY,UV_HIGH,ZONE_SUBTROPICAL
Cairo,Egypt,30.0,31.2,20.1,42,19.9,8.2,19.7,1,1011.0,20.1,20.1,0.0,0.0,0.0,9.2,0.0,9.2,ED_VERY_SAFE,TEMP_IDEAL,AQI_GOOD,HUM_COMFORTABLE,WIND_BREEZY,UV_VERY_HIGH,ZONE_SUBTROPICAL
Cairo,Egypt,30.0,31.2,23.4,48,5.8,7.7,23.3,5,1022.3,23.4,23.4,0.0,0.0,45.0,8.55,0.0,53.55,ED_CAUTION,TEMP_IDEAL,AQI_VERY_UNHEALTHY,HUM_COMFORTABLE,WIND_CALM,UV_HIGH,ZONE_SUBTROPICAL
Cairo,Egypt,30.0,31.2,17.1,50,24.0,4.3,17.1,6,1016.4,17.1,17.1,0.0,0.0,50.0,4.3,0.0,54.3,ED_CAUTION,TEMP_COOL,AQI_HAZARDOUS,HUM_COMFORTABLE,WIND_WINDY,UV_MODERATE,ZONE_SUBTROPICAL
Cairo,Egypt,30.0,31.2,15.1,47,21.3,2.0,15.0,1,1002.9,15.1,15.1,0.0,0.0,0.0,0.0,0.0,0.0,ED_VERY_SAFE,TEMP_COOL,AQI_GOOD,HUM_COMFORTABLE,WIND_WINDY,UV_LOW,ZONE_SUBTROPICAL
Cairo,Egypt,30.0,31.2,22.6,17,7.9,7.9,20.9,4,1014.5,22.6,22.6,0.0,0.0,32.0,8.850000000000001,0.0,40.85,ED_CAUTION,TEMP_IDEAL,AQI_UNHEALTHY,HUM_DRY,WIND_CALM,UV_HIGH,ZONE_SUBTROPICAL
Cairo,Egypt,30.0,31.2,19.7,41,8.5,4.8,19.2,2,1032.0,19.7,19.7,0.0,0.0,8.0,4.8,0.0,12.8,ED_VERY_SAFE,TEMP_IDEAL,AQI_MODERATE,HUM_COMFORTABLE,WIND_CALM,UV_MODERATE,ZONE_SUBTROPICAL
Cairo,Egypt,30.0,31.2,18.5,18,4.9,11.7,16.9,2,1003.1,18.5,18.5,0.0,0.0,8.0,12.0,0.0,20.0,ED_MODERATE_SAFE,TEMP_IDEAL,AQI_MODERATE,HUM_DRY,WIND_CALM,UV_EXTREME,ZONE_SUBTROPICAL
Cairo,Egypt,30.0,31.2,12.7,38,9.5,4.7,12.1,1,1020.9,12.7,12.7,0.0,0.0,0.0,4.7,0.0,4.7,ED_VERY_SAFE,TEMP_COOL,AQI_GOOD,HUM_COMFORTABLE,WIND_CALM,UV_MODERATE,ZONE_SUBTROPICAL
Cairo,Egypt,30.0,31.2,17.1,27,4.6,9.1,15.9,2,1010.3,17.1,17.1,0.0,0.0,8.0,10.1,0.0,18.1,ED_MODERATE_SAFE,TEMP_COOL,AQI_MODERATE,HUM_DRY,WIND_CALM,UV_VERY_HIGH,ZONE_SUBTROPICAL
Cairo,Egypt,30.0,31.2,14.4,60,26.5,7.3,14.9,4,1004.7,14.9,14.4,0.0,0.0,32.0,7.949999999999999,0.0,39.95,ED_CAUTION,TEMP_COOL,AQI_UNHEALTHY,HUM_HUMID,WIND_WINDY,UV_HIGH,ZONE_SUBTROPICAL
Cairo,Egypt,30.0,31.2,25.5,11,6.5,3.3,23.7,4,1022.8,25.5,25.5,0.0,0.0,32.0,3.3,0.0,35.3,ED_CAUTION,TEMP_WARM,AQI_UNHEALTHY,HUM_DRY,WIND_CALM,UV_MODERATE,ZONE_SUBTROPICAL
Cairo,Egypt,30.0,31.2,16.7,62,14.8,8.4,17.3,1,1017.2,17.3,16.7,0.0,0.0,0.0,9.4,0.0,9.4,ED_VERY_SAFE,TEMP_COOL,AQI_GOOD,HUM_HUMID,WIND_BREEZY,UV_VERY_HIGH,ZONE_SUBTROPICAL
Cairo,Egypt,30.0,31.2,26.8,29,11.0,3.7,26.3,1,1006.7,26.8,26.8,0.0,0.0,0.0,3.7,0.0,3.7,ED_VERY_SAFE,TEMP_WARM,AQI_GOOD,HUM_DRY,WIND_BREEZY,UV_MODERATE,ZONE_SUBTROPICAL
Cairo,Egypt,30.0,31.2,13.3,51,4.8,7.6,13.3,2,1010.6,13.3,13.3,0.0,0.0,8.0,8.399999999999999,0.0,16.4,ED_MODERATE_SAFE,TEMP_COOL,AQI_MODERATE,HUM_COMFORTABLE,WIND_CALM,UV_HIGH,ZONE_SUBTROPICAL
Cairo,Egypt,30.0,31.2,28.1,30,37.6,3.0,28.0,4,1006.0,28.1,28.1,3.3000000000000043,0.0,32.0,3.0,0.0,38.300000000000004,ED_CAUTION,TEMP_WARM,AQI_UNHEALTHY,HUM_COMFORTABLE,WIND_WINDY,UV_MODERATE,ZONE_SUBTROPICAL
Cairo,Egypt,30.0,31.2,14.6,44,15.2,2.9,14.3,1,1020.9,14.6,14.6,0.0,0.0,0.0,2.6999999999999997,0.0,2.6999999999999997,ED_VERY_SAFE,TEMP_COOL,AQI_GOOD,HUM_COMFORTABLE,WIND_BREEZY,UV_LOW,ZONE_SUBTROPICAL
Cairo,Egypt,30.0,31.2,18.4,41,4.3,6.8,17.9,3,1009.5,18.4,18.4,0.0,0.0,18.0,7.199999999999999,0.0,25.2,ED_MODERATE_SAFE,TEMP_IDEAL,AQI_SENSITIVE,HUM_COMFORTABLE,WIND_CALM,UV_HIGH,ZONE_SUBTROPICAL
Cairo,Egypt,30.0,31.2,22.4,34,16.1,3.1,21.6,3,1011.6,22.4,22.4,0.0,0.0,18.0,3.1,0.0,21.1,ED_MODERATE_SAFE,TEMP_IDEAL,AQI_SENSITIVE,HUM_COMFORTABLE,WIND_BREEZY,UV_MODERATE,ZONE_SUBTROPICAL
Cairo,Egypt,30.0,31.2,15.5,35,24.8,2.2,14.7,1,1012.9,15.5,15.5,0.0,0.0,0.0,0.6000000000000005,0.0,0.6000000000000005,ED_VERY_SAFE,TEMP_COOL,AQI_GOOD,HUM_COMFORTABLE,WIND_WINDY,UV_LOW,ZONE_SUBTROPICAL
Cairo,Egypt,30.0,31.2,17.4,15,7.2,10.2,15.7,3,1010.2,17.4,17.4,0.0,0.0,18.0,11.2,0.0,29.2,ED_MODERATE_SAFE,TEMP_COOL,AQI_SENSITIVE,HUM_DRY,WIND_CALM,UV_VERY_HIGH,ZONE_SUBTROPICAL
Cairo,Egypt,30.0,31.2,18.6,50,0.9,4.7,18.5,4,1007.1,18.6,18.6,0.0,0.0,32.0,4.7,0.0,36.7,ED_CAUTION,TEMP_IDEAL,AQI_UNHEALTHY,HUM_COMFORTABLE,WIND_CALM,UV_MODERATE,ZONE_SUBTROPICAL
Cairo,Egypt,30.0,31.2,32.7,81,14.1,8.0,36.6,1,1013.6,36.6,32.7,22.66666666666667,0.0,0.0,9.0,0.0,31.66666666666667,ED_MODERATE_SAFE,TEMP_HOT,AQI_GOOD,HUM_VERY_HUMID,WIND_BREEZY,UV_VERY_HIGH,ZONE_SUBTROPICAL
Cairo,Egypt,30.0,31.2,14.3,36,8.3,4.5,13.6,2,1017.3,14.3,14.3,0.0,0.0,8.0,4.5,0.0,12.5,ED_VERY_SAFE,TEMP_COOL,AQI_MODERATE,HUM_COMFORTABLE,WIND_CALM,UV_MODERATE,ZONE_SUBTROPICAL
Cairo,Egypt,30.0,31.2,28.6,29,4.7,1.0,28.7,4,1007.8,28.7,28.6,5.099999999999998,0.0,32.0,0.0,0.0,37.099999999999994,ED_CAUTION,TEMP_WARM,AQI_UNHEALTHY,HUM_DRY,WIND_CALM,UV_LOW,ZONE_SUBTROPICAL
Cairo,Egypt,30.0,31.2,31.9,40,11.2,1.9,33.4,2,1018.5,33.4,31.9,17.333333333333332,0.0,8.0,0.0,0.0,25.333333333333332,ED_MODERATE_SAFE,TEMP_HOT,AQI_MODERATE,HUM_COMFORTABLE,WIND_BREEZY,UV_LOW,ZONE_SUBTROPICAL
Cairo,Egypt,30.0,31.2,23.4,72,4.0,2.9,24.5,3,1015.9,24.5,23.4,0.0,0.0,18.0,2.6999999999999997,0.0,20.7,ED_MODERATE_SAFE,TEMP_IDEAL,AQI_SENSITIVE,HUM_HUMID,WIND_CALM,UV_LOW,ZONE_SUBTROPICAL
Cairo,Egypt,30.0,31.2,4.7,52,8.9,4.3,4.8,1,1019.1,4.8,2.5538819328899547,0.0,0.0,0.0,4.3,0.0,4.3,ED_VERY_SAFE,TEMP_COLD,AQI_GOOD,HUM_COMFORTABLE,WIND_CALM,UV_MODERATE,ZONE_SUBTROPICAL
Cairo,Egypt,30.0,31.2,18.8,19,1.3,2.2,17.2,1,1011.9,18.8,18.8,0.0,0.0,0.0,0.6000000000000005,0.0,0.6000000000000005,ED_VERY_SAFE,TEMP_IDEAL,AQI_GOOD,HUM_DRY,WIND_CALM,UV_LOW,ZONE_SUBTROPICAL
Cairo,Egypt,30.0,31.2,23.4,49,8.7,5.3,23.3,4,1017.6,23.4,23.4,0.0,0.0,32.0,5.3,0.0,37.3,ED_CAUTION,TEMP_IDEAL,AQI_UNHEALTHY,HUM_COMFORTABLE,WIND_CALM,UV_MODERATE,ZONE_SUBTROPICAL
Cairo,Egypt,30.0,31.2,16.9,84,16.9,4.3,18.6,1,1016.8,18.6,16.9,0.0,0.0,0.0,4.3,0.0,4.3,ED_VERY_SAFE,TEMP_COOL,AQI_GOOD,HUM_VERY_HUMID,WIND_BREEZY,UV_MODERATE,ZONE_SUBTROPICAL
Cairo,Egypt,30.0,31.2,25.4,39,10.9,10.9,24.9,1,1016.5,25.4,25.4,0.0,0.0,0.0,11.9,0.0,11.9,ED_VERY_SAFE,TEMP_WARM,AQI_GOOD,HUM_COMFORTABLE,WIND_BREEZY,UV_VERY_HIGH,ZONE_SUBTROPICAL
Cairo,Egypt,30.0,31.2,22.1,36,12.7,8.6,21.4,3,997.9,22.1,22.1,0.0,0.0,18.0,9.6,0.0,27.6,ED_MODERATE_SAFE,TEMP_IDEAL,AQI_SENSITIVE,HUM_COMFORTABLE,WIND_BREEZY,UV_VERY_HIGH,ZONE_SUBTROPICAL
Cairo,Egypt,30.0,31.2,27.1,29,1.9,1.2,26.7,4,1009.1,27.1,27.1,0.30000000000000426,0.0,32.0,0.0,0.0,32.300000000000004,ED_MODERATE_SAFE,TEMP_WARM,AQI_UNHEALTHY,HUM_DRY,WIND_CALM,UV_LOW,ZONE_SUBTROPICAL
Cairo,Egypt,30.0,31.2,14.5,46,18.2,5.1,14.3,1,1012.8,14.5,14.5,0.0,0.0,0.0,5.1,0.0,5.1,ED_VERY_SAFE,TEMP_COOL,AQI_GOOD,HUM_COMFORTABLE,WIND_BREEZY,UV_MODERATE,ZONE_SUBTROPICAL
Cairo,Egypt,30.0,31.2,17.9,57,0.9,5.0,18.2,2,1021.9,18.2,17.9,0.0,0.0,8.0,5.0,0.0,13.0,ED_VERY_SAFE,TEMP_COOL,AQI_MODERATE,HUM_COMFORTABLE,WIND_CALM,UV_MODERATE,ZONE_SUBTROPICAL
Cairo,Egypt,30.0,31.2,15.6,49,12.4,11.1,15.6,2,1011.0,15.6,15.6,0.0,0.0,8.0,12.0,0.0,20.0,ED_MODERATE_SAFE,TEMP_COOL,AQI_MODERATE,HUM_COMFORTABLE,WIND_BREEZY,UV_EXTREME,ZONE_SUBTROPICAL
Cairo,Egypt,30.0,31.2,11.2,41,25.4,3.5,10.8,3,1017.8,11.2,11.2,0.0,0.0,18.0,3.5,0.0,21.5,ED_MODERATE_SAFE,TEMP_COOL,AQI_SENSITIVE,HUM_COMFORTABLE,WIND_WINDY,UV_MODERATE,ZONE_SUBTROPICAL
Cairo,Egypt,30.0,31.2,2.4,20,14.0,8.3,1.0,1,1026.7,2.4,-1.2805082003740604,0.0,1.9207623005610905,0.0,9.3,0.0,11.220762300561091,ED_VERY_SAFE,TEMP_COLD,AQI_GOOD,HUM_DRY,WIND_BREEZY,UV_VERY_HIGH,ZONE_SUBTROPICAL
Cairo,Egypt,30.0,31.2,21.1,72,15.7,8.8,22.2,3,1017.4,22.2,21.1,0.0,0.0,18.0,9.8,0.0,27.8,ED_MODERATE_SAFE,TEMP_IDEAL,AQI_SENSITIVE,HUM_HUMID,WIND_BREEZY,UV_VERY_HIGH,ZONE_SUBTROPICAL
Cairo,Egypt,30.0,31.2,14.8,5,15.9,7.1,12.6,1,1014.0,14.8,14.8,0.0,0.0,0.0,7.6499999999999995,0.0,7.6499999999999995,ED_VERY_SAFE,TEMP_COOL,AQI_GOOD,HUM_DRY,WIND_BREEZY,UV_HIGH,ZONE_SUBTROPICAL
Cairo,Egypt,30.0,31.2,23.3,55,4.0,7.7,23.6,1,1018.8,23.6,23.3,0.0,0.0,0.0,8.55,0.0,8.55,ED_VERY_SAFE,TEMP_IDEAL,AQI_GOOD,HUM_COMFORTABLE,WIND_CALM,UV_HIGH,ZONE_SUBTROPICAL
Cairo,Egypt,30.0,31.2,19.5,66,7.7,8.2,20.3,2,1020.4,20.3,19.5,0.0,0.0,8.0,9.2,0.0,17.2,ED_MODERATE_SAFE,TEMP_IDEAL,AQI_MODERATE,HUM_HUMID,WIND_CALM,UV_VERY_HIGH,ZONE_SUBTROPICAL
Cairo,Egypt,30.0,31.2,13.1,46,11.4,10.6,12.9,4,1010.9,13.1,13.1,0.0,0.0,32.0,11.6,0.0,43.6,ED_CAUTION,TEMP_COOL,AQI_UNHEALTHY,HUM_COMFORTABLE,WIND_BREEZY,UV_VERY_HIGH,ZONE_SUBTROPICAL
Cairo,Egypt,30.0,31.2,19.4,82,26.2,8.8,21.0,4,1012.6,21.0,19.4,0.0,0.0,32.0,9.8,0.0,41.8,ED_CAUTION,TEMP_IDEAL,AQI_UNHEALTHY,HUM_VERY_HUMID,WIND_WINDY,UV_VERY_HIGH,ZONE_SUBTROPICAL
Cairo,Egypt,30.0,31.2,22.8,66,18.6,9.1,23.6,2,1014.0,23.6,22.8,0.0,0.0,8.0,10.1,0.0,18.1,ED_MODERATE_SAFE,TEMP_IDEAL,AQI_MODERATE,HUM_HUMID,WIND_BREEZY,UV_VERY_HIGH,ZONE_SUBTROPICAL
Cairo,Egypt,30.0,31.2,24.4,54,14.2,7.4,24.6,1,1019.0,24.6,24.4,0.0,0.0,0.0,8.100000000000001,0.0,8.100000000000001,ED_VERY_SAFE,TEMP_IDEAL,AQI_GOOD,HUM_COMFORTABLE,WIND_BREEZY,UV_HIGH,ZONE_SUBTROPICAL
Cairo,Egypt,30.0,31.2,21.0,8,2.1,10.5,18.9,1,1017.1,21.0,21.0,0.0,0.0,0.0,11.5,0.0,11.5,ED_VERY_SAFE,TEMP_IDEAL,AQI_GOOD,HUM_DRY,WIND_CALM,UV_VERY_HIGH,ZONE_SUBTROPICAL
Cairo,Egypt,30.0,31.2,26.2,72,12.8,9.3,27.6,1,1003.7,27.6,26.2,1.8000000000000043,0.0,0.0,10.3,0.0,12.100000000000005,ED_VERY_SAFE,TEMP_WARM,AQI_GOOD,HUM_HUMID,WIND_BREEZY,UV_VERY_HIGH,ZONE_SUBTROPICAL
Cairo,Egypt,30.0,31.2,26.3,84,7.5,5.4,28.4,2,1023.2,28.4,26.3,4.199999999999996,0.0,8.0,5.4,0.0,17.599999999999994,ED_MODERATE_SAFE,TEMP_WARM,AQI_MODERATE,HUM_VERY_HUMID,WIND_CALM,UV_MODERATE,ZONE_SUBTROPICAL
Cairo,Egypt,30.0,31.2,15.1,18,4.0,6.6,13.5,2,1008.7,15.1,15.1,0.0,0.0,8.0,6.8999999999999995,0.0,14.899999999999999,ED_VERY_SAFE,TEMP_COOL,AQI_MODERATE,HUM_DRY,WIND_CALM,UV_HIGH,ZONE_SUBTROPICAL
Cairo,Egypt,30.0,31.2,19.2,24,11.9,10.4,17.9,1,1001.4,19.2,19.2,0.0,0.0,0.0,11.4,0.0,11.4,ED_VERY_SAFE,TEMP_IDEAL,AQI_GOOD,HUM_DRY,WIND_BREEZY,UV_VERY_HIGH,ZONE_SUBTROPICAL
Cairo,Egypt,30.0,31.2,14.4,10,10.2,2.3,12.5,1,999.8,14.4,14.4,0.0,0.0,0.0,0.8999999999999995,0.0,0.8999999999999995,ED_VERY_SAFE,TEMP_COOL,AQI_GOOD,HUM_DRY,WIND_BREEZY,UV_LOW,ZONE_SUBTROPICAL
Cairo,Egypt,30.0,31.2,19.8,42,4.7,8.5,19.4,5,1017.7,19.8,19.8,0.0,0.0,45.0,9.5,0.0,54.5,ED_CAUTION,TEMP_IDEAL,AQI_VERY_UNHEALTHY,HUM_COMFORTABLE,WIND_CALM,UV_VERY_HIGH,ZONE_SUBTROPICAL
Cairo,Egypt,30.0,31.2,9.4,71,15.0,3.1,10.4,2,1012.7,10.4,7.174299455887955,0.0,0.0,8.0,3.1,0.0,11.1,ED_VERY_SAFE,TEMP_COLD,AQI_MODERATE,HUM_HUMID,WIND_BREEZY,UV_MODERATE,ZONE_SUBTROPICAL
Cairo,Egypt,30.0,31.2,29.8,6,2.4,10.0,29.0,5,1007.3,29.8,29.8,8.400000000000002,0.0,45.0,11.0,0.0,64.4,ED_DANGEROUS,TEMP_WARM,AQI_VERY_UNHEALTHY,HUM_DRY,WIND_CALM,UV_VERY_HIGH,ZONE_SUBTROPICAL
Cairo,Egypt,30.0,31.2,17.3,53,7.9,8.2,17.4,3,1010.7,17.4,17.3,0.0,0.0,18.0,9.2,0.0,27.2,ED_MODERATE_SAFE,TEMP_COOL,AQI_SENSITIVE,HUM_COMFORTABLE,WIND_CALM,UV_VERY_HIGH,ZONE_SUBTROPICAL
Cairo,Egypt,30.0,31.2,18.3,74,4.9,10.4,19.4,3,1022.5,19.4,18.3,0.0,0.0,18.0,11.4,0.0,29.4,ED_MODERATE_SAFE,TEMP_IDEAL,AQI_SENSITIVE,HUM_HUMID,WIND_CALM,UV_VERY_HIGH,ZONE_SUBTROPICAL
Cairo,Egypt,30.0,31.2,18.1,63,6.6,3.2,18.8,3,1018.4,18.8,18.1,0.0,0.0,18.0,3.2,0.0,21.2,ED_MODERATE_SAFE,TEMP_IDEAL,AQI_SENSITIVE,HUM_HUMID,WIND_CALM,UV_MODERATE,ZONE_SUBTROPICAL
Cairo,Egypt,30.0,31.2,25.7,61,15.4,4.2,26.4,6,1027.9,26.4,25.7,0.0,0.0,50.0,4.2,0.0,54.2,ED_CAUTION,TEMP_WARM,AQI_HAZARDOUS,HUM_HUMID,WIND_BREEZY,UV_MODERATE,ZONE_SUBTROPICAL
Cairo,Egypt,30.0,31.2,10.8,51,20.3,2.7,10.9,1,1011.2,10.9,10.8,0.0,0.0,0.0,2.1000000000000005,0.0,2.1000000000000005,ED_VERY_SAFE,TEMP_COOL,AQI_GOOD,HUM_COMFORTABLE,WIND_WINDY,UV_LOW,ZONE_SUBTROPICAL
Cairo,Egypt,30.0,31.2,21.6,75,3.4,4.2,22.8,1,1010.3,22.8,21.6,0.0,0.0,0.0,4.2,0.0,4.2,ED_VERY_SAFE,TEMP_IDEAL,AQI_GOOD,HUM_HUMID,WIND_CALM,UV_MODERATE,ZONE_SUBTROPICAL
Cairo,Egypt,30.0,31.2,15.1,55,8.3,8.1,15.3,1,1016.5,15.3,15.1,0.0,0.0,0.0,9.1,0.0,9.1,ED_VERY_SAFE,TEMP_COOL,AQI_GOOD,HUM_COMFORTABLE,WIND_CALM,UV_VERY_HIGH,ZONE_SUBTROPICAL
Cairo,Egypt,30.0,31.2,10.0,75,12.9,4.3,11.2,5,1028.6,11.2,8.186423545216813,0.0,0.0,45.0,4.3,0.0,49.3,ED_CAUTION,TEMP_COOL,AQI_VERY_UNHEALTHY,HUM_HUMID,WIND_BREEZY,UV_MODERATE,ZONE_SUBTROPICAL
Cairo,Egypt,30.0,31.2,23.4,9,13.4,11.2,21.3,1,1027.2,23.4,23.4,0.0,0.0,0.0,12.0,0.0,12.0,ED_VERY_SAFE,TEMP_IDEAL,AQI_GOOD,HUM_DRY,WIND_BREEZY,UV_EXTREME,ZONE_SUBTROPICAL
Cairo,Egypt,30.0,31.2,23.2,66,2.1,6.9,23.9,2,1008.3,23.9,23.2,0.0,0.0,8.0,7.3500000000000005,0.0,15.350000000000001,ED_MODERATE_SAFE,TEMP_IDEAL,AQI_MODERATE,HUM_HUMID,WIND_CALM,UV_HIGH,ZONE_SUBTROPICAL
Cairo,Egypt,30.0,31.2,24.8,55,8.1,6.9,25.0,3,1018.6,25.0,24.8,0.0,0.0,18.0,7.3500000000000005,0.0,25.35,ED_MODERATE_SAFE,TEMP_IDEAL,AQI_SENSITIVE,HUM_COMFORTABLE,WIND_CALM,UV_HIGH,ZONE_SUBTROPICAL
Cairo,Egypt,30.0,31.2,23.1,32,6.1,3.4,22.1,1,1022.1,23.1,23.1,0.0,0.0,0.0,3.4,0.0,3.4,ED_VERY_SAFE,TEMP_IDEAL,AQI_GOOD,HUM_COMFORTABLE,WIND_CALM,UV_MODERATE,ZONE_SUBTROPICAL
Cairo,Egypt,30.0,31.2,13.1,66,8.2,5.3,13.9,2,1012.7,13.9,13.1,0.0,0.0,8.0,5.3,0.0,13.3,ED_VERY_SAFE,TEMP_COOL,AQI_MODERATE,HUM_HUMID,WIND_CALM,UV_MODERATE,ZONE_SUBTROPICAL
Cairo,Egypt,30.0,31.2,19.0,39,6.3,6.4,18.4,1,1005.8,19.0,19.0,0.0,0.0,0.0,6.6000000000000005,0.0,6.6000000000000005,ED_VERY_SAFE,TEMP_IDEAL,AQI_GOOD,HUM_COMFORTABLE,WIND_CALM,UV_HIGH,ZONE_SUBTROPICAL
Cairo,Egypt,30.0,31.2,15.7,35,11.6,4.5,15.0,4,1021.4,15.7,15.7,0.0,0.0,32.0,4.5,0.0,36.5,ED_CAUTION,TEMP_COOL,AQI_UNHEALTHY,HUM_COMFORTABLE,WIND_BREEZY,UV_MODERATE,ZONE_SUBTROPICAL
Cairo,Egypt,30.0,31.2,14.5,29,1.9,10.3,13.4,3,1015.0,14.5,14.5,0.0,0.0,18.0,11.3,0.0,29.3,ED_MODERATE_SAFE,TEMP_COOL,AQI_SENSITIVE,HUM_DRY,WIND_CALM,UV_VERY_HIGH,ZONE_SUBTROPICAL
Cairo,Egypt,30.0,31.2,13.7,46,4.1,7.2,13.5,3,1018.5,13.7,13.7,0.0,0.0,18.0,7.800000000000001,0.0,25.8,ED_MODERATE_SAFE,TEMP_COOL,AQI_SENSITIVE,HUM_COMFORTABLE,WIND_CALM,UV_HIGH,ZONE_SUBTROPICAL
Cairo,Egypt,30.0,31.2,25.3,27,13.8,5.8,24.3,4,1006.0,25.3,25.3,0.0,0.0,32.0,5.8,0.0,37.8,ED_CAUTION,TEMP_WARM,AQI_UNHEALTHY,HUM_DRY,WIND_BREEZY,UV_MODERATE,ZONE_SUBTROPICAL
Cairo,Egypt,30.0,31.2,15.4,46,0.9,3.5,15.2,4,1009.2,15.4,15.4,0.0,0.0,32.0,3.5,0.0,35.5,ED_CAUTION,TEMP_COOL,AQI_UNHEALTHY,HUM_COMFORTABLE,WIND_CALM,UV_MODERATE,ZONE_SUBTROPICAL
Cairo,Egypt,30.0,31.2,20.1,60,24.2,6.4,20.5,2,1012.0,20.5,20.1,0.0,0.0,8.0,6.6000000000000005,0.0,14.600000000000001,ED_VERY_SAFE,TEMP_IDEAL,AQI_MODERATE,HUM_HUMID,WIND_WINDY,UV_HIGH,ZONE_SUBTROPICAL
Cairo,Egypt,30.0,31.2,19.4,88,8.8,11.3,21.3,2,1012.2,21.3,19.4,0.0,0.0,8.0,12.0,0.0,20.0,ED_MODERATE_SAFE,TEMP_IDEAL,AQI_MODERATE,HUM_VERY_HUMID,WIND_CALM,UV_EXTREME,ZONE_SUBTROPICAL
Cairo,Egypt,30.0,31.2,25.9,35,5.9,3.9,25.4,1,1019.1,25.9,25.9,0.0,0.0,0.0,3.9,0.0,3.9,ED_VERY_SAFE,TEMP_WARM,AQI_GOOD,HUM_COMFORTABLE,WIND_CALM,UV_MODERATE,ZONE_SUBTROPICAL
Cairo,Egypt,30.0,31.2,24.0,12,20.9,8.1,22.1,2,997.2,24.0,24.0,0.0,0.0,8.0,9.1,0.0,17.1,ED_MODERATE_SAFE,TEMP_IDEAL,AQI_MODERATE,HUM_DRY,WIND_WINDY,UV_VERY_HIGH,ZONE_SUBTROPICAL
Cairo,Egypt,30.0,31.2,11.8,35,3.0,4.0,11.0,4,1031.5,11.8,11.8,0.0,0.0,32.0,4.0,0.0,36.0,ED_CAUTION,TEMP_COOL,AQI_UNHEALTHY,HUM_COMFORTABLE,WIND_CALM,UV_MODERATE,ZONE_SUBTROPICAL
Cairo,Egypt,30.0,31.2,19.2,77,13.7,7.8,20.5,6,1005.7,20.5,19.2,0.0,0.0,50.0,8.7,0.0,58.7,ED_DANGEROUS,TEMP_IDEAL,AQI_HAZARDOUS,HUM_HUMID,WIND_BREEZY,UV_HIGH,ZONE_SUBTROPICAL
Cairo,Egypt,30.0,31.2,13.5,50,13.2,6.5,13.5,1,1008.3,13.5,13.5,0.0,0.0,0.0,6.75,0.0,6.75,ED_VERY_SAFE,TEMP_COOL,AQI_GOOD,HUM_COMFORTABLE,WIND_BREEZY,UV_HIGH,ZONE_SUBTROPICAL
Cairo,Egypt,30.0,31.2,11.7,45,2.5,10.0,11.5,1,1003.8,11.7,11.7,0.0,0.0,0.0,11.0,0.0,11.0,ED_VERY_SAFE,TEMP_COOL,AQI_GOOD,HUM_COMFORTABLE,WIND_CALM,UV_VERY_HIGH,ZONE_SUBTROPICAL
Cairo,Egypt,30.0,31.2,11.6,54,20.0,7.5,11.8,1,1014.2,11.8,11.6,0.0,0.0,0.0,8.25,0.0,8.25,ED_VERY_SAFE,TEMP_COOL,AQI_GOOD,HUM_COMFORTABLE,WIND_WINDY,UV_HIGH,ZONE_SUBTROPICAL
Cairo,Egypt,30.0,31.2,29.5,64,6.6,6.5,31.6,6,994.9,31.6,29.5,13.800000000000004,0.0,50.0,6.75,0.0,70.55000000000001,ED_DANGEROUS,TEMP_WARM,AQI_HAZARDOUS,HUM_HUMID,WIND_CALM,UV_HIGH,ZONE_SUBTROPICAL
Cairo,Egypt,30.0,31.2,22.8,48,28.1,8.7,22.7,1,1020.3,22.8,22.8,0.0,0.0,0.0,9.7,0.0,9.7,ED_VERY_SAFE,TEMP_IDEAL,AQI_GOOD,HUM_COMFORTABLE,WIND_WINDY,UV_VERY_HIGH,ZONE_SUBTROPICAL
Cairo,Egypt,30.0,31.2,13.0,43,1.9,10.1,12.6,4,1015.1,13.0,13.0,0.0,0.0,32.0,11.1,0.0,43.1,ED_CAUTION,TEMP_COOL,AQI_UNHEALTHY,HUM_COMFORTABLE,WIND_CALM,UV_VERY_HIGH,ZONE_SUBTROPICAL
Cairo,Egypt,30.0,31.2,19.3,33,11.0,9.5,18.4,2,1000.6,19.3,19.3,0.0,0.0,8.0,10.5,0.0,18.5,ED_MODERATE_SAFE,TEMP_IDEAL,AQI_MODERATE,HUM_COMFORTABLE,WIND_BREEZY,UV_VERY_HIGH,ZONE_SUBTROPICAL
Cairo,Egypt,30.0,31.2,18.6,47,14.7,8.5,18.4,2,1014.5,18.6,18.6,0.0,0.0,8.0,9.5,0.0,17.5,ED_MODERATE_SAFE,TEMP_IDEAL,AQI_MODERATE,HUM_COMFORTABLE,WIND_BREEZY,UV_VERY_HIGH,ZONE_SUBTROPICAL
Cairo,Egypt,30.0,31.2,14.4,24,16.5,1.0,13.1,2,1023.5,14.4,14.4,0.0,0.0,8.0,0.0,0.0,8.0,ED_VERY_SAFE,TEMP_COOL,AQI_MODERATE,HUM_DRY,WIND_BREEZY,UV_LOW,ZONE_SUBTROPICAL
Cairo,Egypt,30.0,31.2,23.7,62,4.2,12.6,24.3,2,1019.5,24.3,23.7,0.0,0.0,8.0,12.0,0.0,20.0,ED_MODERATE_SAFE,TEMP_IDEAL,AQI_MODERATE,HUM_HUMID,WIND_CALM,UV_EXTREME,ZONE_SUBTROPICAL
Cairo,Egypt,30.0,31.2,13.3,37,4.7,5.3,12.6,1,1002.1,13.3,13.3,0.0,0.0,0.0,5.3,0.0,5.3,ED_VERY_SAFE,TEMP_COOL,AQI_GOOD,HUM_COMFORTABLE,WIND_CALM,UV_MODERATE,ZONE_SUBTROPICAL
Cairo,Egypt,30.0,31.2,30.6,59,6.3,4.1,32.8,2,1004.3,32.8,30.6,16.33333333333333,0.0,8.0,4.1,0.0,28.43333333333333,ED_MODERATE_SAFE,TEMP_HOT,AQI_MODERATE,HUM_COMFORTABLE,WIND_CALM,UV_MODERATE,ZONE_SUBTROPICAL
Cairo,Egypt,30.0,31.2,19.0,54,22.7,9.5,19.2,2,1009.2,19.2,19.0,0.0,0.0,8.0,10.5,0.0,18.5,ED_MODERATE_SAFE,TEMP_IDEAL,AQI_MODERATE,HUM_COMFORTABLE,WIND_WINDY,UV_VERY_HIGH,ZONE_SUBTROPICAL
Cairo,Egypt,30.0,31.2,17.4,28,10.9,1.1,16.3,2,1020.0,17.4,17.4,0.0,0.0,8.0,0.0,0.0,8.0,ED_VERY_SAFE,TEMP_COOL,AQI_MODERATE,HUM_DRY,WIND_BREEZY,UV_LOW,ZONE_SUBTROPICAL
Cairo,Egypt,30.0,31.2,18.2,78,33.3,10.0,19.6,2,1028.1,19.6,18.2,0.0,0.0,8.0,11.0,0.0,19.0,ED_MODERATE_SAFE,TEMP_IDEAL,AQI_MODERATE,HUM_HUMID,WIND_WINDY,UV_VERY_HIGH,ZONE_SUBTROPICAL
Cairo,Egypt,30.0,31.2,20.5,78,2.8,5.5,21.9,4,1021.1,21.9,20.5,0.0,0.0,32.0,5.5,0.0,37.5,ED_CAUTION,TEMP_IDEAL,AQI_UNHEALTHY,HUM_HUMID,WIND_CALM,UV_MODERATE,ZONE_SUBTROPICAL
Cairo,Egypt,30.0,31.2,18.3,46,3.3,9.0,18.1,6,1013.3,18.3,18.3,0.0,0.0,50.0,10.0,0.0,60.0,ED_DANGEROUS,TEMP_IDEAL,AQI_HAZARDOUS,HUM_COMFORTABLE,WIND_CALM,UV_VERY_HIGH,ZONE_SUBTROPICAL
Cairo,Egypt,30.0,31.2,21.4,29,25.2,3.7,20.3,3,1015.2,21.4,21.4,0.0,0.0,18.0,3.7,0.0,21.7,ED_MODERATE_SAFE,TEMP_IDEAL,AQI_SENSITIVE,HUM_DRY,WIND_WINDY,UV_MODERATE,ZONE_SUBTROPICAL
Cairo,Egypt,30.0,31.2,28.2,28,10.7,0.4,28.0,5,1031.0,28.2,28.2,3.599999999999998,0.0,45.0,0.0,0.0,48.599999999999994,ED_CAUTION,TEMP_WARM,AQI_VERY_UNHEALTHY,HUM_DRY,WIND_BREEZY,UV_LOW,ZONE_SUBTROPICAL
Cairo,Egypt,30.0,31.2,27.7,28,2.6,4.4,27.4,1,1009.3,27.7,27.7,2.099999999999998,0.0,0.0,4.4,0.0,6.499999999999998,ED_VERY_SAFE,TEMP_WARM,AQI_GOOD,HUM_DRY,WIND_CALM,UV_MODERATE,ZONE_SUBTROPICAL
Cairo,Egypt,30.0,31.2,7.0,43,11.9,4.0,6.6,2,1008.3,7.0,4.697052429505593,0.0,0.0,8.0,4.0,0.0,12.0,ED_VERY_SAFE,TEMP_COLD,AQI_MODERATE,HUM_COMFORTABLE,WIND_BREEZY,UV_MODERATE,ZONE_SUBTROPICAL
Oslo,Norway,59.9,10.8,-4.8,35,10.8,8.5,-5.6,5,1021.2,-4.8,-9.286518837472508,0.0,13.929778256208763,45.0,9.5,0.0,68.42977825620876,ED_DANGEROUS,TEMP_FREEZING,AQI_VERY_UNHEALTHY,HUM_COMFORTABLE,WIND_BREEZY,UV_VERY_HIGH,ZONE_TEMPERATE
Oslo,Norway,59.9,10.8,1.5,93,9.8,1.8,3.7,2,1028.8,3.7,-1.472461105189895,0.0,2.2086916577848434,8.0,0.0,0.0,10.208691657784843,ED_VERY_SAFE,TEMP_COLD,AQI_MODERATE,HUM_VERY_HUMID,WIND_CALM,UV_LOW,ZONE_TEMPERATE
Oslo,Norway,59.9,10.8,-12.4,87,11.8,0.2,-10.6,5,1018.0,-10.6,-18.75965562302479,0.0,22.299713019187326,45.0,0.0,0.0,67.29971301918732,ED_DANGEROUS,TEMP_FREEZING,AQI_VERY_UNHEALTHY,HUM_VERY_HUMID,WIND_BREEZY,UV_LOW,ZONE_TEMPERATE
Oslo,Norway,59.9,10.8,14.3,39,4.6,4.0,13.8,4,1017.1,14.3,14.3,0.0,0.0,32.0,4.0,0.0,36.0,ED_CAUTION,TEMP_COOL,AQI_UNHEALTHY,HUM_COMFORTABLE,WIND_CALM,UV_MODERATE,ZONE_TEMPERATE
Oslo,Norway,59.9,10.8,7.7,89,7.0,0.3,9.6,3,1017.0,9.6,6.550742472696151,0.0,0.0,18.0,0.0,0.0,18.0,ED_MODERATE_SAFE,TEMP_COLD,AQI_SENSITIVE,HUM_VERY_HUMID,WIND_CALM,UV_LOW,ZONE_TEMPERATE
Oslo,Norway,59.9,10.8,2.1,37,33.0,0.0,1.4,3,1003.7,2.1,-4.011993497528792,0.0,6.017990246293188,18.0,0.0,0.0,24.017990246293188,ED_MODERATE_SAFE,TEMP_COLD,AQI_SENSITIVE,HUM_COMFORTABLE,WIND_WINDY,UV_LOW,ZONE_TEMPERATE
Oslo,Norway,59.9,10.8,2.9,57,19.2,6.7,3.2,1,1009.3,3.2,-1.4754455221992948,0.0,2.213168283298941,0.0,7.050000000000001,0.0,9.263168283298942,ED_VERY_SAFE,TEMP_COLD,AQI_GOOD,HUM_COMFORTABLE,WIND_BREEZY,UV_HIGH,ZONE_TEMPERATE
Oslo,Norway,59.9,10.8,3.4,69,6.3,0.2,4.4,2,1003.1,4.4,1.779312838179563,0.0,0.0,8.0,0.0,0.0,8.0,ED_VERY_SAFE,TEMP_COLD,AQI_MODERATE,HUM_HUMID,WIND_CALM,UV_LOW,ZONE_TEMPERATE
Oslo,Norway,59.9,10.8,8.7,30,21.1,0.0,7.7,1,1013.4,8.7,5.625703201904146,0.0,0.0,0.0,0.0,0.0,0.0,ED_VERY_SAFE,TEMP_COLD,AQI_GOOD,HUM_COMFORTABLE,WIND_WINDY,UV_LOW,ZONE_TEMPERATE
Oslo,Norway,59.9,10.8,11.7,15,29.0,2.6,9.9,5,1032.9,11.7,11.7,0.0,0.0,45.0,1.8000000000000003,0.0,46.8,ED_CAUTION,TEMP_COOL,AQI_VERY_UNHEALTHY,HUM_DRY,WIND_WINDY,UV_LOW,ZONE_TEMPERATE
Oslo,Norway,59.9,10.8,-0.6,34,28.1,7.2,-1.4,2,1011.3,-0.6,-7.047497224396747,0.0,10.571245836595121,8.0,7.800000000000001,0.0,26.371245836595122,ED_MODERATE_SAFE,TEMP_FREEZING,AQI_MODERATE,HUM_COMFORTABLE,WIND_WINDY,UV_HIGH,ZONE_TEMPERATE
Oslo,Norway,59.9,10.8,5.3,40,14.7,0.0,4.8,2,1021.3,5.3,2.1650095752219167,0.0,0.0,8.0,0.0,0.0,8.0,ED_VERY_SAFE,TEMP_COLD,AQI_MODERATE,HUM_COMFORTABLE,WIND_BREEZY,UV_LOW,ZONE_TEMPERATE
Oslo,Norway,59.9,10.8,5.0,91,13.2,4.1,7.1,4,993.9,7.1,2.042093713593363,0.0,0.0,32.0,4.1,0.0,36.1,ED_CAUTION,TEMP_COLD,AQI_UNHEALTHY,HUM_VERY_HUMID,WIND_BREEZY,UV_MODERATE,ZONE_TEMPERATE
Oslo,Norway,59.9,10.8,5.6,44,23.6,0.0,5.4,3,1013.2,5.6,1.4275198075557918,0.0,0.0,18.0,0.0,0.0,18.0,ED_MODERATE_SAFE,TEMP_COLD,AQI_SENSITIVE,HUM_COMFORTABLE,WIND_WINDY,UV_LOW,ZONE_TEMPERATE
Oslo,Norway,59.9,10.8,-0.2,28,14.8,6.8,-1.3,4,1016.8,-0.2,-4.6249047494884215,0.0,6.937357124232632,32.0,7.199999999999999,0.0,46.137357124232636,ED_CAUTION,TEMP_FREEZING,AQI_UNHEALTHY,HUM_DRY,WIND_BREEZY,UV_HIGH,ZONE_TEMPERATE
Oslo,Norway,59.9,10.8,7.7,59,0.5,9.8,8.1,6,1019.5,8.1,7.7,0.0,0.0,50.0,10.8,0.0,60.8,ED_DANGEROUS,TEMP_COLD,AQI_HAZARDOUS,HUM_COMFORTABLE,WIND_CALM,UV_VERY_HIGH,ZONE_TEMPERATE
Oslo,Norway,59.9,10.8,14.1,42,10.2,0.0,13.7,5,1021.1,14.1,14.1,0.0,0.0,45.0,0.0,0.0,45.0,ED_CAUTION,TEMP_COOL,AQI_VERY_UNHEALTHY,HUM_COMFORTABLE,WIND_BREEZY,UV_LOW,ZONE_TEMPERATE
Oslo,Norway,59.9,10.8,10.8,56,4.9,4.0,11.1,1,1008.6,11.1,10.8,0.0,0.0,0.0,4.0,0.0,4.0,ED_VERY_SAFE,TEMP_COOL,AQI_GOOD,HUM_COMFORTABLE,WIND_CALM,UV_MODERATE,ZONE_TEMPERATE
Oslo,Norway,59.9,10.8,-5.9,35,31.4,4.3,-6.6,2,994.3,-5.9,-14.344036149314178,0.0,18.62003012442848,8.0,4.3,0.0,30.920030124428482,ED_MODERATE_SAFE,TEMP_FREEZING,AQI_MODERATE,HUM_COMFORTABLE,WIND_WINDY,UV_MODERATE,ZONE_TEMPERATE
Oslo,Norway,59.9,10.8,2.2,37,18.2,0.7,1.5,4,1023.5,2.2,-2.212281188966462,0.0,3.3184217834496934,32.0,0.0,0.0,35.31842178344969,ED_CAUTION,TEMP_COLD,AQI_UNHEALTHY,HUM_COMFORTABLE,WIND_BREEZY,UV_LOW,ZONE_TEMPERATE
Oslo,Norway,59.9,10.8,14.3,24,9.1,1.5,13.1,4,1012.7,14.3,14.3,0.0,0.0,32.0,0.0,0.0,32.0,ED_MODERATE_SAFE,TEMP_COOL,AQI_UNHEALTHY,HUM_DRY,WIND_CALM,UV_LOW,ZONE_TEMPERATE
Oslo,Norway,59.9,10.8,10.1,56,18.6,3.9,10.4,1,1027.5,10.4,10.1,0.0,0.0,0.0,3.9,0.0,3.9,ED_VERY_SAFE,TEMP_COOL,AQI_GOOD,HUM_COMFORTABLE,WIND_BREEZY,UV_MODERATE,ZONE_TEMPERATE
Oslo,Norway,59.9,10.8,8.6,42,10.1,0.0,8.2,4,1018.3,8.6,6.940722377090395,0.0,0.0,32.0,0.0,0.0,32.0,ED_MODERATE_SAFE,TEMP_COLD,AQI_UNHEALTHY,HUM_COMFORTABLE,WIND_BREEZY,UV_LOW,ZONE_TEMPERATE
Oslo,Norway,59.9,10.8,8.2,65,10.0,4.3,8.9,2,1011.2,8.9,6.4812081332450395,0.0,0.0,8.0,4.3,0.0,12.3,ED_VERY_SAFE,TEMP_COLD,AQI_MODERATE,HUM_HUMID,WIND_BREEZY,UV_MODERATE,ZONE_TEMPERATE
Oslo,Norway,59.9,10.8,-5.3,46,14.5,1.0,-5.6,2,1007.2,-5.3,-10.838845997355953,0.0,15.69903833112996,8.0,0.0,0.0,23.699038331129962,ED_MODERATE_SAFE,TEMP_FREEZING,AQI_MODERATE,HUM_COMFORTABLE,WIND_BREEZY,UV_LOW,ZONE_TEMPERATE
Oslo,Norway,59.9,10.8,4.6,31,16.3,4.8,3.7,3,1000.3,4.6,1.0586535703656224,0.0,0.0,18.0,4.8,0.0,22.8,ED_MODERATE_SAFE,TEMP_COLD,AQI_SENSITIVE,HUM_COMFORTABLE,WIND_BREEZY,UV_MODERATE,ZONE_TEMPERATE
Oslo,Norway,59.9,10.8,-4.1,30,12.0,4.0,-5.1,1,1019.6,-4.1,-8.768619194509705,0.0,13.152928791764559,0.0,4.0,0.0,17.15292879176456,ED_MODERATE_SAFE,TEMP_FREEZING,AQI_GOOD,HUM_COMFORTABLE,WIND_BREEZY,UV_MODERATE,ZONE_TEMPERATE
Oslo,Norway,59.9,10.8,10.0,72,13.9,0.0,11.1,3,1018.4,11.1,8.052445737558962,0.0,0.0,18.0,0.0,0.0,18.0,ED_MODERATE_SAFE,TEMP_COOL,AQI_SENSITIVE,HUM_HUMID,WIND_BREEZY,UV_LOW,ZONE_TEMPERATE
Oslo,Norway,59.9,10.8,10.9,32,14.4,4.4,10.0,1,1015.1,10.9,10.9,0.0,0.0,0.0,4.4,0.0,4.4,ED_VERY_SAFE,TEMP_COOL,AQI_GOOD,HUM_COMFORTABLE,WIND_BREEZY,UV_MODERATE,ZONE_TEMPERATE
Oslo,Norway,59.9,10.8,4.5,51,17.6,8.9,4.5,4,1001.9,4.5,0.7494553030005511,0.0,0.0,32.0,9.9,0.0,41.9,ED_CAUTION,TEMP_COLD,AQI_UNHEALTHY,HUM_COMFORTABLE,WIND_BREEZY,UV_VERY_HIGH,ZONE_TEMPERATE
Oslo,Norway,59.9,10.8,8.3,26,16.2,4.0,7.1,6,1023.3,8.3,5.663582355528704,0.0,0.0,50.0,4.0,0.0,54.0,ED_CAUTION,TEMP_COLD,AQI_HAZARDOUS,HUM_DRY,WIND_BREEZY,UV_MODERATE,ZONE_TEMPERATE
Oslo,Norway,59.9,10.8,7.4,9,1.8,4.3,5.3,6,1022.4,7.4,7.4,0.0,0.0,50.0,4.3,0.0,54.3,ED_CAUTION,TEMP_COLD,AQI_HAZARDOUS,HUM_DRY,WIND_CALM,UV_MODERATE,ZONE_TEMPERATE
Oslo,Norway,59.9,10.8,6.1,43,4.7,3.0,5.7,1,1010.4,6.1,6.1,0.0,0.0,0.0,3.0,0.0,3.0,ED_VERY_SAFE,TEMP_COLD,AQI_GOOD,HUM_COMFORTABLE,WIND_CALM,UV_MODERATE,ZONE_TEMPERATE
Oslo,Norway,59.9,10.8,5.7,63,9.0,7.5,6.4,4,1019.9,6.4,3.714785404251691,0.0,0.0,32.0,8.25,0.0,40.25,ED_CAUTION,TEMP_COLD,AQI_UNHEALTHY,HUM_HUMID,WIND_CALM,UV_HIGH,ZONE_TEMPERATE
Oslo,Norway,59.9,10.8,9.0,62,10.7,6.0,9.7,5,1020.2,9.7,7.314164986682203,0.0,0.0,45.0,6.0,0.0,51.0,ED_CAUTION,TEMP_COLD,AQI_VERY_UNHEALTHY,HUM_HUMID,WIND_BREEZY,UV_HIGH,ZONE_TEMPERATE
Oslo,Norway,59.9,10.8,7.6,43,6.7,8.9,7.3,4,1019.8,7.6,6.514138975248271,0.0,0.0,32.0,9.9,0.0,41.9,ED_CAUTION,TEMP_COLD,AQI_UNHEALTHY,HUM_COMFORTABLE,WIND_CALM,UV_VERY_HIGH,ZONE_TEMPERATE
Oslo,Norway,59.9,10.8,10.7,70,8.9,0.0,11.7,4,1007.5,11.7,10.7,0.0,0.0,32.0,0.0,0.0,32.0,ED_MODERATE_SAFE,TEMP_COOL,AQI_UNHEALTHY,HUM_HUMID,WIND_CALM,UV_LOW,ZONE_TEMPERATE
Oslo,Norway,59.9,10.8,-3.7,56,2.0,4.4,-3.4,1,1007.8,-3.4,-3.7,0.0,5.550000000000001,0.0,4.4,0.0,9.950000000000001,ED_VERY_SAFE,TEMP_FREEZING,AQI_GOOD,HUM_COMFORTABLE,WIND_CALM,UV_MODERATE,ZONE_TEMPERATE
Oslo,Norway,59.9,10.8,11.4,32,9.0,0.4,10.5,1,1008.6,11.4,11.4,0.0,0.0,0.0,0.0,0.0,0.0,ED_VERY_SAFE,TEMP_COOL,AQI_GOOD,HUM_COMFORTABLE,WIND_CALM,UV_LOW,ZONE_TEMPERATE
Oslo,Norway,59.9,10.8,8.7,35,8.2,8.3,7.9,1,1003.1,8.7,7.43632152149539,0.0,0.0,0.0,9.3,0.0,9.3,ED_VERY_SAFE,TEMP_COLD,AQI_GOOD,HUM_COMFORTABLE,WIND_CALM,UV_VERY_HIGH,ZONE_TEMPERATE
Oslo,Norway,59.9,10.8,10.1,61,23.7,0.5,10.7,1,1010.1,10.7,10.1,0.0,0.0,0.0,0.0,0.0,0.0,ED_VERY_SAFE,TEMP_COOL,AQI_GOOD,HUM_HUMID,WIND_WINDY,UV_LOW,ZONE_TEMPERATE
Oslo,Norway,59.9,10.8,-4.3,100,8.9,6.5,-1.8,2,1023.9,-1.8,-8.102386950077104,0.0,12.153580425115656,8.0,6.75,0.0,26.903580425115656,ED_MODERATE_SAFE,TEMP_FREEZING,AQI_MODERATE,HUM_VERY_HUMID,WIND_CALM,UV_HIGH,ZONE_TEMPERATE
Oslo,Norway,59.9,10.8,6.7,25,9.0,0.0,5.5,2,1012.7,6.7,4.899821830051417,0.0,0.0,8.0,0.0,0.0,8.0,ED_VERY_SAFE,TEMP_COLD,AQI_MODERATE,HUM_DRY,WIND_CALM,UV_LOW,ZONE_TEMPERATE
Oslo,Norway,59.9,10.8,5.4,56,15.4,2.3,5.6,2,999.9,5.6,2.18211718818215,0.0,0.0,8.0,0.8999999999999995,0.0,8.899999999999999,ED_VERY_SAFE,TEMP_COLD,AQI_MODERATE,HUM_COMFORTABLE,WIND_BREEZY,UV_LOW,ZONE_TEMPERATE
Oslo,Norway,59.9,10.8,6.6,84,21.2,1.5,8.3,6,1007.0,8.3,2.9534884348701924,0.0,0.0,50.0,0.0,0.0,50.0,ED_CAUTION,TEMP_COLD,AQI_HAZARDOUS,HUM_VERY_HUMID,WIND_WINDY,UV_LOW,ZONE_TEMPERATE
Oslo,Norway,59.9,10.8,6.6,39,10.9,6.9,6.1,2,1006.7,6.6,4.394160562432939,0.0,0.0,8.0,7.3500000000000005,0.0,15.350000000000001,ED_MODERATE_SAFE,TEMP_COLD,AQI_MODERATE,HUM_COMFORTABLE,WIND_BREEZY,UV_HIGH,ZONE_TEMPERATE
Oslo,Norway,59.9,10.8,7.6,38,17.1,2.5,7.0,3,1018.6,7.6,4.681790774832113,0.0,0.0,18.0,1.5,0.0,19.5,ED_MODERATE_SAFE,TEMP_COLD,AQI_SENSITIVE,HUM_COMFORTABLE,WIND_BREEZY,UV_LOW,ZONE_TEMPERATE
Oslo,Norway,59.9,10.8,2.5,55,12.3,8.7,2.8,1,1008.5,2.8,-0.8333243359697968,0.0,1.2499865039546947,0.0,9.7,0.0,10.949986503954694,ED_VERY_SAFE,TEMP_COLD,AQI_GOOD,HUM_COMFORTABLE,WIND_BREEZY,UV_VERY_HIGH,ZONE_TEMPERATE
Oslo,Norway,59.9,10.8,10.8,42,12.4,2.9,10.5,3,1013.1,10.8,10.8,0.0,0.0,18.0,2.6999999999999997,0.0,20.7,ED_MODERATE_SAFE,TEMP_COOL,AQI_SENSITIVE,HUM_COMFORTABLE,WIND_BREEZY,UV_LOW,ZONE_TEMPERATE
Oslo,Norway,59.9,10.8,23.3,51,15.9,2.5,23.3,4,1020.1,23.3,23.3,0.0,0.0,32.0,1.5,0.0,33.5,ED_MODERATE_SAFE,TEMP_IDEAL,AQI_UNHEALTHY,HUM_COMFORTABLE,WIND_BREEZY,UV_LOW,ZONE_TEMPERATE
Oslo,Norway,59.9,10.8,13.4,38,4.3,4.1,12.8,1,1003.4,13.4,13.4,0.0,0.0,0.0,4.1,0.0,4.1,ED_VERY_SAFE,TEMP_COOL,AQI_GOOD,HUM_COMFORTABLE,WIND_CALM,UV_MODERATE,ZONE_TEMPERATE
Oslo,Norway,59.9,10.8,5.2,16,51.7,5.4,3.5,3,1004.2,5.2,-1.1476416926691888,0.0,1.7214625390037845,18.0,5.4,0.0,25.121462539003787,ED_MODERATE_SAFE,TEMP_COLD,AQI_SENSITIVE,HUM_DRY,WIND_STRONG,UV_MODERATE,ZONE_TEMPERATE
Oslo,Norway,59.9,10.8,12.2,39,24.5,5.7,11.6,1,1014.7,12.2,12.2,0.0,0.0,0.0,5.7,0.0,5.7,ED_VERY_SAFE,TEMP_COOL,AQI_GOOD,HUM_COMFORTABLE,WIND_WINDY,UV_MODERATE,ZONE_TEMPERATE
Oslo,Norway,59.9,10.8,8.5,39,4.5,5.7,8.0,1,1016.1,8.5,8.5,0.0,0.0,0.0,5.7,0.0,5.7,ED_VERY_SAFE,TEMP_COLD,AQI_GOOD,HUM_COMFORTABLE,WIND_CALM,UV_MODERATE,ZONE_TEMPERATE
Oslo,Norway,59.9,10.8,1.8,42,8.9,2.9,1.4,2,1007.0,1.8,-0.8798047071772079,0.0,1.3197070607658112,8.0,2.6999999999999997,0.0,12.01970706076581,ED_VERY_SAFE,TEMP_COLD,AQI_MODERATE,HUM_COMFORTABLE,WIND_CALM,UV_LOW,ZONE_TEMPERATE
Oslo,Norway,59.9,10.8,2.0,70,6.8,3.3,3.0,2,1011.6,3.0,-0.01054623793256293,0.0,0.015819356898843395,8.0,3.3,0.0,11.315819356898842,ED_VERY_SAFE,TEMP_COLD,AQI_MODERATE,HUM_HUMID,WIND_CALM,UV_MODERATE,ZONE_TEMPERATE
Oslo,Norway,59.9,10.8,12.6,68,17.8,5.8,13.5,1,1005.1,13.5,12.6,0.0,0.0,0.0,5.8,0.0,5.8,ED_VERY_SAFE,TEMP_COOL,AQI_GOOD,HUM_HUMID,WIND_BREEZY,UV_MODERATE,ZONE_TEMPERATE
Oslo,Norway,59.9,10.8,5.8,59,11.1,0.0,6.2,3,1018.0,6.2,3.3933746282533255,0.0,0.0,18.0,0.0,0.0,18.0,ED_MODERATE_SAFE,TEMP_COLD,AQI_SENSITIVE,HUM_COMFORTABLE,WIND_BREEZY,UV_LOW,ZONE_TEMPERATE
Oslo,Norway,59.9,10.8,7.6,60,8.4,4.7,8.1,2,1017.5,8.1,6.0967426561451745,0.0,0.0,8.0,4.7,0.0,12.7,ED_VERY_SAFE,TEMP_COLD,AQI_MODERATE,HUM_HUMID,WIND_CALM,UV_MODERATE,ZONE_TEMPERATE
Oslo,Norway,59.9,10.8,17.5,25,22.8,8.1,16.3,1,1040.9,17.5,17.5,0.0,0.0,0.0,9.1,0.0,9.1,ED_VERY_SAFE,TEMP_COOL,AQI_GOOD,HUM_DRY,WIND_WINDY,UV_VERY_HIGH,ZONE_TEMPERATE
Oslo,Norway,59.9,10.8,4.6,19,1.8,0.5,3.1,1,1014.6,4.6,4.6,0.0,0.0,0.0,0.0,0.0,0.0,ED_VERY_SAFE,TEMP_COLD,AQI_GOOD,HUM_DRY,WIND_CALM,UV_LOW,ZONE_TEMPERATE
Oslo,Norway,59.9,10.8,7.0,35,11.6,3.7,6.3,4,1018.7,7.0,4.749129707799587,0.0,0.0,32.0,3.7,0.0,35.7,ED_CAUTION,TEMP_COLD,AQI_UNHEALTHY,HUM_COMFORTABLE,WIND_BREEZY,UV_MODERATE,ZONE_TEMPERATE
Oslo,Norway,59.9,10.8,6.3,64,4.3,2.3,7.0,2,1009.6,7.0,6.3,0.0,0.0,8.0,0.8999999999999995,0.0,8.899999999999999,ED_VERY_SAFE,TEMP_COLD,AQI_MODERATE,HUM_HUMID,WIND_CALM,UV_LOW,ZONE_TEMPERATE
Oslo,Norway,59.9,10.8,-5.4,83,4.4,3.1,-3.7,4,1022.4,-3.7,-5.4,0.0,8.100000000000001,32.0,3.1,0.0,43.2,ED_CAUTION,TEMP_FREEZING,AQI_UNHEALTHY,HUM_VERY_HUMID,WIND_CALM,UV_MODERATE,ZONE_TEMPERATE
Oslo,Norway,59.9,10.8,10.5,35,11.7,5.0,9.7,5,1018.3,10.5,10.5,0.0,0.0,45.0,5.0,0.0,50.0,ED_CAUTION,TEMP_COOL,AQI_VERY_UNHEALTHY,HUM_COMFORTABLE,WIND_BREEZY,UV_MODERATE,ZONE_TEMPERATE
Oslo,Norway,59.9,10.8,11.7,38,6.7,5.5,11.1,3,1003.1,11.7,11.7,0.0,0.0,18.0,5.5,0.0,23.5,ED_MODERATE_SAFE,TEMP_COOL,AQI_SENSITIVE,HUM_COMFORTABLE,WIND_CALM,UV_MODERATE,ZONE_TEMPERATE
Oslo,Norway,59.9,10.8,8.9,30,1.8,6.1,7.9,1,1011.2,8.9,8.9,0.0,0.0,0.0,6.1499999999999995,0.0,6.1499999999999995,ED_VERY_SAFE,TEMP_COLD,AQI_GOOD,HUM_COMFORTABLE,WIND_CALM,UV_HIGH,ZONE_TEMPERATE
Oslo,Norway,59.9,10.8,6.7,46,11.1,5.3,6.4,2,995.0,6.7,4.477214828016048,0.0,0.0,8.0,5.3,0.0,13.3,ED_VERY_SAFE,TEMP_COLD,AQI_MODERATE,HUM_COMFORTABLE,WIND_BREEZY,UV_MODERATE,ZONE_TEMPERATE
Oslo,Norway,59.9,10.8,3.7,5,4.9,1.3,1.5,4,1015.8,3.7,2.6494011606251324,0.0,0.0,32.0,0.0,0.0,32.0,ED_MODERATE_SAFE,TEMP_COLD,AQI_UNHEALTHY,HUM_DRY,WIND_CALM,UV_LOW,ZONE_TEMPERATE
Oslo,Norway,59.9,10.8,14.2,43,17.1,0.0,13.8,3,1006.6,14.2,14.2,0.0,0.0,18.0,0.0,0.0,18.0,ED_MODERATE_SAFE,TEMP_COOL,AQI_SENSITIVE,HUM_COMFORTABLE,WIND_BREEZY,UV_LOW,ZONE_TEMPERATE
Oslo,Norway,59.9,10.8,15.9,17,18.9,0.0,14.2,1,1017.8,15.9,15.9,0.0,0.0,0.0,0.0,0.0,0.0,ED_VERY_SAFE,TEMP_COOL,AQI_GOOD,HUM_DRY,WIND_BREEZY,UV_LOW,ZONE_TEMPERATE
Oslo,Norway,59.9,10.8,18.2,41,8.1,3.1,17.8,3,1019.5,18.2,18.2,0.0,0.0,18.0,3.1,0.0,21.1,ED_MODERATE_SAFE,TEMP_IDEAL,AQI_SENSITIVE,HUM_COMFORTABLE,WIND_CALM,UV_MODERATE,ZONE_TEMPERATE
Oslo,Norway,59.9,10.8,5.2,34,4.4,1.1,4.4,1,1007.7,5.2,5.2,0.0,0.0,0.0,0.0,0.0,0.0,ED_VERY_SAFE,TEMP_COLD,AQI_GOOD,HUM_COMFORTABLE,WIND_CALM,UV_LOW,ZONE_TEMPERATE
Oslo,Norway,59.9,10.8,19.7,24,11.2,1.1,18.4,4,1011.6,19.7,19.7,0.0,0.0,32.0,0.0,0.0,32.0,ED_MODERATE_SAFE,TEMP_IDEAL,AQI_UNHEALTHY,HUM_DRY,WIND_BREEZY,UV_LOW,ZONE_TEMPERATE
Oslo,Norway,59.9,10.8,9.8,50,8.1,0.0,9.8,2,1007.7,9.8,8.751251391102922,0.0,0.0,8.0,0.0,0.0,8.0,ED_VERY_SAFE,TEMP_COLD,AQI_MODERATE,HUM_COMFORTABLE,WIND_CALM,UV_LOW,ZONE_TEMPERATE
Oslo,Norway,59.9,10.8,7.3,52,31.1,4.4,7.4,6,1010.8,7.4,2.967364122893346,0.0,0.0,50.0,4.4,0.0,54.4,ED_CAUTION,TEMP_COLD,AQI_HAZARDOUS,HUM_COMFORTABLE,WIND_WINDY,UV_MODERATE,ZONE_TEMPERATE
Oslo,Norway,59.9,10.8,8.9,71,15.2,0.0,10.0,6,999.2,10.0,6.532128138480587,0.0,0.0,50.0,0.0,0.0,50.0,ED_CAUTION,TEMP_COLD,AQI_HAZARDOUS,HUM_HUMID,WIND_BREEZY,UV_LOW,ZONE_TEMPERATE
Oslo,Norway,59.9,10.8,8.9,34,4.2,5.6,8.2,1,1009.9,8.9,8.9,0.0,0.0,0.0,5.6,0.0,5.6,ED_VERY_SAFE,TEMP_COLD,AQI_GOOD,HUM_COMFORTABLE,WIND_CALM,UV_MODERATE,ZONE_TEMPERATE
Oslo,Norway,59.9,10.8,16.1,37,15.3,2.7,15.5,3,1002.7,16.1,16.1,0.0,0.0,18.0,2.1000000000000005,0.0,20.1,ED_MODERATE_SAFE,TEMP_COOL,AQI_SENSITIVE,HUM_COMFORTABLE,WIND_BREEZY,UV_LOW,ZONE_TEMPERATE
Oslo,Norway,59.9,10.8,11.5,23,10.2,6.9,10.1,1,1001.2,11.5,11.5,0.0,0.0,0.0,7.3500000000000005,0.0,7.3500000000000005,ED_VERY_SAFE,TEMP_COOL,AQI_GOOD,HUM_DRY,WIND_BREEZY,UV_HIGH,ZONE_TEMPERATE
Oslo,Norway,59.9,10.8,2.0,35,36.5,0.0,1.3,1,1009.0,2.0,-4.444426041303486,0.0,6.6666390619552285,0.0,0.0,0.0,6.6666390619552285,ED_VERY_SAFE,TEMP_COLD,AQI_GOOD,HUM_COMFORTABLE,WIND_WINDY,UV_LOW,ZONE_TEMPERATE
Oslo,Norway,59.9,10.8,17.1,54,49.3,0.0,17.3,5,1014.7,17.3,17.1,0.0,0.0,45.0,0.0,0.0,45.0,ED_CAUTION,TEMP_COOL,AQI_VERY_UNHEALTHY,HUM_COMFORTABLE,WIND_STRONG,UV_LOW,ZONE_TEMPERATE
Oslo,Norway,59.9,10.8,10.0,46,7.4,3.4,9.8,4,1017.1,10.0,9.134953819771267,0.0,0.0,32.0,3.4,0.0,35.4,ED_CAUTION,TEMP_COOL,AQI_UNHEALTHY,HUM_COMFORTABLE,WIND_CALM,UV_MODERATE,ZONE_TEMPERATE
Oslo,Norway,59.9,10.8,-3.1,28,3.4,2.6,-4.2,4,1011.0,-3.1,-3.1,0.0,4.649999999999999,32.0,1.8000000000000003,0.0,38.449999999999996,ED_CAUTION,TEMP_FREEZING,AQI_UNHEALTHY,HUM_DRY,WIND_CALM,UV_LOW,ZONE_TEMPERATE
Oslo,Norway,59.9,10.8,1.2,60,22.9,3.8,1.7,1,1013.0,1.7,-4.113344427109887,0.0,6.17001664066483,0.0,3.8,0.0,9.97001664066483,ED_VERY_SAFE,TEMP_COLD,AQI_GOOD,HUM_HUMID,WIND_WINDY,UV_MODERATE,ZONE_TEMPERATE
Oslo,Norway,59.9,10.8,3.8,17,17.6,2.7,2.2,1,1000.3,3.8,-0.12475518450978473,0.0,0.18713277676467577,0.0,2.1000000000000005,0.0,2.2871327767646763,ED_VERY_SAFE,TEMP_COLD,AQI_GOOD,HUM_DRY,WIND_BREEZY,UV_LOW,ZONE_TEMPERATE
Oslo,Norway,59.9,10.8,-3.4,47,13.8,5.9,-3.6,3,1019.1,-3.4,-8.348532906558141,0.0,12.522799359837212,18.0,5.9,0.0,36.422799359837214,ED_CAUTION,TEMP_FREEZING,AQI_SENSITIVE,HUM_COMFORTABLE,WIND_BREEZY,UV_MODERATE,ZONE_TEMPERATE
Oslo,Norway,59.9,10.8,10.0,38,18.9,5.6,9.4,4,1012.9,10.0,7.483892119335177,0.0,0.0,32.0,5.6,0.0,37.6,ED_CAUTION,TEMP_COOL,AQI_UNHEALTHY,HUM_COMFORTABLE,WIND_BREEZY,UV_MODERATE,ZONE_TEMPERATE
Oslo,Norway,59.9,10.8,-0.1,9,18.0,5.4,-2.2,6,1020.5,-0.1,-5.060386451827536,0.0,7.590579677741303,50.0,5.4,0.0,62.9905796777413,ED_DANGEROUS,TEMP_FREEZING,AQI_HAZARDOUS,HUM_DRY,WIND_BREEZY,UV_MODERATE,ZONE_TEMPERATE
Oslo,Norway,59.9,10.8,12.4,27,1.4,4.5,11.2,5,1022.6,12.4,12.4,0.0,0.0,45.0,4.5,0.0,49.5,ED_CAUTION,TEMP_COOL,AQI_VERY_UNHEALTHY,HUM_DRY,WIND_CALM,UV_MODERATE,ZONE_TEMPERATE
Oslo,Norway,59.9,10.8,9.2,15,12.0,3.9,7.4,1,1012.4,9.2,7.345418225033543,0.0,0.0,0.0,3.9,0.0,3.9,ED_VERY_SAFE,TEMP_COLD,AQI_GOOD,HUM_DRY,WIND_BREEZY,UV_MODERATE,ZONE_TEMPERATE
Oslo,Norway,59.9,10.8,7.0,48,9.3,4.3,6.9,1,1006.7,7.0,5.191079048610867,0.0,0.0,0.0,4.3,0.0,4.3,ED_VERY_SAFE,TEMP_COLD,AQI_GOOD,HUM_COMFORTABLE,WIND_CALM,UV_MODERATE,ZONE_TEMPERATE
Oslo,Norway,59.9,10.8,7.6,35,8.2,5.6,6.9,3,1014.6,7.6,6.141945966015616,0.0,0.0,18.0,5.6,0.0,23.6,ED_MODERATE_SAFE,TEMP_COLD,AQI_SENSITIVE,HUM_COMFORTABLE,WIND_CALM,UV_MODERATE,ZONE_TEMPERATE
Oslo,Norway,59.9,10.8,7.1,55,20.3,8.6,7.4,4,1022.2,7.4,3.683862061307713,0.0,0.0,32.0,9.6,0.0,41.6,ED_CAUTION,TEMP_COLD,AQI_UNHEALTHY,HUM_COMFORTABLE,WIND_WINDY,UV_VERY_HIGH,ZONE_TEMPERATE
Oslo,Norway,59.9,10.8,10.4,33,15.0,4.1,9.5,3,1002.4,10.4,10.4,0.0,0.0,18.0,4.1,0.0,22.1,ED_MODERATE_SAFE,TEMP_COOL,AQI_SENSITIVE,HUM_COMFORTABLE,WIND_BREEZY,UV_MODERATE,ZONE_TEMPERATE
Oslo,Norway,59.9,10.8,14.3,37,14.2,5.1,13.6,1,1016.6,14.3,14.3,0.0,0.0,0.0,5.1,0.0,5.1,ED_VERY_SAFE,TEMP_COOL,AQI_GOOD,HUM_COMFORTABLE,WIND_BREEZY,UV_MODERATE,ZONE_TEMPERATE
Oslo,Norway,59.9,10.8,11.2,24,23.5,0.8,10.0,1,1021.4,11.2,11.2,0.0,0.0,0.0,0.0,0.0,0.0,ED_VERY_SAFE,TEMP_COOL,AQI_GOOD,HUM_DRY,WIND_WINDY,UV_LOW,ZONE_TEMPERATE
Oslo,Norway,59.9,10.8,2.1,69,19.5,6.1,3.0,4,999.8,3.0,-2.5235714930397153,0.0,3.7853572395595734,32.0,6.1499999999999995,0.0,41.93535723955957,ED_CAUTION,TEMP_COLD,AQI_UNHEALTHY,HUM_HUMID,WIND_BREEZY,UV_HIGH,ZONE_TEMPERATE
Oslo,Norway,59.9,10.8,10.8,57,27.5,3.3,11.2,4,1020.3,11.2,10.8,0.0,0.0,32.0,3.3,0.0,35.3,ED_CAUTION,TEMP_COOL,AQI_UNHEALTHY,HUM_COMFORTABLE,WIND_WINDY,UV_MODERATE,ZONE_TEMPERATE
Oslo,Norway,59.9,10.8,6.2,65,0.3,3.7,7.0,5,1009.9,7.0,6.2,0.0,0.0,45.0,3.7,0.0,48.7,ED_CAUTION,TEMP_COLD,AQI_VERY_UNHEALTHY,HUM_HUMID,WIND_CALM,UV_MODERATE,ZONE_TEMPERATE
Oslo,Norway,59.9,10.8,8.8,72,13.9,0.0,9.9,3,1001.3,9.9,6.581697821546879,0.0,0.0,18.0,0.0,0.0,18.0,ED_MODERATE_SAFE,TEMP_COLD,AQI_SENSITIVE,HUM_HUMID,WIND_BREEZY,UV_LOW,ZONE_TEMPERATE
Oslo,Norway,59.9,10.8,23.9,45,19.3,5.2,23.6,1,1013.5,23.9,23.9,0.0,0.0,0.0,5.2,0.0,5.2,ED_VERY_SAFE,TEMP_IDEAL,AQI_GOOD,HUM_COMFORTABLE,WIND_BREEZY,UV_MODERATE,ZONE_TEMPERATE
Oslo,Norway,59.9,10.8,-4.1,61,1.3,0.0,-3.6,2,1014.4,-3.6,-4.1,0.0,6.149999999999999,8.0,0.0,0.0,14.149999999999999,ED_VERY_SAFE,TEMP_FREEZING,AQI_MODERATE,HUM_HUMID,WIND_CALM,UV_LOW,ZONE_TEMPERATE
Oslo,Norway,59.9,10.8,-2.9,33,14.6,3.7,-3.7,5,1012.9,-2.9,-7.908644154670281,0.0,11.862966232005421,45.0,3.7,0.0,60.56296623200542,ED_DANGEROUS,TEMP_FREEZING,AQI_VERY_UNHEALTHY,HUM_COMFORTABLE,WIND_BREEZY,UV_MODERATE,ZONE_TEMPERATE
Oslo,Norway,59.9,10.8,0.6,41,9.8,7.4,0.2,5,1004.0,0.6,-2.545951673426086,0.0,3.8189275101391296,45.0,8.100000000000001,0.0,56.918927510139135,ED_DANGEROUS,TEMP_COLD,AQI_VERY_UNHEALTHY,HUM_COMFORTABLE,WIND_CALM,UV_HIGH,ZONE_TEMPERATE
Oslo,Norway,59.9,10.8,5.6,33,1.7,0.0,4.7,2,1013.3,5.6,5.6,0.0,0.0,8.0,0.0,0.0,8.0,ED_VERY_SAFE,TEMP_COLD,AQI_MODERATE,HUM_COMFORTABLE,WIND_CALM,UV_LOW,ZONE_TEMPERATE
Oslo,Norway,59.9,10.8,13.2,21,12.4,1.8,11.8,5,1001.0,13.2,13.2,0.0,0.0,45.0,0.0,0.0,45.0,ED_CAUTION,TEMP_COOL,AQI_VERY_UNHEALTHY,HUM_DRY,WIND_BREEZY,UV_LOW,ZONE_TEMPERATE
Oslo,Norway,59.9,10.8,-1.2,47,5.4,0.0,-1.4,2,1022.7,-1.2,-3.1406434396540392,0.0,4.710965159481059,8.0,0.0,0.0,12.71096515948106,ED_VERY_SAFE,TEMP_FREEZING,AQI_MODERATE,HUM_COMFORTABLE,WIND_CALM,UV_LOW,ZONE_TEMPERATE
Oslo,Norway,59.9,10.8,-5.0,41,9.1,1.9,-5.5,1,1011.2,-5.0,-8.998685935826508,0.0,13.498028903739762,0.0,0.0,0.0,13.498028903739762,ED_VERY_SAFE,TEMP_FREEZING,AQI_GOOD,HUM_COMFORTABLE,WIND_CALM,UV_LOW,ZONE_TEMPERATE
Oslo,Norway,59.9,10.8,11.6,64,20.5,4.0,12.3,5,1000.4,12.3,11.6,0.0,0.0,45.0,4.0,0.0,49.0,ED_CAUTION,TEMP_COOL,AQI_VERY_UNHEALTHY,HUM_HUMID,WIND_WINDY,UV_MODERATE,ZONE_TEMPERATE
Oslo,Norway,59.9,10.8,-2.5,28,8.5,1.8,-3.6,1,1005.9,-2.5,-5.842573332360405,0.0,8.763859998540607,0.0,0.0,0.0,8.763859998540607,ED_VERY_SAFE,TEMP_FREEZING,AQI_GOOD,HUM_DRY,WIND_CALM,UV_LOW,ZONE_TEMPERATE
Oslo,Norway,59.9,10.8,4.8,62,12.8,0.4,5.4,1,1013.4,5.4,1.8682220994645062,0.0,0.0,0.0,0.0,0.0,0.0,ED_VERY_SAFE,TEMP_COLD,AQI_GOOD,HUM_HUMID,WIND_BREEZY,UV_LOW,ZONE_TEMPERATE
Oslo,Norway,59.9,10.8,-0.9,28,1.9,8.4,-2.0,1,1005.5,-0.9,-0.9,0.0,1.3500000000000014,0.0,9.4,0.0,10.750000000000002,ED_VERY_SAFE,TEMP_FREEZING,AQI_GOOD,HUM_DRY,WIND_CALM,UV_VERY_HIGH,ZONE_TEMPERATE
Oslo,Norway,59.9,10.8,19.0,25,2.1,0.0,17.8,4,1016.1,19.0,19.0,0.0,0.0,32.0,0.0,0.0,32.0,ED_MODERATE_SAFE,TEMP_IDEAL,AQI_UNHEALTHY,HUM_DRY,WIND_CALM,UV_LOW,ZONE_TEMPERATE
Oslo,Norway,59.9,10.8,17.6,79,18.1,5.0,19.0,5,1004.0,19.0,17.6,0.0,0.0,45.0,5.0,0.0,50.0,ED_CAUTION,TEMP_COOL,AQI_VERY_UNHEALTHY,HUM_HUMID,WIND_BREEZY,UV_MODERATE,ZONE_TEMPERATE
Oslo,Norway,59.9,10.8,2.3,79,24.3,0.7,3.7,3,1016.3,3.7,-2.8745441916796057,0.0,4.3118162875194095,18.0,0.0,0.0,22.31181628751941,ED_MODERATE_SAFE,TEMP_COLD,AQI_SENSITIVE,HUM_HUMID,WIND_WINDY,UV_LOW,ZONE_TEMPERATE
Oslo,Norway,59.9,10.8,5.8,74,12.1,5.5,7.0,1,1010.2,7.0,3.208104698737139,0.0,0.0,0.0,5.5,0.0,5.5,ED_VERY_SAFE,TEMP_COLD,AQI_GOOD,HUM_HUMID,WIND_BREEZY,UV_MODERATE,ZONE_TEMPERATE
Oslo,Norway,59.9,10.8,-10.5,84,4.8,5.9,-8.8,5,1005.6,-8.8,-10.5,0.0,15.416666666666666,45.0,5.9,0.0,66.31666666666666,ED_DANGEROUS,TEMP_FREEZING,AQI_VERY_UNHEALTHY,HUM_VERY_HUMID,WIND_CALM,UV_MODERATE,ZONE_TEMPERATE
Oslo,Norway,59.9,10.8,8.1,54,3.1,3.9,8.3,2,1016.7,8.3,8.1,0.0,0.0,8.0,3.9,0.0,11.9,ED_VERY_SAFE,TEMP_COLD,AQI_MODERATE,HUM_COMFORTABLE,WIND_CALM,UV_MODERATE,ZONE_TEMPERATE
Oslo,Norway,59.9,10.8,11.5,43,33.9,2.9,11.2,3,1003.2,11.5,11.5,0.0,0.0,18.0,2.6999999999999997,0.0,20.7,ED_MODERATE_SAFE,TEMP_COOL,AQI_SENSITIVE,HUM_COMFORTABLE,WIND_WINDY,UV_LOW,ZONE_TEMPERATE
Oslo,Norway,59.9,10.8,-0.9,34,4.0,7.2,-1.7,1,1006.5,-0.9,-0.9,0.0,1.3500000000000014,0.0,7.800000000000001,0.0,9.150000000000002,ED_VERY_SAFE,TEMP_FREEZING,AQI_GOOD,HUM_COMFORTABLE,WIND_CALM,UV_HIGH,ZONE_TEMPERATE
Oslo,Norway,59.9,10.8,4.0,96,26.8,2.3,6.3,2,1011.3,6.3,-0.9523863303143849,0.0,1.4285794954715776,8.0,0.8999999999999995,0.0,10.328579495471576,ED_VERY_SAFE,TEMP_COLD,AQI_MODERATE,HUM_VERY_HUMID,WIND_WINDY,UV_LOW,ZONE_TEMPERATE
Oslo,Norway,59.9,10.8,3.5,60,4.4,3.3,4.0,1,1026.2,4.0,3.5,0.0,0.0,0.0,3.3,0.0,3.3,ED_VERY_SAFE,TEMP_COLD,AQI_GOOD,HUM_HUMID,WIND_CALM,UV_MODERATE,ZONE_TEMPERATE
Oslo,Norway,59.9,10.8,11.5,55,11.3,5.6,11.8,4,1010.8,11.8,11.5,0.0,0.0,32.0,5.6,0.0,37.6,ED_CAUTION,TEMP_COOL,AQI_UNHEALTHY,HUM_COMFORTABLE,WIND_BREEZY,UV_MODERATE,ZONE_TEMPERATE
Oslo,Norway,59.9,10.8,5.4,41,6.6,5.8,4.9,1,1021.8,5.4,3.9943071726700303,0.0,0.0,0.0,5.8,0.0,5.8,ED_VERY_SAFE,TEMP_COLD,AQI_GOOD,HUM_COMFORTABLE,WIND_CALM,UV_MODERATE,ZONE_TEMPERATE
Oslo,Norway,59.9,10.8,7.5,31,17.4,2.2,6.6,3,1008.4,7.5,4.520342642365041,0.0,0.0,18.0,0.6000000000000005,0.0,18.6,ED_MODERATE_SAFE,TEMP_COLD,AQI_SENSITIVE,HUM_COMFORTABLE,WIND_BREEZY,UV_LOW,ZONE_TEMPERATE
Oslo,Norway,59.9,10.8,7.8,72,5.4,0.0,8.9,4,1019.2,8.9,7.1266412616245125,0.0,0.0,32.0,0.0,0.0,32.0,ED_MODERATE_SAFE,TEMP_COLD,AQI_UNHEALTHY,HUM_HUMID,WIND_CALM,UV_LOW,ZONE_TEMPERATE
Oslo,Norway,59.9,10.8,10.8,58,1.5,3.6,11.2,1,1006.0,11.2,10.8,0.0,0.0,0.0,3.6,0.0,3.6,ED_VERY_SAFE,TEMP_COOL,AQI_GOOD,HUM_COMFORTABLE,WIND_CALM,UV_MODERATE,ZONE_TEMPERATE
Oslo,Norway,59.9,10.8,3.6,69,21.4,0.4,4.5,5,1011.5,4.5,-0.8743808838053266,0.0,1.3115713257079893,45.0,0.0,0.0,46.31157132570799,ED_CAUTION,TEMP_COLD,AQI_VERY_UNHEALTHY,HUM_HUMID,WIND_WINDY,UV_LOW,ZONE_TEMPERATE
Oslo,Norway,59.9,10.8,-8.4,49,3.0,4.1,-8.5,2,1007.1,-8.4,-8.4,0.0,12.600000000000001,8.0,4.1,0.0,24.700000000000003,ED_MODERATE_SAFE,TEMP_FREEZING,AQI_MODERATE,HUM_COMFORTABLE,WIND_CALM,UV_MODERATE,ZONE_TEMPERATE
Oslo,Norway,59.9,10.8,2.4,47,19.6,3.8,2.2,1,1013.9,2.4,-2.1595173960641896,0.0,3.239276094096285,0.0,3.8,0.0,7.039276094096285,ED_VERY_SAFE,TEMP_COLD,AQI_GOOD,HUM_COMFORTABLE,WIND_BREEZY,UV_MODERATE,ZONE_TEMPERATE
Oslo,Norway,59.9,10.8,8.9,69,6.9,0.7,9.8,3,1014.7,9.8,7.970750839431081,0.0,0.0,18.0,0.0,0.0,18.0,ED_MODERATE_SAFE,TEMP_COLD,AQI_SENSITIVE,HUM_HUMID,WIND_CALM,UV_LOW,ZONE_TEMPERATE
Oslo,Norway,59.9,10.8,-2.5,35,32.9,2.7,-3.3,6,1021.7,-2.5,-10.051661449642317,0.0,15.043051208035264,50.0,2.1000000000000005,0.0,67.14305120803526,ED_DANGEROUS,TEMP_FREEZING,AQI_HAZARDOUS,HUM_COMFORTABLE,WIND_WINDY,UV_LOW,ZONE_TEMPERATE
Oslo,Norway,59.9,10.8,15.4,12,7.1,9.8,13.5,1,1022.4,15.4,15.4,0.0,0.0,0.0,10.8,0.0,10.8,ED_VERY_SAFE,TEMP_COOL,AQI_GOOD,HUM_DRY,WIND_CALM,UV_VERY_HIGH,ZONE_TEMPERATE
Oslo,Norway,59.9,10.8,14.6,19,13.7,4.1,13.0,1,1028.1,14.6,14.6,0.0,0.0,0.0,4.1,0.0,4.1,ED_VERY_SAFE,TEMP_COOL,AQI_GOOD,HUM_DRY,WIND_BREEZY,UV_MODERATE,ZONE_TEMPERATE
Oslo,Norway,59.9,10.8,11.2,16,11.8,1.2,9.6,1,1011.7,11.2,11.2,0.0,0.0,0.0,0.0,0.0,0.0,ED_VERY_SAFE,TEMP_COOL,AQI_GOOD,HUM_DRY,WIND_BREEZY,UV_LOW,ZONE_TEMPERATE
Oslo,Norway,59.9,10.8,6.5,35,4.6,5.0,5.7,3,1017.8,6.5,6.5,0.0,0.0,18.0,5.0,0.0,23.0,ED_MODERATE_SAFE,TEMP_COLD,AQI_SENSITIVE,HUM_COMFORTABLE,WIND_CALM,UV_MODERATE,ZONE_TEMPERATE
Oslo,Norway,59.9,10.8,-1.8,38,33.9,3.7,-2.4,2,1013.5,-1.8,-9.232703582392872,0.0,13.849055373589309,8.0,3.7,0.0,25.549055373589308,ED_MODERATE_SAFE,TEMP_FREEZING,AQI_MODERATE,HUM_COMFORTABLE,WIND_WINDY,UV_MODERATE,ZONE_TEMPERATE
Oslo,Norway,59.9,10.8,2.5,5,10.8,0.6,0.3,1,1011.9,2.5,-0.513979438599417,0.0,0.7709691578991258,0.0,0.0,0.0,0.7709691578991258,ED_VERY_SAFE,TEMP_COLD,AQI_GOOD,HUM_DRY,WIND_BREEZY,UV_LOW,ZONE_TEMPERATE
Oslo,Norway,59.9,10.8,7.0,27,8.4,3.6,5.9,1,1001.5,7.0,5.389432754737539,0.0,0.0,0.0,3.6,0.0,3.6,ED_VERY_SAFE,TEMP_COLD,AQI_GOOD,HUM_DRY,WIND_CALM,UV_MODERATE,ZONE_TEMPERATE
Oslo,Norway,59.9,10.8,-10.1,39,18.9,0.0,-10.6,1,1018.7,-10.1,-17.763042745099725,0.0,21.4692022875831,0.0,0.0,0.0,21.4692022875831,ED_MODERATE_SAFE,TEMP_FREEZING,AQI_GOOD,HUM_COMFORTABLE,WIND_BREEZY,UV_LOW,ZONE_TEMPERATE
Oslo,Norway,59.9,10.8,14.0,5,8.9,0.0,11.8,2,1003.4,14.0,14.0,0.0,0.0,8.0,0.0,0.0,8.0,ED_VERY_SAFE,TEMP_COOL,AQI_MODERATE,HUM_DRY,WIND_CALM,UV_LOW,ZONE_TEMPERATE
Oslo,Norway,59.9,10.8,18.6,51,4.8,7.4,18.7,2,994.6,18.7,18.6,0.0,0.0,8.0,8.100000000000001,0.0,16.1,ED_MODERATE_SAFE,TEMP_IDEAL,AQI_MODERATE,HUM_COMFORTABLE,WIND_CALM,UV_HIGH,ZONE_TEMPERATE
Oslo,Norway,59.9,10.8,17.9,52,16.0,4.1,18.0,1,1013.8,18.0,17.9,0.0,0.0,0.0,4.1,0.0,4.1,ED_VERY_SAFE,TEMP_COOL,AQI_GOOD,HUM_COMFORTABLE,WIND_BREEZY,UV_MODERATE,ZONE_TEMPERATE
Oslo,Norway,59.9,10.8,7.7,33,9.6,3.8,6.9,2,1002.2,7.7,5.962163468643164,0.0,0.0,8.0,3.8,0.0,11.8,ED_VERY_SAFE,TEMP_COLD,AQI_MODERATE,HUM_COMFORTABLE,WIND_CALM,UV_MODERATE,ZONE_TEMPERATE
Oslo,Norway,59.9,10.8,13.6,39,15.2,0.0,13.0,1,1000.0,13.6,13.6,0.0,0.0,0.0,0.0,0.0,0.0,ED_VERY_SAFE,TEMP_COOL,AQI_GOOD,HUM_COMFORTABLE,WIND_BREEZY,UV_LOW,ZONE_TEMPERATE
Oslo,Norway,59.9,10.8,3.1,71,11.5,8.5,4.1,2,1021.4,4.1,0.05718911128634252,0.0,0.0,8.0,9.5,0.0,17.5,ED_MODERATE_SAFE,TEMP_COLD,AQI_MODERATE,HUM_HUMID,WIND_BREEZY,UV_VERY_HIGH,ZONE_TEMPERATE
Oslo,Norway,59.9,10.8,-2.0,50,5.1,3.1,-2.0,2,1010.2,-2.0,-3.908267099979431,0.0,5.862400649969146,8.0,3.1,0.0,16.962400649969148,ED_MODERATE_SAFE,TEMP_FREEZING,AQI_MODERATE,HUM_COMFORTABLE,WIND_CALM,UV_MODERATE,ZONE_TEMPERATE
Oslo,Norway,59.9,10.8,2.6,42,12.0,5.6,2.2,2,1007.3,2.6,-0.6510213966946863,0.0,0.9765320950420282,8.0,5.6,0.0,14.576532095042028,ED_VERY_SAFE,TEMP_COLD,AQI_MODERATE,HUM_COMFORTABLE,WIND_BREEZY,UV_MODERATE,ZONE_TEMPERATE
Oslo,Norway,59.9,10.8,7.0,70,13.7,4.2,8.0,1,1010.4,8.0,4.405906340436262,0.0,0.0,0.0,4.2,0.0,4.2,ED_VERY_SAFE,TEMP_COLD,AQI_GOOD,HUM_HUMID,WIND_BREEZY,UV_MODERATE,ZONE_TEMPERATE
Oslo,Norway,59.9,10.8,22.2,38,17.6,0.8,21.6,1,1011.5,22.2,22.2,0.0,0.0,0.0,0.0,0.0,0.0,ED_VERY_SAFE,TEMP_IDEAL,AQI_GOOD,HUM_COMFORTABLE,WIND_BREEZY,UV_LOW,ZONE_TEMPERATE
Oslo,Norway,59.9,10.8,21.9,39,15.3,6.2,21.3,5,1007.3,21.9,21.9,0.0,0.0,45.0,6.300000000000001,0.0,51.3,ED_CAUTION,TEMP_IDEAL,AQI_VERY_UNHEALTHY,HUM_COMFORTABLE,WIND_BREEZY,UV_HIGH,ZONE_TEMPERATE
Oslo,Norway,59.9,10.8,13.9,34,9.7,9.0,13.1,1,1010.0,13.9,13.9,0.0,0.0,0.0,10.0,0.0,10.0,ED_VERY_SAFE,TEMP_COOL,AQI_GOOD,HUM_COMFORTABLE,WIND_CALM,UV_VERY_HIGH,ZONE_TEMPERATE
Oslo,Norway,59.9,10.8,10.0,41,19.4,4.6,9.6,2,1013.3,10.0,7.434277193786232,0.0,0.0,8.0,4.6,0.0,12.6,ED_VERY_SAFE,TEMP_COOL,AQI_MODERATE,HUM_COMFORTABLE,WIND_BREEZY,UV_MODERATE,ZONE_TEMPERATE
Oslo,Norway,59.9,10.8,-0.4,23,7.5,3.1,-1.7,4,1014.5,-0.4,-3.042857217891352,0.0,4.564285826837029,32.0,3.1,0.0,39.66428582683703,ED_CAUTION,TEMP_FREEZING,AQI_UNHEALTHY,HUM_DRY,WIND_CALM,UV_MODERATE,ZONE_TEMPERATE
Oslo,Norway,59.9,10.8,9.7,60,4.6,0.0,10.2,1,999.0,10.2,9.7,0.0,0.0,0.0,0.0,0.0,0.0,ED_VERY_SAFE,TEMP_COLD,AQI_GOOD,HUM_HUMID,WIND_CALM,UV_LOW,ZONE_TEMPERATE
Oslo,Norway,59.9,10.8,8.5,65,18.9,5.2,9.2,2,1020.2,9.2,5.5997925025863005,0.0,0.0,8.0,5.2,0.0,13.2,ED_VERY_SAFE,TEMP_COLD,AQI_MODERATE,HUM_HUMID,WIND_BREEZY,UV_MODERATE,ZONE_TEMPERATE
Oslo,Norway,59.9,10.8,19.3,57,26.5,5.6,19.7,2,1000.1,19.7,19.3,0.0,0.0,8.0,5.6,0.0,13.6,ED_VERY_SAFE,TEMP_IDEAL,AQI_MODERATE,HUM_COMFORTABLE,WIND_WINDY,UV_MODERATE,ZONE_TEMPERATE
Oslo,Norway,59.9,10.8,4.4,40,8.4,0.8,3.9,5,1012.9,4.4,2.324423181971109,0.0,0.0,45.0,0.0,0.0,45.0,ED_CAUTION,TEMP_COLD,AQI_VERY_UNHEALTHY,HUM_COMFORTABLE,WIND_CALM,UV_LOW,ZONE_TEMPERATE
Oslo,Norway,59.9,10.8,11.7,63,13.2,0.0,12.4,6,1016.8,12.4,11.7,0.0,0.0,50.0,0.0,0.0,50.0,ED_CAUTION,TEMP_COOL,AQI_HAZARDOUS,HUM_HUMID,WIND_BREEZY,UV_LOW,ZONE_TEMPERATE
Oslo,Norway,59.9,10.8,16.4,41,11.5,1.1,16.0,1,1015.3,16.4,16.4,0.0,0.0,0.0,0.0,0.0,0.0,ED_VERY_SAFE,TEMP_COOL,AQI_GOOD,HUM_COMFORTABLE,WIND_BREEZY,UV_LOW,ZONE_TEMPERATE
Oslo,Norway,59.9,10.8,1.9,63,16.5,3.6,2.6,1,998.3,2.6,-2.325041088855234,0.0,3.4875616332828514,0.0,3.6,0.0,7.087561633282851,ED_VERY_SAFE,TEMP_COLD,AQI_GOOD,HUM_HUMID,WIND_BREEZY,UV_MODERATE,ZONE_TEMPERATE
Oslo,Norway,59.9,10.8,2.9,59,13.4,0.2,3.4,3,1013.6,3.4,-0.5584727331359705,0.0,0.8377090997039538,18.0,0.0,0.0,18.837709099703954,ED_MODERATE_SAFE,TEMP_COLD,AQI_SENSITIVE,HUM_COMFORTABLE,WIND_BREEZY,UV_LOW,ZONE_TEMPERATE
Oslo,Norway,59.9,10.8,2.9,40,6.9,5.9,2.4,5,1010.7,2.9,1.0012637421311348,0.0,0.0,45.0,5.9,0.0,50.9,ED_CAUTION,TEMP_COLD,AQI_VERY_UNHEALTHY,HUM_COMFORTABLE,WIND_CALM,UV_MODERATE,ZONE_TEMPERATE
Oslo,Norway,59.9,10.8,11.3,65,1.4,3.4,12.1,6,1007.7,12.1,11.3,0.0,0.0,50.0,3.4,0.0,53.4,ED_CAUTION,TEMP_COOL,AQI_HAZARDOUS,HUM_HUMID,WIND_CALM,UV_MODERATE,ZONE_TEMPERATE
Oslo,Norway,59.9,10.8,9.5,40,5.0,5.4,9.0,4,1019.6,9.5,9.187888725953371,0.0,0.0,32.0,5.4,0.0,37.4,ED_CAUTION,TEMP_COLD,AQI_UNHEALTHY,HUM_COMFORTABLE,WIND_CALM,UV_MODERATE,ZONE_TEMPERATE
Oslo,Norway,59.9,10.8,1.2,35,21.4,3.5,0.5,6,1006.2,1.2,-3.9195144352937836,0.0,5.879271652940675,50.0,3.5,0.0,59.37927165294067,ED_DANGEROUS,TEMP_COLD,AQI_HAZARDOUS,HUM_COMFORTABLE,WIND_WINDY,UV_MODERATE,ZONE_TEMPERATE
Oslo,Norway,59.9,10.8,5.6,70,1.6,3.9,6.6,2,1025.9,6.6,5.6,0.0,0.0,8.0,3.9,0.0,11.9,ED_VERY_SAFE,TEMP_COLD,AQI_MODERATE,HUM_HUMID,WIND_CALM,UV_MODERATE,ZONE_TEMPERATE
Oslo,Norway,59.9,10.8,-9.1,47,14.7,4.3,-9.2,2,1015.5,-9.1,-15.562203994248275,0.0,19.635169995206894,8.0,4.3,0.0,31.935169995206895,ED_MODERATE_SAFE,TEMP_FREEZING,AQI_MODERATE,HUM_COMFORTABLE,WIND_BREEZY,UV_MODERATE,ZONE_TEMPERATE
Oslo,Norway,59.9,10.8,28.2,52,15.4,0.1,29.2,1,1014.7,29.2,28.2,6.599999999999998,0.0,0.0,0.0,0.0,6.599999999999998,ED_VERY_SAFE,TEMP_WARM,AQI_GOOD,HUM_COMFORTABLE,WIND_BREEZY,UV_LOW,ZONE_TEMPERATE
Oslo,Norway,59.9,10.8,4.8,61,2.5,6.0,5.4,2,1008.5,5.4,4.8,0.0,0.0,8.0,6.0,0.0,14.0,ED_VERY_SAFE,TEMP_COLD,AQI_MODERATE,HUM_HUMID,WIND_CALM,UV_HIGH,ZONE_TEMPERATE
Oslo,Norway,59.9,10.8,9.3,55,7.8,2.4,9.5,5,1022.5,9.5,8.228079861255953,0.0,0.0,45.0,1.1999999999999997,0.0,46.2,ED_CAUTION,TEMP_COLD,AQI_VERY_UNHEALTHY,HUM_COMFORTABLE,WIND_CALM,UV_LOW,ZONE_TEMPERATE
Oslo,Norway,59.9,10.8,6.4,21,3.0,7.2,5.0,1,1010.2,6.4,6.4,0.0,0.0,0.0,7.800000000000001,0.0,7.800000000000001,ED_VERY_SAFE,TEMP_COLD,AQI_GOOD,HUM_DRY,WIND_CALM,UV_HIGH,ZONE_TEMPERATE
Oslo,Norway,59.9,10.8,7.7,57,7.9,3.5,8.0,5,1008.8,8.0,6.328859433127657,0.0,0.0,45.0,3.5,0.0,48.5,ED_CAUTION,TEMP_COLD,AQI_VERY_UNHEALTHY,HUM_COMFORTABLE,WIND_CALM,UV_MODERATE,ZONE_TEMPERATE
Oslo,Norway,59.9,10.8,-3.8,56,5.1,6.9,-3.5,2,1003.2,-3.5,-5.9532143357975125,0.0,8.92982150369627,8.0,7.3500000000000005,0.0,24.27982150369627,ED_MODERATE_SAFE,TEMP_FREEZING,AQI_MODERATE,HUM_COMFORTABLE,WIND_CALM,UV_HIGH,ZONE_TEMPERATE
Oslo,Norway,59.9,10.8,9.2,32,6.9,0.0,8.3,1,1004.0,9.2,8.319225194296077,0.0,0.0,0.0,0.0,0.0,0.0,ED_VERY_SAFE,TEMP_COLD,AQI_GOOD,HUM_COMFORTABLE,WIND_CALM,UV_LOW,ZONE_TEMPERATE
Oslo,Norway,59.9,10.8,-0.7,50,13.9,0.0,-0.6,1,1017.4,-0.6,-5.061723180215416,0.0,7.592584770323123,0.0,0.0,0.0,7.592584770323123,ED_VERY_SAFE,TEMP_FREEZING,AQI_GOOD,HUM_COMFORTABLE,WIND_BREEZY,UV_LOW,ZONE_TEMPERATE
Oslo,Norway,59.9,10.8,0.1,21,13.0,9.0,-1.3,1,1014.6,0.1,-3.897314974559413,0.0,5.845972461839118,0.0,10.0,0.0,15.845972461839118,ED_MODERATE_SAFE,TEMP_COLD,AQI_GOOD,HUM_DRY,WIND_BREEZY,UV_VERY_HIGH,ZONE_TEMPERATE
Oslo,Norway,59.9,10.8,5.4,52,6.2,0.0,5.5,5,1016.6,5.5,4.118543336484008,0.0,0.0,45.0,0.0,0.0,45.0,ED_CAUTION,TEMP_COLD,AQI_VERY_UNHEALTHY,HUM_COMFORTABLE,WIND_CALM,UV_LOW,ZONE_TEMPERATE
Oslo,Norway,59.9,10.8,12.1,65,7.8,2.6,12.8,1,1013.6,12.8,12.1,0.0,0.0,0.0,1.8000000000000003,0.0,1.8000000000000003,ED_VERY_SAFE,TEMP_COOL,AQI_GOOD,HUM_HUMID,WIND_CALM,UV_LOW,ZONE_TEMPERATE
Oslo,Norway,59.9,10.8,-1.4,53,26.5,1.4,-1.2,5,1009.8,-1.2,-7.895753939854341,0.0,11.843630909781512,45.0,0.0,0.0,56.84363090978151,ED_DANGEROUS,TEMP_FREEZING,AQI_VERY_UNHEALTHY,HUM_COMFORTABLE,WIND_WINDY,UV_LOW,ZONE_TEMPERATE
Oslo,Norway,59.9,10.8,2.9,83,27.7,4.4,4.5,5,999.3,4.5,-2.465826224029454,0.0,3.6987393360441807,45.0,4.4,0.0,53.09873933604418,ED_CAUTION,TEMP_COLD,AQI_VERY_UNHEALTHY,HUM_VERY_HUMID,WIND_WINDY,UV_MODERATE,ZONE_TEMPERATE
Oslo,Norway,59.9,10.8,3.4,23,31.6,0.0,2.1,2,1010.9,3.4,-2.1809584646060682,0.0,3.2714376969091017,8.0,0.0,0.0,11.271437696909102,ED_VERY_SAFE,TEMP_COLD,AQI_MODERATE,HUM_DRY,WIND_WINDY,UV_LOW,ZONE_TEMPERATE
Oslo,Norway,59.9,10.8,13.0,58,3.0,2.9,13.4,4,1026.4,13.4,13.0,0.0,0.0,32.0,2.6999999999999997,0.0,34.7,ED_MODERATE_SAFE,TEMP_COOL,AQI_UNHEALTHY,HUM_COMFORTABLE,WIND_CALM,UV_LOW,ZONE_TEMPERATE
Oslo,Norway,59.9,10.8,2.6,13,10.4,3.2,0.7,1,1006.2,2.6,-0.30272292747636365,0.0,0.45408439121454514,0.0,3.2,0.0,3.6540843912145453,ED_VERY_SAFE,TEMP_COLD,AQI_GOOD,HUM_DRY,WIND_BREEZY,UV_MODERATE,ZONE_TEMPERATE
Oslo,Norway,59.9,10.8,7.1,30,32.8,3.0,6.1,3,1027.1,7.1,2.5788277501273367,0.0,0.0,18.0,3.0,0.0,21.0,ED_MODERATE_SAFE,TEMP_COLD,AQI_SENSITIVE,HUM_COMFORTABLE,WIND_WINDY,UV_MODERATE,ZONE_TEMPERATE
Oslo,Norway,59.9,10.8,-0.2,10,30.2,0.0,-2.2,3,1005.0,-0.2,-6.754888742727012,0.0,10.132333114090518,18.0,0.0,0.0,28.132333114090518,ED_MODERATE_SAFE,TEMP_FREEZING,AQI_SENSITIVE,HUM_DRY,WIND_WINDY,UV_LOW,ZONE_TEMPERATE
Oslo,Norway,59.9,10.8,9.9,66,16.9,2.8,10.7,2,1017.7,10.7,7.569608752692355,0.0,0.0,8.0,2.3999999999999995,0.0,10.399999999999999,ED_VERY_SAFE,TEMP_COLD,AQI_MODERATE,HUM_HUMID,WIND_BREEZY,UV_LOW,ZONE_TEMPERATE
Oslo,Norway,59.9,10.8,17.6,10,18.8,2.3,15.6,3,1007.8,17.6,17.6,0.0,0.0,18.0,0.8999999999999995,0.0,18.9,ED_MODERATE_SAFE,TEMP_COOL,AQI_SENSITIVE,HUM_DRY,WIND_BREEZY,UV_LOW,ZONE_TEMPERATE
Oslo,Norway,59.9,10.8,19.8,67,15.2,0.2,20.6,1,1003.1,20.6,19.8,0.0,0.0,0.0,0.0,0.0,0.0,ED_VERY_SAFE,TEMP_IDEAL,AQI_GOOD,HUM_HUMID,WIND_BREEZY,UV_LOW,ZONE_TEMPERATE
Oslo,Norway,59.9,10.8,13.6,37,8.7,0.8,13.0,4,1008.6,13.6,13.6,0.0,0.0,32.0,0.0,0.0,32.0,ED_MODERATE_SAFE,TEMP_COOL,AQI_UNHEALTHY,HUM_COMFORTABLE,WIND_CALM,UV_LOW,ZONE_TEMPERATE
Oslo,Norway,59.9,10.8,13.2,33,9.8,0.0,12.3,3,1018.7,13.2,13.2,0.0,0.0,18.0,0.0,0.0,18.0,ED_MODERATE_SAFE,TEMP_COOL,AQI_SENSITIVE,HUM_COMFORTABLE,WIND_CALM,UV_LOW,ZONE_TEMPERATE
Oslo,Norway,59.9,10.8,8.1,44,2.1,4.9,7.8,1,1002.7,8.1,8.1,0.0,0.0,0.0,4.9,0.0,4.9,ED_VERY_SAFE,TEMP_COLD,AQI_GOOD,HUM_COMFORTABLE,WIND_CALM,UV_MODERATE,ZONE_TEMPERATE
Oslo,Norway,59.9,10.8,6.0,18,2.6,4.9,4.4,3,1014.2,6.0,6.0,0.0,0.0,18.0,4.9,0.0,22.9,ED_MODERATE_SAFE,TEMP_COLD,AQI_SENSITIVE,HUM_DRY,WIND_CALM,UV_MODERATE,ZONE_TEMPERATE
Oslo,Norway,59.9,10.8,9.4,33,23.0,7.1,8.6,2,1011.4,9.4,6.339912389057802,0.0,0.0,8.0,7.6499999999999995,0.0,15.649999999999999,ED_MODERATE_SAFE,TEMP_COLD,AQI_MODERATE,HUM_COMFORTABLE,WIND_WINDY,UV_HIGH,ZONE_TEMPERATE
Oslo,Norway,59.9,10.8,5.0,24,15.7,3.8,3.7,2,1007.5,5.0,1.642921095727333,0.0,0.0,8.0,3.8,0.0,11.8,ED_VERY_SAFE,TEMP_COLD,AQI_MODERATE,HUM_DRY,WIND_BREEZY,UV_MODERATE,ZONE_TEMPERATE
Oslo,Norway,59.9,10.8,3.5,60,4.2,3.4,4.0,3,1008.6,4.0,3.5,0.0,0.0,18.0,3.4,0.0,21.4,ED_MODERATE_SAFE,TEMP_COLD,AQI_SENSITIVE,HUM_HUMID,WIND_CALM,UV_MODERATE,ZONE_TEMPERATE
Oslo,Norway,59.9,10.8,0.2,75,11.2,7.2,1.4,4,1010.7,1.4,-3.3743503963188304,0.0,5.061525594478244,32.0,7.800000000000001,0.0,44.86152559447824,ED_CAUTION,TEMP_COLD,AQI_UNHEALTHY,HUM_HUMID,WIND_BREEZY,UV_HIGH,ZONE_TEMPERATE
Oslo,Norway,59.9,10.8,-7.6,64,5.5,0.0,-6.9,1,1016.2,-6.9,-10.497211953790604,0.0,15.414343294825503,0.0,0.0,0.0,15.414343294825503,ED_MODERATE_SAFE,TEMP_FREEZING,AQI_GOOD,HUM_HUMID,WIND_CALM,UV_LOW,ZONE_TEMPERATE
Oslo,Norway,59.9,10.8,13.1,36,24.1,0.9,12.4,4,1015.6,13.1,13.1,0.0,0.0,32.0,0.0,0.0,32.0,ED_MODERATE_SAFE,TEMP_COOL,AQI_UNHEALTHY,HUM_COMFORTABLE,WIND_WINDY,UV_LOW,ZONE_TEMPERATE
Lima,Peru,-12.0,-77.0,33.0,41,32.4,6.2,35.0,6,1006.9,35.0,33.0,20.0,0.0,50.0,6.300000000000001,12.0,88.3,ED_VERY_DANGEROUS,TEMP_HOT,AQI_HAZARDOUS,HUM_COMFORTABLE,WIND_WINDY,UV_HIGH,ZONE_TROPICAL
Lima,Peru,-12.0,-77.0,22.0,84,14.6,7.9,23.7,1,1008.9,23.7,22.0,0.0,0.0,0.0,8.850000000000001,0.0,8.850000000000001,ED_VERY_SAFE,TEMP_IDEAL,AQI_GOOD,HUM_VERY_HUMID,WIND_BREEZY,UV_HIGH,ZONE_TROPICAL
Lima,Peru,-12.0,-77.0,32.1,78,5.7,7.5,35.7,1,1023.8,35.7,32.1,21.16666666666667,0.0,0.0,8.25,0.0,29.41666666666667,ED_MODERATE_SAFE,TEMP_HOT,AQI_GOOD,HUM_HUMID,WIND_CALM,UV_HIGH,ZONE_TROPICAL
Lima,Peru,-12.0,-77.0,17.7,63,6.9,9.7,18.3,2,1008.9,18.3,17.7,0.0,0.0,8.0,10.7,0.0,18.7,ED_MODERATE_SAFE,TEMP_COOL,AQI_MODERATE,HUM_HUMID,WIND_CALM,UV_VERY_HIGH,ZONE_TROPICAL
Lima,Peru,-12.0,-77.0,33.1,100,3.8,6.3,38.0,2,1017.9,38.0,33.1,25.0,0.0,8.0,6.449999999999999,0.0,39.45,ED_CAUTION,TEMP_HOT,AQI_MODERATE,HUM_VERY_HUMID,WIND_CALM,UV_HIGH,ZONE_TROPICAL
Lima,Peru,-12.0,-77.0,27.5,61,17.4,6.1,28.8,1,999.3,28.8,27.5,5.400000000000002,0.0,0.0,6.1499999999999995,0.0,11.55,ED_VERY_SAFE,TEMP_WARM,AQI_GOOD,HUM_HUMID,WIND_BREEZY,UV_HIGH,ZONE_TROPICAL
Lima,Peru,-12.0,-77.0,33.9,20,7.1,7.1,35.1,6,1022.7,35.1,33.9,20.16666666666667,0.0,50.0,7.6499999999999995,12.0,89.81666666666668,ED_VERY_DANGEROUS,TEMP_HOT,AQI_HAZARDOUS,HUM_DRY,WIND_CALM,UV_HIGH,ZONE_TROPICAL
Lima,Peru,-12.0,-77.0,22.9,78,4.7,2.3,24.3,1,1015.2,24.3,22.9,0.0,0.0,0.0,0.8999999999999995,0.0,0.8999999999999995,ED_VERY_SAFE,TEMP_IDEAL,AQI_GOOD,HUM_HUMID,WIND_CALM,UV_LOW,ZONE_TROPICAL
Lima,Peru,-12.0,-77.0,26.0,35,15.8,4.5,25.6,4,1000.6,26.0,26.0,0.0,0.0,32.0,4.5,0.0,36.5,ED_CAUTION,TEMP_WARM,AQI_UNHEALTHY,HUM_COMFORTABLE,WIND_BREEZY,UV_MODERATE,ZONE_TROPICAL
Lima,Peru,-12.0,-77.0,31.0,71,18.5,6.1,33.9,1,1015.7,33.9,31.0,18.166666666666664,0.0,0.0,6.1499999999999995,0.0,24.316666666666663,ED_MODERATE_SAFE,TEMP_HOT,AQI_GOOD,HUM_HUMID,WIND_BREEZY,UV_HIGH,ZONE_TROPICAL
Lima,Peru,-12.0,-77.0,38.0,50,17.6,6.3,41.9,3,1009.3,41.9,38.0,31.038461538461537,0.0,18.0,6.449999999999999,0.0,55.488461538461536,ED_DANGEROUS,TEMP_VERY_HOT,AQI_SENSITIVE,HUM_COMFORTABLE,WIND_BREEZY,UV_HIGH,ZONE_TROPICAL
Lima,Peru,-12.0,-77.0,19.7,49,23.2,6.4,19.6,1,1018.6,19.7,19.7,0.0,0.0,0.0,6.6000000000000005,0.0,6.6000000000000005,ED_VERY_SAFE,TEMP_IDEAL,AQI_GOOD,HUM_COMFORTABLE,WIND_WINDY,UV_HIGH,ZONE_TROPICAL
Lima,Peru,-12.0,-77.0,33.1,60,44.0,5.2,36.0,1,1016.1,36.0,33.1,21.666666666666668,0.0,0.0,5.2,0.0,26.866666666666667,ED_MODERATE_SAFE,TEMP_HOT,AQI_GOOD,HUM_HUMID,WIND_STRONG,UV_MODERATE,ZONE_TROPICAL
Lima,Peru,-12.0,-77.0,29.1,50,29.4,10.4,30.4,3,1007.6,30.4,29.1,10.199999999999996,0.0,18.0,11.4,0.0,39.599999999999994,ED_CAUTION,TEMP_WARM,AQI_SENSITIVE,HUM_COMFORTABLE,WIND_WINDY,UV_VERY_HIGH,ZONE_TROPICAL
Lima,Peru,-12.0,-77.0,34.6,49,21.5,6.2,37.5,6,1009.0,37.5,34.6,24.166666666666668,0.0,50.0,6.300000000000001,12.0,92.46666666666667,ED_VERY_DANGEROUS,TEMP_HOT,AQI_HAZARDOUS,HUM_COMFORTABLE,WIND_WINDY,UV_HIGH,ZONE_TROPICAL
Lima,Peru,-12.0,-77.0,22.9,58,11.5,9.1,23.3,1,1013.4,23.3,22.9,0.0,0.0,0.0,10.1,0.0,10.1,ED_VERY_SAFE,TEMP_IDEAL,AQI_GOOD,HUM_COMFORTABLE,WIND_BREEZY,UV_VERY_HIGH,ZONE_TROPICAL
Lima,Peru,-12.0,-77.0,31.1,42,2.9,8.1,32.5,4,1014.3,32.5,31.1,15.833333333333334,0.0,32.0,9.1,8.625,65.55833333333334,ED_DANGEROUS,TEMP_HOT,AQI_UNHEALTHY,HUM_COMFORTABLE,WIND_CALM,UV_VERY_HIGH,ZONE_TROPICAL
Lima,Peru,-12.0,-77.0,34.8,57,6.7,7.1,38.1,5,1008.7,38.1,34.8,25.16666666666667,0.0,45.0,7.6499999999999995,11.0625,88.87916666666668,ED_VERY_DANGEROUS,TEMP_HOT,AQI_VERY_UNHEALTHY,HUM_COMFORTABLE,WIND_CALM,UV_HIGH,ZONE_TROPICAL
Lima,Peru,-12.0,-77.0,26.3,60,4.7,5.2,27.2,4,997.5,27.2,26.3,0.5999999999999979,0.0,32.0,5.2,0.0,37.8,ED_CAUTION,TEMP_WARM,AQI_UNHEALTHY,HUM_HUMID,WIND_CALM,UV_MODERATE,ZONE_TROPICAL
Lima,Peru,-12.0,-77.0,16.6,100,26.0,8.8,19.1,2,1008.6,19.1,16.6,0.0,0.0,8.0,9.8,0.0,17.8,ED_MODERATE_SAFE,TEMP_COOL,AQI_MODERATE,HUM_VERY_HUMID,WIND_WINDY,UV_VERY_HIGH,ZONE_TROPICAL
Lima,Peru,-12.0,-77.0,20.7,39,24.1,1.5,20.1,5,1019.3,20.7,20.7,0.0,0.0,45.0,0.0,0.0,45.0,ED_CAUTION,TEMP_IDEAL,AQI_VERY_UNHEALTHY,HUM_COMFORTABLE,WIND_WINDY,UV_LOW,ZONE_TROPICAL
Lima,Peru,-12.0,-77.0,27.9,57,7.3,8.0,29.2,1,1009.6,29.2,27.9,6.599999999999998,0.0,0.0,9.0,0.0,15.599999999999998,ED_MODERATE_SAFE,TEMP_WARM,AQI_GOOD,HUM_COMFORTABLE,WIND_CALM,UV_VERY_HIGH,ZONE_TROPICAL
Lima,Peru,-12.0,-77.0,21.1,57,22.0,5.1,21.5,3,1016.8,21.5,21.1,0.0,0.0,18.0,5.1,0.0,23.1,ED_MODERATE_SAFE,TEMP_IDEAL,AQI_SENSITIVE,HUM_COMFORTABLE,WIND_WINDY,UV_MODERATE,ZONE_TROPICAL
Lima,Peru,-12.0,-77.0,26.1,47,29.5,6.4,26.3,3,1019.3,26.3,26.1,0.0,0.0,18.0,6.6000000000000005,0.0,24.6,ED_MODERATE_SAFE,TEMP_WARM,AQI_SENSITIVE,HUM_COMFORTABLE,WIND_WINDY,UV_HIGH,ZONE_TROPICAL
Lima,Peru,-12.0,-77.0,18.6,51,16.8,10.5,18.7,3,1017.9,18.7,18.6,0.0,0.0,18.0,11.5,0.0,29.5,ED_MODERATE_SAFE,TEMP_IDEAL,AQI_SENSITIVE,HUM_COMFORTABLE,WIND_BREEZY,UV_VERY_HIGH,ZONE_TROPICAL
Lima,Peru,-12.0,-77.0,23.4,42,1.8,9.4,23.0,5,1030.8,23.4,23.4,0.0,0.0,45.0,10.4,0.0,55.4,ED_DANGEROUS,TEMP_IDEAL,AQI_VERY_UNHEALTHY,HUM_COMFORTABLE,WIND_CALM,UV_VERY_HIGH,ZONE_TROPICAL
Lima,Peru,-12.0,-77.0,34.4,100,4.8,0.0,39.8,3,1000.6,39.8,34.4,27.999999999999996,0.0,18.0,0.0,0.0,46.0,ED_CAUTION,TEMP_HOT,AQI_SENSITIVE,HUM_VERY_HUMID,WIND_CALM,UV_LOW,ZONE_TROPICAL
Lima,Peru,-12.0,-77.0,32.1,53,12.8,4.2,34.4,1,1006.5,34.4,32.1,18.999999999999996,0.0,0.0,4.2,0.0,23.199999999999996,ED_MODERATE_SAFE,TEMP_HOT,AQI_GOOD,HUM_COMFORTABLE,WIND_BREEZY,UV_MODERATE,ZONE_TROPICAL
Lima,Peru,-12.0,-77.0,20.5,73,5.9,6.8,21.6,2,1013.6,21.6,20.5,0.0,0.0,8.0,7.199999999999999,0.0,15.2,ED_MODERATE_SAFE,TEMP_IDEAL,AQI_MODERATE,HUM_HUMID,WIND_CALM,UV_HIGH,ZONE_TROPICAL
Lima,Peru,-12.0,-77.0,28.5,81,26.6,6.4,31.1,2,1003.7,31.1,28.5,12.300000000000004,0.0,8.0,6.6000000000000005,0.0,26.900000000000006,ED_MODERATE_SAFE,TEMP_WARM,AQI_MODERATE,HUM_VERY_HUMID,WIND_WINDY,UV_HIGH,ZONE_TROPICAL
Lima,Peru,-12.0,-77.0,33.7,7,7.6,3.3,34.1,6,1010.3,34.1,33.7,18.500000000000004,0.0,50.0,3.3,12.0,83.8,ED_VERY_DANGEROUS,TEMP_HOT,AQI_HAZARDOUS,HUM_DRY,WIND_CALM,UV_MODERATE,ZONE_TROPICAL
Lima,Peru,-12.0,-77.0,23.9,59,19.8,3.3,24.3,1,1010.8,24.3,23.9,0.0,0.0,0.0,3.3,0.0,3.3,ED_VERY_SAFE,TEMP_IDEAL,AQI_GOOD,HUM_COMFORTABLE,WIND_BREEZY,UV_MODERATE,ZONE_TROPICAL
Lima,Peru,-12.0,-77.0,26.6,47,13.1,9.9,26.9,1,1020.7,26.9,26.6,0.0,0.0,0.0,10.9,0.0,10.9,ED_VERY_SAFE,TEMP_WARM,AQI_GOOD,HUM_COMFORTABLE,WIND_BREEZY,UV_VERY_HIGH,ZONE_TROPICAL
Lima,Peru,-12.0,-77.0,24.5,85,9.5,9.6,26.3,4,1006.8,26.3,24.5,0.0,0.0,32.0,10.6,0.0,42.6,ED_CAUTION,TEMP_IDEAL,AQI_UNHEALTHY,HUM_VERY_HUMID,WIND_CALM,UV_VERY_HIGH,ZONE_TROPICAL
Lima,Peru,-12.0,-77.0,36.5,73,9.2,7.4,41.1,3,1008.6,41.1,36.5,30.115384615384617,0.0,18.0,8.100000000000001,0.0,56.215384615384615,ED_DANGEROUS,TEMP_VERY_HOT,AQI_SENSITIVE,HUM_HUMID,WIND_CALM,UV_HIGH,ZONE_TROPICAL
Lima,Peru,-12.0,-77.0,16.8,45,9.8,11.1,16.5,3,1008.3,16.8,16.8,0.0,0.0,18.0,12.0,0.0,30.0,ED_MODERATE_SAFE,TEMP_COOL,AQI_SENSITIVE,HUM_COMFORTABLE,WIND_CALM,UV_EXTREME,ZONE_TROPICAL
Lima,Peru,-12.0,-77.0,23.9,49,5.4,4.3,23.9,6,1022.1,23.9,23.9,0.0,0.0,50.0,4.3,0.0,54.3,ED_CAUTION,TEMP_IDEAL,AQI_HAZARDOUS,HUM_COMFORTABLE,WIND_CALM,UV_MODERATE,ZONE_TROPICAL
Lima,Peru,-12.0,-77.0,36.9,26,4.9,6.0,39.3,1,1017.0,39.3,36.9,27.166666666666664,0.0,0.0,6.0,0.0,33.166666666666664,ED_MODERATE_SAFE,TEMP_VERY_HOT,AQI_GOOD,HUM_DRY,WIND_CALM,UV_HIGH,ZONE_TROPICAL
Lima,Peru,-12.0,-77.0,24.2,67,16.1,7.7,25.0,6,999.8,25.0,24.2,0.0,0.0,50.0,8.55,0.0,58.55,ED_DANGEROUS,TEMP_IDEAL,AQI_HAZARDOUS,HUM_HUMID,WIND_BREEZY,UV_HIGH,ZONE_TROPICAL
Lima,Peru,-12.0,-77.0,26.9,26,30.4,11.5,26.3,1,1006.2,26.9,26.9,0.0,0.0,0.0,12.0,0.0,12.0,ED_VERY_SAFE,TEMP_WARM,AQI_GOOD,HUM_DRY,WIND_WINDY,UV_EXTREME,ZONE_TROPICAL
Lima,Peru,-12.0,-77.0,31.5,86,10.5,5.0,35.3,4,1014.0,35.3,31.5,20.499999999999996,0.0,32.0,5.0,8.625,66.125,ED_DANGEROUS,TEMP_HOT,AQI_UNHEALTHY,HUM_VERY_HUMID,WIND_BREEZY,UV_MODERATE,ZONE_TROPICAL
Lima,Peru,-12.0,-77.0,32.0,48,9.8,10.2,33.9,2,1009.2,33.9,32.0,18.166666666666664,0.0,8.0,11.2,0.0,37.36666666666666,ED_CAUTION,TEMP_HOT,AQI_MODERATE,HUM_COMFORTABLE,WIND_CALM,UV_VERY_HIGH,ZONE_TROPICAL
Lima,Peru,-12.0,-77.0,23.2,66,10.4,4.2,24.0,3,1027.3,24.0,23.2,0.0,0.0,18.0,4.2,0.0,22.2,ED_MODERATE_SAFE,TEMP_IDEAL,AQI_SENSITIVE,HUM_HUMID,WIND_BREEZY,UV_MODERATE,ZONE_TROPICAL
Lima,Peru,-12.0,-77.0,31.6,36,2.6,3.6,32.8,1,1017.0,32.8,31.6,16.33333333333333,0.0,0.0,3.6,0.0,19.93333333333333,ED_MODERATE_SAFE,TEMP_HOT,AQI_GOOD,HUM_COMFORTABLE,WIND_CALM,UV_MODERATE,ZONE_TROPICAL
Lima,Peru,-12.0,-77.0,30.8,63,24.1,7.5,33.2,2,1019.6,33.2,30.8,17.000000000000004,0.0,8.0,8.25,0.0,33.25,ED_MODERATE_SAFE,TEMP_HOT,AQI_MODERATE,HUM_HUMID,WIND_WINDY,UV_HIGH,ZONE_TROPICAL
Lima,Peru,-12.0,-77.0,30.4,46,3.5,9.0,31.9,1,1012.0,31.9,30.4,14.699999999999996,0.0,0.0,10.0,0.0,24.699999999999996,ED_MODERATE_SAFE,TEMP_HOT,AQI_GOOD,HUM_COMFORTABLE,WIND_CALM,UV_VERY_HIGH,ZONE_TROPICAL
Lima,Peru,-12.0,-77.0,33.0,53,23.5,4.3,35.6,1,1015.0,35.6,33.0,21.000000000000004,0.0,0.0,4.3,0.0,25.300000000000004,ED_MODERATE_SAFE,TEMP_HOT,AQI_GOOD,HUM_COMFORTABLE,WIND_WINDY,UV_MODERATE,ZONE_TROPICAL
Lima,Peru,-12.0,-77.0,26.3,9,6.9,8.6,24.6,3,1025.5,26.3,26.3,0.0,0.0,18.0,9.6,0.0,27.6,ED_MODERATE_SAFE,TEMP_WARM,AQI_SENSITIVE,HUM_DRY,WIND_CALM,UV_VERY_HIGH,ZONE_TROPICAL
Lima,Peru,-12.0,-77.0,22.1,69,20.5,8.8,23.1,3,1013.0,23.1,22.1,0.0,0.0,18.0,9.8,0.0,27.8,ED_MODERATE_SAFE,TEMP_IDEAL,AQI_SENSITIVE,HUM_HUMID,WIND_WINDY,UV_VERY_HIGH,ZONE_TROPICAL
Lima,Peru,-12.0,-77.0,21.4,55,3.5,0.0,21.7,5,1025.8,21.7,21.4,0.0,0.0,45.0,0.0,0.0,45.0,ED_CAUTION,TEMP_IDEAL,AQI_VERY_UNHEALTHY,HUM_COMFORTABLE,WIND_CALM,UV_LOW,ZONE_TROPICAL
Lima,Peru,-12.0,-77.0,32.2,53,9.4,8.6,34.6,3,1016.8,34.6,32.2,19.333333333333336,0.0,18.0,9.6,0.0,46.93333333333334,ED_CAUTION,TEMP_HOT,AQI_SENSITIVE,HUM_COMFORTABLE,WIND_CALM,UV_VERY_HIGH,ZONE_TROPICAL
Lima,Peru,-12.0,-77.0,25.3,40,9.5,6.6,24.9,1,1003.4,25.3,25.3,0.0,0.0,0.0,6.8999999999999995,0.0,6.8999999999999995,ED_VERY_SAFE,TEMP_WARM,AQI_GOOD,HUM_COMFORTABLE,WIND_CALM,UV_HIGH,ZONE_TROPICAL
Lima,Peru,-12.0,-77.0,19.1,69,7.2,8.8,20.0,3,1025.0,20.0,19.1,0.0,0.0,18.0,9.8,0.0,27.8,ED_MODERATE_SAFE,TEMP_IDEAL,AQI_SENSITIVE,HUM_HUMID,WIND_CALM,UV_VERY_HIGH,ZONE_TROPICAL
Lima,Peru,-12.0,-77.0,19.7,49,18.1,7.8,19.6,2,1007.5,19.7,19.7,0.0,0.0,8.0,8.7,0.0,16.7,ED_MODERATE_SAFE,TEMP_IDEAL,AQI_MODERATE,HUM_COMFORTABLE,WIND_BREEZY,UV_HIGH,ZONE_TROPICAL
Lima,Peru,-12.0,-77.0,24.0,66,29.9,12.6,24.8,2,1007.3,24.8,24.0,0.0,0.0,8.0,12.0,0.0,20.0,ED_MODERATE_SAFE,TEMP_IDEAL,AQI_MODERATE,HUM_HUMID,WIND_WINDY,UV_EXTREME,ZONE_TROPICAL
Lima,Peru,-12.0,-77.0,26.1,45,2.0,8.1,26.2,1,1005.8,26.2,26.1,0.0,0.0,0.0,9.1,0.0,9.1,ED_VERY_SAFE,TEMP_WARM,AQI_GOOD,HUM_COMFORTABLE,WIND_CALM,UV_VERY_HIGH,ZONE_TROPICAL
Lima,Peru,-12.0,-77.0,25.2,50,9.2,4.4,25.3,2,993.3,25.3,25.2,0.0,0.0,8.0,4.4,0.0,12.4,ED_VERY_SAFE,TEMP_WARM,AQI_MODERATE,HUM_COMFORTABLE,WIND_CALM,UV_MODERATE,ZONE_TROPICAL
Lima,Peru,-12.0,-77.0,28.2,25,1.1,6.3,27.9,2,1016.2,28.2,28.2,3.599999999999998,0.0,8.0,6.449999999999999,0.0,18.049999999999997,ED_MODERATE_SAFE,TEMP_WARM,AQI_MODERATE,HUM_DRY,WIND_CALM,UV_HIGH,ZONE_TROPICAL
Lima,Peru,-12.0,-77.0,26.2,41,26.7,8.7,26.1,1,1015.4,26.2,26.2,0.0,0.0,0.0,9.7,0.0,9.7,ED_VERY_SAFE,TEMP_WARM,AQI_GOOD,HUM_COMFORTABLE,WIND_WINDY,UV_VERY_HIGH,ZONE_TROPICAL
Lima,Peru,-12.0,-77.0,32.1,56,8.0,10.5,34.5,5,1000.0,34.5,32.1,19.166666666666668,0.0,45.0,11.5,11.0625,86.72916666666667,ED_VERY_DANGEROUS,TEMP_HOT,AQI_VERY_UNHEALTHY,HUM_COMFORTABLE,WIND_CALM,UV_VERY_HIGH,ZONE_TROPICAL
Lima,Peru,-12.0,-77.0,29.2,74,0.2,4.5,31.6,2,1015.4,31.6,29.2,13.800000000000004,0.0,8.0,4.5,0.0,26.300000000000004,ED_MODERATE_SAFE,TEMP_WARM,AQI_MODERATE,HUM_HUMID,WIND_CALM,UV_MODERATE,ZONE_TROPICAL
Lima,Peru,-12.0,-77.0,26.2,88,6.9,8.9,28.5,1,1006.5,28.5,26.2,4.5,0.0,0.0,9.9,0.0,14.4,ED_VERY_SAFE,TEMP_WARM,AQI_GOOD,HUM_VERY_HUMID,WIND_CALM,UV_VERY_HIGH,ZONE_TROPICAL
Lima,Peru,-12.0,-77.0,31.7,60,13.0,0.0,34.2,2,1017.8,34.2,31.7,18.66666666666667,0.0,8.0,0.0,0.0,26.66666666666667,ED_MODERATE_SAFE,TEMP_HOT,AQI_MODERATE,HUM_HUMID,WIND_BREEZY,UV_LOW,ZONE_TROPICAL
Lima,Peru,-12.0,-77.0,29.6,19,6.4,5.8,29.4,1,1015.2,29.6,29.6,7.800000000000004,0.0,0.0,5.8,0.0,13.600000000000005,ED_VERY_SAFE,TEMP_WARM,AQI_GOOD,HUM_DRY,WIND_CALM,UV_MODERATE,ZONE_TROPICAL
Lima,Peru,-12.0,-77.0,33.2,41,6.2,8.9,35.1,2,1012.4,35.1,33.2,20.16666666666667,0.0,8.0,9.9,0.0,38.06666666666667,ED_CAUTION,TEMP_HOT,AQI_MODERATE,HUM_COMFORTABLE,WIND_CALM,UV_VERY_HIGH,ZONE_TROPICAL
Lima,Peru,-12.0,-77.0,33.2,43,3.1,6.1,35.3,5,1015.3,35.3,33.2,20.499999999999996,0.0,45.0,6.1499999999999995,11.0625,82.7125,ED_VERY_DANGEROUS,TEMP_HOT,AQI_VERY_UNHEALTHY,HUM_COMFORTABLE,WIND_CALM,UV_HIGH,ZONE_TROPICAL
Lima,Peru,-12.0,-77.0,34.0,45,8.4,3.8,36.4,1,1023.4,36.4,34.0,22.333333333333332,0.0,0.0,3.8,0.0,26.133333333333333,ED_MODERATE_SAFE,TEMP_HOT,AQI_GOOD,HUM_COMFORTABLE,WIND_CALM,UV_MODERATE,ZONE_TROPICAL
Lima,Peru,-12.0,-77.0,21.5,67,4.5,6.8,22.3,6,1007.1,22.3,21.5,0.0,0.0,50.0,7.199999999999999,0.0,57.2,ED_DANGEROUS,TEMP_IDEAL,AQI_HAZARDOUS,HUM_HUMID,WIND_CALM,UV_HIGH,ZONE_TROPICAL
Lima,Peru,-12.0,-77.0,14.4,66,11.2,8.4,15.2,1,1021.7,15.2,14.4,0.0,0.0,0.0,9.4,0.0,9.4,ED_VERY_SAFE,TEMP_COOL,AQI_GOOD,HUM_HUMID,WIND_BREEZY,UV_VERY_HIGH,ZONE_TROPICAL
Lima,Peru,-12.0,-77.0,36.2,60,13.7,5.0,40.1,4,1000.7,40.1,36.2,28.500000000000004,0.0,32.0,5.0,8.625,74.125,ED_DANGEROUS,TEMP_VERY_HOT,AQI_UNHEALTHY,HUM_HUMID,WIND_BREEZY,UV_MODERATE,ZONE_TROPICAL
Lima,Peru,-12.0,-77.0,32.9,78,16.6,10.3,36.7,3,1004.8,36.7,32.9,22.83333333333334,0.0,18.0,11.3,0.0,52.13333333333334,ED_CAUTION,TEMP_HOT,AQI_SENSITIVE,HUM_HUMID,WIND_BREEZY,UV_VERY_HIGH,ZONE_TROPICAL
Lima,Peru,-12.0,-77.0,33.0,61,2.9,6.5,36.0,3,1023.8,36.0,33.0,21.666666666666668,0.0,18.0,6.75,0.0,46.41666666666667,ED_CAUTION,TEMP_HOT,AQI_SENSITIVE,HUM_HUMID,WIND_CALM,UV_HIGH,ZONE_TROPICAL
Lima,Peru,-12.0,-77.0,26.5,100,1.6,3.1,29.5,3,1010.2,29.5,26.5,7.5,0.0,18.0,3.1,0.0,28.6,ED_MODERATE_SAFE,TEMP_WARM,AQI_SENSITIVE,HUM_VERY_HUMID,WIND_CALM,UV_MODERATE,ZONE_TROPICAL
Lima,Peru,-12.0,-77.0,15.7,56,2.4,5.5,16.0,1,1013.3,16.0,15.7,0.0,0.0,0.0,5.5,0.0,5.5,ED_VERY_SAFE,TEMP_COOL,AQI_GOOD,HUM_COMFORTABLE,WIND_CALM,UV_MODERATE,ZONE_TROPICAL
Lima,Peru,-12.0,-77.0,33.8,30,18.8,8.0,35.5,6,1000.1,35.5,33.8,20.833333333333336,0.0,50.0,9.0,12.0,91.83333333333334,ED_VERY_DANGEROUS,TEMP_HOT,AQI_HAZARDOUS,HUM_COMFORTABLE,WIND_BREEZY,UV_VERY_HIGH,ZONE_TROPICAL
Lima,Peru,-12.0,-77.0,27.7,81,7.0,2.0,30.0,1,1016.8,30.0,27.7,9.0,0.0,0.0,0.0,0.0,9.0,ED_VERY_SAFE,TEMP_WARM,AQI_GOOD,HUM_VERY_HUMID,WIND_CALM,UV_LOW,ZONE_TROPICAL
Lima,Peru,-12.0,-77.0,36.0,49,15.7,3.8,39.2,3,1006.3,39.2,36.0,27.000000000000007,0.0,18.0,3.8,0.0,48.800000000000004,ED_CAUTION,TEMP_VERY_HOT,AQI_SENSITIVE,HUM_COMFORTABLE,WIND_BREEZY,UV_MODERATE,ZONE_TROPICAL
Lima,Peru,-12.0,-77.0,25.9,74,24.3,4.8,27.4,2,999.2,27.4,25.9,1.1999999999999957,0.0,8.0,4.8,0.0,13.999999999999996,ED_VERY_SAFE,TEMP_WARM,AQI_MODERATE,HUM_HUMID,WIND_WINDY,UV_MODERATE,ZONE_TROPICAL
Lima,Peru,-12.0,-77.0,39.9,63,5.3,6.3,45.0,1,1016.9,45.0,39.9,34.61538461538461,0.0,0.0,6.449999999999999,0.0,41.065384615384616,ED_CAUTION,TEMP_VERY_HOT,AQI_GOOD,HUM_HUMID,WIND_CALM,UV_HIGH,ZONE_TROPICAL
Lima,Peru,-12.0,-77.0,25.9,67,8.8,9.0,27.0,4,1001.3,27.0,25.9,0.0,0.0,32.0,10.0,0.0,42.0,ED_CAUTION,TEMP_WARM,AQI_UNHEALTHY,HUM_HUMID,WIND_CALM,UV_VERY_HIGH,ZONE_TROPICAL
Lima,Peru,-12.0,-77.0,33.3,60,11.9,5.5,36.3,4,1005.1,36.3,33.3,22.166666666666664,0.0,32.0,5.5,8.625,68.29166666666666,ED_DANGEROUS,TEMP_HOT,AQI_UNHEALTHY,HUM_HUMID,WIND_BREEZY,UV_MODERATE,ZONE_TROPICAL
Lima,Peru,-12.0,-77.0,30.2,57,12.1,6.1,32.1,4,1000.7,32.1,30.2,15.16666666666667,0.0,32.0,6.1499999999999995,8.625,61.94166666666667,ED_DANGEROUS,TEMP_HOT,AQI_UNHEALTHY,HUM_COMFORTABLE,WIND_BREEZY,UV_HIGH,ZONE_TROPICAL
Lima,Peru,-12.0,-77.0,28.0,37,16.8,7.3,28.3,4,1006.3,28.3,28.0,3.900000000000002,0.0,32.0,7.949999999999999,0.0,43.85000000000001,ED_CAUTION,TEMP_WARM,AQI_UNHEALTHY,HUM_COMFORTABLE,WIND_BREEZY,UV_HIGH,ZONE_TROPICAL
Lima,Peru,-12.0,-77.0,38.6,67,5.9,13.0,43.6,3,1012.4,43.6,38.6,33.0,0.0,18.0,12.0,0.0,63.0,ED_DANGEROUS,TEMP_VERY_HOT,AQI_SENSITIVE,HUM_HUMID,WIND_CALM,UV_EXTREME,ZONE_TROPICAL
Lima,Peru,-12.0,-77.0,29.8,94,3.9,8.3,33.5,5,1011.2,33.5,29.8,17.5,0.0,45.0,9.3,11.0625,82.8625,ED_VERY_DANGEROUS,TEMP_WARM,AQI_VERY_UNHEALTHY,HUM_VERY_HUMID,WIND_CALM,UV_VERY_HIGH,ZONE_TROPICAL
Lima,Peru,-12.0,-77.0,32.6,77,2.5,10.2,36.3,1,1019.9,36.3,32.6,22.166666666666664,0.0,0.0,11.2,0.0,33.36666666666666,ED_MODERATE_SAFE,TEMP_HOT,AQI_GOOD,HUM_HUMID,WIND_CALM,UV_VERY_HIGH,ZONE_TROPICAL
Lima,Peru,-12.0,-77.0,25.4,44,21.3,7.5,25.2,4,1022.7,25.4,25.4,0.0,0.0,32.0,8.25,0.0,40.25,ED_CAUTION,TEMP_WARM,AQI_UNHEALTHY,HUM_COMFORTABLE,WIND_WINDY,UV_HIGH,ZONE_TROPICAL
Lima,Peru,-12.0,-77.0,32.2,49,6.1,7.6,34.4,2,1022.7,34.4,32.2,18.999999999999996,0.0,8.0,8.399999999999999,0.0,35.39999999999999,ED_CAUTION,TEMP_HOT,AQI_MODERATE,HUM_COMFORTABLE,WIND_CALM,UV_HIGH,ZONE_TROPICAL
Lima,Peru,-12.0,-77.0,26.2,67,18.7,4.7,27.4,5,1019.4,27.4,26.2,1.1999999999999957,0.0,45.0,4.7,0.0,50.9,ED_CAUTION,TEMP_WARM,AQI_VERY_UNHEALTHY,HUM_HUMID,WIND_BREEZY,UV_MODERATE,ZONE_TROPICAL
Lima,Peru,-12.0,-77.0,27.2,85,4.3,6.2,29.6,6,1031.7,29.6,27.2,7.800000000000004,0.0,50.0,6.300000000000001,0.0,64.10000000000001,ED_DANGEROUS,TEMP_WARM,AQI_HAZARDOUS,HUM_VERY_HUMID,WIND_CALM,UV_HIGH,ZONE_TROPICAL
Lima,Peru,-12.0,-77.0,20.6,77,8.1,7.6,22.0,1,1010.6,22.0,20.6,0.0,0.0,0.0,8.399999999999999,0.0,8.399999999999999,ED_VERY_SAFE,TEMP_IDEAL,AQI_GOOD,HUM_HUMID,WIND_CALM,UV_HIGH,ZONE_TROPICAL
Lima,Peru,-12.0,-77.0,30.4,66,8.7,7.2,32.8,5,1008.8,32.8,30.4,16.33333333333333,0.0,45.0,7.800000000000001,11.0625,80.19583333333333,ED_VERY_DANGEROUS,TEMP_HOT,AQI_VERY_UNHEALTHY,HUM_HUMID,WIND_CALM,UV_HIGH,ZONE_TROPICAL
Lima,Peru,-12.0,-77.0,38.9,71,33.5,5.8,44.1,4,1012.6,44.1,38.9,33.57692307692308,0.0,32.0,5.8,8.625,80.00192307692308,ED_VERY_DANGEROUS,TEMP_VERY_HOT,AQI_UNHEALTHY,HUM_HUMID,WIND_WINDY,UV_MODERATE,ZONE_TROPICAL
Lima,Peru,-12.0,-77.0,24.1,66,7.7,0.0,24.9,4,1001.5,24.9,24.1,0.0,0.0,32.0,0.0,0.0,32.0,ED_MODERATE_SAFE,TEMP_IDEAL,AQI_UNHEALTHY,HUM_HUMID,WIND_CALM,UV_LOW,ZONE_TROPICAL
Lima,Peru,-12.0,-77.0,36.0,58,15.9,6.2,39.6,1,1016.3,39.6,36.0,27.66666666666667,0.0,0.0,6.300000000000001,0.0,33.96666666666667,ED_MODERATE_SAFE,TEMP_VERY_HOT,AQI_GOOD,HUM_COMFORTABLE,WIND_BREEZY,UV_HIGH,ZONE_TROPICAL
Lima,Peru,-12.0,-77.0,21.0,84,7.4,4.1,22.7,3,1005.5,22.7,21.0,0.0,0.0,18.0,4.1,0.0,22.1,ED_MODERATE_SAFE,TEMP_IDEAL,AQI_SENSITIVE,HUM_VERY_HUMID,WIND_CALM,UV_MODERATE,ZONE_TROPICAL
Lima,Peru,-12.0,-77.0,22.6,67,8.8,7.4,23.4,2,1017.3,23.4,22.6,0.0,0.0,8.0,8.100000000000001,0.0,16.1,ED_MODERATE_SAFE,TEMP_IDEAL,AQI_MODERATE,HUM_HUMID,WIND_CALM,UV_HIGH,ZONE_TROPICAL
Lima,Peru,-12.0,-77.0,24.5,52,22.5,8.6,24.6,1,1004.2,24.6,24.5,0.0,0.0,0.0,9.6,0.0,9.6,ED_VERY_SAFE,TEMP_IDEAL,AQI_GOOD,HUM_COMFORTABLE,WIND_WINDY,UV_VERY_HIGH,ZONE_TROPICAL
Lima,Peru,-12.0,-77.0,24.5,71,10.3,1.8,25.5,4,1019.4,25.5,24.5,0.0,0.0,32.0,0.0,0.0,32.0,ED_MODERATE_SAFE,TEMP_IDEAL,AQI_UNHEALTHY,HUM_HUMID,WIND_BREEZY,UV_LOW,ZONE_TROPICAL
Lima,Peru,-12.0,-77.0,21.1,65,10.3,7.1,21.8,2,1017.2,21.8,21.1,0.0,0.0,8.0,7.6499999999999995,0.0,15.649999999999999,ED_MODERATE_SAFE,TEMP_IDEAL,AQI_MODERATE,HUM_HUMID,WIND_BREEZY,UV_HIGH,ZONE_TROPICAL
Lima,Peru,-12.0,-77.0,27.3,52,12.5,1.6,28.1,2,1017.4,28.1,27.3,3.3000000000000043,0.0,8.0,0.0,0.0,11.300000000000004,ED_VERY_SAFE,TEMP_WARM,AQI_MODERATE,HUM_COMFORTABLE,WIND_BREEZY,UV_LOW,ZONE_TROPICAL
Lima,Peru,-12.0,-77.0,27.5,84,11.4,2.4,29.9,1,992.7,29.9,27.5,8.699999999999996,0.0,0.0,1.1999999999999997,0.0,9.899999999999995,ED_VERY_SAFE,TEMP_WARM,AQI_GOOD,HUM_VERY_HUMID,WIND_BREEZY,UV_LOW,ZONE_TROPICAL
Lima,Peru,-12.0,-77.0,35.3,27,32.3,9.3,37.3,1,1005.1,37.3,35.3,23.83333333333333,0.0,0.0,10.3,0.0,34.133333333333326,ED_MODERATE_SAFE,TEMP_VERY_HOT,AQI_GOOD,HUM_DRY,WIND_WINDY,UV_VERY_HIGH,ZONE_TROPICAL
Lima,Peru,-12.0,-77.0,28.9,59,9.3,8.2,30.5,1,1003.2,30.5,28.9,10.5,0.0,0.0,9.2,0.0,19.7,ED_MODERATE_SAFE,TEMP_WARM,AQI_GOOD,HUM_COMFORTABLE,WIND_CALM,UV_VERY_HIGH,ZONE_TROPICAL
Lima,Peru,-12.0,-77.0,32.1,57,5.7,9.0,34.6,1,1012.2,34.6,32.1,19.333333333333336,0.0,0.0,10.0,0.0,29.333333333333336,ED_MODERATE_SAFE,TEMP_HOT,AQI_GOOD,HUM_COMFORTABLE,WIND_CALM,UV_VERY_HIGH,ZONE_TROPICAL
Lima,Peru,-12.0,-77.0,33.6,85,22.5,5.6,37.9,5,1001.7,37.9,33.6,24.833333333333332,0.0,45.0,5.6,11.0625,86.49583333333332,ED_VERY_DANGEROUS,TEMP_HOT,AQI_VERY_UNHEALTHY,HUM_VERY_HUMID,WIND_WINDY,UV_MODERATE,ZONE_TROPICAL
Lima,Peru,-12.0,-77.0,26.9,46,25.4,9.1,27.3,2,1007.5,27.3,26.9,0.9000000000000021,0.0,8.0,10.1,0.0,19.0,ED_MODERATE_SAFE,TEMP_WARM,AQI_MODERATE,HUM_COMFORTABLE,WIND_WINDY,UV_VERY_HIGH,ZONE_TROPICAL
Lima,Peru,-12.0,-77.0,27.9,68,4.7,6.4,29.7,5,1003.1,29.7,27.9,8.099999999999998,0.0,45.0,6.6000000000000005,0.0,59.699999999999996,ED_DANGEROUS,TEMP_WARM,AQI_VERY_UNHEALTHY,HUM_HUMID,WIND_CALM,UV_HIGH,ZONE_TROPICAL
Lima,Peru,-12.0,-77.0,25.6,37,5.8,8.6,25.2,2,1013.7,25.6,25.6,0.0,0.0,8.0,9.6,0.0,17.6,ED_MODERATE_SAFE,TEMP_WARM,AQI_MODERATE,HUM_COMFORTABLE,WIND_CALM,UV_VERY_HIGH,ZONE_TROPICAL
Lima,Peru,-12.0,-77.0,17.6,70,13.9,9.3,18.6,1,1008.1,18.6,17.6,0.0,0.0,0.0,10.3,0.0,10.3,ED_VERY_SAFE,TEMP_COOL,AQI_GOOD,HUM_HUMID,WIND_BREEZY,UV_VERY_HIGH,ZONE_TROPICAL
Lima,Peru,-12.0,-77.0,26.9,54,24.4,9.0,27.7,6,1004.1,27.7,26.9,2.099999999999998,0.0,50.0,10.0,0.0,62.099999999999994,ED_DANGEROUS,TEMP_WARM,AQI_HAZARDOUS,HUM_COMFORTABLE,WIND_WINDY,UV_VERY_HIGH,ZONE_TROPICAL
Lima,Peru,-12.0,-77.0,29.4,98,24.8,10.1,33.1,6,1008.8,33.1,29.4,16.833333333333336,0.0,50.0,11.1,12.0,89.93333333333334,ED_VERY_DANGEROUS,TEMP_WARM,AQI_HAZARDOUS,HUM_VERY_HUMID,WIND_WINDY,UV_VERY_HIGH,ZONE_TROPICAL
Lima,Peru,-12.0,-77.0,32.7,39,11.7,7.4,34.4,1,1032.4,34.4,32.7,18.999999999999996,0.0,0.0,8.100000000000001,0.0,27.099999999999998,ED_MODERATE_SAFE,TEMP_HOT,AQI_GOOD,HUM_COMFORTABLE,WIND_BREEZY,UV_HIGH,ZONE_TROPICAL
Lima,Peru,-12.0,-77.0,35.3,63,8.0,1.5,39.0,2,1021.4,39.0,35.3,26.666666666666668,0.0,8.0,0.0,0.0,34.66666666666667,ED_MODERATE_SAFE,TEMP_VERY_HOT,AQI_MODERATE,HUM_HUMID,WIND_CALM,UV_LOW,ZONE_TROPICAL
Lima,Peru,-12.0,-77.0,29.7,53,15.6,6.4,31.3,1,1007.3,31.3,29.7,12.900000000000002,0.0,0.0,6.6000000000000005,0.0,19.500000000000004,ED_MODERATE_SAFE,TEMP_WARM,AQI_GOOD,HUM_COMFORTABLE,WIND_BREEZY,UV_HIGH,ZONE_TROPICAL
Lima,Peru,-12.0,-77.0,37.0,43,6.8,5.5,40.3,1,1010.4,40.3,37.0,28.83333333333333,0.0,0.0,5.5,0.0,34.33333333333333,ED_MODERATE_SAFE,TEMP_VERY_HOT,AQI_GOOD,HUM_COMFORTABLE,WIND_CALM,UV_MODERATE,ZONE_TROPICAL
Lima,Peru,-12.0,-77.0,27.3,35,8.6,7.3,27.2,2,1023.7,27.3,27.3,0.9000000000000021,0.0,8.0,7.949999999999999,0.0,16.85,ED_MODERATE_SAFE,TEMP_WARM,AQI_MODERATE,HUM_COMFORTABLE,WIND_CALM,UV_HIGH,ZONE_TROPICAL
Lima,Peru,-12.0,-77.0,28.7,66,8.3,4.7,30.6,1,1014.9,30.6,28.7,10.800000000000004,0.0,0.0,4.7,0.0,15.500000000000004,ED_MODERATE_SAFE,TEMP_WARM,AQI_GOOD,HUM_HUMID,WIND_CALM,UV_MODERATE,ZONE_TROPICAL
Lima,Peru,-12.0,-77.0,33.3,65,2.7,7.2,36.6,3,1006.6,36.6,33.3,22.66666666666667,0.0,18.0,7.800000000000001,0.0,48.46666666666667,ED_CAUTION,TEMP_HOT,AQI_SENSITIVE,HUM_HUMID,WIND_CALM,UV_HIGH,ZONE_TROPICAL
Lima,Peru,-12.0,-77.0,30.4,58,7.3,8.7,32.4,3,1017.8,32.4,30.4,15.666666666666664,0.0,18.0,9.7,0.0,43.36666666666666,ED_CAUTION,TEMP_HOT,AQI_SENSITIVE,HUM_COMFORTABLE,WIND_CALM,UV_VERY_HIGH,ZONE_TROPICAL
Lima,Peru,-12.0,-77.0,29.1,46,7.3,8.2,30.1,4,1003.9,30.1,29.1,9.300000000000004,0.0,32.0,9.2,0.0,50.5,ED_CAUTION,TEMP_WARM,AQI_UNHEALTHY,HUM_COMFORTABLE,WIND_CALM,UV_VERY_HIGH,ZONE_TROPICAL
Lima,Peru,-12.0,-77.0,32.0,59,15.4,6.9,34.5,2,1006.6,34.5,32.0,19.166666666666668,0.0,8.0,7.3500000000000005,0.0,34.516666666666666,ED_MODERATE_SAFE,TEMP_HOT,AQI_MODERATE,HUM_COMFORTABLE,WIND_BREEZY,UV_HIGH,ZONE_TROPICAL
Lima,Peru,-12.0,-77.0,28.6,52,15.9,8.6,29.7,3,1022.1,29.7,28.6,8.099999999999998,0.0,18.0,9.6,0.0,35.699999999999996,ED_CAUTION,TEMP_WARM,AQI_SENSITIVE,HUM_COMFORTABLE,WIND_BREEZY,UV_VERY_HIGH,ZONE_TROPICAL
Lima,Peru,-12.0,-77.0,25.0,60,7.1,4.8,25.5,1,1013.9,25.5,25.0,0.0,0.0,0.0,4.8,0.0,4.8,ED_VERY_SAFE,TEMP_WARM,AQI_GOOD,HUM_HUMID,WIND_CALM,UV_MODERATE,ZONE_TROPICAL
Lima,Peru,-12.0,-77.0,20.7,53,8.4,6.3,20.8,6,998.8,20.8,20.7,0.0,0.0,50.0,6.449999999999999,0.0,56.45,ED_DANGEROUS,TEMP_IDEAL,AQI_HAZARDOUS,HUM_COMFORTABLE,WIND_CALM,UV_HIGH,ZONE_TROPICAL
Lima,Peru,-12.0,-77.0,25.3,42,27.9,3.5,24.9,3,1013.3,25.3,25.3,0.0,0.0,18.0,3.5,0.0,21.5,ED_MODERATE_SAFE,TEMP_WARM,AQI_SENSITIVE,HUM_COMFORTABLE,WIND_WINDY,UV_MODERATE,ZONE_TROPICAL
Lima,Peru,-12.0,-77.0,29.8,33,9.9,11.3,30.4,1,1021.3,30.4,29.8,10.199999999999996,0.0,0.0,12.0,0.0,22.199999999999996,ED_MODERATE_SAFE,TEMP_WARM,AQI_GOOD,HUM_COMFORTABLE,WIND_CALM,UV_EXTREME,ZONE_TROPICAL
Lima,Peru,-12.0,-77.0,40.4,83,5.9,4.1,46.6,3,1021.7,46.6,40.4,36.46153846153846,0.0,18.0,4.1,0.0,58.56153846153846,ED_DANGEROUS,TEMP_VERY_HOT,AQI_SENSITIVE,HUM_VERY_HUMID,WIND_CALM,UV_MODERATE,ZONE_TROPICAL
Lima,Peru,-12.0,-77.0,29.1,70,8.1,3.5,31.4,1,1011.3,31.4,29.1,13.199999999999996,0.0,0.0,3.5,0.0,16.699999999999996,ED_MODERATE_SAFE,TEMP_WARM,AQI_GOOD,HUM_HUMID,WIND_CALM,UV_MODERATE,ZONE_TROPICAL
Lima,Peru,-12.0,-77.0,26.6,64,4.0,4.3,27.8,1,1005.9,27.8,26.6,2.400000000000002,0.0,0.0,4.3,0.0,6.700000000000002,ED_VERY_SAFE,TEMP_WARM,AQI_GOOD,HUM_HUMID,WIND_CALM,UV_MODERATE,ZONE_TROPICAL
Lima,Peru,-12.0,-77.0,16.6,21,2.4,7.4,15.1,4,1016.7,16.6,16.6,0.0,0.0,32.0,8.100000000000001,0.0,40.1,ED_CAUTION,TEMP_COOL,AQI_UNHEALTHY,HUM_DRY,WIND_CALM,UV_HIGH,ZONE_TROPICAL
Lima,Peru,-12.0,-77.0,27.4,59,20.5,6.4,28.6,3,1024.2,28.6,27.4,4.800000000000004,0.0,18.0,6.6000000000000005,0.0,29.400000000000006,ED_MODERATE_SAFE,TEMP_WARM,AQI_SENSITIVE,HUM_COMFORTABLE,WIND_WINDY,UV_HIGH,ZONE_TROPICAL
Lima,Peru,-12.0,-77.0,30.8,48,6.6,3.3,32.5,1,1010.0,32.5,30.8,15.833333333333334,0.0,0.0,3.3,0.0,19.133333333333333,ED_MODERATE_SAFE,TEMP_HOT,AQI_GOOD,HUM_COMFORTABLE,WIND_CALM,UV_MODERATE,ZONE_TROPICAL
Lima,Peru,-12.0,-77.0,29.0,58,12.5,11.7,30.6,5,1020.3,30.6,29.0,10.800000000000004,0.0,45.0,12.0,0.0,67.80000000000001,ED_DANGEROUS,TEMP_WARM,AQI_VERY_UNHEALTHY,HUM_COMFORTABLE,WIND_BREEZY,UV_EXTREME,ZONE_TROPICAL
Lima,Peru,-12.0,-77.0,27.3,32,6.6,6.0,27.0,3,1030.0,27.3,27.3,0.9000000000000021,0.0,18.0,6.0,0.0,24.900000000000002,ED_MODERATE_SAFE,TEMP_WARM,AQI_SENSITIVE,HUM_COMFORTABLE,WIND_CALM,UV_HIGH,ZONE_TROPICAL
Lima,Peru,-12.0,-77.0,27.4,47,14.4,2.5,27.9,2,1020.9,27.9,27.4,2.6999999999999957,0.0,8.0,1.5,0.0,12.199999999999996,ED_VERY_SAFE,TEMP_WARM,AQI_MODERATE,HUM_COMFORTABLE,WIND_BREEZY,UV_LOW,ZONE_TROPICAL
Lima,Peru,-12.0,-77.0,18.8,64,22.6,7.3,19.5,1,1014.4,19.5,18.8,0.0,0.0,0.0,7.949999999999999,0.0,7.949999999999999,ED_VERY_SAFE,TEMP_IDEAL,AQI_GOOD,HUM_HUMID,WIND_WINDY,UV_HIGH,ZONE_TROPICAL
Lima,Peru,-12.0,-77.0,23.2,51,6.0,10.6,23.3,5,997.6,23.3,23.2,0.0,0.0,45.0,11.6,0.0,56.6,ED_DANGEROUS,TEMP_IDEAL,AQI_VERY_UNHEALTHY,HUM_COMFORTABLE,WIND_CALM,UV_VERY_HIGH,ZONE_TROPICAL
Lima,Peru,-12.0,-77.0,31.0,34,4.2,7.8,32.1,4,997.1,32.1,31.0,15.16666666666667,0.0,32.0,8.7,8.625,64.49166666666667,ED_DANGEROUS,TEMP_HOT,AQI_UNHEALTHY,HUM_COMFORTABLE,WIND_CALM,UV_HIGH,ZONE_TROPICAL
Lima,Peru,-12.0,-77.0,19.9,80,22.9,6.3,21.4,1,1029.3,21.4,19.9,0.0,0.0,0.0,6.449999999999999,0.0,6.449999999999999,ED_VERY_SAFE,TEMP_IDEAL,AQI_GOOD,HUM_VERY_HUMID,WIND_WINDY,UV_HIGH,ZONE_TROPICAL
Lima,Peru,-12.0,-77.0,32.0,74,5.0,5.1,35.3,2,1014.4,35.3,32.0,20.499999999999996,0.0,8.0,5.1,0.0,33.599999999999994,ED_MODERATE_SAFE,TEMP_HOT,AQI_MODERATE,HUM_HUMID,WIND_CALM,UV_MODERATE,ZONE_TROPICAL
Lima,Peru,-12.0,-77.0,14.2,80,2.3,6.3,15.7,1,1015.7,15.7,14.2,0.0,0.0,0.0,6.449999999999999,0.0,6.449999999999999,ED_VERY_SAFE,TEMP_COOL,AQI_GOOD,HUM_VERY_HUMID,WIND_CALM,UV_HIGH,ZONE_TROPICAL
Lima,Peru,-12.0,-77.0,29.1,54,12.3,6.7,30.5,3,1027.2,30.5,29.1,10.5,0.0,18.0,7.050000000000001,0.0,35.55,ED_CAUTION,TEMP_WARM,AQI_SENSITIVE,HUM_COMFORTABLE,WIND_BREEZY,UV_HIGH,ZONE_TROPICAL
Lima,Peru,-12.0,-77.0,27.5,42,13.8,8.0,27.8,1,1010.7,27.8,27.5,2.400000000000002,0.0,0.0,9.0,0.0,11.400000000000002,ED_VERY_SAFE,TEMP_WARM,AQI_GOOD,HUM_COMFORTABLE,WIND_BREEZY,UV_VERY_HIGH,ZONE_TROPICAL
Lima,Peru,-12.0,-77.0,31.1,78,18.7,10.3,34.4,1,1014.7,34.4,31.1,18.999999999999996,0.0,0.0,11.3,0.0,30.299999999999997,ED_MODERATE_SAFE,TEMP_HOT,AQI_GOOD,HUM_HUMID,WIND_BREEZY,UV_VERY_HIGH,ZONE_TROPICAL
Lima,Peru,-12.0,-77.0,41.8,53,14.0,4.3,47.0,1,996.3,47.0,41.8,36.92307692307692,0.0,0.0,4.3,0.0,41.22307692307692,ED_CAUTION,TEMP_VERY_HOT,AQI_GOOD,HUM_COMFORTABLE,WIND_BREEZY,UV_MODERATE,ZONE_TROPICAL
Lima,Peru,-12.0,-77.0,35.2,15,8.1,7.0,36.6,4,999.4,36.6,35.2,22.66666666666667,0.0,32.0,7.5,8.625,70.79166666666667,ED_DANGEROUS,TEMP_VERY_HOT,AQI_UNHEALTHY,HUM_DRY,WIND_CALM,UV_HIGH,ZONE_TROPICAL
Lima,Peru,-12.0,-77.0,21.3,48,5.2,5.9,21.2,2,997.7,21.3,21.3,0.0,0.0,8.0,5.9,0.0,13.9,ED_VERY_SAFE,TEMP_IDEAL,AQI_MODERATE,HUM_COMFORTABLE,WIND_CALM,UV_MODERATE,ZONE_TROPICAL
Lima,Peru,-12.0,-77.0,26.9,54,19.3,4.4,27.6,4,1015.4,27.6,26.9,1.8000000000000043,0.0,32.0,4.4,0.0,38.2,ED_CAUTION,TEMP_WARM,AQI_UNHEALTHY,HUM_COMFORTABLE,WIND_BREEZY,UV_MODERATE,ZONE_TROPICAL
Lima,Peru,-12.0,-77.0,29.2,41,22.6,8.4,30.0,3,1016.3,30.0,29.2,9.0,0.0,18.0,9.4,0.0,36.4,ED_CAUTION,TEMP_WARM,AQI_SENSITIVE,HUM_COMFORTABLE,WIND_WINDY,UV_VERY_HIGH,ZONE_TROPICAL
Lima,Peru,-12.0,-77.0,36.0,68,8.4,10.1,40.2,2,1006.6,40.2,36.0,28.66666666666667,0.0,8.0,11.1,0.0,47.76666666666667,ED_CAUTION,TEMP_VERY_HOT,AQI_MODERATE,HUM_HUMID,WIND_CALM,UV_VERY_HIGH,ZONE_TROPICAL
Lima,Peru,-12.0,-77.0,28.9,62,13.3,13.0,30.6,1,1002.0,30.6,28.9,10.800000000000004,0.0,0.0,12.0,0.0,22.800000000000004,ED_MODERATE_SAFE,TEMP_WARM,AQI_GOOD,HUM_HUMID,WIND_BREEZY,UV_EXTREME,ZONE_TROPICAL
Lima,Peru,-12.0,-77.0,25.7,65,6.8,6.5,26.7,1,1017.9,26.7,25.7,0.0,0.0,0.0,6.75,0.0,6.75,ED_VERY_SAFE,TEMP_WARM,AQI_GOOD,HUM_HUMID,WIND_CALM,UV_HIGH,ZONE_TROPICAL
Lima,Peru,-12.0,-77.0,24.1,66,21.4,8.0,24.9,6,1020.0,24.9,24.1,0.0,0.0,50.0,9.0,0.0,59.0,ED_DANGEROUS,TEMP_IDEAL,AQI_HAZARDOUS,HUM_HUMID,WIND_WINDY,UV_VERY_HIGH,ZONE_TROPICAL
Lima,Peru,-12.0,-77.0,33.6,66,8.8,5.1,37.0,1,1017.9,37.0,33.6,23.333333333333336,0.0,0.0,5.1,0.0,28.433333333333337,ED_MODERATE_SAFE,TEMP_HOT,AQI_GOOD,HUM_HUMID,WIND_CALM,UV_MODERATE,ZONE_TROPICAL
Lima,Peru,-12.0,-77.0,24.0,75,12.9,8.1,25.2,2,1009.6,25.2,24.0,0.0,0.0,8.0,9.1,0.0,17.1,ED_MODERATE_SAFE,TEMP_IDEAL,AQI_MODERATE,HUM_HUMID,WIND_BREEZY,UV_VERY_HIGH,ZONE_TROPICAL
Lima,Peru,-12.0,-77.0,20.5,51,44.2,6.6,20.6,1,1005.5,20.6,20.5,0.0,0.0,0.0,6.8999999999999995,0.0,6.8999999999999995,ED_VERY_SAFE,TEMP_IDEAL,AQI_GOOD,HUM_COMFORTABLE,WIND_STRONG,UV_HIGH,ZONE_TROPICAL
Lima,Peru,-12.0,-77.0,33.6,66,3.6,5.0,36.9,5,1008.6,36.9,33.6,23.166666666666664,0.0,45.0,5.0,11.0625,84.22916666666666,ED_VERY_DANGEROUS,TEMP_HOT,AQI_VERY_UNHEALTHY,HUM_HUMID,WIND_CALM,UV_MODERATE,ZONE_TROPICAL
Lima,Peru,-12.0,-77.0,27.4,87,8.9,9.4,30.0,1,1012.7,30.0,27.4,9.0,0.0,0.0,10.4,0.0,19.4,ED_MODERATE_SAFE,TEMP_WARM,AQI_GOOD,HUM_VERY_HUMID,WIND_CALM,UV_VERY_HIGH,ZONE_TROPICAL
Lima,Peru,-12.0,-77.0,32.4,71,34.1,7.5,35.6,2,1000.3,35.6,32.4,21.000000000000004,0.0,8.0,8.25,0.0,37.25,ED_CAUTION,TEMP_HOT,AQI_MODERATE,HUM_HUMID,WIND_WINDY,UV_HIGH,ZONE_TROPICAL
Lima,Peru,-12.0,-77.0,29.8,26,6.8,8.6,30.0,2,1009.5,30.0,29.8,9.0,0.0,8.0,9.6,0.0,26.6,ED_MODERATE_SAFE,TEMP_WARM,AQI_MODERATE,HUM_DRY,WIND_CALM,UV_VERY_HIGH,ZONE_TROPICAL
Lima,Peru,-12.0,-77.0,22.8,71,4.2,5.4,23.9,3,1002.5,23.9,22.8,0.0,0.0,18.0,5.4,0.0,23.4,ED_MODERATE_SAFE,TEMP_IDEAL,AQI_SENSITIVE,HUM_HUMID,WIND_CALM,UV_MODERATE,ZONE_TROPICAL
Lima,Peru,-12.0,-77.0,30.1,82,9.4,4.1,33.2,2,1031.8,33.2,30.1,17.000000000000004,0.0,8.0,4.1,0.0,29.1,ED_MODERATE_SAFE,TEMP_HOT,AQI_MODERATE,HUM_VERY_HUMID,WIND_CALM,UV_MODERATE,ZONE_TROPICAL
Lima,Peru,-12.0,-77.0,22.0,63,11.5,7.9,22.7,2,1024.6,22.7,22.0,0.0,0.0,8.0,8.850000000000001,0.0,16.85,ED_MODERATE_SAFE,TEMP_IDEAL,AQI_MODERATE,HUM_HUMID,WIND_BREEZY,UV_HIGH,ZONE_TROPICAL
Lima,Peru,-12.0,-77.0,34.7,35,12.8,6.4,36.9,2,1008.3,36.9,34.7,23.166666666666664,0.0,8.0,6.6000000000000005,0.0,37.766666666666666,ED_CAUTION,TEMP_HOT,AQI_MODERATE,HUM_COMFORTABLE,WIND_BREEZY,UV_HIGH,ZONE_TROPICAL
Lima,Peru,-12.0,-77.0,31.6,66,7.6,6.5,34.4,4,1023.9,34.4,31.6,18.999999999999996,0.0,32.0,6.75,8.625,66.375,ED_DANGEROUS,TEMP_HOT,AQI_UNHEALTHY,HUM_HUMID,WIND_CALM,UV_HIGH,ZONE_TROPICAL
Lima,Peru,-12.0,-77.0,26.8,42,2.0,7.0,27.0,1,1016.3,27.0,26.8,0.0,0.0,0.0,7.5,0.0,7.5,ED_VERY_SAFE,TEMP_WARM,AQI_GOOD,HUM_COMFORTABLE,WIND_CALM,UV_HIGH,ZONE_TROPICAL
Lima,Peru,-12.0,-77.0,24.6,57,9.9,4.9,24.9,1,1014.9,24.9,24.6,0.0,0.0,0.0,4.9,0.0,4.9,ED_VERY_SAFE,TEMP_IDEAL,AQI_GOOD,HUM_COMFORTABLE,WIND_CALM,UV_MODERATE,ZONE_TROPICAL
Lima,Peru,-12.0,-77.0,34.0,37,14.3,6.2,36.1,5,1021.8,36.1,34.0,21.833333333333336,0.0,45.0,6.300000000000001,11.0625,84.19583333333334,ED_VERY_DANGEROUS,TEMP_HOT,AQI_VERY_UNHEALTHY,HUM_COMFORTABLE,WIND_BREEZY,UV_HIGH,ZONE_TROPICAL
Lima,Peru,-12.0,-77.0,30.0,74,6.6,6.9,32.7,1,1010.4,32.7,30.0,16.16666666666667,0.0,0.0,7.3500000000000005,0.0,23.516666666666673,ED_MODERATE_SAFE,TEMP_HOT,AQI_GOOD,HUM_HUMID,WIND_CALM,UV_HIGH,ZONE_TROPICAL
Lima,Peru,-12.0,-77.0,29.9,62,13.4,1.4,32.0,6,1012.9,32.0,29.9,15.0,0.0,50.0,0.0,0.0,65.0,ED_DANGEROUS,TEMP_WARM,AQI_HAZARDOUS,HUM_HUMID,WIND_BREEZY,UV_LOW,ZONE_TROPICAL
Lima,Peru,-12.0,-77.0,27.3,61,12.0,4.2,28.5,1,1010.8,28.5,27.3,4.5,0.0,0.0,4.2,0.0,8.7,ED_VERY_SAFE,TEMP_WARM,AQI_GOOD,HUM_HUMID,WIND_BREEZY,UV_MODERATE,ZONE_TROPICAL
Lima,Peru,-12.0,-77.0,28.1,54,10.0,4.0,29.3,1,1016.9,29.3,28.1,6.900000000000002,0.0,0.0,4.0,0.0,10.900000000000002,ED_VERY_SAFE,TEMP_WARM,AQI_GOOD,HUM_COMFORTABLE,WIND_BREEZY,UV_MODERATE,ZONE_TROPICAL
Lima,Peru,-12.0,-77.0,29.9,48,11.3,7.2,31.3,2,1032.4,31.3,29.9,12.900000000000002,0.0,8.0,7.800000000000001,0.0,28.700000000000003,ED_MODERATE_SAFE,TEMP_WARM,AQI_MODERATE,HUM_COMFORTABLE,WIND_BREEZY,UV_HIGH,ZONE_TROPICAL
Lima,Peru,-12.0,-77.0,23.9,72,33.8,10.6,25.1,1,1011.5,25.1,23.9,0.0,0.0,0.0,11.6,0.0,11.6,ED_VERY_SAFE,TEMP_IDEAL,AQI_GOOD,HUM_HUMID,WIND_WINDY,UV_VERY_HIGH,ZONE_TROPICAL
Lima,Peru,-12.0,-77.0,32.4,71,6.5,2.9,35.7,6,1002.4,35.7,32.4,21.16666666666667,0.0,50.0,2.6999999999999997,12.0,85.86666666666667,ED_VERY_DANGEROUS,TEMP_HOT,AQI_HAZARDOUS,HUM_HUMID,WIND_CALM,UV_LOW,ZONE_TROPICAL
Lima,Peru,-12.0,-77.0,33.0,62,11.8,2.3,36.1,6,1009.1,36.1,33.0,21.833333333333336,0.0,50.0,0.8999999999999995,12.0,84.73333333333335,ED_VERY_DANGEROUS,TEMP_HOT,AQI_HAZARDOUS,HUM_HUMID,WIND_BREEZY,UV_LOW,ZONE_TROPICAL
Lima,Peru,-12.0,-77.0,32.9,61,18.8,4.8,35.8,6,1011.1,35.8,32.9,21.33333333333333,0.0,50.0,4.8,12.0,88.13333333333333,ED_VERY_DANGEROUS,TEMP_HOT,AQI_HAZARDOUS,HUM_HUMID,WIND_BREEZY,UV_MODERATE,ZONE_TROPICAL
Lima,Peru,-12.0,-77.0,31.4,75,17.5,5.0,34.5,4,997.8,34.5,31.4,19.166666666666668,0.0,32.0,5.0,8.625,64.79166666666667,ED_DANGEROUS,TEMP_HOT,AQI_UNHEALTHY,HUM_HUMID,WIND_BREEZY,UV_MODERATE,ZONE_TROPICAL
Lima,Peru,-12.0,-77.0,24.0,87,5.7,7.9,25.9,2,1022.0,25.9,24.0,0.0,0.0,8.0,8.850000000000001,0.0,16.85,ED_MODERATE_SAFE,TEMP_IDEAL,AQI_MODERATE,HUM_VERY_HUMID,WIND_CALM,UV_HIGH,ZONE_TROPICAL
Lima,Peru,-12.0,-77.0,10.6,20,14.7,4.4,9.1,2,1024.2,10.6,10.6,0.0,0.0,8.0,4.4,0.0,12.4,ED_VERY_SAFE,TEMP_COOL,AQI_MODERATE,HUM_DRY,WIND_BREEZY,UV_MODERATE,ZONE_TROPICAL
Lima,Peru,-12.0,-77.0,31.3,65,9.7,6.1,34.0,6,1016.9,34.0,31.3,18.333333333333332,0.0,50.0,6.1499999999999995,12.0,86.48333333333333,ED_VERY_DANGEROUS,TEMP_HOT,AQI_HAZARDOUS,HUM_HUMID,WIND_CALM,UV_HIGH,ZONE_TROPICAL
Lima,Peru,-12.0,-77.0,26.9,23,38.5,2.4,26.1,1,1018.5,26.9,26.9,0.0,0.0,0.0,1.1999999999999997,0.0,1.1999999999999997,ED_VERY_SAFE,TEMP_WARM,AQI_GOOD,HUM_DRY,WIND_WINDY,UV_LOW,ZONE_TROPICAL
Lima,Peru,-12.0,-77.0,33.6,17,6.6,0.7,34.5,1,1013.6,34.5,33.6,19.166666666666668,0.0,0.0,0.0,0.0,19.166666666666668,ED_MODERATE_SAFE,TEMP_HOT,AQI_GOOD,HUM_DRY,WIND_CALM,UV_LOW,ZONE_TROPICAL
Lima,Peru,-12.0,-77.0,23.5,45,15.6,7.3,23.2,2,1012.0,23.5,23.5,0.0,0.0,8.0,7.949999999999999,0.0,15.95,ED_MODERATE_SAFE,TEMP_IDEAL,AQI_MODERATE,HUM_COMFORTABLE,WIND_BREEZY,UV_HIGH,ZONE_TROPICAL
Lima,Peru,-12.0,-77.0,14.0,68,12.6,6.2,14.9,4,1011.8,14.9,14.0,0.0,0.0,32.0,6.300000000000001,0.0,38.3,ED_CAUTION,TEMP_COOL,AQI_UNHEALTHY,HUM_HUMID,WIND_BREEZY,UV_HIGH,ZONE_TROPICAL
Lima,Peru,-12.0,-77.0,11.7,51,31.3,7.1,11.8,2,1013.1,11.8,11.7,0.0,0.0,8.0,7.6499999999999995,0.0,15.649999999999999,ED_MODERATE_SAFE,TEMP_COOL,AQI_MODERATE,HUM_COMFORTABLE,WIND_WINDY,UV_HIGH,ZONE_TROPICAL
Lima,Peru,-12.0,-77.0,31.1,55,13.7,11.0,33.1,2,1007.7,33.1,31.1,16.833333333333336,0.0,8.0,12.0,0.0,36.833333333333336,ED_CAUTION,TEMP_HOT,AQI_MODERATE,HUM_COMFORTABLE,WIND_BREEZY,UV_EXTREME,ZONE_TROPICAL
Lima,Peru,-12.0,-77.0,37.2,44,13.0,4.5,40.5,5,1013.3,40.5,37.2,29.166666666666668,0.0,45.0,4.5,11.0625,89.72916666666667,ED_VERY_DANGEROUS,TEMP_VERY_HOT,AQI_VERY_UNHEALTHY,HUM_COMFORTABLE,WIND_BREEZY,UV_MODERATE,ZONE_TROPICAL
Lima,Peru,-12.0,-77.0,22.8,93,2.7,11.8,25.0,5,1009.8,25.0,22.8,0.0,0.0,45.0,12.0,0.0,57.0,ED_DANGEROUS,TEMP_IDEAL,AQI_VERY_UNHEALTHY,HUM_VERY_HUMID,WIND_CALM,UV_EXTREME,ZONE_TROPICAL
Lima,Peru,-12.0,-77.0,24.1,57,9.6,3.3,24.4,2,1014.2,24.4,24.1,0.0,0.0,8.0,3.3,0.0,11.3,ED_VERY_SAFE,TEMP_IDEAL,AQI_MODERATE,HUM_COMFORTABLE,WIND_CALM,UV_MODERATE,ZONE_TROPICAL
Lima,Peru,-12.0,-77.0,23.8,56,4.0,2.5,24.1,3,1006.3,24.1,23.8,0.0,0.0,18.0,1.5,0.0,19.5,ED_MODERATE_SAFE,TEMP_IDEAL,AQI_SENSITIVE,HUM_COMFORTABLE,WIND_CALM,UV_LOW,ZONE_TROPICAL
Lima,Peru,-12.0,-77.0,32.0,36,3.7,0.9,33.4,2,1001.5,33.4,32.0,17.333333333333332,0.0,8.0,0.0,0.0,25.333333333333332,ED_MODERATE_SAFE,TEMP_HOT,AQI_MODERATE,HUM_COMFORTABLE,WIND_CALM,UV_LOW,ZONE_TROPICAL
Lima,Peru,-12.0,-77.0,34.4,54,1.4,5.0,37.4,4,1027.4,37.4,34.4,24.0,0.0,32.0,5.0,8.625,69.625,ED_DANGEROUS,TEMP_HOT,AQI_UNHEALTHY,HUM_COMFORTABLE,WIND_CALM,UV_MODERATE,ZONE_TROPICAL
Lima,Peru,-12.0,-77.0,22.0,61,5.5,6.3,22.5,1,1010.2,22.5,22.0,0.0,0.0,0.0,6.449999999999999,0.0,6.449999999999999,ED_VERY_SAFE,TEMP_IDEAL,AQI_GOOD,HUM_HUMID,WIND_CALM,UV_HIGH,ZONE_TROPICAL
Lima,Peru,-12.0,-77.0,29.9,66,13.7,3.9,32.1,1,1022.3,32.1,29.9,15.16666666666667,0.0,0.0,3.9,0.0,19.06666666666667,ED_MODERATE_SAFE,TEMP_WARM,AQI_GOOD,HUM_HUMID,WIND_BREEZY,UV_MODERATE,ZONE_TROPICAL
Lima,Peru,-12.0,-77.0,36.8,76,10.2,6.0,41.6,1,1015.2,41.6,36.8,30.692307692307693,0.0,0.0,6.0,0.0,36.69230769230769,ED_CAUTION,TEMP_VERY_HOT,AQI_GOOD,HUM_HUMID,WIND_BREEZY,UV_HIGH,ZONE_TROPICAL
Lima,Peru,-12.0,-77.0,19.1,58,28.8,8.5,19.5,1,1006.3,19.5,19.1,0.0,0.0,0.0,9.5,0.0,9.5,ED_VERY_SAFE,TEMP_IDEAL,AQI_GOOD,HUM_COMFORTABLE,WIND_WINDY,UV_VERY_HIGH,ZONE_TROPICAL
Lima,Peru,-12.0,-77.0,26.7,81,16.0,6.3,28.8,2,1003.6,28.8,26.7,5.400000000000002,0.0,8.0,6.449999999999999,0.0,19.85,ED_MODERATE_SAFE,TEMP_WARM,AQI_MODERATE,HUM_VERY_HUMID,WIND_BREEZY,UV_HIGH,ZONE_TROPICAL
Lima,Peru,-12.0,-77.0,28.3,74,8.5,2.6,30.5,3,1011.1,30.5,28.3,10.5,0.0,18.0,1.8000000000000003,0.0,30.3,ED_MODERATE_SAFE,TEMP_WARM,AQI_SENSITIVE,HUM_HUMID,WIND_CALM,UV_LOW,ZONE_TROPICAL
Denver,USA,39.7,-104.9,18.5,53,18.7,0.0,18.6,4,1014.9,18.6,18.5,0.0,0.0,32.0,0.0,0.0,32.0,ED_MODERATE_SAFE,TEMP_IDEAL,AQI_UNHEALTHY,HUM_COMFORTABLE,WIND_BREEZY,UV_LOW,ZONE_TEMPERATE
Denver,USA,39.7,-104.9,27.8,35,2.9,6.4,27.9,1,1016.1,27.9,27.8,2.6999999999999957,0.0,0.0,6.6000000000000005,0.0,9.299999999999997,ED_VERY_SAFE,TEMP_WARM,AQI_GOOD,HUM_COMFORTABLE,WIND_CALM,UV_HIGH,ZONE_TEMPERATE
Denver,USA,39.7,-104.9,24.8,60,6.2,1.4,25.3,3,1027.3,25.3,24.8,0.0,0.0,18.0,0.0,0.0,18.0,ED_MODERATE_SAFE,TEMP_IDEAL,AQI_SENSITIVE,HUM_HUMID,WIND_CALM,UV_LOW,ZONE_TEMPERATE
Denver,USA,39.7,-104.9,17.4,48,3.4,2.4,17.3,2,1014.6,17.4,17.4,0.0,0.0,8.0,1.1999999999999997,0.0,9.2,ED_VERY_SAFE,TEMP_COOL,AQI_MODERATE,HUM_COMFORTABLE,WIND_CALM,UV_LOW,ZONE_TEMPERATE
Denver,USA,39.7,-104.9,14.6,42,9.5,0.0,14.2,3,1011.9,14.6,14.6,0.0,0.0,18.0,0.0,0.0,18.0,ED_MODERATE_SAFE,TEMP_COOL,AQI_SENSITIVE,HUM_COMFORTABLE,WIND_CALM,UV_LOW,ZONE_TEMPERATE
Denver,USA,39.7,-104.9,23.2,60,9.6,0.0,23.7,3,1017.4,23.7,23.2,0.0,0.0,18.0,0.0,0.0,18.0,ED_MODERATE_SAFE,TEMP_IDEAL,AQI_SENSITIVE,HUM_HUMID,WIND_CALM,UV_LOW,ZONE_TEMPERATE
Denver,USA,39.7,-104.9,20.7,71,3.8,3.3,21.8,3,1018.9,21.8,20.7,0.0,0.0,18.0,3.3,0.0,21.3,ED_MODERATE_SAFE,TEMP_IDEAL,AQI_SENSITIVE,HUM_HUMID,WIND_CALM,UV_MODERATE,ZONE_TEMPERATE
Denver,USA,39.7,-104.9,21.1,83,12.7,6.1,22.8,2,1022.3,22.8,21.1,0.0,0.0,8.0,6.1499999999999995,0.0,14.149999999999999,ED_VERY_SAFE,TEMP_IDEAL,AQI_MODERATE,HUM_VERY_HUMID,WIND_BREEZY,UV_HIGH,ZONE_TEMPERATE
Denver,USA,39.7,-104.9,23.2,15,7.1,7.4,21.4,5,1011.1,23.2,23.2,0.0,0.0,45.0,8.100000000000001,0.0,53.1,ED_CAUTION,TEMP_IDEAL,AQI_VERY_UNHEALTHY,HUM_DRY,WIND_CALM,UV_HIGH,ZONE_TEMPERATE
Denver,USA,39.7,-104.9,10.2,61,13.2,3.3,10.7,3,1011.6,10.7,10.2,0.0,0.0,18.0,3.3,0.0,21.3,ED_MODERATE_SAFE,TEMP_COOL,AQI_SENSITIVE,HUM_HUMID,WIND_BREEZY,UV_MODERATE,ZONE_TEMPERATE
Denver,USA,39.7,-104.9,18.2,40,7.7,8.2,17.7,1,1024.9,18.2,18.2,0.0,0.0,0.0,9.2,0.0,9.2,ED_VERY_SAFE,TEMP_IDEAL,AQI_GOOD,HUM_COMFORTABLE,WIND_CALM,UV_VERY_HIGH,ZONE_TEMPERATE
Denver,USA,39.7,-104.9,9.5,5,20.1,6.8,7.3,2,1003.2,9.5,6.735417073093078,0.0,0.0,8.0,7.199999999999999,0.0,15.2,ED_MODERATE_SAFE,TEMP_COLD,AQI_MODERATE,HUM_DRY,WIND_WINDY,UV_HIGH,ZONE_TEMPERATE
Denver,USA,39.7,-104.9,12.6,83,7.0,1.3,14.3,4,1023.2,14.3,12.6,0.0,0.0,32.0,0.0,0.0,32.0,ED_MODERATE_SAFE,TEMP_COOL,AQI_UNHEALTHY,HUM_VERY_HUMID,WIND_CALM,UV_LOW,ZONE_TEMPERATE
Denver,USA,39.7,-104.9,16.8,41,14.8,6.6,16.3,3,1014.1,16.8,16.8,0.0,0.0,18.0,6.8999999999999995,0.0,24.9,ED_MODERATE_SAFE,TEMP_COOL,AQI_SENSITIVE,HUM_COMFORTABLE,WIND_BREEZY,UV_HIGH,ZONE_TEMPERATE
Denver,USA,39.7,-104.9,22.0,57,30.0,6.1,22.4,4,997.1,22.4,22.0,0.0,0.0,32.0,6.1499999999999995,0.0,38.15,ED_CAUTION,TEMP_IDEAL,AQI_UNHEALTHY,HUM_COMFORTABLE,WIND_WINDY,UV_HIGH,ZONE_TEMPERATE
Denver,USA,39.7,-104.9,20.1,44,19.0,0.4,19.7,2,1008.0,20.1,20.1,0.0,0.0,8.0,0.0,0.0,8.0,ED_VERY_SAFE,TEMP_IDEAL,AQI_MODERATE,HUM_COMFORTABLE,WIND_BREEZY,UV_LOW,ZONE_TEMPERATE
Denver,USA,39.7,-104.9,22.4,46,4.4,3.4,22.2,3,1008.1,22.4,22.4,0.0,0.0,18.0,3.4,0.0,21.4,ED_MODERATE_SAFE,TEMP_IDEAL,AQI_SENSITIVE,HUM_COMFORTABLE,WIND_CALM,UV_MODERATE,ZONE_TEMPERATE
Denver,USA,39.7,-104.9,18.0,82,7.4,0.0,19.5,3,1024.2,19.5,18.0,0.0,0.0,18.0,0.0,0.0,18.0,ED_MODERATE_SAFE,TEMP_IDEAL,AQI_SENSITIVE,HUM_VERY_HUMID,WIND_CALM,UV_LOW,ZONE_TEMPERATE
Denver,USA,39.7,-104.9,22.1,78,6.5,2.1,23.5,5,1010.5,23.5,22.1,0.0,0.0,45.0,0.30000000000000027,0.0,45.3,ED_CAUTION,TEMP_IDEAL,AQI_VERY_UNHEALTHY,HUM_HUMID,WIND_CALM,UV_LOW,ZONE_TEMPERATE
Denver,USA,39.7,-104.9,15.7,14,11.3,5.4,13.9,1,1011.9,15.7,15.7,0.0,0.0,0.0,5.4,0.0,5.4,ED_VERY_SAFE,TEMP_COOL,AQI_GOOD,HUM_DRY,WIND_BREEZY,UV_MODERATE,ZONE_TEMPERATE
Denver,USA,39.7,-104.9,21.5,23,41.2,5.1,20.2,3,1004.6,21.5,21.5,0.0,0.0,18.0,5.1,0.0,23.1,ED_MODERATE_SAFE,TEMP_IDEAL,AQI_SENSITIVE,HUM_DRY,WIND_STRONG,UV_MODERATE,ZONE_TEMPERATE
Denver,USA,39.7,-104.9,22.1,31,6.6,0.4,21.2,1,1006.1,22.1,22.1,0.0,0.0,0.0,0.0,0.0,0.0,ED_VERY_SAFE,TEMP_IDEAL,AQI_GOOD,HUM_COMFORTABLE,WIND_CALM,UV_LOW,ZONE_TEMPERATE
Denver,USA,39.7,-104.9,6.3,68,8.7,3.8,7.3,2,1019.9,7.3,4.494019924065045,0.0,0.0,8.0,3.8,0.0,11.8,ED_VERY_SAFE,TEMP_COLD,AQI_MODERATE,HUM_HUMID,WIND_CALM,UV_MODERATE,ZONE_TEMPERATE
Denver,USA,39.7,-104.9,10.0,29,4.5,9.3,8.9,2,991.8,10.0,10.0,0.0,0.0,8.0,10.3,0.0,18.3,ED_MODERATE_SAFE,TEMP_COOL,AQI_MODERATE,HUM_DRY,WIND_CALM,UV_VERY_HIGH,ZONE_TEMPERATE
Denver,USA,39.7,-104.9,19.1,38,25.1,3.8,18.5,2,1021.3,19.1,19.1,0.0,0.0,8.0,3.8,0.0,11.8,ED_VERY_SAFE,TEMP_IDEAL,AQI_MODERATE,HUM_COMFORTABLE,WIND_WINDY,UV_MODERATE,ZONE_TEMPERATE
Denver,USA,39.7,-104.9,25.9,60,8.0,3.7,26.6,1,1008.2,26.6,25.9,0.0,0.0,0.0,3.7,0.0,3.7,ED_VERY_SAFE,TEMP_WARM,AQI_GOOD,HUM_HUMID,WIND_CALM,UV_MODERATE,ZONE_TEMPERATE
Denver,USA,39.7,-104.9,15.8,88,12.6,4.9,17.7,2,1011.5,17.7,15.8,0.0,0.0,8.0,4.9,0.0,12.9,ED_VERY_SAFE,TEMP_COOL,AQI_MODERATE,HUM_VERY_HUMID,WIND_BREEZY,UV_MODERATE,ZONE_TEMPERATE
Denver,USA,39.7,-104.9,17.6,44,13.7,4.2,17.3,6,1018.6,17.6,17.6,0.0,0.0,50.0,4.2,0.0,54.2,ED_CAUTION,TEMP_COOL,AQI_HAZARDOUS,HUM_COMFORTABLE,WIND_BREEZY,UV_MODERATE,ZONE_TEMPERATE
Denver,USA,39.7,-104.9,21.2,43,9.0,0.0,20.9,4,1013.1,21.2,21.2,0.0,0.0,32.0,0.0,0.0,32.0,ED_MODERATE_SAFE,TEMP_IDEAL,AQI_UNHEALTHY,HUM_COMFORTABLE,WIND_CALM,UV_LOW,ZONE_TEMPERATE
Denver,USA,39.7,-104.9,15.8,29,2.3,0.0,14.8,1,1016.7,15.8,15.8,0.0,0.0,0.0,0.0,0.0,0.0,ED_VERY_SAFE,TEMP_COOL,AQI_GOOD,HUM_DRY,WIND_CALM,UV_LOW,ZONE_TEMPERATE
Denver,USA,39.7,-104.9,10.4,45,18.0,4.0,10.2,6,1010.4,10.4,10.4,0.0,0.0,50.0,4.0,0.0,54.0,ED_CAUTION,TEMP_COOL,AQI_HAZARDOUS,HUM_COMFORTABLE,WIND_BREEZY,UV_MODERATE,ZONE_TEMPERATE
Denver,USA,39.7,-104.9,8.9,26,24.8,4.5,7.7,3,1025.1,8.9,5.544690080967577,0.0,0.0,18.0,4.5,0.0,22.5,ED_MODERATE_SAFE,TEMP_COLD,AQI_SENSITIVE,HUM_DRY,WIND_WINDY,UV_MODERATE,ZONE_TEMPERATE
Denver,USA,39.7,-104.9,12.5,35,49.4,0.1,11.7,2,1010.8,12.5,12.5,0.0,0.0,8.0,0.0,0.0,8.0,ED_VERY_SAFE,TEMP_COOL,AQI_MODERATE,HUM_COMFORTABLE,WIND_STRONG,UV_LOW,ZONE_TEMPERATE
Denver,USA,39.7,-104.9,8.2,47,3.6,2.1,8.1,1,1000.7,8.2,8.2,0.0,0.0,0.0,0.30000000000000027,0.0,0.30000000000000027,ED_VERY_SAFE,TEMP_COLD,AQI_GOOD,HUM_COMFORTABLE,WIND_CALM,UV_LOW,ZONE_TEMPERATE
Denver,USA,39.7,-104.9,16.5,17,22.8,2.5,14.8,5,1014.4,16.5,16.5,0.0,0.0,45.0,1.5,0.0,46.5,ED_CAUTION,TEMP_COOL,AQI_VERY_UNHEALTHY,HUM_DRY,WIND_WINDY,UV_LOW,ZONE_TEMPERATE
Denver,USA,39.7,-104.9,4.2,39,15.0,4.1,3.6,2,1019.3,4.2,0.7625432662413267,0.0,0.0,8.0,4.1,0.0,12.1,ED_VERY_SAFE,TEMP_COLD,AQI_MODERATE,HUM_COMFORTABLE,WIND_BREEZY,UV_MODERATE,ZONE_TEMPERATE
Denver,USA,39.7,-104.9,16.1,24,17.8,0.7,14.8,1,1006.1,16.1,16.1,0.0,0.0,0.0,0.0,0.0,0.0,ED_VERY_SAFE,TEMP_COOL,AQI_GOOD,HUM_DRY,WIND_BREEZY,UV_LOW,ZONE_TEMPERATE
Denver,USA,39.7,-104.9,12.1,52,27.5,0.0,12.1,1,1016.7,12.1,12.1,0.0,0.0,0.0,0.0,0.0,0.0,ED_VERY_SAFE,TEMP_COOL,AQI_GOOD,HUM_COMFORTABLE,WIND_WINDY,UV_LOW,ZONE_TEMPERATE
Denver,USA,39.7,-104.9,22.8,42,5.8,5.3,22.3,2,1033.7,22.8,22.8,0.0,0.0,8.0,5.3,0.0,13.3,ED_VERY_SAFE,TEMP_IDEAL,AQI_MODERATE,HUM_COMFORTABLE,WIND_CALM,UV_MODERATE,ZONE_TEMPERATE
Denver,USA,39.7,-104.9,12.0,37,14.8,4.0,11.3,1,1020.1,12.0,12.0,0.0,0.0,0.0,4.0,0.0,4.0,ED_VERY_SAFE,TEMP_COOL,AQI_GOOD,HUM_COMFORTABLE,WIND_BREEZY,UV_MODERATE,ZONE_TEMPERATE
Denver,USA,39.7,-104.9,22.5,16,23.4,1.9,20.8,2,1020.6,22.5,22.5,0.0,0.0,8.0,0.0,0.0,8.0,ED_VERY_SAFE,TEMP_IDEAL,AQI_MODERATE,HUM_DRY,WIND_WINDY,UV_LOW,ZONE_TEMPERATE
Denver,USA,39.7,-104.9,15.6,26,3.6,1.5,14.4,1,1019.6,15.6,15.6,0.0,0.0,0.0,0.0,0.0,0.0,ED_VERY_SAFE,TEMP_COOL,AQI_GOOD,HUM_DRY,WIND_CALM,UV_LOW,ZONE_TEMPERATE
Denver,USA,39.7,-104.9,18.6,54,6.9,3.6,18.7,4,1016.5,18.7,18.6,0.0,0.0,32.0,3.6,0.0,35.6,ED_CAUTION,TEMP_IDEAL,AQI_UNHEALTHY,HUM_COMFORTABLE,WIND_CALM,UV_MODERATE,ZONE_TEMPERATE
Denver,USA,39.7,-104.9,17.8,29,12.3,3.7,16.7,5,1014.0,17.8,17.8,0.0,0.0,45.0,3.7,0.0,48.7,ED_CAUTION,TEMP_COOL,AQI_VERY_UNHEALTHY,HUM_DRY,WIND_BREEZY,UV_MODERATE,ZONE_TEMPERATE
Denver,USA,39.7,-104.9,14.0,32,12.7,1.4,13.1,1,1023.3,14.0,14.0,0.0,0.0,0.0,0.0,0.0,0.0,ED_VERY_SAFE,TEMP_COOL,AQI_GOOD,HUM_COMFORTABLE,WIND_BREEZY,UV_LOW,ZONE_TEMPERATE
Denver,USA,39.7,-104.9,20.4,54,3.4,3.9,20.5,3,1029.3,20.5,20.4,0.0,0.0,18.0,3.9,0.0,21.9,ED_MODERATE_SAFE,TEMP_IDEAL,AQI_SENSITIVE,HUM_COMFORTABLE,WIND_CALM,UV_MODERATE,ZONE_TEMPERATE
Denver,USA,39.7,-104.9,20.9,40,23.9,3.2,20.4,3,1018.6,20.9,20.9,0.0,0.0,18.0,3.2,0.0,21.2,ED_MODERATE_SAFE,TEMP_IDEAL,AQI_SENSITIVE,HUM_COMFORTABLE,WIND_WINDY,UV_MODERATE,ZONE_TEMPERATE
Denver,USA,39.7,-104.9,6.4,57,24.5,0.0,6.8,5,1023.5,6.8,2.362764132505653,0.0,0.0,45.0,0.0,0.0,45.0,ED_CAUTION,TEMP_COLD,AQI_VERY_UNHEALTHY,HUM_COMFORTABLE,WIND_WINDY,UV_LOW,ZONE_TEMPERATE
Denver,USA,39.7,-104.9,16.4,52,13.1,2.0,16.5,1,1021.3,16.5,16.4,0.0,0.0,0.0,0.0,0.0,0.0,ED_VERY_SAFE,TEMP_COOL,AQI_GOOD,HUM_COMFORTABLE,WIND_BREEZY,UV_LOW,ZONE_TEMPERATE
Denver,USA,39.7,-104.9,16.8,70,14.2,1.0,17.8,1,1009.2,17.8,16.8,0.0,0.0,0.0,0.0,0.0,0.0,ED_VERY_SAFE,TEMP_COOL,AQI_GOOD,HUM_HUMID,WIND_BREEZY,UV_LOW,ZONE_TEMPERATE
Denver,USA,39.7,-104.9,21.3,44,26.1,0.0,21.0,4,1003.4,21.3,21.3,0.0,0.0,32.0,0.0,0.0,32.0,ED_MODERATE_SAFE,TEMP_IDEAL,AQI_UNHEALTHY,HUM_COMFORTABLE,WIND_WINDY,UV_LOW,ZONE_TEMPERATE
Denver,USA,39.7,-104.9,11.6,84,4.5,3.9,13.2,6,1019.3,13.2,11.6,0.0,0.0,50.0,3.9,0.0,53.9,ED_CAUTION,TEMP_COOL,AQI_HAZARDOUS,HUM_VERY_HUMID,WIND_CALM,UV_MODERATE,ZONE_TEMPERATE
Denver,USA,39.7,-104.9,11.2,84,4.9,4.2,12.9,1,1012.8,12.9,11.2,0.0,0.0,0.0,4.2,0.0,4.2,ED_VERY_SAFE,TEMP_COOL,AQI_GOOD,HUM_VERY_HUMID,WIND_CALM,UV_MODERATE,ZONE_TEMPERATE
Denver,USA,39.7,-104.9,23.1,83,35.0,6.4,24.7,1,1010.4,24.7,23.1,0.0,0.0,0.0,6.6000000000000005,0.0,6.6000000000000005,ED_VERY_SAFE,TEMP_IDEAL,AQI_GOOD,HUM_VERY_HUMID,WIND_WINDY,UV_HIGH,ZONE_TEMPERATE
Denver,USA,39.7,-104.9,9.6,39,18.8,9.2,9.0,1,1008.8,9.6,6.991735964962169,0.0,0.0,0.0,10.2,0.0,10.2,ED_VERY_SAFE,TEMP_COLD,AQI_GOOD,HUM_COMFORTABLE,WIND_BREEZY,UV_VERY_HIGH,ZONE_TEMPERATE
Denver,USA,39.7,-104.9,6.5,36,7.3,3.8,5.8,5,1014.9,6.5,5.074479294963544,0.0,0.0,45.0,3.8,0.0,48.8,ED_CAUTION,TEMP_COLD,AQI_VERY_UNHEALTHY,HUM_COMFORTABLE,WIND_CALM,UV_MODERATE,ZONE_TEMPERATE
Denver,USA,39.7,-104.9,19.2,42,4.3,7.2,18.8,5,1016.4,19.2,19.2,0.0,0.0,45.0,7.800000000000001,0.0,52.8,ED_CAUTION,TEMP_IDEAL,AQI_VERY_UNHEALTHY,HUM_COMFORTABLE,WIND_CALM,UV_HIGH,ZONE_TEMPERATE
Denver,USA,39.7,-104.9,21.5,68,41.2,0.7,22.4,5,1008.5,22.4,21.5,0.0,0.0,45.0,0.0,0.0,45.0,ED_CAUTION,TEMP_IDEAL,AQI_VERY_UNHEALTHY,HUM_HUMID,WIND_STRONG,UV_LOW,ZONE_TEMPERATE
Denver,USA,39.7,-104.9,17.1,45,18.0,3.9,16.9,1,1015.6,17.1,17.1,0.0,0.0,0.0,3.9,0.0,3.9,ED_VERY_SAFE,TEMP_COOL,AQI_GOOD,HUM_COMFORTABLE,WIND_BREEZY,UV_MODERATE,ZONE_TEMPERATE
Denver,USA,39.7,-104.9,20.0,38,9.3,5.8,19.4,1,1017.4,20.0,20.0,0.0,0.0,0.0,5.8,0.0,5.8,ED_VERY_SAFE,TEMP_IDEAL,AQI_GOOD,HUM_COMFORTABLE,WIND_CALM,UV_MODERATE,ZONE_TEMPERATE
Denver,USA,39.7,-104.9,10.4,5,25.9,0.0,8.2,5,1011.7,10.4,10.4,0.0,0.0,45.0,0.0,0.0,45.0,ED_CAUTION,TEMP_COOL,AQI_VERY_UNHEALTHY,HUM_DRY,WIND_WINDY,UV_LOW,ZONE_TEMPERATE
Denver,USA,39.7,-104.9,10.6,52,10.4,1.2,10.7,1,1018.9,10.7,10.6,0.0,0.0,0.0,0.0,0.0,0.0,ED_VERY_SAFE,TEMP_COOL,AQI_GOOD,HUM_COMFORTABLE,WIND_BREEZY,UV_LOW,ZONE_TEMPERATE
Denver,USA,39.7,-104.9,9.3,29,10.8,3.6,8.3,6,1020.5,9.3,7.657701097337162,0.0,0.0,50.0,3.6,0.0,53.6,ED_CAUTION,TEMP_COLD,AQI_HAZARDOUS,HUM_DRY,WIND_BREEZY,UV_MODERATE,ZONE_TEMPERATE
Denver,USA,39.7,-104.9,22.3,84,7.0,3.0,24.0,3,1014.1,24.0,22.3,0.0,0.0,18.0,3.0,0.0,21.0,ED_MODERATE_SAFE,TEMP_IDEAL,AQI_SENSITIVE,HUM_VERY_HUMID,WIND_CALM,UV_MODERATE,ZONE_TEMPERATE
Denver,USA,39.7,-104.9,13.6,45,43.1,7.5,13.3,1,1036.1,13.6,13.6,0.0,0.0,0.0,8.25,0.0,8.25,ED_VERY_SAFE,TEMP_COOL,AQI_GOOD,HUM_COMFORTABLE,WIND_STRONG,UV_HIGH,ZONE_TEMPERATE
Denver,USA,39.7,-104.9,16.0,44,12.4,4.5,15.7,1,1015.1,16.0,16.0,0.0,0.0,0.0,4.5,0.0,4.5,ED_VERY_SAFE,TEMP_COOL,AQI_GOOD,HUM_COMFORTABLE,WIND_BREEZY,UV_MODERATE,ZONE_TEMPERATE
Denver,USA,39.7,-104.9,22.5,15,8.2,2.4,20.8,1,1015.5,22.5,22.5,0.0,0.0,0.0,1.1999999999999997,0.0,1.1999999999999997,ED_VERY_SAFE,TEMP_IDEAL,AQI_GOOD,HUM_DRY,WIND_CALM,UV_LOW,ZONE_TEMPERATE
Denver,USA,39.7,-104.9,11.8,65,1.4,0.0,12.5,4,1000.3,12.5,11.8,0.0,0.0,32.0,0.0,0.0,32.0,ED_MODERATE_SAFE,TEMP_COOL,AQI_UNHEALTHY,HUM_HUMID,WIND_CALM,UV_LOW,ZONE_TEMPERATE
Denver,USA,39.7,-104.9,20.6,49,14.5,6.7,20.5,4,1015.5,20.6,20.6,0.0,0.0,32.0,7.050000000000001,0.0,39.05,ED_CAUTION,TEMP_IDEAL,AQI_UNHEALTHY,HUM_COMFORTABLE,WIND_BREEZY,UV_HIGH,ZONE_TEMPERATE
Denver,USA,39.7,-104.9,18.3,43,9.4,3.7,18.0,2,1017.2,18.3,18.3,0.0,0.0,8.0,3.7,0.0,11.7,ED_VERY_SAFE,TEMP_IDEAL,AQI_MODERATE,HUM_COMFORTABLE,WIND_CALM,UV_MODERATE,ZONE_TEMPERATE
Denver,USA,39.7,-104.9,19.1,69,13.4,1.9,20.1,3,1001.2,20.1,19.1,0.0,0.0,18.0,0.0,0.0,18.0,ED_MODERATE_SAFE,TEMP_IDEAL,AQI_SENSITIVE,HUM_HUMID,WIND_BREEZY,UV_LOW,ZONE_TEMPERATE
Denver,USA,39.7,-104.9,20.3,25,23.6,1.6,19.0,3,1017.0,20.3,20.3,0.0,0.0,18.0,0.0,0.0,18.0,ED_MODERATE_SAFE,TEMP_IDEAL,AQI_SENSITIVE,HUM_DRY,WIND_WINDY,UV_LOW,ZONE_TEMPERATE
Denver,USA,39.7,-104.9,17.9,63,16.0,0.0,18.5,4,1021.0,18.5,17.9,0.0,0.0,32.0,0.0,0.0,32.0,ED_MODERATE_SAFE,TEMP_COOL,AQI_UNHEALTHY,HUM_HUMID,WIND_BREEZY,UV_LOW,ZONE_TEMPERATE
Denver,USA,39.7,-104.9,14.0,76,16.5,4.2,15.3,6,1006.6,15.3,14.0,0.0,0.0,50.0,4.2,0.0,54.2,ED_CAUTION,TEMP_COOL,AQI_HAZARDOUS,HUM_HUMID,WIND_BREEZY,UV_MODERATE,ZONE_TEMPERATE
Denver,USA,39.7,-104.9,6.1,39,6.9,6.9,5.6,3,1000.9,6.1,4.7183235273577715,0.0,0.0,18.0,7.3500000000000005,0.0,25.35,ED_MODERATE_SAFE,TEMP_COLD,AQI_SENSITIVE,HUM_COMFORTABLE,WIND_CALM,UV_HIGH,ZONE_TEMPERATE
Denver,USA,39.7,-104.9,13.2,56,6.7,0.0,13.5,6,1012.4,13.5,13.2,0.0,0.0,50.0,0.0,0.0,50.0,ED_CAUTION,TEMP_COOL,AQI_HAZARDOUS,HUM_COMFORTABLE,WIND_CALM,UV_LOW,ZONE_TEMPERATE
Denver,USA,39.7,-104.9,24.4,38,17.9,5.1,23.8,2,1007.3,24.4,24.4,0.0,0.0,8.0,5.1,0.0,13.1,ED_VERY_SAFE,TEMP_IDEAL,AQI_MODERATE,HUM_COMFORTABLE,WIND_BREEZY,UV_MODERATE,ZONE_TEMPERATE
Denver,USA,39.7,-104.9,14.9,34,26.3,1.3,14.2,3,1020.4,14.9,14.9,0.0,0.0,18.0,0.0,0.0,18.0,ED_MODERATE_SAFE,TEMP_COOL,AQI_SENSITIVE,HUM_COMFORTABLE,WIND_WINDY,UV_LOW,ZONE_TEMPERATE
Denver,USA,39.7,-104.9,24.6,32,14.9,3.4,23.7,3,1017.8,24.6,24.6,0.0,0.0,18.0,3.4,0.0,21.4,ED_MODERATE_SAFE,TEMP_IDEAL,AQI_SENSITIVE,HUM_COMFORTABLE,WIND_BREEZY,UV_MODERATE,ZONE_TEMPERATE
Denver,USA,39.7,-104.9,11.7,69,14.5,3.7,12.7,5,1011.1,12.7,11.7,0.0,0.0,45.0,3.7,0.0,48.7,ED_CAUTION,TEMP_COOL,AQI_VERY_UNHEALTHY,HUM_HUMID,WIND_BREEZY,UV_MODERATE,ZONE_TEMPERATE
Denver,USA,39.7,-104.9,7.9,51,12.6,2.8,8.0,3,1018.5,8.0,5.674284623948985,0.0,0.0,18.0,2.3999999999999995,0.0,20.4,ED_MODERATE_SAFE,TEMP_COLD,AQI_SENSITIVE,HUM_COMFORTABLE,WIND_BREEZY,UV_LOW,ZONE_TEMPERATE
Denver,USA,39.7,-104.9,7.2,21,28.1,1.7,5.8,4,1005.2,7.2,3.074089597155111,0.0,0.0,32.0,0.0,0.0,32.0,ED_MODERATE_SAFE,TEMP_COLD,AQI_UNHEALTHY,HUM_DRY,WIND_WINDY,UV_LOW,ZONE_TEMPERATE
Denver,USA,39.7,-104.9,28.8,71,8.7,4.0,31.1,2,1018.0,31.1,28.8,12.300000000000004,0.0,8.0,4.0,0.0,24.300000000000004,ED_MODERATE_SAFE,TEMP_WARM,AQI_MODERATE,HUM_HUMID,WIND_CALM,UV_MODERATE,ZONE_TEMPERATE
Denver,USA,39.7,-104.9,7.7,38,10.2,4.0,7.1,1,1003.8,7.7,5.845749651252042,0.0,0.0,0.0,4.0,0.0,4.0,ED_VERY_SAFE,TEMP_COLD,AQI_GOOD,HUM_COMFORTABLE,WIND_BREEZY,UV_MODERATE,ZONE_TEMPERATE
Denver,USA,39.7,-104.9,9.3,40,33.0,7.3,8.8,1,1016.9,9.3,5.457834403864369,0.0,0.0,0.0,7.949999999999999,0.0,7.949999999999999,ED_VERY_SAFE,TEMP_COLD,AQI_GOOD,HUM_COMFORTABLE,WIND_WINDY,UV_HIGH,ZONE_TEMPERATE
Denver,USA,39.7,-104.9,18.8,74,3.2,6.6,20.1,1,1013.0,20.1,18.8,0.0,0.0,0.0,6.8999999999999995,0.0,6.8999999999999995,ED_VERY_SAFE,TEMP_IDEAL,AQI_GOOD,HUM_HUMID,WIND_CALM,UV_HIGH,ZONE_TEMPERATE
Denver,USA,39.7,-104.9,19.3,45,11.4,1.3,19.0,5,1013.1,19.3,19.3,0.0,0.0,45.0,0.0,0.0,45.0,ED_CAUTION,TEMP_IDEAL,AQI_VERY_UNHEALTHY,HUM_COMFORTABLE,WIND_BREEZY,UV_LOW,ZONE_TEMPERATE
Denver,USA,39.7,-104.9,20.3,61,32.2,4.2,20.8,6,1024.3,20.8,20.3,0.0,0.0,50.0,4.2,0.0,54.2,ED_CAUTION,TEMP_IDEAL,AQI_HAZARDOUS,HUM_HUMID,WIND_WINDY,UV_MODERATE,ZONE_TEMPERATE
Denver,USA,39.7,-104.9,8.8,53,32.4,3.1,9.0,1,1000.2,9.0,4.840630680514982,0.0,0.0,0.0,3.1,0.0,3.1,ED_VERY_SAFE,TEMP_COLD,AQI_GOOD,HUM_COMFORTABLE,WIND_WINDY,UV_MODERATE,ZONE_TEMPERATE
Denver,USA,39.7,-104.9,17.0,21,18.3,9.7,15.5,1,1013.6,17.0,17.0,0.0,0.0,0.0,10.7,0.0,10.7,ED_VERY_SAFE,TEMP_COOL,AQI_GOOD,HUM_DRY,WIND_BREEZY,UV_VERY_HIGH,ZONE_TEMPERATE
Denver,USA,39.7,-104.9,14.5,48,12.4,4.0,14.4,5,1003.6,14.5,14.5,0.0,0.0,45.0,4.0,0.0,49.0,ED_CAUTION,TEMP_COOL,AQI_VERY_UNHEALTHY,HUM_COMFORTABLE,WIND_BREEZY,UV_MODERATE,ZONE_TEMPERATE
Denver,USA,39.7,-104.9,6.8,33,13.4,2.6,5.9,2,1004.8,6.8,4.207688312532127,0.0,0.0,8.0,1.8000000000000003,0.0,9.8,ED_VERY_SAFE,TEMP_COLD,AQI_MODERATE,HUM_COMFORTABLE,WIND_BREEZY,UV_LOW,ZONE_TEMPERATE
Denver,USA,39.7,-104.9,12.3,83,9.7,0.9,13.9,4,1010.2,13.9,12.3,0.0,0.0,32.0,0.0,0.0,32.0,ED_MODERATE_SAFE,TEMP_COOL,AQI_UNHEALTHY,HUM_VERY_HUMID,WIND_CALM,UV_LOW,ZONE_TEMPERATE
Denver,USA,39.7,-104.9,18.0,32,4.0,4.0,17.1,2,1012.8,18.0,18.0,0.0,0.0,8.0,4.0,0.0,12.0,ED_VERY_SAFE,TEMP_IDEAL,AQI_MODERATE,HUM_COMFORTABLE,WIND_CALM,UV_MODERATE,ZONE_TEMPERATE
Denver,USA,39.7,-104.9,21.9,68,7.2,4.5,22.8,5,1009.2,22.8,21.9,0.0,0.0,45.0,4.5,0.0,49.5,ED_CAUTION,TEMP_IDEAL,AQI_VERY_UNHEALTHY,HUM_HUMID,WIND_CALM,UV_MODERATE,ZONE_TEMPERATE
Denver,USA,39.7,-104.9,10.7,55,1.7,0.0,10.9,1,1011.8,10.9,10.7,0.0,0.0,0.0,0.0,0.0,0.0,ED_VERY_SAFE,TEMP_COOL,AQI_GOOD,HUM_COMFORTABLE,WIND_CALM,UV_LOW,ZONE_TEMPERATE
Denver,USA,39.7,-104.9,23.4,59,6.3,5.2,23.8,5,1001.9,23.8,23.4,0.0,0.0,45.0,5.2,0.0,50.2,ED_CAUTION,TEMP_IDEAL,AQI_VERY_UNHEALTHY,HUM_COMFORTABLE,WIND_CALM,UV_MODERATE,ZONE_TEMPERATE
Denver,USA,39.7,-104.9,15.6,43,3.2,4.1,15.2,5,1017.3,15.6,15.6,0.0,0.0,45.0,4.1,0.0,49.1,ED_CAUTION,TEMP_COOL,AQI_VERY_UNHEALTHY,HUM_COMFORTABLE,WIND_CALM,UV_MODERATE,ZONE_TEMPERATE
Denver,USA,39.7,-104.9,21.2,41,11.6,1.8,20.8,6,1008.3,21.2,21.2,0.0,0.0,50.0,0.0,0.0,50.0,ED_CAUTION,TEMP_IDEAL,AQI_HAZARDOUS,HUM_COMFORTABLE,WIND_BREEZY,UV_LOW,ZONE_TEMPERATE
Denver,USA,39.7,-104.9,24.9,5,18.4,0.6,22.6,2,1007.2,24.9,24.9,0.0,0.0,8.0,0.0,0.0,8.0,ED_VERY_SAFE,TEMP_IDEAL,AQI_MODERATE,HUM_DRY,WIND_BREEZY,UV_LOW,ZONE_TEMPERATE
Denver,USA,39.7,-104.9,11.9,28,8.4,0.6,10.8,2,996.8,11.9,11.9,0.0,0.0,8.0,0.0,0.0,8.0,ED_VERY_SAFE,TEMP_COOL,AQI_MODERATE,HUM_DRY,WIND_CALM,UV_LOW,ZONE_TEMPERATE
Denver,USA,39.7,-104.9,20.1,62,14.8,2.3,20.7,1,1009.0,20.7,20.1,0.0,0.0,0.0,0.8999999999999995,0.0,0.8999999999999995,ED_VERY_SAFE,TEMP_IDEAL,AQI_GOOD,HUM_HUMID,WIND_BREEZY,UV_LOW,ZONE_TEMPERATE
Denver,USA,39.7,-104.9,9.6,43,2.3,2.4,9.2,1,1003.0,9.6,9.6,0.0,0.0,0.0,1.1999999999999997,0.0,1.1999999999999997,ED_VERY_SAFE,TEMP_COLD,AQI_GOOD,HUM_COMFORTABLE,WIND_CALM,UV_LOW,ZONE_TEMPERATE
Denver,USA,39.7,-104.9,18.1,31,12.4,1.3,17.1,2,1031.9,18.1,18.1,0.0,0.0,8.0,0.0,0.0,8.0,ED_VERY_SAFE,TEMP_IDEAL,AQI_MODERATE,HUM_COMFORTABLE,WIND_BREEZY,UV_LOW,ZONE_TEMPERATE
Denver,USA,39.7,-104.9,15.0,54,1.9,0.1,15.2,5,1016.0,15.2,15.0,0.0,0.0,45.0,0.0,0.0,45.0,ED_CAUTION,TEMP_COOL,AQI_VERY_UNHEALTHY,HUM_COMFORTABLE,WIND_CALM,UV_LOW,ZONE_TEMPERATE
Denver,USA,39.7,-104.9,19.5,52,11.6,2.4,19.6,1,1013.1,19.6,19.5,0.0,0.0,0.0,1.1999999999999997,0.0,1.1999999999999997,ED_VERY_SAFE,TEMP_IDEAL,AQI_GOOD,HUM_COMFORTABLE,WIND_BREEZY,UV_LOW,ZONE_TEMPERATE
Denver,USA,39.7,-104.9,3.4,76,3.8,0.0,4.7,4,1012.8,4.7,3.4,0.0,0.0,32.0,0.0,0.0,32.0,ED_MODERATE_SAFE,TEMP_COLD,AQI_UNHEALTHY,HUM_HUMID,WIND_CALM,UV_LOW,ZONE_TEMPERATE
Denver,USA,39.7,-104.9,10.8,69,7.9,1.5,11.8,1,1019.2,11.8,10.8,0.0,0.0,0.0,0.0,0.0,0.0,ED_VERY_SAFE,TEMP_COOL,AQI_GOOD,HUM_HUMID,WIND_CALM,UV_LOW,ZONE_TEMPERATE
Denver,USA,39.7,-104.9,8.8,47,12.1,5.1,8.7,2,1020.0,8.8,6.845202089215092,0.0,0.0,8.0,5.1,0.0,13.1,ED_VERY_SAFE,TEMP_COLD,AQI_MODERATE,HUM_COMFORTABLE,WIND_BREEZY,UV_MODERATE,ZONE_TEMPERATE
Denver,USA,39.7,-104.9,22.2,36,9.2,5.7,21.5,4,1013.6,22.2,22.2,0.0,0.0,32.0,5.7,0.0,37.7,ED_CAUTION,TEMP_IDEAL,AQI_UNHEALTHY,HUM_COMFORTABLE,WIND_CALM,UV_MODERATE,ZONE_TEMPERATE
Denver,USA,39.7,-104.9,25.2,56,12.1,0.0,25.6,1,1013.2,25.6,25.2,0.0,0.0,0.0,0.0,0.0,0.0,ED_VERY_SAFE,TEMP_WARM,AQI_GOOD,HUM_COMFORTABLE,WIND_BREEZY,UV_LOW,ZONE_TEMPERATE
Denver,USA,39.7,-104.9,15.4,73,1.3,3.1,16.5,5,1003.7,16.5,15.4,0.0,0.0,45.0,3.1,0.0,48.1,ED_CAUTION,TEMP_COOL,AQI_VERY_UNHEALTHY,HUM_HUMID,WIND_CALM,UV_MODERATE,ZONE_TEMPERATE
Denver,USA,39.7,-104.9,19.7,28,26.5,4.7,18.6,5,1021.4,19.7,19.7,0.0,0.0,45.0,4.7,0.0,49.7,ED_CAUTION,TEMP_IDEAL,AQI_VERY_UNHEALTHY,HUM_DRY,WIND_WINDY,UV_MODERATE,ZONE_TEMPERATE
Denver,USA,39.7,-104.9,19.0,61,4.6,0.0,19.6,3,1001.5,19.6,19.0,0.0,0.0,18.0,0.0,0.0,18.0,ED_MODERATE_SAFE,TEMP_IDEAL,AQI_SENSITIVE,HUM_HUMID,WIND_CALM,UV_LOW,ZONE_TEMPERATE
Denver,USA,39.7,-104.9,18.3,36,5.5,3.9,17.6,4,1022.1,18.3,18.3,0.0,0.0,32.0,3.9,0.0,35.9,ED_CAUTION,TEMP_IDEAL,AQI_UNHEALTHY,HUM_COMFORTABLE,WIND_CALM,UV_MODERATE,ZONE_TEMPERATE
Denver,USA,39.7,-104.9,19.5,39,14.5,1.9,19.0,2,1002.6,19.5,19.5,0.0,0.0,8.0,0.0,0.0,8.0,ED_VERY_SAFE,TEMP_IDEAL,AQI_MODERATE,HUM_COMFORTABLE,WIND_BREEZY,UV_LOW,ZONE_TEMPERATE
Denver,USA,39.7,-104.9,21.6,14,22.9,1.1,19.8,1,1015.9,21.6,21.6,0.0,0.0,0.0,0.0,0.0,0.0,ED_VERY_SAFE,TEMP_IDEAL,AQI_GOOD,HUM_DRY,WIND_WINDY,UV_LOW,ZONE_TEMPERATE
Denver,USA,39.7,-104.9,10.8,20,8.6,1.1,9.3,2,1010.4,10.8,10.8,0.0,0.0,8.0,0.0,0.0,8.0,ED_VERY_SAFE,TEMP_COOL,AQI_MODERATE,HUM_DRY,WIND_CALM,UV_LOW,ZONE_TEMPERATE
Denver,USA,39.7,-104.9,19.4,75,8.9,3.4,20.6,3,1022.5,20.6,19.4,0.0,0.0,18.0,3.4,0.0,21.4,ED_MODERATE_SAFE,TEMP_IDEAL,AQI_SENSITIVE,HUM_HUMID,WIND_CALM,UV_MODERATE,ZONE_TEMPERATE
Denver,USA,39.7,-104.9,23.3,62,23.7,6.3,23.9,6,1020.6,23.9,23.3,0.0,0.0,50.0,6.449999999999999,0.0,56.45,ED_DANGEROUS,TEMP_IDEAL,AQI_HAZARDOUS,HUM_HUMID,WIND_WINDY,UV_HIGH,ZONE_TEMPERATE
Denver,USA,39.7,-104.9,23.4,68,10.3,0.9,24.3,3,1014.5,24.3,23.4,0.0,0.0,18.0,0.0,0.0,18.0,ED_MODERATE_SAFE,TEMP_IDEAL,AQI_SENSITIVE,HUM_HUMID,WIND_BREEZY,UV_LOW,ZONE_TEMPERATE
Denver,USA,39.7,-104.9,22.6,60,12.9,0.5,23.1,4,1019.2,23.1,22.6,0.0,0.0,32.0,0.0,0.0,32.0,ED_MODERATE_SAFE,TEMP_IDEAL,AQI_UNHEALTHY,HUM_HUMID,WIND_BREEZY,UV_LOW,ZONE_TEMPERATE
Denver,USA,39.7,-104.9,10.2,28,12.4,5.1,9.2,2,1008.3,10.2,10.2,0.0,0.0,8.0,5.1,0.0,13.1,ED_VERY_SAFE,TEMP_COOL,AQI_MODERATE,HUM_DRY,WIND_BREEZY,UV_MODERATE,ZONE_TEMPERATE
Denver,USA,39.7,-104.9,17.7,49,8.8,0.8,17.6,4,1026.6,17.7,17.7,0.0,0.0,32.0,0.0,0.0,32.0,ED_MODERATE_SAFE,TEMP_COOL,AQI_UNHEALTHY,HUM_COMFORTABLE,WIND_CALM,UV_LOW,ZONE_TEMPERATE
Denver,USA,39.7,-104.9,11.9,51,10.5,8.0,12.0,4,1008.7,12.0,11.9,0.0,0.0,32.0,9.0,0.0,41.0,ED_CAUTION,TEMP_COOL,AQI_UNHEALTHY,HUM_COMFORTABLE,WIND_BREEZY,UV_VERY_HIGH,ZONE_TEMPERATE
Denver,USA,39.7,-104.9,10.4,22,3.2,2.3,9.0,3,1029.8,10.4,10.4,0.0,0.0,18.0,0.8999999999999995,0.0,18.9,ED_MODERATE_SAFE,TEMP_COOL,AQI_SENSITIVE,HUM_DRY,WIND_CALM,UV_LOW,ZONE_TEMPERATE
Denver,USA,39.7,-104.9,16.6,48,15.4,3.9,16.5,1,1010.1,16.6,16.6,0.0,0.0,0.0,3.9,0.0,3.9,ED_VERY_SAFE,TEMP_COOL,AQI_GOOD,HUM_COMFORTABLE,WIND_BREEZY,UV_MODERATE,ZONE_TEMPERATE
Denver,USA,39.7,-104.9,6.6,27,1.8,5.2,5.5,2,1015.8,6.6,6.6,0.0,0.0,8.0,5.2,0.0,13.2,ED_VERY_SAFE,TEMP_COLD,AQI_MODERATE,HUM_DRY,WIND_CALM,UV_MODERATE,ZONE_TEMPERATE
Denver,USA,39.7,-104.9,22.6,32,3.6,5.2,21.7,3,994.7,22.6,22.6,0.0,0.0,18.0,5.2,0.0,23.2,ED_MODERATE_SAFE,TEMP_IDEAL,AQI_SENSITIVE,HUM_COMFORTABLE,WIND_CALM,UV_MODERATE,ZONE_TEMPERATE
Denver,USA,39.7,-104.9,8.9,26,2.3,2.6,7.7,1,1004.4,8.9,8.9,0.0,0.0,0.0,1.8000000000000003,0.0,1.8000000000000003,ED_VERY_SAFE,TEMP_COLD,AQI_GOOD,HUM_DRY,WIND_CALM,UV_LOW,ZONE_TEMPERATE
Denver,USA,39.7,-104.9,9.8,47,14.2,4.4,9.6,1,1022.3,9.8,7.76829481312677,0.0,0.0,0.0,4.4,0.0,4.4,ED_VERY_SAFE,TEMP_COLD,AQI_GOOD,HUM_COMFORTABLE,WIND_BREEZY,UV_MODERATE,ZONE_TEMPERATE
Denver,USA,39.7,-104.9,22.5,5,16.5,5.9,20.3,4,1004.8,22.5,22.5,0.0,0.0,32.0,5.9,0.0,37.9,ED_CAUTION,TEMP_IDEAL,AQI_UNHEALTHY,HUM_DRY,WIND_BREEZY,UV_MODERATE,ZONE_TEMPERATE
Denver,USA,39.7,-104.9,21.6,56,11.1,2.5,21.9,1,1022.7,21.9,21.6,0.0,0.0,0.0,1.5,0.0,1.5,ED_VERY_SAFE,TEMP_IDEAL,AQI_GOOD,HUM_COMFORTABLE,WIND_BREEZY,UV_LOW,ZONE_TEMPERATE
Denver,USA,39.7,-104.9,14.6,52,5.0,2.1,14.7,1,1006.7,14.7,14.6,0.0,0.0,0.0,0.30000000000000027,0.0,0.30000000000000027,ED_VERY_SAFE,TEMP_COOL,AQI_GOOD,HUM_COMFORTABLE,WIND_CALM,UV_LOW,ZONE_TEMPERATE
Denver,USA,39.7,-104.9,12.0,61,2.8,3.3,12.6,2,1009.5,12.6,12.0,0.0,0.0,8.0,3.3,0.0,11.3,ED_VERY_SAFE,TEMP_COOL,AQI_MODERATE,HUM_HUMID,WIND_CALM,UV_MODERATE,ZONE_TEMPERATE
Denver,USA,39.7,-104.9,18.4,54,8.5,0.0,18.5,4,1014.8,18.5,18.4,0.0,0.0,32.0,0.0,0.0,32.0,ED_MODERATE_SAFE,TEMP_IDEAL,AQI_UNHEALTHY,HUM_COMFORTABLE,WIND_CALM,UV_LOW,ZONE_TEMPERATE
Denver,USA,39.7,-104.9,13.9,32,7.6,7.3,13.0,3,1008.2,13.9,13.9,0.0,0.0,18.0,7.949999999999999,0.0,25.95,ED_MODERATE_SAFE,TEMP_COOL,AQI_SENSITIVE,HUM_COMFORTABLE,WIND_CALM,UV_HIGH,ZONE_TEMPERATE
Denver,USA,39.7,-104.9,19.1,27,5.4,5.4,17.9,3,1020.7,19.1,19.1,0.0,0.0,18.0,5.4,0.0,23.4,ED_MODERATE_SAFE,TEMP_IDEAL,AQI_SENSITIVE,HUM_DRY,WIND_CALM,UV_MODERATE,ZONE_TEMPERATE
Denver,USA,39.7,-104.9,12.4,27,8.0,0.0,11.3,4,1015.9,12.4,12.4,0.0,0.0,32.0,0.0,0.0,32.0,ED_MODERATE_SAFE,TEMP_COOL,AQI_UNHEALTHY,HUM_DRY,WIND_CALM,UV_LOW,ZONE_TEMPERATE
Denver,USA,39.7,-104.9,25.2,61,14.3,2.3,25.8,2,996.9,25.8,25.2,0.0,0.0,8.0,0.8999999999999995,0.0,8.899999999999999,ED_VERY_SAFE,TEMP_WARM,AQI_MODERATE,HUM_HUMID,WIND_BREEZY,UV_LOW,ZONE_TEMPERATE
Denver,USA,39.7,-104.9,21.0,42,4.8,5.4,20.6,3,1010.0,21.0,21.0,0.0,0.0,18.0,5.4,0.0,23.4,ED_MODERATE_SAFE,TEMP_IDEAL,AQI_SENSITIVE,HUM_COMFORTABLE,WIND_CALM,UV_MODERATE,ZONE_TEMPERATE
Denver,USA,39.7,-104.9,11.2,48,18.4,3.2,11.1,2,1004.5,11.2,11.2,0.0,0.0,8.0,3.2,0.0,11.2,ED_VERY_SAFE,TEMP_COOL,AQI_MODERATE,HUM_COMFORTABLE,WIND_BREEZY,UV_MODERATE,ZONE_TEMPERATE
Denver,USA,39.7,-104.9,23.7,16,5.5,3.2,22.0,1,1005.0,23.7,23.7,0.0,0.0,0.0,3.2,0.0,3.2,ED_VERY_SAFE,TEMP_IDEAL,AQI_GOOD,HUM_DRY,WIND_CALM,UV_MODERATE,ZONE_TEMPERATE
Denver,USA,39.7,-104.9,26.4,73,6.4,3.1,28.0,2,1027.3,28.0,26.4,3.0,0.0,8.0,3.1,0.0,14.1,ED_VERY_SAFE,TEMP_WARM,AQI_MODERATE,HUM_HUMID,WIND_CALM,UV_MODERATE,ZONE_TEMPERATE
Denver,USA,39.7,-104.9,20.3,73,23.5,4.5,21.4,2,1006.5,21.4,20.3,0.0,0.0,8.0,4.5,0.0,12.5,ED_VERY_SAFE,TEMP_IDEAL,AQI_MODERATE,HUM_HUMID,WIND_WINDY,UV_MODERATE,ZONE_TEMPERATE
Denver,USA,39.7,-104.9,17.7,23,1.6,8.3,16.4,1,1013.8,17.7,17.7,0.0,0.0,0.0,9.3,0.0,9.3,ED_VERY_SAFE,TEMP_COOL,AQI_GOOD,HUM_DRY,WIND_CALM,UV_VERY_HIGH,ZONE_TEMPERATE
Denver,USA,39.7,-104.9,22.4,43,30.6,1.3,22.1,2,1003.6,22.4,22.4,0.0,0.0,8.0,0.0,0.0,8.0,ED_VERY_SAFE,TEMP_IDEAL,AQI_MODERATE,HUM_COMFORTABLE,WIND_WINDY,UV_LOW,ZONE_TEMPERATE
Denver,USA,39.7,-104.9,21.7,32,14.0,6.1,20.8,4,1016.9,21.7,21.7,0.0,0.0,32.0,6.1499999999999995,0.0,38.15,ED_CAUTION,TEMP_IDEAL,AQI_UNHEALTHY,HUM_COMFORTABLE,WIND_BREEZY,UV_HIGH,ZONE_TEMPERATE
Denver,USA,39.7,-104.9,11.7,72,7.9,1.8,12.8,4,1029.9,12.8,11.7,0.0,0.0,32.0,0.0,0.0,32.0,ED_MODERATE_SAFE,TEMP_COOL,AQI_UNHEALTHY,HUM_HUMID,WIND_CALM,UV_LOW,ZONE_TEMPERATE
Denver,USA,39.7,-104.9,20.0,64,24.6,0.0,20.6,1,1009.2,20.6,20.0,0.0,0.0,0.0,0.0,0.0,0.0,ED_VERY_SAFE,TEMP_IDEAL,AQI_GOOD,HUM_HUMID,WIND_WINDY,UV_LOW,ZONE_TEMPERATE
Denver,USA,39.7,-104.9,15.2,33,17.8,3.8,14.3,1,1010.8,15.2,15.2,0.0,0.0,0.0,3.8,0.0,3.8,ED_VERY_SAFE,TEMP_COOL,AQI_GOOD,HUM_COMFORTABLE,WIND_BREEZY,UV_MODERATE,ZONE_TEMPERATE
Denver,USA,39.7,-104.9,14.9,46,14.0,2.0,14.7,5,1021.9,14.9,14.9,0.0,0.0,45.0,0.0,0.0,45.0,ED_CAUTION,TEMP_COOL,AQI_VERY_UNHEALTHY,HUM_COMFORTABLE,WIND_BREEZY,UV_LOW,ZONE_TEMPERATE
Denver,USA,39.7,-104.9,12.9,16,19.7,3.0,11.2,2,1009.2,12.9,12.9,0.0,0.0,8.0,3.0,0.0,11.0,ED_VERY_SAFE,TEMP_COOL,AQI_MODERATE,HUM_DRY,WIND_BREEZY,UV_MODERATE,ZONE_TEMPERATE
Denver,USA,39.7,-104.9,8.6,46,12.6,7.7,8.4,2,993.3,8.6,6.525628976115313,0.0,0.0,8.0,8.55,0.0,16.55,ED_MODERATE_SAFE,TEMP_COLD,AQI_MODERATE,HUM_COMFORTABLE,WIND_BREEZY,UV_HIGH,ZONE_TEMPERATE
Denver,USA,39.7,-104.9,21.6,54,23.6,2.5,21.8,4,1016.3,21.8,21.6,0.0,0.0,32.0,1.5,0.0,33.5,ED_MODERATE_SAFE,TEMP_IDEAL,AQI_UNHEALTHY,HUM_COMFORTABLE,WIND_WINDY,UV_LOW,ZONE_TEMPERATE
Denver,USA,39.7,-104.9,22.3,59,11.4,4.8,22.7,1,1023.4,22.7,22.3,0.0,0.0,0.0,4.8,0.0,4.8,ED_VERY_SAFE,TEMP_IDEAL,AQI_GOOD,HUM_COMFORTABLE,WIND_BREEZY,UV_MODERATE,ZONE_TEMPERATE
Denver,USA,39.7,-104.9,20.4,64,4.6,1.5,21.1,3,1020.3,21.1,20.4,0.0,0.0,18.0,0.0,0.0,18.0,ED_MODERATE_SAFE,TEMP_IDEAL,AQI_SENSITIVE,HUM_HUMID,WIND_CALM,UV_LOW,ZONE_TEMPERATE
Denver,USA,39.7,-104.9,23.3,27,41.3,0.3,22.1,1,1021.4,23.3,23.3,0.0,0.0,0.0,0.0,0.0,0.0,ED_VERY_SAFE,TEMP_IDEAL,AQI_GOOD,HUM_DRY,WIND_STRONG,UV_LOW,ZONE_TEMPERATE
Denver,USA,39.7,-104.9,19.0,79,7.8,0.3,20.4,2,1006.9,20.4,19.0,0.0,0.0,8.0,0.0,0.0,8.0,ED_VERY_SAFE,TEMP_IDEAL,AQI_MODERATE,HUM_HUMID,WIND_CALM,UV_LOW,ZONE_TEMPERATE
Denver,USA,39.7,-104.9,12.9,21,16.7,7.4,11.5,3,1019.0,12.9,12.9,0.0,0.0,18.0,8.100000000000001,0.0,26.1,ED_MODERATE_SAFE,TEMP_COOL,AQI_SENSITIVE,HUM_DRY,WIND_BREEZY,UV_HIGH,ZONE_TEMPERATE
Denver,USA,39.7,-104.9,16.6,65,4.3,3.7,17.4,2,1011.7,17.4,16.6,0.0,0.0,8.0,3.7,0.0,11.7,ED_VERY_SAFE,TEMP_COOL,AQI_MODERATE,HUM_HUMID,WIND_CALM,UV_MODERATE,ZONE_TEMPERATE
Denver,USA,39.7,-104.9,11.7,54,14.9,0.0,11.9,2,1024.8,11.9,11.7,0.0,0.0,8.0,0.0,0.0,8.0,ED_VERY_SAFE,TEMP_COOL,AQI_MODERATE,HUM_COMFORTABLE,WIND_BREEZY,UV_LOW,ZONE_TEMPERATE
Denver,USA,39.7,-104.9,8.9,41,10.0,0.0,8.5,1,1005.8,8.9,7.317439941615572,0.0,0.0,0.0,0.0,0.0,0.0,ED_VERY_SAFE,TEMP_COLD,AQI_GOOD,HUM_COMFORTABLE,WIND_BREEZY,UV_LOW,ZONE_TEMPERATE
Denver,USA,39.7,-104.9,12.7,31,9.2,5.1,11.7,1,1014.3,12.7,12.7,0.0,0.0,0.0,5.1,0.0,5.1,ED_VERY_SAFE,TEMP_COOL,AQI_GOOD,HUM_COMFORTABLE,WIND_CALM,UV_MODERATE,ZONE_TEMPERATE
Denver,USA,39.7,-104.9,12.3,45,2.7,1.2,12.0,2,1021.1,12.3,12.3,0.0,0.0,8.0,0.0,0.0,8.0,ED_VERY_SAFE,TEMP_COOL,AQI_MODERATE,HUM_COMFORTABLE,WIND_CALM,UV_LOW,ZONE_TEMPERATE
Denver,USA,39.7,-104.9,13.8,79,15.5,6.3,15.2,2,1013.6,15.2,13.8,0.0,0.0,8.0,6.449999999999999,0.0,14.45,ED_VERY_SAFE,TEMP_COOL,AQI_MODERATE,HUM_HUMID,WIND_BREEZY,UV_HIGH,ZONE_TEMPERATE
Denver,USA,39.7,-104.9,18.0,63,9.7,2.6,18.7,1,1020.2,18.7,18.0,0.0,0.0,0.0,1.8000000000000003,0.0,1.8000000000000003,ED_VERY_SAFE,TEMP_IDEAL,AQI_GOOD,HUM_HUMID,WIND_CALM,UV_LOW,ZONE_TEMPERATE
Denver,USA,39.7,-104.9,14.8,55,9.3,0.0,15.0,3,1010.5,15.0,14.8,0.0,0.0,18.0,0.0,0.0,18.0,ED_MODERATE_SAFE,TEMP_COOL,AQI_SENSITIVE,HUM_COMFORTABLE,WIND_CALM,UV_LOW,ZONE_TEMPERATE
Denver,USA,39.7,-104.9,14.0,50,2.7,0.9,14.0,2,1013.1,14.0,14.0,0.0,0.0,8.0,0.0,0.0,8.0,ED_VERY_SAFE,TEMP_COOL,AQI_MODERATE,HUM_COMFORTABLE,WIND_CALM,UV_LOW,ZONE_TEMPERATE
Denver,USA,39.7,-104.9,14.6,51,15.0,7.5,14.7,1,1014.5,14.7,14.6,0.0,0.0,0.0,8.25,0.0,8.25,ED_VERY_SAFE,TEMP_COOL,AQI_GOOD,HUM_COMFORTABLE,WIND_BREEZY,UV_HIGH,ZONE_TEMPERATE
Denver,USA,39.7,-104.9,16.4,52,8.3,2.7,16.5,5,1004.6,16.5,16.4,0.0,0.0,45.0,2.1000000000000005,0.0,47.1,ED_CAUTION,TEMP_COOL,AQI_VERY_UNHEALTHY,HUM_COMFORTABLE,WIND_CALM,UV_LOW,ZONE_TEMPERATE
Denver,USA,39.7,-104.9,23.2,40,14.0,0.0,22.7,5,1030.9,23.2,23.2,0.0,0.0,45.0,0.0,0.0,45.0,ED_CAUTION,TEMP_IDEAL,AQI_VERY_UNHEALTHY,HUM_COMFORTABLE,WIND_BREEZY,UV_LOW,ZONE_TEMPERATE
Denver,USA,39.7,-104.9,15.5,35,8.1,0.6,14.7,6,1027.6,15.5,15.5,0.0,0.0,50.0,0.0,0.0,50.0,ED_CAUTION,TEMP_COOL,AQI_HAZARDOUS,HUM_COMFORTABLE,WIND_CALM,UV_LOW,ZONE_TEMPERATE
Denver,USA,39.7,-104.9,16.3,21,6.7,3.5,14.9,1,1011.9,16.3,16.3,0.0,0.0,0.0,3.5,0.0,3.5,ED_VERY_SAFE,TEMP_COOL,AQI_GOOD,HUM_DRY,WIND_CALM,UV_MODERATE,ZONE_TEMPERATE
Denver,USA,39.7,-104.9,16.0,49,14.2,0.0,15.9,3,1016.8,16.0,16.0,0.0,0.0,18.0,0.0,0.0,18.0,ED_MODERATE_SAFE,TEMP_COOL,AQI_SENSITIVE,HUM_COMFORTABLE,WIND_BREEZY,UV_LOW,ZONE_TEMPERATE
Denver,USA,39.7,-104.9,10.3,40,5.2,4.2,9.8,4,1022.5,10.3,10.3,0.0,0.0,32.0,4.2,0.0,36.2,ED_CAUTION,TEMP_COOL,AQI_UNHEALTHY,HUM_COMFORTABLE,WIND_CALM,UV_MODERATE,ZONE_TEMPERATE
Denver,USA,39.7,-104.9,25.6,9,2.5,3.2,23.7,6,1026.7,25.6,25.6,0.0,0.0,50.0,3.2,0.0,53.2,ED_CAUTION,TEMP_WARM,AQI_HAZARDOUS,HUM_DRY,WIND_CALM,UV_MODERATE,ZONE_TEMPERATE
Denver,USA,39.7,-104.9,16.2,56,11.4,6.9,16.5,1,1020.1,16.5,16.2,0.0,0.0,0.0,7.3500000000000005,0.0,7.3500000000000005,ED_VERY_SAFE,TEMP_COOL,AQI_GOOD,HUM_COMFORTABLE,WIND_BREEZY,UV_HIGH,ZONE_TEMPERATE
Denver,USA,39.7,-104.9,17.8,58,16.0,0.0,18.2,1,1007.7,18.2,17.8,0.0,0.0,0.0,0.0,0.0,0.0,ED_VERY_SAFE,TEMP_COOL,AQI_GOOD,HUM_COMFORTABLE,WIND_BREEZY,UV_LOW,ZONE_TEMPERATE
Denver,USA,39.7,-104.9,5.7,67,1.4,8.6,6.5,1,1000.9,6.5,5.7,0.0,0.0,0.0,9.6,0.0,9.6,ED_VERY_SAFE,TEMP_COLD,AQI_GOOD,HUM_HUMID,WIND_CALM,UV_VERY_HIGH,ZONE_TEMPERATE
Denver,USA,39.7,-104.9,19.1,40,10.5,4.7,18.6,1,1006.0,19.1,19.1,0.0,0.0,0.0,4.7,0.0,4.7,ED_VERY_SAFE,TEMP_IDEAL,AQI_GOOD,HUM_COMFORTABLE,WIND_BREEZY,UV_MODERATE,ZONE_TEMPERATE
Denver,USA,39.7,-104.9,11.9,47,14.0,7.4,11.7,4,1019.4,11.9,11.9,0.0,0.0,32.0,8.100000000000001,0.0,40.1,ED_CAUTION,TEMP_COOL,AQI_UNHEALTHY,HUM_COMFORTABLE,WIND_BREEZY,UV_HIGH,ZONE_TEMPERATE
Denver,USA,39.7,-104.9,17.4,45,12.6,0.7,17.1,3,1020.0,17.4,17.4,0.0,0.0,18.0,0.0,0.0,18.0,ED_MODERATE_SAFE,TEMP_COOL,AQI_SENSITIVE,HUM_COMFORTABLE,WIND_BREEZY,UV_LOW,ZONE_TEMPERATE
Denver,USA,39.7,-104.9,19.6,56,5.6,0.0,19.9,2,1011.6,19.9,19.6,0.0,0.0,8.0,0.0,0.0,8.0,ED_VERY_SAFE,TEMP_IDEAL,AQI_MODERATE,HUM_COMFORTABLE,WIND_CALM,UV_LOW,ZONE_TEMPERATE
Denver,USA,39.7,-104.9,9.3,100,20.6,0.0,11.8,3,1013.8,11.8,6.434035304047112,0.0,0.0,18.0,0.0,0.0,18.0,ED_MODERATE_SAFE,TEMP_COLD,AQI_SENSITIVE,HUM_VERY_HUMID,WIND_WINDY,UV_LOW,ZONE_TEMPERATE
Denver,USA,39.7,-104.9,13.1,66,4.3,4.2,13.9,5,1014.2,13.9,13.1,0.0,0.0,45.0,4.2,0.0,49.2,ED_CAUTION,TEMP_COOL,AQI_VERY_UNHEALTHY,HUM_HUMID,WIND_CALM,UV_MODERATE,ZONE_TEMPERATE
Denver,USA,39.7,-104.9,21.8,61,13.9,11.5,22.4,2,1009.3,22.4,21.8,0.0,0.0,8.0,12.0,0.0,20.0,ED_MODERATE_SAFE,TEMP_IDEAL,AQI_MODERATE,HUM_HUMID,WIND_BREEZY,UV_EXTREME,ZONE_TEMPERATE
Denver,USA,39.7,-104.9,16.0,30,15.4,4.7,15.0,1,1005.2,16.0,16.0,0.0,0.0,0.0,4.7,0.0,4.7,ED_VERY_SAFE,TEMP_COOL,AQI_GOOD,HUM_COMFORTABLE,WIND_BREEZY,UV_MODERATE,ZONE_TEMPERATE
Denver,USA,39.7,-104.9,17.2,46,9.8,8.3,17.0,1,1006.3,17.2,17.2,0.0,0.0,0.0,9.3,0.0,9.3,ED_VERY_SAFE,TEMP_COOL,AQI_GOOD,HUM_COMFORTABLE,WIND_CALM,UV_VERY_HIGH,ZONE_TEMPERATE
Denver,USA,39.7,-104.9,14.0,41,11.6,3.2,13.6,6,1014.1,14.0,14.0,0.0,0.0,50.0,3.2,0.0,53.2,ED_CAUTION,TEMP_COOL,AQI_HAZARDOUS,HUM_COMFORTABLE,WIND_BREEZY,UV_MODERATE,ZONE_TEMPERATE
Denver,USA,39.7,-104.9,17.6,57,47.6,1.6,18.0,1,1016.7,18.0,17.6,0.0,0.0,0.0,0.0,0.0,0.0,ED_VERY_SAFE,TEMP_COOL,AQI_GOOD,HUM_COMFORTABLE,WIND_STRONG,UV_LOW,ZONE_TEMPERATE
Denver,USA,39.7,-104.9,24.1,24,6.2,5.1,22.8,4,1008.3,24.1,24.1,0.0,0.0,32.0,5.1,0.0,37.1,ED_CAUTION,TEMP_IDEAL,AQI_UNHEALTHY,HUM_DRY,WIND_CALM,UV_MODERATE,ZONE_TEMPERATE
Denver,USA,39.7,-104.9,13.3,48,8.2,2.0,13.2,2,1017.0,13.3,13.3,0.0,0.0,8.0,0.0,0.0,8.0,ED_VERY_SAFE,TEMP_COOL,AQI_MODERATE,HUM_COMFORTABLE,WIND_CALM,UV_LOW,ZONE_TEMPERATE
Denver,USA,39.7,-104.9,22.1,51,13.9,2.7,22.2,4,1006.6,22.2,22.1,0.0,0.0,32.0,2.1000000000000005,0.0,34.1,ED_MODERATE_SAFE,TEMP_IDEAL,AQI_UNHEALTHY,HUM_COMFORTABLE,WIND_BREEZY,UV_LOW,ZONE_TEMPERATE
Denver,USA,39.7,-104.9,17.3,36,16.5,3.5,16.6,1,997.0,17.3,17.3,0.0,0.0,0.0,3.5,0.0,3.5,ED_VERY_SAFE,TEMP_COOL,AQI_GOOD,HUM_COMFORTABLE,WIND_BREEZY,UV_MODERATE,ZONE_TEMPERATE
Denver,USA,39.7,-104.9,11.8,61,24.2,3.9,12.4,1,1012.7,12.4,11.8,0.0,0.0,0.0,3.9,0.0,3.9,ED_VERY_SAFE,TEMP_COOL,AQI_GOOD,HUM_HUMID,WIND_WINDY,UV_MODERATE,ZONE_TEMPERATE
Denver,USA,39.7,-104.9,18.5,81,9.3,7.0,20.1,5,1020.0,20.1,18.5,0.0,0.0,45.0,7.5,0.0,52.5,ED_CAUTION,TEMP_IDEAL,AQI_VERY_UNHEALTHY,HUM_VERY_HUMID,WIND_CALM,UV_HIGH,ZONE_TEMPERATE
Denver,USA,39.7,-104.9,21.2,5,19.1,2.9,19.0,1,994.5,21.2,21.2,0.0,0.0,0.0,2.6999999999999997,0.0,2.6999999999999997,ED_VERY_SAFE,TEMP_IDEAL,AQI_GOOD,HUM_DRY,WIND_BREEZY,UV_LOW,ZONE_TEMPERATE
Denver,USA,39.7,-104.9,17.0,19,2.4,4.5,15.5,5,1022.2,17.0,17.0,0.0,0.0,45.0,4.5,0.0,49.5,ED_CAUTION,TEMP_COOL,AQI_VERY_UNHEALTHY,HUM_DRY,WIND_CALM,UV_MODERATE,ZONE_TEMPERATE
Denver,USA,39.7,-104.9,16.3,44,4.4,0.0,16.0,3,1006.8,16.3,16.3,0.0,0.0,18.0,0.0,0.0,18.0,ED_MODERATE_SAFE,TEMP_COOL,AQI_SENSITIVE,HUM_COMFORTABLE,WIND_CALM,UV_LOW,ZONE_TEMPERATE
Bangkok,Thailand,13.7,100.5,16.9,45,18.8,7.0,16.6,2,1028.1,16.9,16.9,0.0,0.0,8.0,7.5,0.0,15.5,ED_MODERATE_SAFE,TEMP_COOL,AQI_MODERATE,HUM_COMFORTABLE,WIND_BREEZY,UV_HIGH,ZONE_TROPICAL
Bangkok,Thailand,13.7,100.5,11.3,84,8.7,2.8,13.0,1,1009.7,13.0,11.3,0.0,0.0,0.0,2.3999999999999995,0.0,2.3999999999999995,ED_VERY_SAFE,TEMP_COOL,AQI_GOOD,HUM_VERY_HUMID,WIND_CALM,UV_LOW,ZONE_TROPICAL
Bangkok,Thailand,13.7,100.5,22.4,100,6.6,1.8,24.9,6,1010.4,24.9,22.4,0.0,0.0,50.0,0.0,0.0,50.0,ED_CAUTION,TEMP_IDEAL,AQI_HAZARDOUS,HUM_VERY_HUMID,WIND_CALM,UV_LOW,ZONE_TROPICAL
Bangkok,Thailand,13.7,100.5,27.8,55,15.9,5.7,28.9,3,1016.2,28.9,27.8,5.699999999999996,0.0,18.0,5.7,0.0,29.399999999999995,ED_MODERATE_SAFE,TEMP_WARM,AQI_SENSITIVE,HUM_COMFORTABLE,WIND_BREEZY,UV_MODERATE,ZONE_TROPICAL
Bangkok,Thailand,13.7,100.5,15.3,42,12.9,6.2,14.9,5,1011.4,15.3,15.3,0.0,0.0,45.0,6.300000000000001,0.0,51.3,ED_CAUTION,TEMP_COOL,AQI_VERY_UNHEALTHY,HUM_COMFORTABLE,WIND_BREEZY,UV_HIGH,ZONE_TROPICAL
Bangkok,Thailand,13.7,100.5,23.5,94,3.4,4.8,25.7,3,1025.6,25.7,23.5,0.0,0.0,18.0,4.8,0.0,22.8,ED_MODERATE_SAFE,TEMP_IDEAL,AQI_SENSITIVE,HUM_VERY_HUMID,WIND_CALM,UV_MODERATE,ZONE_TROPICAL
Bangkok,Thailand,13.7,100.5,21.5,42,13.4,0.0,21.1,1,1013.1,21.5,21.5,0.0,0.0,0.0,0.0,0.0,0.0,ED_VERY_SAFE,TEMP_IDEAL,AQI_GOOD,HUM_COMFORTABLE,WIND_BREEZY,UV_LOW,ZONE_TROPICAL
Bangkok,Thailand,13.7,100.5,17.1,59,9.5,0.5,17.5,1,1015.9,17.5,17.1,0.0,0.0,0.0,0.0,0.0,0.0,ED_VERY_SAFE,TEMP_COOL,AQI_GOOD,HUM_COMFORTABLE,WIND_CALM,UV_LOW,ZONE_TROPICAL
Bangkok,Thailand,13.7,100.5,25.3,60,25.8,8.5,25.9,1,1023.4,25.9,25.3,0.0,0.0,0.0,9.5,0.0,9.5,ED_VERY_SAFE,TEMP_WARM,AQI_GOOD,HUM_HUMID,WIND_WINDY,UV_VERY_HIGH,ZONE_TROPICAL
Bangkok,Thailand,13.7,100.5,30.1,58,4.1,5.4,32.1,2,1001.6,32.1,30.1,15.16666666666667,0.0,8.0,5.4,0.0,28.56666666666667,ED_MODERATE_SAFE,TEMP_HOT,AQI_MODERATE,HUM_COMFORTABLE,WIND_CALM,UV_MODERATE,ZONE_TROPICAL
Bangkok,Thailand,13.7,100.5,24.4,69,5.6,9.9,25.3,1,1022.4,25.3,24.4,0.0,0.0,0.0,10.9,0.0,10.9,ED_VERY_SAFE,TEMP_IDEAL,AQI_GOOD,HUM_HUMID,WIND_CALM,UV_VERY_HIGH,ZONE_TROPICAL
Bangkok,Thailand,13.7,100.5,27.8,59,14.6,2.5,29.0,2,1014.1,29.0,27.8,6.0,0.0,8.0,1.5,0.0,15.5,ED_MODERATE_SAFE,TEMP_WARM,AQI_MODERATE,HUM_COMFORTABLE,WIND_BREEZY,UV_LOW,ZONE_TROPICAL
Bangkok,Thailand,13.7,100.5,25.3,61,10.9,5.9,25.9,1,1010.1,25.9,25.3,0.0,0.0,0.0,5.9,0.0,5.9,ED_VERY_SAFE,TEMP_WARM,AQI_GOOD,HUM_HUMID,WIND_BREEZY,UV_MODERATE,ZONE_TROPICAL
Bangkok,Thailand,13.7,100.5,19.7,52,9.7,4.6,19.8,2,1015.6,19.8,19.7,0.0,0.0,8.0,4.6,0.0,12.6,ED_VERY_SAFE,TEMP_IDEAL,AQI_MODERATE,HUM_COMFORTABLE,WIND_CALM,UV_MODERATE,ZONE_TROPICAL
Bangkok,Thailand,13.7,100.5,25.0,54,8.7,2.0,25.2,2,1008.9,25.2,25.0,0.0,0.0,8.0,0.0,0.0,8.0,ED_VERY_SAFE,TEMP_WARM,AQI_MODERATE,HUM_COMFORTABLE,WIND_CALM,UV_LOW,ZONE_TROPICAL
Bangkok,Thailand,13.7,100.5,25.3,85,6.5,4.8,27.1,4,1012.4,27.1,25.3,0.30000000000000426,0.0,32.0,4.8,0.0,37.1,ED_CAUTION,TEMP_WARM,AQI_UNHEALTHY,HUM_VERY_HUMID,WIND_CALM,UV_MODERATE,ZONE_TROPICAL
Bangkok,Thailand,13.7,100.5,22.0,66,10.4,9.5,22.8,1,1012.2,22.8,22.0,0.0,0.0,0.0,10.5,0.0,10.5,ED_VERY_SAFE,TEMP_IDEAL,AQI_GOOD,HUM_HUMID,WIND_BREEZY,UV_VERY_HIGH,ZONE_TROPICAL
Bangkok,Thailand,13.7,100.5,34.6,74,20.1,0.0,38.6,1,1016.1,38.6,34.6,26.000000000000004,0.0,0.0,0.0,0.0,26.000000000000004,ED_MODERATE_SAFE,TEMP_HOT,AQI_GOOD,HUM_HUMID,WIND_WINDY,UV_LOW,ZONE_TROPICAL
Bangkok,Thailand,13.7,100.5,28.0,59,3.6,3.9,29.3,1,1007.5,29.3,28.0,6.900000000000002,0.0,0.0,3.9,0.0,10.800000000000002,ED_VERY_SAFE,TEMP_WARM,AQI_GOOD,HUM_COMFORTABLE,WIND_CALM,UV_MODERATE,ZONE_TROPICAL
Bangkok,Thailand,13.7,100.5,21.3,43,25.6,7.3,21.0,3,1013.3,21.3,21.3,0.0,0.0,18.0,7.949999999999999,0.0,25.95,ED_MODERATE_SAFE,TEMP_IDEAL,AQI_SENSITIVE,HUM_COMFORTABLE,WIND_WINDY,UV_HIGH,ZONE_TROPICAL
Bangkok,Thailand,13.7,100.5,30.7,59,14.5,6.9,32.9,4,1015.6,32.9,30.7,16.499999999999996,0.0,32.0,7.3500000000000005,8.625,64.475,ED_DANGEROUS,TEMP_HOT,AQI_UNHEALTHY,HUM_COMFORTABLE,WIND_BREEZY,UV_HIGH,ZONE_TROPICAL
Bangkok,Thailand,13.7,100.5,20.6,67,8.6,6.5,21.5,2,1012.9,21.5,20.6,0.0,0.0,8.0,6.75,0.0,14.75,ED_VERY_SAFE,TEMP_IDEAL,AQI_MODERATE,HUM_HUMID,WIND_CALM,UV_HIGH,ZONE_TROPICAL
Bangkok,Thailand,13.7,100.5,32.6,70,5.4,3.0,35.9,3,1008.5,35.9,32.6,21.5,0.0,18.0,3.0,0.0,42.5,ED_CAUTION,TEMP_HOT,AQI_SENSITIVE,HUM_HUMID,WIND_CALM,UV_MODERATE,ZONE_TROPICAL
Bangkok,Thailand,13.7,100.5,17.0,53,16.9,3.9,17.2,2,1011.6,17.2,17.0,0.0,0.0,8.0,3.9,0.0,11.9,ED_VERY_SAFE,TEMP_COOL,AQI_MODERATE,HUM_COMFORTABLE,WIND_BREEZY,UV_MODERATE,ZONE_TROPICAL
Bangkok,Thailand,13.7,100.5,26.9,56,3.9,1.4,27.7,4,1009.7,27.7,26.9,2.099999999999998,0.0,32.0,0.0,0.0,34.099999999999994,ED_MODERATE_SAFE,TEMP_WARM,AQI_UNHEALTHY,HUM_COMFORTABLE,WIND_CALM,UV_LOW,ZONE_TROPICAL
Bangkok,Thailand,13.7,100.5,29.5,61,24.2,3.0,31.3,1,1007.2,31.3,29.5,12.900000000000002,0.0,0.0,3.0,0.0,15.900000000000002,ED_MODERATE_SAFE,TEMP_WARM,AQI_GOOD,HUM_HUMID,WIND_WINDY,UV_MODERATE,ZONE_TROPICAL
Bangkok,Thailand,13.7,100.5,28.4,66,5.2,6.0,30.3,1,1012.4,30.3,28.4,9.900000000000002,0.0,0.0,6.0,0.0,15.900000000000002,ED_MODERATE_SAFE,TEMP_WARM,AQI_GOOD,HUM_HUMID,WIND_CALM,UV_HIGH,ZONE_TROPICAL
Bangkok,Thailand,13.7,100.5,20.4,45,5.1,5.0,20.1,5,1021.1,20.4,20.4,0.0,0.0,45.0,5.0,0.0,50.0,ED_CAUTION,TEMP_IDEAL,AQI_VERY_UNHEALTHY,HUM_COMFORTABLE,WIND_CALM,UV_MODERATE,ZONE_TROPICAL
Bangkok,Thailand,13.7,100.5,15.0,49,20.3,1.2,14.9,3,1019.2,15.0,15.0,0.0,0.0,18.0,0.0,0.0,18.0,ED_MODERATE_SAFE,TEMP_COOL,AQI_SENSITIVE,HUM_COMFORTABLE,WIND_WINDY,UV_LOW,ZONE_TROPICAL
Bangkok,Thailand,13.7,100.5,15.4,48,1.0,2.7,15.3,4,1019.2,15.4,15.4,0.0,0.0,32.0,2.1000000000000005,0.0,34.1,ED_MODERATE_SAFE,TEMP_COOL,AQI_UNHEALTHY,HUM_COMFORTABLE,WIND_CALM,UV_LOW,ZONE_TROPICAL
Bangkok,Thailand,13.7,100.5,15.9,76,3.3,5.5,17.2,1,997.7,17.2,15.9,0.0,0.0,0.0,5.5,0.0,5.5,ED_VERY_SAFE,TEMP_COOL,AQI_GOOD,HUM_HUMID,WIND_CALM,UV_MODERATE,ZONE_TROPICAL
Bangkok,Thailand,13.7,100.5,12.6,43,15.6,4.2,12.3,4,997.7,12.6,12.6,0.0,0.0,32.0,4.2,0.0,36.2,ED_CAUTION,TEMP_COOL,AQI_UNHEALTHY,HUM_COMFORTABLE,WIND_BREEZY,UV_MODERATE,ZONE_TROPICAL
Bangkok,Thailand,13.7,100.5,12.7,79,2.2,3.3,14.1,1,1017.6,14.1,12.7,0.0,0.0,0.0,3.3,0.0,3.3,ED_VERY_SAFE,TEMP_COOL,AQI_GOOD,HUM_HUMID,WIND_CALM,UV_MODERATE,ZONE_TROPICAL
Bangkok,Thailand,13.7,100.5,31.2,51,4.9,7.1,33.2,2,993.6,33.2,31.2,17.000000000000004,0.0,8.0,7.6499999999999995,0.0,32.650000000000006,ED_MODERATE_SAFE,TEMP_HOT,AQI_MODERATE,HUM_COMFORTABLE,WIND_CALM,UV_HIGH,ZONE_TROPICAL
Bangkok,Thailand,13.7,100.5,17.2,72,8.8,7.3,18.3,3,1009.2,18.3,17.2,0.0,0.0,18.0,7.949999999999999,0.0,25.95,ED_MODERATE_SAFE,TEMP_COOL,AQI_SENSITIVE,HUM_HUMID,WIND_CALM,UV_HIGH,ZONE_TROPICAL
Bangkok,Thailand,13.7,100.5,28.8,70,12.8,8.1,30.9,4,1022.0,30.9,28.8,11.699999999999996,0.0,32.0,9.1,0.0,52.8,ED_CAUTION,TEMP_WARM,AQI_UNHEALTHY,HUM_HUMID,WIND_BREEZY,UV_VERY_HIGH,ZONE_TROPICAL
Bangkok,Thailand,13.7,100.5,21.2,67,9.5,3.8,22.1,1,999.4,22.1,21.2,0.0,0.0,0.0,3.8,0.0,3.8,ED_VERY_SAFE,TEMP_IDEAL,AQI_GOOD,HUM_HUMID,WIND_CALM,UV_MODERATE,ZONE_TROPICAL
Bangkok,Thailand,13.7,100.5,26.2,79,14.8,7.0,28.0,1,1015.7,28.0,26.2,3.0,0.0,0.0,7.5,0.0,10.5,ED_VERY_SAFE,TEMP_WARM,AQI_GOOD,HUM_HUMID,WIND_BREEZY,UV_HIGH,ZONE_TROPICAL
Bangkok,Thailand,13.7,100.5,15.2,38,13.9,7.3,14.6,2,1012.2,15.2,15.2,0.0,0.0,8.0,7.949999999999999,0.0,15.95,ED_MODERATE_SAFE,TEMP_COOL,AQI_MODERATE,HUM_COMFORTABLE,WIND_BREEZY,UV_HIGH,ZONE_TROPICAL
Bangkok,Thailand,13.7,100.5,14.8,77,24.3,4.0,16.1,1,1020.7,16.1,14.8,0.0,0.0,0.0,4.0,0.0,4.0,ED_VERY_SAFE,TEMP_COOL,AQI_GOOD,HUM_HUMID,WIND_WINDY,UV_MODERATE,ZONE_TROPICAL
Bangkok,Thailand,13.7,100.5,16.5,57,5.2,1.9,16.8,4,1026.6,16.8,16.5,0.0,0.0,32.0,0.0,0.0,32.0,ED_MODERATE_SAFE,TEMP_COOL,AQI_UNHEALTHY,HUM_COMFORTABLE,WIND_CALM,UV_LOW,ZONE_TROPICAL
Bangkok,Thailand,13.7,100.5,18.9,22,17.7,9.0,17.5,3,1025.2,18.9,18.9,0.0,0.0,18.0,10.0,0.0,28.0,ED_MODERATE_SAFE,TEMP_IDEAL,AQI_SENSITIVE,HUM_DRY,WIND_BREEZY,UV_VERY_HIGH,ZONE_TROPICAL
Bangkok,Thailand,13.7,100.5,15.7,91,7.7,8.4,17.7,3,1022.3,17.7,15.7,0.0,0.0,18.0,9.4,0.0,27.4,ED_MODERATE_SAFE,TEMP_COOL,AQI_SENSITIVE,HUM_VERY_HUMID,WIND_CALM,UV_VERY_HIGH,ZONE_TROPICAL
Bangkok,Thailand,13.7,100.5,18.8,97,5.2,4.5,21.2,3,1002.7,21.2,18.8,0.0,0.0,18.0,4.5,0.0,22.5,ED_MODERATE_SAFE,TEMP_IDEAL,AQI_SENSITIVE,HUM_VERY_HUMID,WIND_CALM,UV_MODERATE,ZONE_TROPICAL
Bangkok,Thailand,13.7,100.5,27.0,97,8.7,4.8,29.9,2,1034.2,29.9,27.0,8.699999999999996,0.0,8.0,4.8,0.0,21.499999999999996,ED_MODERATE_SAFE,TEMP_WARM,AQI_MODERATE,HUM_VERY_HUMID,WIND_CALM,UV_MODERATE,ZONE_TROPICAL
Bangkok,Thailand,13.7,100.5,25.6,36,5.0,12.5,25.0,1,1027.5,25.6,25.6,0.0,0.0,0.0,12.0,0.0,12.0,ED_VERY_SAFE,TEMP_WARM,AQI_GOOD,HUM_COMFORTABLE,WIND_CALM,UV_EXTREME,ZONE_TROPICAL
Bangkok,Thailand,13.7,100.5,27.6,78,9.5,5.2,29.8,2,1002.9,29.8,27.6,8.400000000000002,0.0,8.0,5.2,0.0,21.6,ED_MODERATE_SAFE,TEMP_WARM,AQI_MODERATE,HUM_HUMID,WIND_CALM,UV_MODERATE,ZONE_TROPICAL
Bangkok,Thailand,13.7,100.5,16.9,52,8.2,5.2,17.0,1,1009.0,17.0,16.9,0.0,0.0,0.0,5.2,0.0,5.2,ED_VERY_SAFE,TEMP_COOL,AQI_GOOD,HUM_COMFORTABLE,WIND_CALM,UV_MODERATE,ZONE_TROPICAL
Bangkok,Thailand,13.7,100.5,25.6,25,2.0,4.0,24.5,4,1012.7,25.6,25.6,0.0,0.0,32.0,4.0,0.0,36.0,ED_CAUTION,TEMP_WARM,AQI_UNHEALTHY,HUM_DRY,WIND_CALM,UV_MODERATE,ZONE_TROPICAL
Bangkok,Thailand,13.7,100.5,22.3,66,27.7,7.7,23.1,5,1015.2,23.1,22.3,0.0,0.0,45.0,8.55,0.0,53.55,ED_CAUTION,TEMP_IDEAL,AQI_VERY_UNHEALTHY,HUM_HUMID,WIND_WINDY,UV_HIGH,ZONE_TROPICAL
Bangkok,Thailand,13.7,100.5,20.8,89,10.6,0.1,22.7,3,1017.2,22.7,20.8,0.0,0.0,18.0,0.0,0.0,18.0,ED_MODERATE_SAFE,TEMP_IDEAL,AQI_SENSITIVE,HUM_VERY_HUMID,WIND_BREEZY,UV_LOW,ZONE_TROPICAL
Bangkok,Thailand,13.7,100.5,15.1,100,5.0,1.8,17.6,5,1010.5,17.6,15.1,0.0,0.0,45.0,0.0,0.0,45.0,ED_CAUTION,TEMP_COOL,AQI_VERY_UNHEALTHY,HUM_VERY_HUMID,WIND_CALM,UV_LOW,ZONE_TROPICAL
Bangkok,Thailand,13.7,100.5,12.3,59,10.8,5.3,12.7,6,998.4,12.7,12.3,0.0,0.0,50.0,5.3,0.0,55.3,ED_DANGEROUS,TEMP_COOL,AQI_HAZARDOUS,HUM_COMFORTABLE,WIND_BREEZY,UV_MODERATE,ZONE_TROPICAL
Bangkok,Thailand,13.7,100.5,23.3,35,18.6,9.3,22.5,1,1015.7,23.3,23.3,0.0,0.0,0.0,10.3,0.0,10.3,ED_VERY_SAFE,TEMP_IDEAL,AQI_GOOD,HUM_COMFORTABLE,WIND_BREEZY,UV_VERY_HIGH,ZONE_TROPICAL
Bangkok,Thailand,13.7,100.5,29.2,44,3.7,7.7,30.1,1,1000.4,30.1,29.2,9.300000000000004,0.0,0.0,8.55,0.0,17.850000000000005,ED_MODERATE_SAFE,TEMP_WARM,AQI_GOOD,HUM_COMFORTABLE,WIND_CALM,UV_HIGH,ZONE_TROPICAL
Bangkok,Thailand,13.7,100.5,28.4,40,5.7,0.2,29.0,1,1003.9,29.0,28.4,6.0,0.0,0.0,0.0,0.0,6.0,ED_VERY_SAFE,TEMP_WARM,AQI_GOOD,HUM_COMFORTABLE,WIND_CALM,UV_LOW,ZONE_TROPICAL
Bangkok,Thailand,13.7,100.5,30.1,81,5.6,5.9,33.1,6,1028.7,33.1,30.1,16.833333333333336,0.0,50.0,5.9,12.0,84.73333333333335,ED_VERY_DANGEROUS,TEMP_HOT,AQI_HAZARDOUS,HUM_VERY_HUMID,WIND_CALM,UV_MODERATE,ZONE_TROPICAL
Bangkok,Thailand,13.7,100.5,14.4,22,6.4,10.0,12.9,1,1011.5,14.4,14.4,0.0,0.0,0.0,11.0,0.0,11.0,ED_VERY_SAFE,TEMP_COOL,AQI_GOOD,HUM_DRY,WIND_CALM,UV_VERY_HIGH,ZONE_TROPICAL
Bangkok,Thailand,13.7,100.5,27.4,64,6.0,4.4,28.8,1,1009.2,28.8,27.4,5.400000000000002,0.0,0.0,4.4,0.0,9.800000000000002,ED_VERY_SAFE,TEMP_WARM,AQI_GOOD,HUM_HUMID,WIND_CALM,UV_MODERATE,ZONE_TROPICAL
Bangkok,Thailand,13.7,100.5,14.4,79,8.0,8.6,15.8,6,993.9,15.8,14.4,0.0,0.0,50.0,9.6,0.0,59.6,ED_DANGEROUS,TEMP_COOL,AQI_HAZARDOUS,HUM_HUMID,WIND_CALM,UV_VERY_HIGH,ZONE_TROPICAL
Bangkok,Thailand,13.7,100.5,20.3,54,7.8,5.2,20.5,1,1008.1,20.5,20.3,0.0,0.0,0.0,5.2,0.0,5.2,ED_VERY_SAFE,TEMP_IDEAL,AQI_GOOD,HUM_COMFORTABLE,WIND_CALM,UV_MODERATE,ZONE_TROPICAL
Bangkok,Thailand,13.7,100.5,22.9,60,5.5,0.3,23.3,6,1005.3,23.3,22.9,0.0,0.0,50.0,0.0,0.0,50.0,ED_CAUTION,TEMP_IDEAL,AQI_HAZARDOUS,HUM_HUMID,WIND_CALM,UV_LOW,ZONE_TROPICAL
Bangkok,Thailand,13.7,100.5,8.0,72,3.2,4.6,9.1,2,1007.1,9.1,8.0,0.0,0.0,8.0,4.6,0.0,12.6,ED_VERY_SAFE,TEMP_COLD,AQI_MODERATE,HUM_HUMID,WIND_CALM,UV_MODERATE,ZONE_TROPICAL
Bangkok,Thailand,13.7,100.5,18.5,62,1.2,3.8,19.1,3,1013.6,19.1,18.5,0.0,0.0,18.0,3.8,0.0,21.8,ED_MODERATE_SAFE,TEMP_IDEAL,AQI_SENSITIVE,HUM_HUMID,WIND_CALM,UV_MODERATE,ZONE_TROPICAL
Bangkok,Thailand,13.7,100.5,21.8,58,17.1,9.8,22.2,1,1007.7,22.2,21.8,0.0,0.0,0.0,10.8,0.0,10.8,ED_VERY_SAFE,TEMP_IDEAL,AQI_GOOD,HUM_COMFORTABLE,WIND_BREEZY,UV_VERY_HIGH,ZONE_TROPICAL
Bangkok,Thailand,13.7,100.5,24.0,69,8.8,3.8,25.0,3,1012.7,25.0,24.0,0.0,0.0,18.0,3.8,0.0,21.8,ED_MODERATE_SAFE,TEMP_IDEAL,AQI_SENSITIVE,HUM_HUMID,WIND_CALM,UV_MODERATE,ZONE_TROPICAL
Bangkok,Thailand,13.7,100.5,26.8,43,12.2,5.2,26.9,1,1015.1,26.9,26.8,0.0,0.0,0.0,5.2,0.0,5.2,ED_VERY_SAFE,TEMP_WARM,AQI_GOOD,HUM_COMFORTABLE,WIND_BREEZY,UV_MODERATE,ZONE_TROPICAL
Bangkok,Thailand,13.7,100.5,21.2,44,21.1,5.4,20.9,1,1001.8,21.2,21.2,0.0,0.0,0.0,5.4,0.0,5.4,ED_VERY_SAFE,TEMP_IDEAL,AQI_GOOD,HUM_COMFORTABLE,WIND_WINDY,UV_MODERATE,ZONE_TROPICAL
Bangkok,Thailand,13.7,100.5,30.7,54,10.8,10.8,32.6,1,1017.8,32.6,30.7,16.000000000000004,0.0,0.0,11.8,0.0,27.800000000000004,ED_MODERATE_SAFE,TEMP_HOT,AQI_GOOD,HUM_COMFORTABLE,WIND_BREEZY,UV_VERY_HIGH,ZONE_TROPICAL
Bangkok,Thailand,13.7,100.5,13.3,50,11.0,10.1,13.3,4,1007.4,13.3,13.3,0.0,0.0,32.0,11.1,0.0,43.1,ED_CAUTION,TEMP_COOL,AQI_UNHEALTHY,HUM_COMFORTABLE,WIND_BREEZY,UV_VERY_HIGH,ZONE_TROPICAL
Bangkok,Thailand,13.7,100.5,29.5,74,8.3,1.1,32.0,1,1007.6,32.0,29.5,15.0,0.0,0.0,0.0,0.0,15.0,ED_MODERATE_SAFE,TEMP_WARM,AQI_GOOD,HUM_HUMID,WIND_CALM,UV_LOW,ZONE_TROPICAL
Bangkok,Thailand,13.7,100.5,17.6,72,10.6,9.0,18.7,3,1001.8,18.7,17.6,0.0,0.0,18.0,10.0,0.0,28.0,ED_MODERATE_SAFE,TEMP_COOL,AQI_SENSITIVE,HUM_HUMID,WIND_BREEZY,UV_VERY_HIGH,ZONE_TROPICAL
Bangkok,Thailand,13.7,100.5,14.8,66,4.1,11.8,15.6,2,1008.6,15.6,14.8,0.0,0.0,8.0,12.0,0.0,20.0,ED_MODERATE_SAFE,TEMP_COOL,AQI_MODERATE,HUM_HUMID,WIND_CALM,UV_EXTREME,ZONE_TROPICAL
Bangkok,Thailand,13.7,100.5,23.5,70,1.9,7.7,24.6,2,1023.6,24.6,23.5,0.0,0.0,8.0,8.55,0.0,16.55,ED_MODERATE_SAFE,TEMP_IDEAL,AQI_MODERATE,HUM_HUMID,WIND_CALM,UV_HIGH,ZONE_TROPICAL
Bangkok,Thailand,13.7,100.5,20.9,77,6.2,4.6,22.3,3,1014.6,22.3,20.9,0.0,0.0,18.0,4.6,0.0,22.6,ED_MODERATE_SAFE,TEMP_IDEAL,AQI_SENSITIVE,HUM_HUMID,WIND_CALM,UV_MODERATE,ZONE_TROPICAL
Bangkok,Thailand,13.7,100.5,16.1,47,6.6,3.8,15.9,2,1022.3,16.1,16.1,0.0,0.0,8.0,3.8,0.0,11.8,ED_VERY_SAFE,TEMP_COOL,AQI_MODERATE,HUM_COMFORTABLE,WIND_CALM,UV_MODERATE,ZONE_TROPICAL
Bangkok,Thailand,13.7,100.5,21.7,52,14.3,13.0,21.9,2,1030.6,21.9,21.7,0.0,0.0,8.0,12.0,0.0,20.0,ED_MODERATE_SAFE,TEMP_IDEAL,AQI_MODERATE,HUM_COMFORTABLE,WIND_BREEZY,UV_EXTREME,ZONE_TROPICAL
Bangkok,Thailand,13.7,100.5,18.5,63,16.2,6.2,19.1,1,1022.0,19.1,18.5,0.0,0.0,0.0,6.300000000000001,0.0,6.300000000000001,ED_VERY_SAFE,TEMP_IDEAL,AQI_GOOD,HUM_HUMID,WIND_BREEZY,UV_HIGH,ZONE_TROPICAL
Bangkok,Thailand,13.7,100.5,16.8,100,8.5,3.9,19.3,1,1019.8,19.3,16.8,0.0,0.0,0.0,3.9,0.0,3.9,ED_VERY_SAFE,TEMP_COOL,AQI_GOOD,HUM_VERY_HUMID,WIND_CALM,UV_MODERATE,ZONE_TROPICAL
Bangkok,Thailand,13.7,100.5,24.5,78,33.3,3.4,25.9,6,1011.8,25.9,24.5,0.0,0.0,50.0,3.4,0.0,53.4,ED_CAUTION,TEMP_IDEAL,AQI_HAZARDOUS,HUM_HUMID,WIND_WINDY,UV_MODERATE,ZONE_TROPICAL
Bangkok,Thailand,13.7,100.5,32.8,45,5.6,6.1,34.9,4,1011.4,34.9,32.8,19.833333333333332,0.0,32.0,6.1499999999999995,8.625,66.60833333333332,ED_DANGEROUS,TEMP_HOT,AQI_UNHEALTHY,HUM_COMFORTABLE,WIND_CALM,UV_HIGH,ZONE_TROPICAL
Bangkok,Thailand,13.7,100.5,31.8,43,12.0,6.2,33.5,2,1006.8,33.5,31.8,17.5,0.0,8.0,6.300000000000001,0.0,31.8,ED_MODERATE_SAFE,TEMP_HOT,AQI_MODERATE,HUM_COMFORTABLE,WIND_BREEZY,UV_HIGH,ZONE_TROPICAL
Bangkok,Thailand,13.7,100.5,23.8,73,14.1,5.1,24.9,3,1014.9,24.9,23.8,0.0,0.0,18.0,5.1,0.0,23.1,ED_MODERATE_SAFE,TEMP_IDEAL,AQI_SENSITIVE,HUM_HUMID,WIND_BREEZY,UV_MODERATE,ZONE_TROPICAL
Bangkok,Thailand,13.7,100.5,20.2,57,12.9,2.2,20.6,3,1012.7,20.6,20.2,0.0,0.0,18.0,0.6000000000000005,0.0,18.6,ED_MODERATE_SAFE,TEMP_IDEAL,AQI_SENSITIVE,HUM_COMFORTABLE,WIND_BREEZY,UV_LOW,ZONE_TROPICAL
Bangkok,Thailand,13.7,100.5,14.7,80,3.5,5.0,16.1,2,1015.5,16.1,14.7,0.0,0.0,8.0,5.0,0.0,13.0,ED_VERY_SAFE,TEMP_COOL,AQI_MODERATE,HUM_VERY_HUMID,WIND_CALM,UV_MODERATE,ZONE_TROPICAL
Bangkok,Thailand,13.7,100.5,20.8,47,36.4,1.7,20.7,2,1009.2,20.8,20.8,0.0,0.0,8.0,0.0,0.0,8.0,ED_VERY_SAFE,TEMP_IDEAL,AQI_MODERATE,HUM_COMFORTABLE,WIND_WINDY,UV_LOW,ZONE_TROPICAL
Bangkok,Thailand,13.7,100.5,35.1,100,5.6,9.8,40.6,2,1012.1,40.6,35.1,29.333333333333336,0.0,8.0,10.8,0.0,48.13333333333334,ED_CAUTION,TEMP_VERY_HOT,AQI_MODERATE,HUM_VERY_HUMID,WIND_CALM,UV_VERY_HIGH,ZONE_TROPICAL
Bangkok,Thailand,13.7,100.5,24.1,88,23.1,0.3,26.0,2,1018.6,26.0,24.1,0.0,0.0,8.0,0.0,0.0,8.0,ED_VERY_SAFE,TEMP_IDEAL,AQI_MODERATE,HUM_VERY_HUMID,WIND_WINDY,UV_LOW,ZONE_TROPICAL
Bangkok,Thailand,13.7,100.5,26.3,64,12.4,5.9,27.3,1,1017.8,27.3,26.3,0.9000000000000021,0.0,0.0,5.9,0.0,6.8000000000000025,ED_VERY_SAFE,TEMP_WARM,AQI_GOOD,HUM_HUMID,WIND_BREEZY,UV_MODERATE,ZONE_TROPICAL
Bangkok,Thailand,13.7,100.5,16.3,59,5.8,10.7,16.8,2,1009.6,16.8,16.3,0.0,0.0,8.0,11.7,0.0,19.7,ED_MODERATE_SAFE,TEMP_COOL,AQI_MODERATE,HUM_COMFORTABLE,WIND_CALM,UV_VERY_HIGH,ZONE_TROPICAL
Bangkok,Thailand,13.7,100.5,18.5,46,5.9,5.4,18.3,3,1011.9,18.5,18.5,0.0,0.0,18.0,5.4,0.0,23.4,ED_MODERATE_SAFE,TEMP_IDEAL,AQI_SENSITIVE,HUM_COMFORTABLE,WIND_CALM,UV_MODERATE,ZONE_TROPICAL
Bangkok,Thailand,13.7,100.5,17.7,25,4.5,3.1,16.4,4,998.6,17.7,17.7,0.0,0.0,32.0,3.1,0.0,35.1,ED_CAUTION,TEMP_COOL,AQI_UNHEALTHY,HUM_DRY,WIND_CALM,UV_MODERATE,ZONE_TROPICAL
Bangkok,Thailand,13.7,100.5,23.8,38,1.2,6.2,23.2,2,1029.5,23.8,23.8,0.0,0.0,8.0,6.300000000000001,0.0,14.3,ED_VERY_SAFE,TEMP_IDEAL,AQI_MODERATE,HUM_COMFORTABLE,WIND_CALM,UV_HIGH,ZONE_TROPICAL
Bangkok,Thailand,13.7,100.5,19.9,78,12.6,1.6,21.3,1,1014.3,21.3,19.9,0.0,0.0,0.0,0.0,0.0,0.0,ED_VERY_SAFE,TEMP_IDEAL,AQI_GOOD,HUM_HUMID,WIND_BREEZY,UV_LOW,ZONE_TROPICAL
Bangkok,Thailand,13.7,100.5,31.5,64,30.5,3.3,34.1,2,1006.3,34.1,31.5,18.500000000000004,0.0,8.0,3.3,0.0,29.800000000000004,ED_MODERATE_SAFE,TEMP_HOT,AQI_MODERATE,HUM_HUMID,WIND_WINDY,UV_MODERATE,ZONE_TROPICAL
Bangkok,Thailand,13.7,100.5,12.6,86,2.8,6.8,14.4,2,1007.6,14.4,12.6,0.0,0.0,8.0,7.199999999999999,0.0,15.2,ED_MODERATE_SAFE,TEMP_COOL,AQI_MODERATE,HUM_VERY_HUMID,WIND_CALM,UV_HIGH,ZONE_TROPICAL
Bangkok,Thailand,13.7,100.5,14.6,55,24.6,4.8,14.9,3,1014.4,14.9,14.6,0.0,0.0,18.0,4.8,0.0,22.8,ED_MODERATE_SAFE,TEMP_COOL,AQI_SENSITIVE,HUM_COMFORTABLE,WIND_WINDY,UV_MODERATE,ZONE_TROPICAL
Bangkok,Thailand,13.7,100.5,18.8,44,3.7,7.9,18.6,3,1022.6,18.8,18.8,0.0,0.0,18.0,8.850000000000001,0.0,26.85,ED_MODERATE_SAFE,TEMP_IDEAL,AQI_SENSITIVE,HUM_COMFORTABLE,WIND_CALM,UV_HIGH,ZONE_TROPICAL
Bangkok,Thailand,13.7,100.5,14.6,75,35.9,3.4,15.8,4,1020.7,15.8,14.6,0.0,0.0,32.0,3.4,0.0,35.4,ED_CAUTION,TEMP_COOL,AQI_UNHEALTHY,HUM_HUMID,WIND_WINDY,UV_MODERATE,ZONE_TROPICAL
Bangkok,Thailand,13.7,100.5,17.0,98,5.7,8.4,19.4,1,1027.4,19.4,17.0,0.0,0.0,0.0,9.4,0.0,9.4,ED_VERY_SAFE,TEMP_COOL,AQI_GOOD,HUM_VERY_HUMID,WIND_CALM,UV_VERY_HIGH,ZONE_TROPICAL
Bangkok,Thailand,13.7,100.5,19.3,52,14.8,1.5,19.4,4,1019.1,19.4,19.3,0.0,0.0,32.0,0.0,0.0,32.0,ED_MODERATE_SAFE,TEMP_IDEAL,AQI_UNHEALTHY,HUM_COMFORTABLE,WIND_BREEZY,UV_LOW,ZONE_TROPICAL
Bangkok,Thailand,13.7,100.5,24.7,72,3.3,6.5,25.8,1,1010.2,25.8,24.7,0.0,0.0,0.0,6.75,0.0,6.75,ED_VERY_SAFE,TEMP_IDEAL,AQI_GOOD,HUM_HUMID,WIND_CALM,UV_HIGH,ZONE_TROPICAL
Bangkok,Thailand,13.7,100.5,28.5,65,6.8,5.6,30.3,5,1017.8,30.3,28.5,9.900000000000002,0.0,45.0,5.6,0.0,60.50000000000001,ED_DANGEROUS,TEMP_WARM,AQI_VERY_UNHEALTHY,HUM_HUMID,WIND_CALM,UV_MODERATE,ZONE_TROPICAL
Bangkok,Thailand,13.7,100.5,31.5,39,17.0,12.3,32.9,4,994.7,32.9,31.5,16.499999999999996,0.0,32.0,12.0,8.625,69.125,ED_DANGEROUS,TEMP_HOT,AQI_UNHEALTHY,HUM_COMFORTABLE,WIND_BREEZY,UV_EXTREME,ZONE_TROPICAL
Bangkok,Thailand,13.7,100.5,25.3,84,19.9,9.8,27.1,1,1003.9,27.1,25.3,0.30000000000000426,0.0,0.0,10.8,0.0,11.100000000000005,ED_VERY_SAFE,TEMP_WARM,AQI_GOOD,HUM_VERY_HUMID,WIND_BREEZY,UV_VERY_HIGH,ZONE_TROPICAL
Bangkok,Thailand,13.7,100.5,20.4,58,8.9,1.5,20.8,4,1008.7,20.8,20.4,0.0,0.0,32.0,0.0,0.0,32.0,ED_MODERATE_SAFE,TEMP_IDEAL,AQI_UNHEALTHY,HUM_COMFORTABLE,WIND_CALM,UV_LOW,ZONE_TROPICAL
Bangkok,Thailand,13.7,100.5,27.1,48,25.8,6.5,27.7,2,1018.3,27.7,27.1,2.099999999999998,0.0,8.0,6.75,0.0,16.849999999999998,ED_MODERATE_SAFE,TEMP_WARM,AQI_MODERATE,HUM_COMFORTABLE,WIND_WINDY,UV_HIGH,ZONE_TROPICAL
Bangkok,Thailand,13.7,100.5,22.1,63,9.3,8.6,22.8,3,1018.5,22.8,22.1,0.0,0.0,18.0,9.6,0.0,27.6,ED_MODERATE_SAFE,TEMP_IDEAL,AQI_SENSITIVE,HUM_HUMID,WIND_CALM,UV_VERY_HIGH,ZONE_TROPICAL
Bangkok,Thailand,13.7,100.5,17.2,48,13.5,8.0,17.1,3,1003.4,17.2,17.2,0.0,0.0,18.0,9.0,0.0,27.0,ED_MODERATE_SAFE,TEMP_COOL,AQI_SENSITIVE,HUM_COMFORTABLE,WIND_BREEZY,UV_VERY_HIGH,ZONE_TROPICAL
Bangkok,Thailand,13.7,100.5,20.4,24,12.2,13.0,19.1,1,1005.9,20.4,20.4,0.0,0.0,0.0,12.0,0.0,12.0,ED_VERY_SAFE,TEMP_IDEAL,AQI_GOOD,HUM_DRY,WIND_BREEZY,UV_EXTREME,ZONE_TROPICAL
Bangkok,Thailand,13.7,100.5,12.6,48,8.1,5.1,12.5,2,1020.6,12.6,12.6,0.0,0.0,8.0,5.1,0.0,13.1,ED_VERY_SAFE,TEMP_COOL,AQI_MODERATE,HUM_COMFORTABLE,WIND_CALM,UV_MODERATE,ZONE_TROPICAL
Bangkok,Thailand,13.7,100.5,17.7,39,7.1,4.6,17.1,3,1013.4,17.7,17.7,0.0,0.0,18.0,4.6,0.0,22.6,ED_MODERATE_SAFE,TEMP_COOL,AQI_SENSITIVE,HUM_COMFORTABLE,WIND_CALM,UV_MODERATE,ZONE_TROPICAL
Bangkok,Thailand,13.7,100.5,28.7,80,2.4,9.6,31.3,2,1018.6,31.3,28.7,12.900000000000002,0.0,8.0,10.6,0.0,31.5,ED_MODERATE_SAFE,TEMP_WARM,AQI_MODERATE,HUM_VERY_HUMID,WIND_CALM,UV_VERY_HIGH,ZONE_TROPICAL
Bangkok,Thailand,13.7,100.5,31.6,65,5.7,8.7,34.4,4,1010.5,34.4,31.6,18.999999999999996,0.0,32.0,9.7,8.625,69.325,ED_DANGEROUS,TEMP_HOT,AQI_UNHEALTHY,HUM_HUMID,WIND_CALM,UV_VERY_HIGH,ZONE_TROPICAL
Bangkok,Thailand,13.7,100.5,31.7,51,10.2,10.1,33.8,5,1006.9,33.8,31.7,17.999999999999996,0.0,45.0,11.1,11.0625,85.1625,ED_VERY_DANGEROUS,TEMP_HOT,AQI_VERY_UNHEALTHY,HUM_COMFORTABLE,WIND_BREEZY,UV_VERY_HIGH,ZONE_TROPICAL
Bangkok,Thailand,13.7,100.5,16.5,79,7.4,7.4,17.9,1,1010.1,17.9,16.5,0.0,0.0,0.0,8.100000000000001,0.0,8.100000000000001,ED_VERY_SAFE,TEMP_COOL,AQI_GOOD,HUM_HUMID,WIND_CALM,UV_HIGH,ZONE_TROPICAL
Bangkok,Thailand,13.7,100.5,22.0,68,7.7,4.9,22.9,1,1013.7,22.9,22.0,0.0,0.0,0.0,4.9,0.0,4.9,ED_VERY_SAFE,TEMP_IDEAL,AQI_GOOD,HUM_HUMID,WIND_CALM,UV_MODERATE,ZONE_TROPICAL
Bangkok,Thailand,13.7,100.5,23.3,40,16.4,8.6,22.8,6,1016.1,23.3,23.3,0.0,0.0,50.0,9.6,0.0,59.6,ED_DANGEROUS,TEMP_IDEAL,AQI_HAZARDOUS,HUM_COMFORTABLE,WIND_BREEZY,UV_VERY_HIGH,ZONE_TROPICAL
Bangkok,Thailand,13.7,100.5,23.6,66,1.5,9.4,24.4,1,1012.4,24.4,23.6,0.0,0.0,0.0,10.4,0.0,10.4,ED_VERY_SAFE,TEMP_IDEAL,AQI_GOOD,HUM_HUMID,WIND_CALM,UV_VERY_HIGH,ZONE_TROPICAL
Bangkok,Thailand,13.7,100.5,11.9,58,2.3,4.4,12.3,4,1022.0,12.3,11.9,0.0,0.0,32.0,4.4,0.0,36.4,ED_CAUTION,TEMP_COOL,AQI_UNHEALTHY,HUM_COMFORTABLE,WIND_CALM,UV_MODERATE,ZONE_TROPICAL
Bangkok,Thailand,13.7,100.5,15.3,73,9.7,7.6,16.4,2,1009.8,16.4,15.3,0.0,0.0,8.0,8.399999999999999,0.0,16.4,ED_MODERATE_SAFE,TEMP_COOL,AQI_MODERATE,HUM_HUMID,WIND_CALM,UV_HIGH,ZONE_TROPICAL
Bangkok,Thailand,13.7,100.5,12.1,38,13.8,9.4,11.5,1,1009.2,12.1,12.1,0.0,0.0,0.0,10.4,0.0,10.4,ED_VERY_SAFE,TEMP_COOL,AQI_GOOD,HUM_COMFORTABLE,WIND_BREEZY,UV_VERY_HIGH,ZONE_TROPICAL
Bangkok,Thailand,13.7,100.5,14.5,80,7.0,9.9,16.0,5,1018.3,16.0,14.5,0.0,0.0,45.0,10.9,0.0,55.9,ED_DANGEROUS,TEMP_COOL,AQI_VERY_UNHEALTHY,HUM_VERY_HUMID,WIND_CALM,UV_VERY_HIGH,ZONE_TROPICAL
Bangkok,Thailand,13.7,100.5,28.9,59,1.4,5.0,30.5,4,1002.5,30.5,28.9,10.5,0.0,32.0,5.0,0.0,47.5,ED_CAUTION,TEMP_WARM,AQI_UNHEALTHY,HUM_COMFORTABLE,WIND_CALM,UV_MODERATE,ZONE_TROPICAL
Bangkok,Thailand,13.7,100.5,36.9,48,7.3,8.2,40.4,4,1008.5,40.4,36.9,29.0,0.0,32.0,9.2,8.625,78.825,ED_VERY_DANGEROUS,TEMP_VERY_HOT,AQI_UNHEALTHY,HUM_COMFORTABLE,WIND_CALM,UV_VERY_HIGH,ZONE_TROPICAL
Bangkok,Thailand,13.7,100.5,14.6,46,2.3,8.5,14.4,1,1014.9,14.6,14.6,0.0,0.0,0.0,9.5,0.0,9.5,ED_VERY_SAFE,TEMP_COOL,AQI_GOOD,HUM_COMFORTABLE,WIND_CALM,UV_VERY_HIGH,ZONE_TROPICAL
Bangkok,Thailand,13.7,100.5,21.6,48,8.9,4.2,21.5,1,1004.7,21.6,21.6,0.0,0.0,0.0,4.2,0.0,4.2,ED_VERY_SAFE,TEMP_IDEAL,AQI_GOOD,HUM_COMFORTABLE,WIND_CALM,UV_MODERATE,ZONE_TROPICAL
Bangkok,Thailand,13.7,100.5,28.0,61,6.1,11.2,29.5,5,1002.2,29.5,28.0,7.5,0.0,45.0,12.0,0.0,64.5,ED_DANGEROUS,TEMP_WARM,AQI_VERY_UNHEALTHY,HUM_HUMID,WIND_CALM,UV_EXTREME,ZONE_TROPICAL
Bangkok,Thailand,13.7,100.5,17.9,71,10.1,11.2,19.0,2,1014.6,19.0,17.9,0.0,0.0,8.0,12.0,0.0,20.0,ED_MODERATE_SAFE,TEMP_COOL,AQI_MODERATE,HUM_HUMID,WIND_BREEZY,UV_EXTREME,ZONE_TROPICAL
Bangkok,Thailand,13.7,100.5,15.3,100,2.5,5.7,17.8,2,1020.6,17.8,15.3,0.0,0.0,8.0,5.7,0.0,13.7,ED_VERY_SAFE,TEMP_COOL,AQI_MODERATE,HUM_VERY_HUMID,WIND_CALM,UV_MODERATE,ZONE_TROPICAL
Bangkok,Thailand,13.7,100.5,38.0,100,11.2,7.3,44.4,2,1024.7,44.4,38.0,33.92307692307692,0.0,8.0,7.949999999999999,0.0,49.87307692307692,ED_CAUTION,TEMP_VERY_HOT,AQI_MODERATE,HUM_VERY_HUMID,WIND_BREEZY,UV_HIGH,ZONE_TROPICAL
Bangkok,Thailand,13.7,100.5,29.5,35,12.7,3.5,30.1,1,998.1,30.1,29.5,9.300000000000004,0.0,0.0,3.5,0.0,12.800000000000004,ED_VERY_SAFE,TEMP_WARM,AQI_GOOD,HUM_COMFORTABLE,WIND_BREEZY,UV_MODERATE,ZONE_TROPICAL
Bangkok,Thailand,13.7,100.5,18.4,81,9.8,3.9,19.9,5,1012.8,19.9,18.4,0.0,0.0,45.0,3.9,0.0,48.9,ED_CAUTION,TEMP_IDEAL,AQI_VERY_UNHEALTHY,HUM_VERY_HUMID,WIND_CALM,UV_MODERATE,ZONE_TROPICAL
Bangkok,Thailand,13.7,100.5,20.7,56,16.2,5.9,21.0,1,997.6,21.0,20.7,0.0,0.0,0.0,5.9,0.0,5.9,ED_VERY_SAFE,TEMP_IDEAL,AQI_GOOD,HUM_COMFORTABLE,WIND_BREEZY,UV_MODERATE,ZONE_TROPICAL
Bangkok,Thailand,13.7,100.5,29.0,58,6.6,3.7,30.6,2,1016.9,30.6,29.0,10.800000000000004,0.0,8.0,3.7,0.0,22.500000000000004,ED_MODERATE_SAFE,TEMP_WARM,AQI_MODERATE,HUM_COMFORTABLE,WIND_CALM,UV_MODERATE,ZONE_TROPICAL
Bangkok,Thailand,13.7,100.5,26.2,65,5.0,3.8,27.2,1,1008.5,27.2,26.2,0.5999999999999979,0.0,0.0,3.8,0.0,4.399999999999998,ED_VERY_SAFE,TEMP_WARM,AQI_GOOD,HUM_HUMID,WIND_CALM,UV_MODERATE,ZONE_TROPICAL
Bangkok,Thailand,13.7,100.5,28.2,100,4.7,5.5,31.6,2,1013.4,31.6,28.2,13.800000000000004,0.0,8.0,5.5,0.0,27.300000000000004,ED_MODERATE_SAFE,TEMP_WARM,AQI_MODERATE,HUM_VERY_HUMID,WIND_CALM,UV_MODERATE,ZONE_TROPICAL
Bangkok,Thailand,13.7,100.5,23.6,58,15.7,11.8,24.1,2,1013.0,24.1,23.6,0.0,0.0,8.0,12.0,0.0,20.0,ED_MODERATE_SAFE,TEMP_IDEAL,AQI_MODERATE,HUM_COMFORTABLE,WIND_BREEZY,UV_EXTREME,ZONE_TROPICAL
Bangkok,Thailand,13.7,100.5,24.7,5,2.3,8.2,22.4,2,1021.5,24.7,24.7,0.0,0.0,8.0,9.2,0.0,17.2,ED_MODERATE_SAFE,TEMP_IDEAL,AQI_MODERATE,HUM_DRY,WIND_CALM,UV_VERY_HIGH,ZONE_TROPICAL
Bangkok,Thailand,13.7,100.5,25.9,43,6.8,8.0,25.8,1,1022.3,25.9,25.9,0.0,0.0,0.0,9.0,0.0,9.0,ED_VERY_SAFE,TEMP_WARM,AQI_GOOD,HUM_COMFORTABLE,WIND_CALM,UV_VERY_HIGH,ZONE_TROPICAL
Bangkok,Thailand,13.7,100.5,20.6,70,13.5,1.2,21.6,1,1018.5,21.6,20.6,0.0,0.0,0.0,0.0,0.0,0.0,ED_VERY_SAFE,TEMP_IDEAL,AQI_GOOD,HUM_HUMID,WIND_BREEZY,UV_LOW,ZONE_TROPICAL
Bangkok,Thailand,13.7,100.5,16.5,69,22.3,10.0,17.5,1,1016.6,17.5,16.5,0.0,0.0,0.0,11.0,0.0,11.0,ED_VERY_SAFE,TEMP_COOL,AQI_GOOD,HUM_HUMID,WIND_WINDY,UV_VERY_HIGH,ZONE_TROPICAL
Bangkok,Thailand,13.7,100.5,25.3,42,31.8,8.5,25.0,4,1024.2,25.3,25.3,0.0,0.0,32.0,9.5,0.0,41.5,ED_CAUTION,TEMP_WARM,AQI_UNHEALTHY,HUM_COMFORTABLE,WIND_WINDY,UV_VERY_HIGH,ZONE_TROPICAL
Bangkok,Thailand,13.7,100.5,15.4,57,1.9,7.2,15.7,1,1022.6,15.7,15.4,0.0,0.0,0.0,7.800000000000001,0.0,7.800000000000001,ED_VERY_SAFE,TEMP_COOL,AQI_GOOD,HUM_COMFORTABLE,WIND_CALM,UV_HIGH,ZONE_TROPICAL
Bangkok,Thailand,13.7,100.5,18.8,55,10.2,5.4,19.0,2,998.2,19.0,18.8,0.0,0.0,8.0,5.4,0.0,13.4,ED_VERY_SAFE,TEMP_IDEAL,AQI_MODERATE,HUM_COMFORTABLE,WIND_BREEZY,UV_MODERATE,ZONE_TROPICAL
Bangkok,Thailand,13.7,100.5,26.7,69,6.1,6.1,28.1,1,1036.4,28.1,26.7,3.3000000000000043,0.0,0.0,6.1499999999999995,0.0,9.450000000000003,ED_VERY_SAFE,TEMP_WARM,AQI_GOOD,HUM_HUMID,WIND_CALM,UV_HIGH,ZONE_TROPICAL
Bangkok,Thailand,13.7,100.5,32.6,61,11.3,4.5,35.4,4,1010.1,35.4,32.6,20.666666666666664,0.0,32.0,4.5,8.625,65.79166666666666,ED_DANGEROUS,TEMP_HOT,AQI_UNHEALTHY,HUM_HUMID,WIND_BREEZY,UV_MODERATE,ZONE_TROPICAL
Bangkok,Thailand,13.7,100.5,27.0,91,12.8,6.3,29.6,1,1003.9,29.6,27.0,7.800000000000004,0.0,0.0,6.449999999999999,0.0,14.250000000000004,ED_VERY_SAFE,TEMP_WARM,AQI_GOOD,HUM_VERY_HUMID,WIND_BREEZY,UV_HIGH,ZONE_TROPICAL
Bangkok,Thailand,13.7,100.5,19.0,79,20.3,5.6,20.5,1,1014.8,20.5,19.0,0.0,0.0,0.0,5.6,0.0,5.6,ED_VERY_SAFE,TEMP_IDEAL,AQI_GOOD,HUM_HUMID,WIND_WINDY,UV_MODERATE,ZONE_TROPICAL
Bangkok,Thailand,13.7,100.5,17.7,28,16.3,7.2,16.6,3,1003.4,17.7,17.7,0.0,0.0,18.0,7.800000000000001,0.0,25.8,ED_MODERATE_SAFE,TEMP_COOL,AQI_SENSITIVE,HUM_DRY,WIND_BREEZY,UV_HIGH,ZONE_TROPICAL
Bangkok,Thailand,13.7,100.5,21.9,61,8.9,11.9,22.4,2,1009.5,22.4,21.9,0.0,0.0,8.0,12.0,0.0,20.0,ED_MODERATE_SAFE,TEMP_IDEAL,AQI_MODERATE,HUM_HUMID,WIND_CALM,UV_EXTREME,ZONE_TROPICAL
Bangkok,Thailand,13.7,100.5,29.1,94,3.8,7.8,32.6,2,1025.0,32.6,29.1,16.000000000000004,0.0,8.0,8.7,0.0,32.7,ED_MODERATE_SAFE,TEMP_WARM,AQI_MODERATE,HUM_VERY_HUMID,WIND_CALM,UV_HIGH,ZONE_TROPICAL
Bangkok,Thailand,13.7,100.5,19.8,39,7.1,8.1,19.2,2,1006.1,19.8,19.8,0.0,0.0,8.0,9.1,0.0,17.1,ED_MODERATE_SAFE,TEMP_IDEAL,AQI_MODERATE,HUM_COMFORTABLE,WIND_CALM,UV_VERY_HIGH,ZONE_TROPICAL
Bangkok,Thailand,13.7,100.5,17.5,93,18.1,7.2,19.7,5,1023.3,19.7,17.5,0.0,0.0,45.0,7.800000000000001,0.0,52.8,ED_CAUTION,TEMP_COOL,AQI_VERY_UNHEALTHY,HUM_VERY_HUMID,WIND_BREEZY,UV_HIGH,ZONE_TROPICAL
Bangkok,Thailand,13.7,100.5,24.9,27,12.5,0.8,23.8,2,1023.0,24.9,24.9,0.0,0.0,8.0,0.0,0.0,8.0,ED_VERY_SAFE,TEMP_IDEAL,AQI_MODERATE,HUM_DRY,WIND_BREEZY,UV_LOW,ZONE_TROPICAL
Bangkok,Thailand,13.7,100.5,12.3,73,0.5,4.0,13.5,1,998.1,13.5,12.3,0.0,0.0,0.0,4.0,0.0,4.0,ED_VERY_SAFE,TEMP_COOL,AQI_GOOD,HUM_HUMID,WIND_CALM,UV_MODERATE,ZONE_TROPICAL
Bangkok,Thailand,13.7,100.5,24.0,35,21.6,4.7,23.2,2,1013.1,24.0,24.0,0.0,0.0,8.0,4.7,0.0,12.7,ED_VERY_SAFE,TEMP_IDEAL,AQI_MODERATE,HUM_COMFORTABLE,WIND_WINDY,UV_MODERATE,ZONE_TROPICAL
Bangkok,Thailand,13.7,100.5,23.6,69,5.2,7.3,24.6,4,1020.5,24.6,23.6,0.0,0.0,32.0,7.949999999999999,0.0,39.95,ED_CAUTION,TEMP_IDEAL,AQI_UNHEALTHY,HUM_HUMID,WIND_CALM,UV_HIGH,ZONE_TROPICAL
Bangkok,Thailand,13.7,100.5,22.6,41,4.9,8.8,22.1,1,1009.9,22.6,22.6,0.0,0.0,0.0,9.8,0.0,9.8,ED_VERY_SAFE,TEMP_IDEAL,AQI_GOOD,HUM_COMFORTABLE,WIND_CALM,UV_VERY_HIGH,ZONE_TROPICAL
Bangkok,Thailand,13.7,100.5,38.2,80,3.4,3.7,43.7,1,1031.2,43.7,38.2,33.11538461538462,0.0,0.0,3.7,0.0,36.81538461538462,ED_CAUTION,TEMP_VERY_HOT,AQI_GOOD,HUM_VERY_HUMID,WIND_CALM,UV_MODERATE,ZONE_TROPICAL
Bangkok,Thailand,13.7,100.5,20.2,61,4.3,3.5,20.8,1,1019.2,20.8,20.2,0.0,0.0,0.0,3.5,0.0,3.5,ED_VERY_SAFE,TEMP_IDEAL,AQI_GOOD,HUM_HUMID,WIND_CALM,UV_MODERATE,ZONE_TROPICAL
Bangkok,Thailand,13.7,100.5,23.4,61,17.9,7.6,23.9,1,1011.7,23.9,23.4,0.0,0.0,0.0,8.399999999999999,0.0,8.399999999999999,ED_VERY_SAFE,TEMP_IDEAL,AQI_GOOD,HUM_HUMID,WIND_BREEZY,UV_HIGH,ZONE_TROPICAL
Bangkok,Thailand,13.7,100.5,18.2,57,10.1,5.0,18.6,1,1010.9,18.6,18.2,0.0,0.0,0.0,5.0,0.0,5.0,ED_VERY_SAFE,TEMP_IDEAL,AQI_GOOD,HUM_COMFORTABLE,WIND_BREEZY,UV_MODERATE,ZONE_TROPICAL
Bangkok,Thailand,13.7,100.5,19.4,65,10.7,7.3,20.2,3,1015.3,20.2,19.4,0.0,0.0,18.0,7.949999999999999,0.0,25.95,ED_MODERATE_SAFE,TEMP_IDEAL,AQI_SENSITIVE,HUM_HUMID,WIND_BREEZY,UV_HIGH,ZONE_TROPICAL
Bangkok,Thailand,13.7,100.5,15.1,55,4.1,3.0,15.3,1,1014.2,15.3,15.1,0.0,0.0,0.0,3.0,0.0,3.0,ED_VERY_SAFE,TEMP_COOL,AQI_GOOD,HUM_COMFORTABLE,WIND_CALM,UV_MODERATE,ZONE_TROPICAL
Bangkok,Thailand,13.7,100.5,25.4,77,12.1,7.1,26.9,1,1000.2,26.9,25.4,0.0,0.0,0.0,7.6499999999999995,0.0,7.6499999999999995,ED_VERY_SAFE,TEMP_WARM,AQI_GOOD,HUM_HUMID,WIND_BREEZY,UV_HIGH,ZONE_TROPICAL
Bangkok,Thailand,13.7,100.5,21.1,42,12.3,6.6,20.7,2,1009.4,21.1,21.1,0.0,0.0,8.0,6.8999999999999995,0.0,14.899999999999999,ED_VERY_SAFE,TEMP_IDEAL,AQI_MODERATE,HUM_COMFORTABLE,WIND_BREEZY,UV_HIGH,ZONE_TROPICAL
Bangkok,Thailand,13.7,100.5,27.0,66,8.1,11.0,28.4,2,1013.3,28.4,27.0,4.199999999999996,0.0,8.0,12.0,0.0,24.199999999999996,ED_MODERATE_SAFE,TEMP_WARM,AQI_MODERATE,HUM_HUMID,WIND_CALM,UV_EXTREME,ZONE_TROPICAL
Bangkok,Thailand,13.7,100.5,19.1,61,1.2,7.0,19.6,4,1000.6,19.6,19.1,0.0,0.0,32.0,7.5,0.0,39.5,ED_CAUTION,TEMP_IDEAL,AQI_UNHEALTHY,HUM_HUMID,WIND_CALM,UV_HIGH,ZONE_TROPICAL
Bangkok,Thailand,13.7,100.5,17.2,31,17.4,4.3,16.3,5,1016.8,17.2,17.2,0.0,0.0,45.0,4.3,0.0,49.3,ED_CAUTION,TEMP_COOL,AQI_VERY_UNHEALTHY,HUM_COMFORTABLE,WIND_BREEZY,UV_MODERATE,ZONE_TROPICAL
Bangkok,Thailand,13.7,100.5,21.7,68,9.1,5.7,22.6,2,997.6,22.6,21.7,0.0,0.0,8.0,5.7,0.0,13.7,ED_VERY_SAFE,TEMP_IDEAL,AQI_MODERATE,HUM_HUMID,WIND_CALM,UV_MODERATE,ZONE_TROPICAL
Bangkok,Thailand,13.7,100.5,30.6,75,11.9,3.8,33.6,5,1025.6,33.6,30.6,17.666666666666668,0.0,45.0,3.8,11.0625,77.52916666666667,ED_VERY_DANGEROUS,TEMP_HOT,AQI_VERY_UNHEALTHY,HUM_HUMID,WIND_BREEZY,UV_MODERATE,ZONE_TROPICAL
Bangkok,Thailand,13.7,100.5,15.6,45,4.8,2.8,15.4,1,1006.2,15.6,15.6,0.0,0.0,0.0,2.3999999999999995,0.0,2.3999999999999995,ED_VERY_SAFE,TEMP_COOL,AQI_GOOD,HUM_COMFORTABLE,WIND_CALM,UV_LOW,ZONE_TROPICAL
Bangkok,Thailand,13.7,100.5,22.2,46,20.8,6.1,21.9,1,1029.9,22.2,22.2,0.0,0.0,0.0,6.1499999999999995,0.0,6.1499999999999995,ED_VERY_SAFE,TEMP_IDEAL,AQI_GOOD,HUM_COMFORTABLE,WIND_WINDY,UV_HIGH,ZONE_TROPICAL
Bangkok,Thailand,13.7,100.5,24.8,76,20.9,5.0,26.1,2,1022.5,26.1,24.8,0.0,0.0,8.0,5.0,0.0,13.0,ED_VERY_SAFE,TEMP_IDEAL,AQI_MODERATE,HUM_HUMID,WIND_WINDY,UV_MODERATE,ZONE_TROPICAL
Bangkok,Thailand,13.7,100.5,16.1,64,15.9,7.3,16.8,2,1013.7,16.8,16.1,0.0,0.0,8.0,7.949999999999999,0.0,15.95,ED_MODERATE_SAFE,TEMP_COOL,AQI_MODERATE,HUM_HUMID,WIND_BREEZY,UV_HIGH,ZONE_TROPICAL
Bangkok,Thailand,13.7,100.5,17.0,36,35.9,6.6,16.3,1,1020.5,17.0,17.0,0.0,0.0,0.0,6.8999999999999995,0.0,6.8999999999999995,ED_VERY_SAFE,TEMP_COOL,AQI_GOOD,HUM_COMFORTABLE,WIND_WINDY,UV_HIGH,ZONE_TROPICAL
Bangkok,Thailand,13.7,100.5,22.8,81,10.6,3.9,24.3,1,1028.8,24.3,22.8,0.0,0.0,0.0,3.9,0.0,3.9,ED_VERY_SAFE,TEMP_IDEAL,AQI_GOOD,HUM_VERY_HUMID,WIND_BREEZY,UV_MODERATE,ZONE_TROPICAL
Bangkok,Thailand,13.7,100.5,13.0,18,12.5,0.7,11.4,3,1001.5,13.0,13.0,0.0,0.0,18.0,0.0,0.0,18.0,ED_MODERATE_SAFE,TEMP_COOL,AQI_SENSITIVE,HUM_DRY,WIND_BREEZY,UV_LOW,ZONE_TROPICAL
Bangkok,Thailand,13.7,100.5,23.3,97,6.8,6.3,25.6,2,1016.8,25.6,23.3,0.0,0.0,8.0,6.449999999999999,0.0,14.45,ED_VERY_SAFE,TEMP_IDEAL,AQI_MODERATE,HUM_VERY_HUMID,WIND_CALM,UV_HIGH,ZONE_TROPICAL
Bangkok,Thailand,13.7,100.5,11.5,40,15.0,12.5,11.0,2,1014.1,11.5,11.5,0.0,0.0,8.0,12.0,0.0,20.0,ED_MODERATE_SAFE,TEMP_COOL,AQI_MODERATE,HUM_COMFORTABLE,WIND_BREEZY,UV_EXTREME,ZONE_TROPICAL
Bangkok,Thailand,13.7,100.5,9.7,92,6.8,0.9,11.8,2,1016.8,11.8,8.923926456755915,0.0,0.0,8.0,0.0,0.0,8.0,ED_VERY_SAFE,TEMP_COLD,AQI_MODERATE,HUM_VERY_HUMID,WIND_CALM,UV_LOW,ZONE_TROPICAL
Bangkok,Thailand,13.7,100.5,11.9,62,15.1,4.4,12.5,6,1001.5,12.5,11.9,0.0,0.0,50.0,4.4,0.0,54.4,ED_CAUTION,TEMP_COOL,AQI_HAZARDOUS,HUM_HUMID,WIND_BREEZY,UV_MODERATE,ZONE_TROPICAL
Bangkok,Thailand,13.7,100.5,13.9,67,10.9,9.0,14.7,2,1019.6,14.7,13.9,0.0,0.0,8.0,10.0,0.0,18.0,ED_MODERATE_SAFE,TEMP_COOL,AQI_MODERATE,HUM_HUMID,WIND_BREEZY,UV_VERY_HIGH,ZONE_TROPICAL
Bangkok,Thailand,13.7,100.5,25.0,68,41.9,5.2,25.9,2,1010.6,25.9,25.0,0.0,0.0,8.0,5.2,0.0,13.2,ED_VERY_SAFE,TEMP_WARM,AQI_MODERATE,HUM_HUMID,WIND_STRONG,UV_MODERATE,ZONE_TROPICAL
Bangkok,Thailand,13.7,100.5,26.4,56,2.5,8.8,27.1,3,1013.0,27.1,26.4,0.30000000000000426,0.0,18.0,9.8,0.0,28.100000000000005,ED_MODERATE_SAFE,TEMP_WARM,AQI_SENSITIVE,HUM_COMFORTABLE,WIND_CALM,UV_VERY_HIGH,ZONE_TROPICAL
Bangkok,Thailand,13.7,100.5,20.2,65,11.8,8.5,21.0,3,1019.4,21.0,20.2,0.0,0.0,18.0,9.5,0.0,27.5,ED_MODERATE_SAFE,TEMP_IDEAL,AQI_SENSITIVE,HUM_HUMID,WIND_BREEZY,UV_VERY_HIGH,ZONE_TROPICAL
Bangkok,Thailand,13.7,100.5,22.5,17,7.5,0.0,20.8,1,1013.6,22.5,22.5,0.0,0.0,0.0,0.0,0.0,0.0,ED_VERY_SAFE,TEMP_IDEAL,AQI_GOOD,HUM_DRY,WIND_CALM,UV_LOW,ZONE_TROPICAL
Bangkok,Thailand,13.7,100.5,21.9,81,2.0,4.0,23.5,2,1013.7,23.5,21.9,0.0,0.0,8.0,4.0,0.0,12.0,ED_VERY_SAFE,TEMP_IDEAL,AQI_MODERATE,HUM_VERY_HUMID,WIND_CALM,UV_MODERATE,ZONE_TROPICAL
Bangkok,Thailand,13.7,100.5,25.4,45,12.8,7.9,25.2,2,1012.6,25.4,25.4,0.0,0.0,8.0,8.850000000000001,0.0,16.85,ED_MODERATE_SAFE,TEMP_WARM,AQI_MODERATE,HUM_COMFORTABLE,WIND_BREEZY,UV_HIGH,ZONE_TROPICAL
Bangkok,Thailand,13.7,100.5,30.0,93,6.2,4.1,33.7,1,1013.3,33.7,30.0,17.83333333333334,0.0,0.0,4.1,0.0,21.933333333333337,ED_MODERATE_SAFE,TEMP_HOT,AQI_GOOD,HUM_VERY_HUMID,WIND_CALM,UV_MODERATE,ZONE_TROPICAL
Bangkok,Thailand,13.7,100.5,18.3,84,10.8,8.3,20.0,3,1013.5,20.0,18.3,0.0,0.0,18.0,9.3,0.0,27.3,ED_MODERATE_SAFE,TEMP_IDEAL,AQI_SENSITIVE,HUM_VERY_HUMID,WIND_BREEZY,UV_VERY_HIGH,ZONE_TROPICAL
Bangkok,Thailand,13.7,100.5,23.1,57,4.5,11.3,23.5,2,1015.7,23.5,23.1,0.0,0.0,8.0,12.0,0.0,20.0,ED_MODERATE_SAFE,TEMP_IDEAL,AQI_MODERATE,HUM_COMFORTABLE,WIND_CALM,UV_EXTREME,ZONE_TROPICAL
Bangkok,Thailand,13.7,100.5,17.9,71,17.4,2.4,19.0,1,1006.3,19.0,17.9,0.0,0.0,0.0,1.1999999999999997,0.0,1.1999999999999997,ED_VERY_SAFE,TEMP_COOL,AQI_GOOD,HUM_HUMID,WIND_BREEZY,UV_LOW,ZONE_TROPICAL
Bangkok,Thailand,13.7,100.5,31.8,34,9.0,10.1,33.1,4,1024.8,33.1,31.8,16.833333333333336,0.0,32.0,11.1,8.625,68.55833333333334,ED_DANGEROUS,TEMP_HOT,AQI_UNHEALTHY,HUM_COMFORTABLE,WIND_CALM,UV_VERY_HIGH,ZONE_TROPICAL
Bangkok,Thailand,13.7,100.5,20.5,12,7.4,9.5,18.6,2,1020.3,20.5,20.5,0.0,0.0,8.0,10.5,0.0,18.5,ED_MODERATE_SAFE,TEMP_IDEAL,AQI_MODERATE,HUM_DRY,WIND_CALM,UV_VERY_HIGH,ZONE_TROPICAL
Bangkok,Thailand,13.7,100.5,26.6,63,15.3,2.9,27.7,1,1021.8,27.7,26.6,2.099999999999998,0.0,0.0,2.6999999999999997,0.0,4.799999999999997,ED_VERY_SAFE,TEMP_WARM,AQI_GOOD,HUM_HUMID,WIND_BREEZY,UV_LOW,ZONE_TROPICAL
Bangkok,Thailand,13.7,100.5,18.2,59,25.8,1.8,18.7,2,1016.2,18.7,18.2,0.0,0.0,8.0,0.0,0.0,8.0,ED_VERY_SAFE,TEMP_IDEAL,AQI_MODERATE,HUM_COMFORTABLE,WIND_WINDY,UV_LOW,ZONE_TROPICAL
Bangkok,Thailand,13.7,100.5,21.4,54,23.2,2.5,21.7,2,1007.9,21.7,21.4,0.0,0.0,8.0,1.5,0.0,9.5,ED_VERY_SAFE,TEMP_IDEAL,AQI_MODERATE,HUM_COMFORTABLE,WIND_WINDY,UV_LOW,ZONE_TROPICAL
Bangkok,Thailand,13.7,100.5,22.7,66,5.1,5.6,23.5,5,996.8,23.5,22.7,0.0,0.0,45.0,5.6,0.0,50.6,ED_CAUTION,TEMP_IDEAL,AQI_VERY_UNHEALTHY,HUM_HUMID,WIND_CALM,UV_MODERATE,ZONE_TROPICAL
